market_name,cftc_contract_market_code,report_date,available_at_utc,availability_basis,source_id,source_url,source_sha256,managed_money_long_contracts,managed_money_short_contracts,managed_money_net_contracts,open_interest_contracts,normalized_net,prior_release_count,prior_q10,previous_normalized_net,previous_was_q10_extreme,positive_reversal,cooldown_eligible,signal_emitted,rule_id
SUGAR NO. 11 - ICE FUTURES U.S.,080732,2009-09-01,2009-09-04T19:30:00Z,cftc_ordinary_rule_estimate_not_holiday_verified,cftc_sugar_no11_selected_history_e1eadfec2053,https://publicreporting.cftc.gov/resource/72hh-3qpy.json?%24select=report_date_as_yyyy_mm_dd%2Ccftc_contract_market_code%2Cmarket_and_exchange_names%2Copen_interest_all%2Cm_money_positions_long_all%2Cm_money_positions_short_all%2Cm_money_positions_spread%2Ccontract_units%2Cfutonly_or_combined&%24where=cftc_contract_market_code%3D%27080732%27+AND+report_date_as_yyyy_mm_dd%3E%3D%272009-09-01T00%3A00%3A00.000%27+AND+report_date_as_yyyy_mm_dd%3C%3D%272026-08-11T00%3A00%3A00.000%27&%24order=report_date_as_yyyy_mm_dd&%24limit=5000,e1eadfec20535920e28d87b1a02245d9241765f4ae199f31c25d130fdaf7d93a,148958,24138,124820,864670,0.1443556501324204609851157089,0,,,,,,false,cftc_normalized_net_q10_reversal_v1
SUGAR NO. 11 - ICE FUTURES U.S.,080732,2009-09-08,2009-09-11T19:30:00Z,cftc_ordinary_rule_estimate_not_holiday_verified,cftc_sugar_no11_selected_history_e1eadfec2053,https://publicreporting.cftc.gov/resource/72hh-3qpy.json?%24select=report_date_as_yyyy_mm_dd%2Ccftc_contract_market_code%2Cmarket_and_exchange_names%2Copen_interest_all%2Cm_money_positions_long_all%2Cm_money_positions_short_all%2Cm_money_positions_spread%2Ccontract_units%2Cfutonly_or_combined&%24where=cftc_contract_market_code%3D%27080732%27+AND+report_date_as_yyyy_mm_dd%3E%3D%272009-09-01T00%3A00%3A00.000%27+AND+report_date_as_yyyy_mm_dd%3C%3D%272026-08-11T00%3A00%3A00.000%27&%24order=report_date_as_yyyy_mm_dd&%24limit=5000,e1eadfec20535920e28d87b1a02245d9241765f4ae199f31c25d130fdaf7d93a,143476,32562,110914,852078,0.1301688343085961613842864151,1,,,,,,false,cftc_normalized_net_q10_reversal_v1
SUGAR NO. 11 - ICE FUTURES U.S.,080732,2009-09-15,2009-09-18T19:30:00Z,cftc_ordinary_rule_estimate_not_holiday_verified,cftc_sugar_no11_selected_history_e1eadfec2053,https://publicreporting.cftc.gov/resource/72hh-3qpy.json?%24select=report_date_as_yyyy_mm_dd%2Ccftc_contract_market_code%2Cmarket_and_exchange_names%2Copen_interest_all%2Cm_money_positions_long_all%2Cm_money_positions_short_all%2Cm_money_positions_spread%2Ccontract_units%2Cfutonly_or_combined&%24where=cftc_contract_market_code%3D%27080732%27+AND+report_date_as_yyyy_mm_dd%3E%3D%272009-09-01T00%3A00%3A00.000%27+AND+report_date_as_yyyy_mm_dd%3C%3D%272026-08-11T00%3A00%3A00.000%27&%24order=report_date_as_yyyy_mm_dd&%24limit=5000,e1eadfec20535920e28d87b1a02245d9241765f4ae199f31c25d130fdaf7d93a,140762,28969,111793,824750,0.1355477417399211882388602607,2,,,,,,false,cftc_normalized_net_q10_reversal_v1
SUGAR NO. 11 - ICE FUTURES U.S.,080732,2009-09-22,2009-09-25T19:30:00Z,cftc_ordinary_rule_estimate_not_holiday_verified,cftc_sugar_no11_selected_history_e1eadfec2053,https://publicreporting.cftc.gov/resource/72hh-3qpy.json?%24select=report_date_as_yyyy_mm_dd%2Ccftc_contract_market_code%2Cmarket_and_exchange_names%2Copen_interest_all%2Cm_money_positions_long_all%2Cm_money_positions_short_all%2Cm_money_positions_spread%2Ccontract_units%2Cfutonly_or_combined&%24where=cftc_contract_market_code%3D%27080732%27+AND+report_date_as_yyyy_mm_dd%3E%3D%272009-09-01T00%3A00%3A00.000%27+AND+report_date_as_yyyy_mm_dd%3C%3D%272026-08-11T00%3A00%3A00.000%27&%24order=report_date_as_yyyy_mm_dd&%24limit=5000,e1eadfec20535920e28d87b1a02245d9241765f4ae199f31c25d130fdaf7d93a,144947,26519,118428,800087,0.1480189029443048068522548173,3,,,,,,false,cftc_normalized_net_q10_reversal_v1
SUGAR NO. 11 - ICE FUTURES U.S.,080732,2009-09-29,2009-10-02T19:30:00Z,cftc_ordinary_rule_estimate_not_holiday_verified,cftc_sugar_no11_selected_history_e1eadfec2053,https://publicreporting.cftc.gov/resource/72hh-3qpy.json?%24select=report_date_as_yyyy_mm_dd%2Ccftc_contract_market_code%2Cmarket_and_exchange_names%2Copen_interest_all%2Cm_money_positions_long_all%2Cm_money_positions_short_all%2Cm_money_positions_spread%2Ccontract_units%2Cfutonly_or_combined&%24where=cftc_contract_market_code%3D%27080732%27+AND+report_date_as_yyyy_mm_dd%3E%3D%272009-09-01T00%3A00%3A00.000%27+AND+report_date_as_yyyy_mm_dd%3C%3D%272026-08-11T00%3A00%3A00.000%27&%24order=report_date_as_yyyy_mm_dd&%24limit=5000,e1eadfec20535920e28d87b1a02245d9241765f4ae199f31c25d130fdaf7d93a,151162,19614,131548,784699,0.1676413503776607336061343267,4,,,,,,false,cftc_normalized_net_q10_reversal_v1
SUGAR NO. 11 - ICE FUTURES U.S.,080732,2009-10-06,2009-10-09T19:30:00Z,cftc_ordinary_rule_estimate_not_holiday_verified,cftc_sugar_no11_selected_history_e1eadfec2053,https://publicreporting.cftc.gov/resource/72hh-3qpy.json?%24select=report_date_as_yyyy_mm_dd%2Ccftc_contract_market_code%2Cmarket_and_exchange_names%2Copen_interest_all%2Cm_money_positions_long_all%2Cm_money_positions_short_all%2Cm_money_positions_spread%2Ccontract_units%2Cfutonly_or_combined&%24where=cftc_contract_market_code%3D%27080732%27+AND+report_date_as_yyyy_mm_dd%3E%3D%272009-09-01T00%3A00%3A00.000%27+AND+report_date_as_yyyy_mm_dd%3C%3D%272026-08-11T00%3A00%3A00.000%27&%24order=report_date_as_yyyy_mm_dd&%24limit=5000,e1eadfec20535920e28d87b1a02245d9241765f4ae199f31c25d130fdaf7d93a,155912,29257,126655,771265,0.1642172275417658003409982302,5,,,,,,false,cftc_normalized_net_q10_reversal_v1
SUGAR NO. 11 - ICE FUTURES U.S.,080732,2009-10-13,2009-10-16T19:30:00Z,cftc_ordinary_rule_estimate_not_holiday_verified,cftc_sugar_no11_selected_history_e1eadfec2053,https://publicreporting.cftc.gov/resource/72hh-3qpy.json?%24select=report_date_as_yyyy_mm_dd%2Ccftc_contract_market_code%2Cmarket_and_exchange_names%2Copen_interest_all%2Cm_money_positions_long_all%2Cm_money_positions_short_all%2Cm_money_positions_spread%2Ccontract_units%2Cfutonly_or_combined&%24where=cftc_contract_market_code%3D%27080732%27+AND+report_date_as_yyyy_mm_dd%3E%3D%272009-09-01T00%3A00%3A00.000%27+AND+report_date_as_yyyy_mm_dd%3C%3D%272026-08-11T00%3A00%3A00.000%27&%24order=report_date_as_yyyy_mm_dd&%24limit=5000,e1eadfec20535920e28d87b1a02245d9241765f4ae199f31c25d130fdaf7d93a,139500,39276,100224,760540,0.1317800510163830962211060562,6,,,,,,false,cftc_normalized_net_q10_reversal_v1
SUGAR NO. 11 - ICE FUTURES U.S.,080732,2009-10-20,2009-10-23T19:30:00Z,cftc_ordinary_rule_estimate_not_holiday_verified,cftc_sugar_no11_selected_history_e1eadfec2053,https://publicreporting.cftc.gov/resource/72hh-3qpy.json?%24select=report_date_as_yyyy_mm_dd%2Ccftc_contract_market_code%2Cmarket_and_exchange_names%2Copen_interest_all%2Cm_money_positions_long_all%2Cm_money_positions_short_all%2Cm_money_positions_spread%2Ccontract_units%2Cfutonly_or_combined&%24where=cftc_contract_market_code%3D%27080732%27+AND+report_date_as_yyyy_mm_dd%3E%3D%272009-09-01T00%3A00%3A00.000%27+AND+report_date_as_yyyy_mm_dd%3C%3D%272026-08-11T00%3A00%3A00.000%27&%24order=report_date_as_yyyy_mm_dd&%24limit=5000,e1eadfec20535920e28d87b1a02245d9241765f4ae199f31c25d130fdaf7d93a,141234,32852,108382,774878,0.1398697601428870093098526478,7,,,,,,false,cftc_normalized_net_q10_reversal_v1
SUGAR NO. 11 - ICE FUTURES U.S.,080732,2009-10-27,2009-10-30T19:30:00Z,cftc_ordinary_rule_estimate_not_holiday_verified,cftc_sugar_no11_selected_history_e1eadfec2053,https://publicreporting.cftc.gov/resource/72hh-3qpy.json?%24select=report_date_as_yyyy_mm_dd%2Ccftc_contract_market_code%2Cmarket_and_exchange_names%2Copen_interest_all%2Cm_money_positions_long_all%2Cm_money_positions_short_all%2Cm_money_positions_spread%2Ccontract_units%2Cfutonly_or_combined&%24where=cftc_contract_market_code%3D%27080732%27+AND+report_date_as_yyyy_mm_dd%3E%3D%272009-09-01T00%3A00%3A00.000%27+AND+report_date_as_yyyy_mm_dd%3C%3D%272026-08-11T00%3A00%3A00.000%27&%24order=report_date_as_yyyy_mm_dd&%24limit=5000,e1eadfec20535920e28d87b1a02245d9241765f4ae199f31c25d130fdaf7d93a,136185,32591,103594,774344,0.1337829181862324754889299846,8,,,,,,false,cftc_normalized_net_q10_reversal_v1
SUGAR NO. 11 - ICE FUTURES U.S.,080732,2009-11-03,2009-11-06T20:30:00Z,cftc_ordinary_rule_estimate_not_holiday_verified,cftc_sugar_no11_selected_history_e1eadfec2053,https://publicreporting.cftc.gov/resource/72hh-3qpy.json?%24select=report_date_as_yyyy_mm_dd%2Ccftc_contract_market_code%2Cmarket_and_exchange_names%2Copen_interest_all%2Cm_money_positions_long_all%2Cm_money_positions_short_all%2Cm_money_positions_spread%2Ccontract_units%2Cfutonly_or_combined&%24where=cftc_contract_market_code%3D%27080732%27+AND+report_date_as_yyyy_mm_dd%3E%3D%272009-09-01T00%3A00%3A00.000%27+AND+report_date_as_yyyy_mm_dd%3C%3D%272026-08-11T00%3A00%3A00.000%27&%24order=report_date_as_yyyy_mm_dd&%24limit=5000,e1eadfec20535920e28d87b1a02245d9241765f4ae199f31c25d130fdaf7d93a,134094,31957,102137,782075,0.1305974490937569926157977176,9,,,,,,false,cftc_normalized_net_q10_reversal_v1
SUGAR NO. 11 - ICE FUTURES U.S.,080732,2009-11-09,2009-11-13T20:30:00Z,cftc_ordinary_rule_estimate_not_holiday_verified,cftc_sugar_no11_selected_history_e1eadfec2053,https://publicreporting.cftc.gov/resource/72hh-3qpy.json?%24select=report_date_as_yyyy_mm_dd%2Ccftc_contract_market_code%2Cmarket_and_exchange_names%2Copen_interest_all%2Cm_money_positions_long_all%2Cm_money_positions_short_all%2Cm_money_positions_spread%2Ccontract_units%2Cfutonly_or_combined&%24where=cftc_contract_market_code%3D%27080732%27+AND+report_date_as_yyyy_mm_dd%3E%3D%272009-09-01T00%3A00%3A00.000%27+AND+report_date_as_yyyy_mm_dd%3C%3D%272026-08-11T00%3A00%3A00.000%27&%24order=report_date_as_yyyy_mm_dd&%24limit=5000,e1eadfec20535920e28d87b1a02245d9241765f4ae199f31c25d130fdaf7d93a,126272,36118,90154,764367,0.1179459605137322778194244388,10,,,,,,false,cftc_normalized_net_q10_reversal_v1
SUGAR NO. 11 - ICE FUTURES U.S.,080732,2009-11-17,2009-11-20T20:30:00Z,cftc_ordinary_rule_estimate_not_holiday_verified,cftc_sugar_no11_selected_history_e1eadfec2053,https://publicreporting.cftc.gov/resource/72hh-3qpy.json?%24select=report_date_as_yyyy_mm_dd%2Ccftc_contract_market_code%2Cmarket_and_exchange_names%2Copen_interest_all%2Cm_money_positions_long_all%2Cm_money_positions_short_all%2Cm_money_positions_spread%2Ccontract_units%2Cfutonly_or_combined&%24where=cftc_contract_market_code%3D%27080732%27+AND+report_date_as_yyyy_mm_dd%3E%3D%272009-09-01T00%3A00%3A00.000%27+AND+report_date_as_yyyy_mm_dd%3C%3D%272026-08-11T00%3A00%3A00.000%27&%24order=report_date_as_yyyy_mm_dd&%24limit=5000,e1eadfec20535920e28d87b1a02245d9241765f4ae199f31c25d130fdaf7d93a,123049,41550,81499,770553,0.1057668972802649525730222321,11,,,,,,false,cftc_normalized_net_q10_reversal_v1
SUGAR NO. 11 - ICE FUTURES U.S.,080732,2009-11-24,2009-11-30T20:30:00Z,cftc_official_historical_release_verified,cftc_sugar_no11_selected_history_e1eadfec2053,https://publicreporting.cftc.gov/resource/72hh-3qpy.json?%24select=report_date_as_yyyy_mm_dd%2Ccftc_contract_market_code%2Cmarket_and_exchange_names%2Copen_interest_all%2Cm_money_positions_long_all%2Cm_money_positions_short_all%2Cm_money_positions_spread%2Ccontract_units%2Cfutonly_or_combined&%24where=cftc_contract_market_code%3D%27080732%27+AND+report_date_as_yyyy_mm_dd%3E%3D%272009-09-01T00%3A00%3A00.000%27+AND+report_date_as_yyyy_mm_dd%3C%3D%272026-08-11T00%3A00%3A00.000%27&%24order=report_date_as_yyyy_mm_dd&%24limit=5000,e1eadfec20535920e28d87b1a02245d9241765f4ae199f31c25d130fdaf7d93a,124250,38840,85410,773085,0.1104794427520906497991812026,12,,,,,,false,cftc_normalized_net_q10_reversal_v1
SUGAR NO. 11 - ICE FUTURES U.S.,080732,2009-12-01,2009-12-04T20:30:00Z,cftc_ordinary_rule_estimate_not_holiday_verified,cftc_sugar_no11_selected_history_e1eadfec2053,https://publicreporting.cftc.gov/resource/72hh-3qpy.json?%24select=report_date_as_yyyy_mm_dd%2Ccftc_contract_market_code%2Cmarket_and_exchange_names%2Copen_interest_all%2Cm_money_positions_long_all%2Cm_money_positions_short_all%2Cm_money_positions_spread%2Ccontract_units%2Cfutonly_or_combined&%24where=cftc_contract_market_code%3D%27080732%27+AND+report_date_as_yyyy_mm_dd%3E%3D%272009-09-01T00%3A00%3A00.000%27+AND+report_date_as_yyyy_mm_dd%3C%3D%272026-08-11T00%3A00%3A00.000%27&%24order=report_date_as_yyyy_mm_dd&%24limit=5000,e1eadfec20535920e28d87b1a02245d9241765f4ae199f31c25d130fdaf7d93a,127682,32825,94857,780288,0.1215666523129921259842519685,13,,,,,,false,cftc_normalized_net_q10_reversal_v1
SUGAR NO. 11 - ICE FUTURES U.S.,080732,2009-12-08,2009-12-11T20:30:00Z,cftc_ordinary_rule_estimate_not_holiday_verified,cftc_sugar_no11_selected_history_e1eadfec2053,https://publicreporting.cftc.gov/resource/72hh-3qpy.json?%24select=report_date_as_yyyy_mm_dd%2Ccftc_contract_market_code%2Cmarket_and_exchange_names%2Copen_interest_all%2Cm_money_positions_long_all%2Cm_money_positions_short_all%2Cm_money_positions_spread%2Ccontract_units%2Cfutonly_or_combined&%24where=cftc_contract_market_code%3D%27080732%27+AND+report_date_as_yyyy_mm_dd%3E%3D%272009-09-01T00%3A00%3A00.000%27+AND+report_date_as_yyyy_mm_dd%3C%3D%272026-08-11T00%3A00%3A00.000%27&%24order=report_date_as_yyyy_mm_dd&%24limit=5000,e1eadfec20535920e28d87b1a02245d9241765f4ae199f31c25d130fdaf7d93a,131625,35660,95965,785811,0.1221222405896583275113226972,14,,,,,,false,cftc_normalized_net_q10_reversal_v1
SUGAR NO. 11 - ICE FUTURES U.S.,080732,2009-12-15,2009-12-18T20:30:00Z,cftc_ordinary_rule_estimate_not_holiday_verified,cftc_sugar_no11_selected_history_e1eadfec2053,https://publicreporting.cftc.gov/resource/72hh-3qpy.json?%24select=report_date_as_yyyy_mm_dd%2Ccftc_contract_market_code%2Cmarket_and_exchange_names%2Copen_interest_all%2Cm_money_positions_long_all%2Cm_money_positions_short_all%2Cm_money_positions_spread%2Ccontract_units%2Cfutonly_or_combined&%24where=cftc_contract_market_code%3D%27080732%27+AND+report_date_as_yyyy_mm_dd%3E%3D%272009-09-01T00%3A00%3A00.000%27+AND+report_date_as_yyyy_mm_dd%3C%3D%272026-08-11T00%3A00%3A00.000%27&%24order=report_date_as_yyyy_mm_dd&%24limit=5000,e1eadfec20535920e28d87b1a02245d9241765f4ae199f31c25d130fdaf7d93a,155731,28092,127639,819140,0.1558207388236443098859779769,15,,,,,,false,cftc_normalized_net_q10_reversal_v1
SUGAR NO. 11 - ICE FUTURES U.S.,080732,2009-12-22,2009-12-28T20:30:00Z,cftc_official_historical_release_verified,cftc_sugar_no11_selected_history_e1eadfec2053,https://publicreporting.cftc.gov/resource/72hh-3qpy.json?%24select=report_date_as_yyyy_mm_dd%2Ccftc_contract_market_code%2Cmarket_and_exchange_names%2Copen_interest_all%2Cm_money_positions_long_all%2Cm_money_positions_short_all%2Cm_money_positions_spread%2Ccontract_units%2Cfutonly_or_combined&%24where=cftc_contract_market_code%3D%27080732%27+AND+report_date_as_yyyy_mm_dd%3E%3D%272009-09-01T00%3A00%3A00.000%27+AND+report_date_as_yyyy_mm_dd%3C%3D%272026-08-11T00%3A00%3A00.000%27&%24order=report_date_as_yyyy_mm_dd&%24limit=5000,e1eadfec20535920e28d87b1a02245d9241765f4ae199f31c25d130fdaf7d93a,166582,26319,140263,836284,0.167721730895246112564631154,16,,,,,,false,cftc_normalized_net_q10_reversal_v1
SUGAR NO. 11 - ICE FUTURES U.S.,080732,2009-12-29,2010-01-04T20:30:00Z,cftc_official_historical_release_verified,cftc_sugar_no11_selected_history_e1eadfec2053,https://publicreporting.cftc.gov/resource/72hh-3qpy.json?%24select=report_date_as_yyyy_mm_dd%2Ccftc_contract_market_code%2Cmarket_and_exchange_names%2Copen_interest_all%2Cm_money_positions_long_all%2Cm_money_positions_short_all%2Cm_money_positions_spread%2Ccontract_units%2Cfutonly_or_combined&%24where=cftc_contract_market_code%3D%27080732%27+AND+report_date_as_yyyy_mm_dd%3E%3D%272009-09-01T00%3A00%3A00.000%27+AND+report_date_as_yyyy_mm_dd%3C%3D%272026-08-11T00%3A00%3A00.000%27&%24order=report_date_as_yyyy_mm_dd&%24limit=5000,e1eadfec20535920e28d87b1a02245d9241765f4ae199f31c25d130fdaf7d93a,160000,27234,132766,832552,0.1594687178698747946074239207,17,,,,,,false,cftc_normalized_net_q10_reversal_v1
SUGAR NO. 11 - ICE FUTURES U.S.,080732,2010-01-05,2010-01-08T20:30:00Z,cftc_ordinary_rule_estimate_not_holiday_verified,cftc_sugar_no11_selected_history_e1eadfec2053,https://publicreporting.cftc.gov/resource/72hh-3qpy.json?%24select=report_date_as_yyyy_mm_dd%2Ccftc_contract_market_code%2Cmarket_and_exchange_names%2Copen_interest_all%2Cm_money_positions_long_all%2Cm_money_positions_short_all%2Cm_money_positions_spread%2Ccontract_units%2Cfutonly_or_combined&%24where=cftc_contract_market_code%3D%27080732%27+AND+report_date_as_yyyy_mm_dd%3E%3D%272009-09-01T00%3A00%3A00.000%27+AND+report_date_as_yyyy_mm_dd%3C%3D%272026-08-11T00%3A00%3A00.000%27&%24order=report_date_as_yyyy_mm_dd&%24limit=5000,e1eadfec20535920e28d87b1a02245d9241765f4ae199f31c25d130fdaf7d93a,159904,25197,134707,842341,0.1599197949524005123815651856,18,,,,,,false,cftc_normalized_net_q10_reversal_v1
SUGAR NO. 11 - ICE FUTURES U.S.,080732,2010-01-12,2010-01-15T20:30:00Z,cftc_ordinary_rule_estimate_not_holiday_verified,cftc_sugar_no11_selected_history_e1eadfec2053,https://publicreporting.cftc.gov/resource/72hh-3qpy.json?%24select=report_date_as_yyyy_mm_dd%2Ccftc_contract_market_code%2Cmarket_and_exchange_names%2Copen_interest_all%2Cm_money_positions_long_all%2Cm_money_positions_short_all%2Cm_money_positions_spread%2Ccontract_units%2Cfutonly_or_combined&%24where=cftc_contract_market_code%3D%27080732%27+AND+report_date_as_yyyy_mm_dd%3E%3D%272009-09-01T00%3A00%3A00.000%27+AND+report_date_as_yyyy_mm_dd%3C%3D%272026-08-11T00%3A00%3A00.000%27&%24order=report_date_as_yyyy_mm_dd&%24limit=5000,e1eadfec20535920e28d87b1a02245d9241765f4ae199f31c25d130fdaf7d93a,162273,21919,140354,840620,0.166964859270538412124384383,19,,,,,,false,cftc_normalized_net_q10_reversal_v1
SUGAR NO. 11 - ICE FUTURES U.S.,080732,2010-01-19,2010-01-22T20:30:00Z,cftc_ordinary_rule_estimate_not_holiday_verified,cftc_sugar_no11_selected_history_e1eadfec2053,https://publicreporting.cftc.gov/resource/72hh-3qpy.json?%24select=report_date_as_yyyy_mm_dd%2Ccftc_contract_market_code%2Cmarket_and_exchange_names%2Copen_interest_all%2Cm_money_positions_long_all%2Cm_money_positions_short_all%2Cm_money_positions_spread%2Ccontract_units%2Cfutonly_or_combined&%24where=cftc_contract_market_code%3D%27080732%27+AND+report_date_as_yyyy_mm_dd%3E%3D%272009-09-01T00%3A00%3A00.000%27+AND+report_date_as_yyyy_mm_dd%3C%3D%272026-08-11T00%3A00%3A00.000%27&%24order=report_date_as_yyyy_mm_dd&%24limit=5000,e1eadfec20535920e28d87b1a02245d9241765f4ae199f31c25d130fdaf7d93a,169316,18889,150427,839354,0.1792175887646928471181408559,20,,,,,,false,cftc_normalized_net_q10_reversal_v1
SUGAR NO. 11 - ICE FUTURES U.S.,080732,2010-01-26,2010-01-29T20:30:00Z,cftc_ordinary_rule_estimate_not_holiday_verified,cftc_sugar_no11_selected_history_e1eadfec2053,https://publicreporting.cftc.gov/resource/72hh-3qpy.json?%24select=report_date_as_yyyy_mm_dd%2Ccftc_contract_market_code%2Cmarket_and_exchange_names%2Copen_interest_all%2Cm_money_positions_long_all%2Cm_money_positions_short_all%2Cm_money_positions_spread%2Ccontract_units%2Cfutonly_or_combined&%24where=cftc_contract_market_code%3D%27080732%27+AND+report_date_as_yyyy_mm_dd%3E%3D%272009-09-01T00%3A00%3A00.000%27+AND+report_date_as_yyyy_mm_dd%3C%3D%272026-08-11T00%3A00%3A00.000%27&%24order=report_date_as_yyyy_mm_dd&%24limit=5000,e1eadfec20535920e28d87b1a02245d9241765f4ae199f31c25d130fdaf7d93a,169745,14370,155375,847442,0.1833458808980437599269330526,21,,,,,,false,cftc_normalized_net_q10_reversal_v1
SUGAR NO. 11 - ICE FUTURES U.S.,080732,2010-02-02,2010-02-05T20:30:00Z,cftc_ordinary_rule_estimate_not_holiday_verified,cftc_sugar_no11_selected_history_e1eadfec2053,https://publicreporting.cftc.gov/resource/72hh-3qpy.json?%24select=report_date_as_yyyy_mm_dd%2Ccftc_contract_market_code%2Cmarket_and_exchange_names%2Copen_interest_all%2Cm_money_positions_long_all%2Cm_money_positions_short_all%2Cm_money_positions_spread%2Ccontract_units%2Cfutonly_or_combined&%24where=cftc_contract_market_code%3D%27080732%27+AND+report_date_as_yyyy_mm_dd%3E%3D%272009-09-01T00%3A00%3A00.000%27+AND+report_date_as_yyyy_mm_dd%3C%3D%272026-08-11T00%3A00%3A00.000%27&%24order=report_date_as_yyyy_mm_dd&%24limit=5000,e1eadfec20535920e28d87b1a02245d9241765f4ae199f31c25d130fdaf7d93a,170735,10820,159915,877992,0.1821371948719350518000164011,22,,,,,,false,cftc_normalized_net_q10_reversal_v1
SUGAR NO. 11 - ICE FUTURES U.S.,080732,2010-02-09,2010-02-12T20:30:00Z,cftc_ordinary_rule_estimate_not_holiday_verified,cftc_sugar_no11_selected_history_e1eadfec2053,https://publicreporting.cftc.gov/resource/72hh-3qpy.json?%24select=report_date_as_yyyy_mm_dd%2Ccftc_contract_market_code%2Cmarket_and_exchange_names%2Copen_interest_all%2Cm_money_positions_long_all%2Cm_money_positions_short_all%2Cm_money_positions_spread%2Ccontract_units%2Cfutonly_or_combined&%24where=cftc_contract_market_code%3D%27080732%27+AND+report_date_as_yyyy_mm_dd%3E%3D%272009-09-01T00%3A00%3A00.000%27+AND+report_date_as_yyyy_mm_dd%3C%3D%272026-08-11T00%3A00%3A00.000%27&%24order=report_date_as_yyyy_mm_dd&%24limit=5000,e1eadfec20535920e28d87b1a02245d9241765f4ae199f31c25d130fdaf7d93a,147744,14462,133282,859532,0.1550634531349618164303365087,23,,,,,,false,cftc_normalized_net_q10_reversal_v1
SUGAR NO. 11 - ICE FUTURES U.S.,080732,2010-02-16,2010-02-19T20:30:00Z,cftc_ordinary_rule_estimate_not_holiday_verified,cftc_sugar_no11_selected_history_e1eadfec2053,https://publicreporting.cftc.gov/resource/72hh-3qpy.json?%24select=report_date_as_yyyy_mm_dd%2Ccftc_contract_market_code%2Cmarket_and_exchange_names%2Copen_interest_all%2Cm_money_positions_long_all%2Cm_money_positions_short_all%2Cm_money_positions_spread%2Ccontract_units%2Cfutonly_or_combined&%24where=cftc_contract_market_code%3D%27080732%27+AND+report_date_as_yyyy_mm_dd%3E%3D%272009-09-01T00%3A00%3A00.000%27+AND+report_date_as_yyyy_mm_dd%3C%3D%272026-08-11T00%3A00%3A00.000%27&%24order=report_date_as_yyyy_mm_dd&%24limit=5000,e1eadfec20535920e28d87b1a02245d9241765f4ae199f31c25d130fdaf7d93a,149504,6790,142714,829147,0.1721214694137468989214216538,24,,,,,,false,cftc_normalized_net_q10_reversal_v1
SUGAR NO. 11 - ICE FUTURES U.S.,080732,2010-02-23,2010-02-26T20:30:00Z,cftc_ordinary_rule_estimate_not_holiday_verified,cftc_sugar_no11_selected_history_e1eadfec2053,https://publicreporting.cftc.gov/resource/72hh-3qpy.json?%24select=report_date_as_yyyy_mm_dd%2Ccftc_contract_market_code%2Cmarket_and_exchange_names%2Copen_interest_all%2Cm_money_positions_long_all%2Cm_money_positions_short_all%2Cm_money_positions_spread%2Ccontract_units%2Cfutonly_or_combined&%24where=cftc_contract_market_code%3D%27080732%27+AND+report_date_as_yyyy_mm_dd%3E%3D%272009-09-01T00%3A00%3A00.000%27+AND+report_date_as_yyyy_mm_dd%3C%3D%272026-08-11T00%3A00%3A00.000%27&%24order=report_date_as_yyyy_mm_dd&%24limit=5000,e1eadfec20535920e28d87b1a02245d9241765f4ae199f31c25d130fdaf7d93a,148347,12917,135430,775106,0.1747244892956576261827414573,25,,,,,,false,cftc_normalized_net_q10_reversal_v1
SUGAR NO. 11 - ICE FUTURES U.S.,080732,2010-03-02,2010-03-05T20:30:00Z,cftc_ordinary_rule_estimate_not_holiday_verified,cftc_sugar_no11_selected_history_e1eadfec2053,https://publicreporting.cftc.gov/resource/72hh-3qpy.json?%24select=report_date_as_yyyy_mm_dd%2Ccftc_contract_market_code%2Cmarket_and_exchange_names%2Copen_interest_all%2Cm_money_positions_long_all%2Cm_money_positions_short_all%2Cm_money_positions_spread%2Ccontract_units%2Cfutonly_or_combined&%24where=cftc_contract_market_code%3D%27080732%27+AND+report_date_as_yyyy_mm_dd%3E%3D%272009-09-01T00%3A00%3A00.000%27+AND+report_date_as_yyyy_mm_dd%3C%3D%272026-08-11T00%3A00%3A00.000%27&%24order=report_date_as_yyyy_mm_dd&%24limit=5000,e1eadfec20535920e28d87b1a02245d9241765f4ae199f31c25d130fdaf7d93a,132961,13015,119946,741206,0.161825457430188098855109106,26,,,,,,false,cftc_normalized_net_q10_reversal_v1
SUGAR NO. 11 - ICE FUTURES U.S.,080732,2010-03-09,2010-03-12T20:30:00Z,cftc_ordinary_rule_estimate_not_holiday_verified,cftc_sugar_no11_selected_history_e1eadfec2053,https://publicreporting.cftc.gov/resource/72hh-3qpy.json?%24select=report_date_as_yyyy_mm_dd%2Ccftc_contract_market_code%2Cmarket_and_exchange_names%2Copen_interest_all%2Cm_money_positions_long_all%2Cm_money_positions_short_all%2Cm_money_positions_spread%2Ccontract_units%2Cfutonly_or_combined&%24where=cftc_contract_market_code%3D%27080732%27+AND+report_date_as_yyyy_mm_dd%3E%3D%272009-09-01T00%3A00%3A00.000%27+AND+report_date_as_yyyy_mm_dd%3C%3D%272026-08-11T00%3A00%3A00.000%27&%24order=report_date_as_yyyy_mm_dd&%24limit=5000,e1eadfec20535920e28d87b1a02245d9241765f4ae199f31c25d130fdaf7d93a,137233,25832,111401,754199,0.1477077004875371089062700958,27,,,,,,false,cftc_normalized_net_q10_reversal_v1
SUGAR NO. 11 - ICE FUTURES U.S.,080732,2010-03-16,2010-03-19T19:30:00Z,cftc_ordinary_rule_estimate_not_holiday_verified,cftc_sugar_no11_selected_history_e1eadfec2053,https://publicreporting.cftc.gov/resource/72hh-3qpy.json?%24select=report_date_as_yyyy_mm_dd%2Ccftc_contract_market_code%2Cmarket_and_exchange_names%2Copen_interest_all%2Cm_money_positions_long_all%2Cm_money_positions_short_all%2Cm_money_positions_spread%2Ccontract_units%2Cfutonly_or_combined&%24where=cftc_contract_market_code%3D%27080732%27+AND+report_date_as_yyyy_mm_dd%3E%3D%272009-09-01T00%3A00%3A00.000%27+AND+report_date_as_yyyy_mm_dd%3C%3D%272026-08-11T00%3A00%3A00.000%27&%24order=report_date_as_yyyy_mm_dd&%24limit=5000,e1eadfec20535920e28d87b1a02245d9241765f4ae199f31c25d130fdaf7d93a,147219,31290,115929,776698,0.1492587852678904799548859402,28,,,,,,false,cftc_normalized_net_q10_reversal_v1
SUGAR NO. 11 - ICE FUTURES U.S.,080732,2010-03-23,2010-03-26T19:30:00Z,cftc_ordinary_rule_estimate_not_holiday_verified,cftc_sugar_no11_selected_history_e1eadfec2053,https://publicreporting.cftc.gov/resource/72hh-3qpy.json?%24select=report_date_as_yyyy_mm_dd%2Ccftc_contract_market_code%2Cmarket_and_exchange_names%2Copen_interest_all%2Cm_money_positions_long_all%2Cm_money_positions_short_all%2Cm_money_positions_spread%2Ccontract_units%2Cfutonly_or_combined&%24where=cftc_contract_market_code%3D%27080732%27+AND+report_date_as_yyyy_mm_dd%3E%3D%272009-09-01T00%3A00%3A00.000%27+AND+report_date_as_yyyy_mm_dd%3C%3D%272026-08-11T00%3A00%3A00.000%27&%24order=report_date_as_yyyy_mm_dd&%24limit=5000,e1eadfec20535920e28d87b1a02245d9241765f4ae199f31c25d130fdaf7d93a,147181,39606,107575,737718,0.1458213029911158464345454496,29,,,,,,false,cftc_normalized_net_q10_reversal_v1
SUGAR NO. 11 - ICE FUTURES U.S.,080732,2010-03-30,2010-04-02T19:30:00Z,cftc_ordinary_rule_estimate_not_holiday_verified,cftc_sugar_no11_selected_history_e1eadfec2053,https://publicreporting.cftc.gov/resource/72hh-3qpy.json?%24select=report_date_as_yyyy_mm_dd%2Ccftc_contract_market_code%2Cmarket_and_exchange_names%2Copen_interest_all%2Cm_money_positions_long_all%2Cm_money_positions_short_all%2Cm_money_positions_spread%2Ccontract_units%2Cfutonly_or_combined&%24where=cftc_contract_market_code%3D%27080732%27+AND+report_date_as_yyyy_mm_dd%3E%3D%272009-09-01T00%3A00%3A00.000%27+AND+report_date_as_yyyy_mm_dd%3C%3D%272026-08-11T00%3A00%3A00.000%27&%24order=report_date_as_yyyy_mm_dd&%24limit=5000,e1eadfec20535920e28d87b1a02245d9241765f4ae199f31c25d130fdaf7d93a,143784,32237,111547,704149,0.1584139152366899619256719814,30,,,,,,false,cftc_normalized_net_q10_reversal_v1
SUGAR NO. 11 - ICE FUTURES U.S.,080732,2010-04-06,2010-04-09T19:30:00Z,cftc_ordinary_rule_estimate_not_holiday_verified,cftc_sugar_no11_selected_history_e1eadfec2053,https://publicreporting.cftc.gov/resource/72hh-3qpy.json?%24select=report_date_as_yyyy_mm_dd%2Ccftc_contract_market_code%2Cmarket_and_exchange_names%2Copen_interest_all%2Cm_money_positions_long_all%2Cm_money_positions_short_all%2Cm_money_positions_spread%2Ccontract_units%2Cfutonly_or_combined&%24where=cftc_contract_market_code%3D%27080732%27+AND+report_date_as_yyyy_mm_dd%3E%3D%272009-09-01T00%3A00%3A00.000%27+AND+report_date_as_yyyy_mm_dd%3C%3D%272026-08-11T00%3A00%3A00.000%27&%24order=report_date_as_yyyy_mm_dd&%24limit=5000,e1eadfec20535920e28d87b1a02245d9241765f4ae199f31c25d130fdaf7d93a,137219,41386,95833,703555,0.1362125206984528572748399201,31,,,,,,false,cftc_normalized_net_q10_reversal_v1
SUGAR NO. 11 - ICE FUTURES U.S.,080732,2010-04-13,2010-04-16T19:30:00Z,cftc_ordinary_rule_estimate_not_holiday_verified,cftc_sugar_no11_selected_history_e1eadfec2053,https://publicreporting.cftc.gov/resource/72hh-3qpy.json?%24select=report_date_as_yyyy_mm_dd%2Ccftc_contract_market_code%2Cmarket_and_exchange_names%2Copen_interest_all%2Cm_money_positions_long_all%2Cm_money_positions_short_all%2Cm_money_positions_spread%2Ccontract_units%2Cfutonly_or_combined&%24where=cftc_contract_market_code%3D%27080732%27+AND+report_date_as_yyyy_mm_dd%3E%3D%272009-09-01T00%3A00%3A00.000%27+AND+report_date_as_yyyy_mm_dd%3C%3D%272026-08-11T00%3A00%3A00.000%27&%24order=report_date_as_yyyy_mm_dd&%24limit=5000,e1eadfec20535920e28d87b1a02245d9241765f4ae199f31c25d130fdaf7d93a,138618,36956,101662,686987,0.1479824217925521152510891764,32,,,,,,false,cftc_normalized_net_q10_reversal_v1
SUGAR NO. 11 - ICE FUTURES U.S.,080732,2010-04-20,2010-04-23T19:30:00Z,cftc_ordinary_rule_estimate_not_holiday_verified,cftc_sugar_no11_selected_history_e1eadfec2053,https://publicreporting.cftc.gov/resource/72hh-3qpy.json?%24select=report_date_as_yyyy_mm_dd%2Ccftc_contract_market_code%2Cmarket_and_exchange_names%2Copen_interest_all%2Cm_money_positions_long_all%2Cm_money_positions_short_all%2Cm_money_positions_spread%2Ccontract_units%2Cfutonly_or_combined&%24where=cftc_contract_market_code%3D%27080732%27+AND+report_date_as_yyyy_mm_dd%3E%3D%272009-09-01T00%3A00%3A00.000%27+AND+report_date_as_yyyy_mm_dd%3C%3D%272026-08-11T00%3A00%3A00.000%27&%24order=report_date_as_yyyy_mm_dd&%24limit=5000,e1eadfec20535920e28d87b1a02245d9241765f4ae199f31c25d130fdaf7d93a,139106,38662,100444,655541,0.1532230630883499277695826806,33,,,,,,false,cftc_normalized_net_q10_reversal_v1
SUGAR NO. 11 - ICE FUTURES U.S.,080732,2010-04-27,2010-04-30T19:30:00Z,cftc_ordinary_rule_estimate_not_holiday_verified,cftc_sugar_no11_selected_history_e1eadfec2053,https://publicreporting.cftc.gov/resource/72hh-3qpy.json?%24select=report_date_as_yyyy_mm_dd%2Ccftc_contract_market_code%2Cmarket_and_exchange_names%2Copen_interest_all%2Cm_money_positions_long_all%2Cm_money_positions_short_all%2Cm_money_positions_spread%2Ccontract_units%2Cfutonly_or_combined&%24where=cftc_contract_market_code%3D%27080732%27+AND+report_date_as_yyyy_mm_dd%3E%3D%272009-09-01T00%3A00%3A00.000%27+AND+report_date_as_yyyy_mm_dd%3C%3D%272026-08-11T00%3A00%3A00.000%27&%24order=report_date_as_yyyy_mm_dd&%24limit=5000,e1eadfec20535920e28d87b1a02245d9241765f4ae199f31c25d130fdaf7d93a,134469,47614,86855,641598,0.1353729282198510593860953432,34,,,,,,false,cftc_normalized_net_q10_reversal_v1
SUGAR NO. 11 - ICE FUTURES U.S.,080732,2010-05-04,2010-05-07T19:30:00Z,cftc_ordinary_rule_estimate_not_holiday_verified,cftc_sugar_no11_selected_history_e1eadfec2053,https://publicreporting.cftc.gov/resource/72hh-3qpy.json?%24select=report_date_as_yyyy_mm_dd%2Ccftc_contract_market_code%2Cmarket_and_exchange_names%2Copen_interest_all%2Cm_money_positions_long_all%2Cm_money_positions_short_all%2Cm_money_positions_spread%2Ccontract_units%2Cfutonly_or_combined&%24where=cftc_contract_market_code%3D%27080732%27+AND+report_date_as_yyyy_mm_dd%3E%3D%272009-09-01T00%3A00%3A00.000%27+AND+report_date_as_yyyy_mm_dd%3C%3D%272026-08-11T00%3A00%3A00.000%27&%24order=report_date_as_yyyy_mm_dd&%24limit=5000,e1eadfec20535920e28d87b1a02245d9241765f4ae199f31c25d130fdaf7d93a,136378,51431,84947,630723,0.1346819443717765167910477341,35,,,,,,false,cftc_normalized_net_q10_reversal_v1
SUGAR NO. 11 - ICE FUTURES U.S.,080732,2010-05-11,2010-05-14T19:30:00Z,cftc_ordinary_rule_estimate_not_holiday_verified,cftc_sugar_no11_selected_history_e1eadfec2053,https://publicreporting.cftc.gov/resource/72hh-3qpy.json?%24select=report_date_as_yyyy_mm_dd%2Ccftc_contract_market_code%2Cmarket_and_exchange_names%2Copen_interest_all%2Cm_money_positions_long_all%2Cm_money_positions_short_all%2Cm_money_positions_spread%2Ccontract_units%2Cfutonly_or_combined&%24where=cftc_contract_market_code%3D%27080732%27+AND+report_date_as_yyyy_mm_dd%3E%3D%272009-09-01T00%3A00%3A00.000%27+AND+report_date_as_yyyy_mm_dd%3C%3D%272026-08-11T00%3A00%3A00.000%27&%24order=report_date_as_yyyy_mm_dd&%24limit=5000,e1eadfec20535920e28d87b1a02245d9241765f4ae199f31c25d130fdaf7d93a,130246,51007,79239,646876,0.1224948830996976236558474885,36,,,,,,false,cftc_normalized_net_q10_reversal_v1
SUGAR NO. 11 - ICE FUTURES U.S.,080732,2010-05-18,2010-05-21T19:30:00Z,cftc_ordinary_rule_estimate_not_holiday_verified,cftc_sugar_no11_selected_history_e1eadfec2053,https://publicreporting.cftc.gov/resource/72hh-3qpy.json?%24select=report_date_as_yyyy_mm_dd%2Ccftc_contract_market_code%2Cmarket_and_exchange_names%2Copen_interest_all%2Cm_money_positions_long_all%2Cm_money_positions_short_all%2Cm_money_positions_spread%2Ccontract_units%2Cfutonly_or_combined&%24where=cftc_contract_market_code%3D%27080732%27+AND+report_date_as_yyyy_mm_dd%3E%3D%272009-09-01T00%3A00%3A00.000%27+AND+report_date_as_yyyy_mm_dd%3C%3D%272026-08-11T00%3A00%3A00.000%27&%24order=report_date_as_yyyy_mm_dd&%24limit=5000,e1eadfec20535920e28d87b1a02245d9241765f4ae199f31c25d130fdaf7d93a,129122,50099,79023,665694,0.1187076945263138919683818691,37,,,,,,false,cftc_normalized_net_q10_reversal_v1
SUGAR NO. 11 - ICE FUTURES U.S.,080732,2010-05-25,2010-05-28T19:30:00Z,cftc_ordinary_rule_estimate_not_holiday_verified,cftc_sugar_no11_selected_history_e1eadfec2053,https://publicreporting.cftc.gov/resource/72hh-3qpy.json?%24select=report_date_as_yyyy_mm_dd%2Ccftc_contract_market_code%2Cmarket_and_exchange_names%2Copen_interest_all%2Cm_money_positions_long_all%2Cm_money_positions_short_all%2Cm_money_positions_spread%2Ccontract_units%2Cfutonly_or_combined&%24where=cftc_contract_market_code%3D%27080732%27+AND+report_date_as_yyyy_mm_dd%3E%3D%272009-09-01T00%3A00%3A00.000%27+AND+report_date_as_yyyy_mm_dd%3C%3D%272026-08-11T00%3A00%3A00.000%27&%24order=report_date_as_yyyy_mm_dd&%24limit=5000,e1eadfec20535920e28d87b1a02245d9241765f4ae199f31c25d130fdaf7d93a,128628,42126,86502,675602,0.1280369211458817469456869577,38,,,,,,false,cftc_normalized_net_q10_reversal_v1
SUGAR NO. 11 - ICE FUTURES U.S.,080732,2010-06-01,2010-06-04T19:30:00Z,cftc_ordinary_rule_estimate_not_holiday_verified,cftc_sugar_no11_selected_history_e1eadfec2053,https://publicreporting.cftc.gov/resource/72hh-3qpy.json?%24select=report_date_as_yyyy_mm_dd%2Ccftc_contract_market_code%2Cmarket_and_exchange_names%2Copen_interest_all%2Cm_money_positions_long_all%2Cm_money_positions_short_all%2Cm_money_positions_spread%2Ccontract_units%2Cfutonly_or_combined&%24where=cftc_contract_market_code%3D%27080732%27+AND+report_date_as_yyyy_mm_dd%3E%3D%272009-09-01T00%3A00%3A00.000%27+AND+report_date_as_yyyy_mm_dd%3C%3D%272026-08-11T00%3A00%3A00.000%27&%24order=report_date_as_yyyy_mm_dd&%24limit=5000,e1eadfec20535920e28d87b1a02245d9241765f4ae199f31c25d130fdaf7d93a,127088,42105,84983,684786,0.1241015441320354096024159372,39,,,,,,false,cftc_normalized_net_q10_reversal_v1
SUGAR NO. 11 - ICE FUTURES U.S.,080732,2010-06-08,2010-06-11T19:30:00Z,cftc_ordinary_rule_estimate_not_holiday_verified,cftc_sugar_no11_selected_history_e1eadfec2053,https://publicreporting.cftc.gov/resource/72hh-3qpy.json?%24select=report_date_as_yyyy_mm_dd%2Ccftc_contract_market_code%2Cmarket_and_exchange_names%2Copen_interest_all%2Cm_money_positions_long_all%2Cm_money_positions_short_all%2Cm_money_positions_spread%2Ccontract_units%2Cfutonly_or_combined&%24where=cftc_contract_market_code%3D%27080732%27+AND+report_date_as_yyyy_mm_dd%3E%3D%272009-09-01T00%3A00%3A00.000%27+AND+report_date_as_yyyy_mm_dd%3C%3D%272026-08-11T00%3A00%3A00.000%27&%24order=report_date_as_yyyy_mm_dd&%24limit=5000,e1eadfec20535920e28d87b1a02245d9241765f4ae199f31c25d130fdaf7d93a,118007,36415,81592,696523,0.1171418603549344386330386793,40,,,,,,false,cftc_normalized_net_q10_reversal_v1
SUGAR NO. 11 - ICE FUTURES U.S.,080732,2010-06-15,2010-06-18T19:30:00Z,cftc_ordinary_rule_estimate_not_holiday_verified,cftc_sugar_no11_selected_history_e1eadfec2053,https://publicreporting.cftc.gov/resource/72hh-3qpy.json?%24select=report_date_as_yyyy_mm_dd%2Ccftc_contract_market_code%2Cmarket_and_exchange_names%2Copen_interest_all%2Cm_money_positions_long_all%2Cm_money_positions_short_all%2Cm_money_positions_spread%2Ccontract_units%2Cfutonly_or_combined&%24where=cftc_contract_market_code%3D%27080732%27+AND+report_date_as_yyyy_mm_dd%3E%3D%272009-09-01T00%3A00%3A00.000%27+AND+report_date_as_yyyy_mm_dd%3C%3D%272026-08-11T00%3A00%3A00.000%27&%24order=report_date_as_yyyy_mm_dd&%24limit=5000,e1eadfec20535920e28d87b1a02245d9241765f4ae199f31c25d130fdaf7d93a,119293,23744,95549,642009,0.1488281316928578882850551939,41,,,,,,false,cftc_normalized_net_q10_reversal_v1
SUGAR NO. 11 - ICE FUTURES U.S.,080732,2010-06-22,2010-06-25T19:30:00Z,cftc_ordinary_rule_estimate_not_holiday_verified,cftc_sugar_no11_selected_history_e1eadfec2053,https://publicreporting.cftc.gov/resource/72hh-3qpy.json?%24select=report_date_as_yyyy_mm_dd%2Ccftc_contract_market_code%2Cmarket_and_exchange_names%2Copen_interest_all%2Cm_money_positions_long_all%2Cm_money_positions_short_all%2Cm_money_positions_spread%2Ccontract_units%2Cfutonly_or_combined&%24where=cftc_contract_market_code%3D%27080732%27+AND+report_date_as_yyyy_mm_dd%3E%3D%272009-09-01T00%3A00%3A00.000%27+AND+report_date_as_yyyy_mm_dd%3C%3D%272026-08-11T00%3A00%3A00.000%27&%24order=report_date_as_yyyy_mm_dd&%24limit=5000,e1eadfec20535920e28d87b1a02245d9241765f4ae199f31c25d130fdaf7d93a,114443,19438,95005,606050,0.1567609933173830542034485603,42,,,,,,false,cftc_normalized_net_q10_reversal_v1
SUGAR NO. 11 - ICE FUTURES U.S.,080732,2010-06-29,2010-07-02T19:30:00Z,cftc_ordinary_rule_estimate_not_holiday_verified,cftc_sugar_no11_selected_history_e1eadfec2053,https://publicreporting.cftc.gov/resource/72hh-3qpy.json?%24select=report_date_as_yyyy_mm_dd%2Ccftc_contract_market_code%2Cmarket_and_exchange_names%2Copen_interest_all%2Cm_money_positions_long_all%2Cm_money_positions_short_all%2Cm_money_positions_spread%2Ccontract_units%2Cfutonly_or_combined&%24where=cftc_contract_market_code%3D%27080732%27+AND+report_date_as_yyyy_mm_dd%3E%3D%272009-09-01T00%3A00%3A00.000%27+AND+report_date_as_yyyy_mm_dd%3C%3D%272026-08-11T00%3A00%3A00.000%27&%24order=report_date_as_yyyy_mm_dd&%24limit=5000,e1eadfec20535920e28d87b1a02245d9241765f4ae199f31c25d130fdaf7d93a,113144,22619,90525,566822,0.1597062217062852182872224437,43,,,,,,false,cftc_normalized_net_q10_reversal_v1
SUGAR NO. 11 - ICE FUTURES U.S.,080732,2010-07-06,2010-07-09T19:30:00Z,cftc_ordinary_rule_estimate_not_holiday_verified,cftc_sugar_no11_selected_history_e1eadfec2053,https://publicreporting.cftc.gov/resource/72hh-3qpy.json?%24select=report_date_as_yyyy_mm_dd%2Ccftc_contract_market_code%2Cmarket_and_exchange_names%2Copen_interest_all%2Cm_money_positions_long_all%2Cm_money_positions_short_all%2Cm_money_positions_spread%2Ccontract_units%2Cfutonly_or_combined&%24where=cftc_contract_market_code%3D%27080732%27+AND+report_date_as_yyyy_mm_dd%3E%3D%272009-09-01T00%3A00%3A00.000%27+AND+report_date_as_yyyy_mm_dd%3C%3D%272026-08-11T00%3A00%3A00.000%27&%24order=report_date_as_yyyy_mm_dd&%24limit=5000,e1eadfec20535920e28d87b1a02245d9241765f4ae199f31c25d130fdaf7d93a,102059,16775,85284,557902,0.1528655570333140945900892988,44,,,,,,false,cftc_normalized_net_q10_reversal_v1
SUGAR NO. 11 - ICE FUTURES U.S.,080732,2010-07-13,2010-07-16T19:30:00Z,cftc_ordinary_rule_estimate_not_holiday_verified,cftc_sugar_no11_selected_history_e1eadfec2053,https://publicreporting.cftc.gov/resource/72hh-3qpy.json?%24select=report_date_as_yyyy_mm_dd%2Ccftc_contract_market_code%2Cmarket_and_exchange_names%2Copen_interest_all%2Cm_money_positions_long_all%2Cm_money_positions_short_all%2Cm_money_positions_spread%2Ccontract_units%2Cfutonly_or_combined&%24where=cftc_contract_market_code%3D%27080732%27+AND+report_date_as_yyyy_mm_dd%3E%3D%272009-09-01T00%3A00%3A00.000%27+AND+report_date_as_yyyy_mm_dd%3C%3D%272026-08-11T00%3A00%3A00.000%27&%24order=report_date_as_yyyy_mm_dd&%24limit=5000,e1eadfec20535920e28d87b1a02245d9241765f4ae199f31c25d130fdaf7d93a,103302,17548,85754,577969,0.148371279428481458348112096,45,,,,,,false,cftc_normalized_net_q10_reversal_v1
SUGAR NO. 11 - ICE FUTURES U.S.,080732,2010-07-20,2010-07-23T19:30:00Z,cftc_ordinary_rule_estimate_not_holiday_verified,cftc_sugar_no11_selected_history_e1eadfec2053,https://publicreporting.cftc.gov/resource/72hh-3qpy.json?%24select=report_date_as_yyyy_mm_dd%2Ccftc_contract_market_code%2Cmarket_and_exchange_names%2Copen_interest_all%2Cm_money_positions_long_all%2Cm_money_positions_short_all%2Cm_money_positions_spread%2Ccontract_units%2Cfutonly_or_combined&%24where=cftc_contract_market_code%3D%27080732%27+AND+report_date_as_yyyy_mm_dd%3E%3D%272009-09-01T00%3A00%3A00.000%27+AND+report_date_as_yyyy_mm_dd%3C%3D%272026-08-11T00%3A00%3A00.000%27&%24order=report_date_as_yyyy_mm_dd&%24limit=5000,e1eadfec20535920e28d87b1a02245d9241765f4ae199f31c25d130fdaf7d93a,107881,13777,94104,595710,0.1579694817948330563529234023,46,,,,,,false,cftc_normalized_net_q10_reversal_v1
SUGAR NO. 11 - ICE FUTURES U.S.,080732,2010-07-27,2010-07-30T19:30:00Z,cftc_ordinary_rule_estimate_not_holiday_verified,cftc_sugar_no11_selected_history_e1eadfec2053,https://publicreporting.cftc.gov/resource/72hh-3qpy.json?%24select=report_date_as_yyyy_mm_dd%2Ccftc_contract_market_code%2Cmarket_and_exchange_names%2Copen_interest_all%2Cm_money_positions_long_all%2Cm_money_positions_short_all%2Cm_money_positions_spread%2Ccontract_units%2Cfutonly_or_combined&%24where=cftc_contract_market_code%3D%27080732%27+AND+report_date_as_yyyy_mm_dd%3E%3D%272009-09-01T00%3A00%3A00.000%27+AND+report_date_as_yyyy_mm_dd%3C%3D%272026-08-11T00%3A00%3A00.000%27&%24order=report_date_as_yyyy_mm_dd&%24limit=5000,e1eadfec20535920e28d87b1a02245d9241765f4ae199f31c25d130fdaf7d93a,109513,16771,92742,600855,0.1543500511770726714431934493,47,,,,,,false,cftc_normalized_net_q10_reversal_v1
SUGAR NO. 11 - ICE FUTURES U.S.,080732,2010-08-03,2010-08-06T19:30:00Z,cftc_ordinary_rule_estimate_not_holiday_verified,cftc_sugar_no11_selected_history_e1eadfec2053,https://publicreporting.cftc.gov/resource/72hh-3qpy.json?%24select=report_date_as_yyyy_mm_dd%2Ccftc_contract_market_code%2Cmarket_and_exchange_names%2Copen_interest_all%2Cm_money_positions_long_all%2Cm_money_positions_short_all%2Cm_money_positions_spread%2Ccontract_units%2Cfutonly_or_combined&%24where=cftc_contract_market_code%3D%27080732%27+AND+report_date_as_yyyy_mm_dd%3E%3D%272009-09-01T00%3A00%3A00.000%27+AND+report_date_as_yyyy_mm_dd%3C%3D%272026-08-11T00%3A00%3A00.000%27&%24order=report_date_as_yyyy_mm_dd&%24limit=5000,e1eadfec20535920e28d87b1a02245d9241765f4ae199f31c25d130fdaf7d93a,118045,19468,98577,613446,0.1606938508034937060474760615,48,,,,,,false,cftc_normalized_net_q10_reversal_v1
SUGAR NO. 11 - ICE FUTURES U.S.,080732,2010-08-10,2010-08-13T19:30:00Z,cftc_ordinary_rule_estimate_not_holiday_verified,cftc_sugar_no11_selected_history_e1eadfec2053,https://publicreporting.cftc.gov/resource/72hh-3qpy.json?%24select=report_date_as_yyyy_mm_dd%2Ccftc_contract_market_code%2Cmarket_and_exchange_names%2Copen_interest_all%2Cm_money_positions_long_all%2Cm_money_positions_short_all%2Cm_money_positions_spread%2Ccontract_units%2Cfutonly_or_combined&%24where=cftc_contract_market_code%3D%27080732%27+AND+report_date_as_yyyy_mm_dd%3E%3D%272009-09-01T00%3A00%3A00.000%27+AND+report_date_as_yyyy_mm_dd%3C%3D%272026-08-11T00%3A00%3A00.000%27&%24order=report_date_as_yyyy_mm_dd&%24limit=5000,e1eadfec20535920e28d87b1a02245d9241765f4ae199f31c25d130fdaf7d93a,111121,13235,97886,612589,0.1597906589899590100377251306,49,,,,,,false,cftc_normalized_net_q10_reversal_v1
SUGAR NO. 11 - ICE FUTURES U.S.,080732,2010-08-17,2010-08-20T19:30:00Z,cftc_ordinary_rule_estimate_not_holiday_verified,cftc_sugar_no11_selected_history_e1eadfec2053,https://publicreporting.cftc.gov/resource/72hh-3qpy.json?%24select=report_date_as_yyyy_mm_dd%2Ccftc_contract_market_code%2Cmarket_and_exchange_names%2Copen_interest_all%2Cm_money_positions_long_all%2Cm_money_positions_short_all%2Cm_money_positions_spread%2Ccontract_units%2Cfutonly_or_combined&%24where=cftc_contract_market_code%3D%27080732%27+AND+report_date_as_yyyy_mm_dd%3E%3D%272009-09-01T00%3A00%3A00.000%27+AND+report_date_as_yyyy_mm_dd%3C%3D%272026-08-11T00%3A00%3A00.000%27&%24order=report_date_as_yyyy_mm_dd&%24limit=5000,e1eadfec20535920e28d87b1a02245d9241765f4ae199f31c25d130fdaf7d93a,116818,15251,101567,622029,0.1632833838936769829059416844,50,,,,,,false,cftc_normalized_net_q10_reversal_v1
SUGAR NO. 11 - ICE FUTURES U.S.,080732,2010-08-24,2010-08-27T19:30:00Z,cftc_ordinary_rule_estimate_not_holiday_verified,cftc_sugar_no11_selected_history_e1eadfec2053,https://publicreporting.cftc.gov/resource/72hh-3qpy.json?%24select=report_date_as_yyyy_mm_dd%2Ccftc_contract_market_code%2Cmarket_and_exchange_names%2Copen_interest_all%2Cm_money_positions_long_all%2Cm_money_positions_short_all%2Cm_money_positions_spread%2Ccontract_units%2Cfutonly_or_combined&%24where=cftc_contract_market_code%3D%27080732%27+AND+report_date_as_yyyy_mm_dd%3E%3D%272009-09-01T00%3A00%3A00.000%27+AND+report_date_as_yyyy_mm_dd%3C%3D%272026-08-11T00%3A00%3A00.000%27&%24order=report_date_as_yyyy_mm_dd&%24limit=5000,e1eadfec20535920e28d87b1a02245d9241765f4ae199f31c25d130fdaf7d93a,110810,15505,95305,648019,0.1470713050080321718961944017,51,,,,,,false,cftc_normalized_net_q10_reversal_v1
SUGAR NO. 11 - ICE FUTURES U.S.,080732,2010-08-31,2010-09-03T19:30:00Z,cftc_ordinary_rule_estimate_not_holiday_verified,cftc_sugar_no11_selected_history_e1eadfec2053,https://publicreporting.cftc.gov/resource/72hh-3qpy.json?%24select=report_date_as_yyyy_mm_dd%2Ccftc_contract_market_code%2Cmarket_and_exchange_names%2Copen_interest_all%2Cm_money_positions_long_all%2Cm_money_positions_short_all%2Cm_money_positions_spread%2Ccontract_units%2Cfutonly_or_combined&%24where=cftc_contract_market_code%3D%27080732%27+AND+report_date_as_yyyy_mm_dd%3E%3D%272009-09-01T00%3A00%3A00.000%27+AND+report_date_as_yyyy_mm_dd%3C%3D%272026-08-11T00%3A00%3A00.000%27&%24order=report_date_as_yyyy_mm_dd&%24limit=5000,e1eadfec20535920e28d87b1a02245d9241765f4ae199f31c25d130fdaf7d93a,113874,13603,100271,660368,0.1518410946623700724444552129,52,,,,,,false,cftc_normalized_net_q10_reversal_v1
SUGAR NO. 11 - ICE FUTURES U.S.,080732,2010-09-07,2010-09-10T19:30:00Z,cftc_ordinary_rule_estimate_not_holiday_verified,cftc_sugar_no11_selected_history_e1eadfec2053,https://publicreporting.cftc.gov/resource/72hh-3qpy.json?%24select=report_date_as_yyyy_mm_dd%2Ccftc_contract_market_code%2Cmarket_and_exchange_names%2Copen_interest_all%2Cm_money_positions_long_all%2Cm_money_positions_short_all%2Cm_money_positions_spread%2Ccontract_units%2Cfutonly_or_combined&%24where=cftc_contract_market_code%3D%27080732%27+AND+report_date_as_yyyy_mm_dd%3E%3D%272009-09-01T00%3A00%3A00.000%27+AND+report_date_as_yyyy_mm_dd%3C%3D%272026-08-11T00%3A00%3A00.000%27&%24order=report_date_as_yyyy_mm_dd&%24limit=5000,e1eadfec20535920e28d87b1a02245d9241765f4ae199f31c25d130fdaf7d93a,123483,11673,111810,673080,0.1661169548939204849349260118,53,,,,,,false,cftc_normalized_net_q10_reversal_v1
SUGAR NO. 11 - ICE FUTURES U.S.,080732,2010-09-14,2010-09-17T19:30:00Z,cftc_ordinary_rule_estimate_not_holiday_verified,cftc_sugar_no11_selected_history_e1eadfec2053,https://publicreporting.cftc.gov/resource/72hh-3qpy.json?%24select=report_date_as_yyyy_mm_dd%2Ccftc_contract_market_code%2Cmarket_and_exchange_names%2Copen_interest_all%2Cm_money_positions_long_all%2Cm_money_positions_short_all%2Cm_money_positions_spread%2Ccontract_units%2Cfutonly_or_combined&%24where=cftc_contract_market_code%3D%27080732%27+AND+report_date_as_yyyy_mm_dd%3E%3D%272009-09-01T00%3A00%3A00.000%27+AND+report_date_as_yyyy_mm_dd%3C%3D%272026-08-11T00%3A00%3A00.000%27&%24order=report_date_as_yyyy_mm_dd&%24limit=5000,e1eadfec20535920e28d87b1a02245d9241765f4ae199f31c25d130fdaf7d93a,136029,10895,125134,697690,0.1793547277444137080938525706,54,,,,,,false,cftc_normalized_net_q10_reversal_v1
SUGAR NO. 11 - ICE FUTURES U.S.,080732,2010-09-21,2010-09-24T19:30:00Z,cftc_ordinary_rule_estimate_not_holiday_verified,cftc_sugar_no11_selected_history_e1eadfec2053,https://publicreporting.cftc.gov/resource/72hh-3qpy.json?%24select=report_date_as_yyyy_mm_dd%2Ccftc_contract_market_code%2Cmarket_and_exchange_names%2Copen_interest_all%2Cm_money_positions_long_all%2Cm_money_positions_short_all%2Cm_money_positions_spread%2Ccontract_units%2Cfutonly_or_combined&%24where=cftc_contract_market_code%3D%27080732%27+AND+report_date_as_yyyy_mm_dd%3E%3D%272009-09-01T00%3A00%3A00.000%27+AND+report_date_as_yyyy_mm_dd%3C%3D%272026-08-11T00%3A00%3A00.000%27&%24order=report_date_as_yyyy_mm_dd&%24limit=5000,e1eadfec20535920e28d87b1a02245d9241765f4ae199f31c25d130fdaf7d93a,142255,11687,130568,639289,0.2042393972053327994068410375,55,,,,,,false,cftc_normalized_net_q10_reversal_v1
SUGAR NO. 11 - ICE FUTURES U.S.,080732,2010-09-28,2010-10-01T19:30:00Z,cftc_ordinary_rule_estimate_not_holiday_verified,cftc_sugar_no11_selected_history_e1eadfec2053,https://publicreporting.cftc.gov/resource/72hh-3qpy.json?%24select=report_date_as_yyyy_mm_dd%2Ccftc_contract_market_code%2Cmarket_and_exchange_names%2Copen_interest_all%2Cm_money_positions_long_all%2Cm_money_positions_short_all%2Cm_money_positions_spread%2Ccontract_units%2Cfutonly_or_combined&%24where=cftc_contract_market_code%3D%27080732%27+AND+report_date_as_yyyy_mm_dd%3E%3D%272009-09-01T00%3A00%3A00.000%27+AND+report_date_as_yyyy_mm_dd%3C%3D%272026-08-11T00%3A00%3A00.000%27&%24order=report_date_as_yyyy_mm_dd&%24limit=5000,e1eadfec20535920e28d87b1a02245d9241765f4ae199f31c25d130fdaf7d93a,141074,12309,128765,613181,0.2099950911721008967988244906,56,,,,,,false,cftc_normalized_net_q10_reversal_v1
SUGAR NO. 11 - ICE FUTURES U.S.,080732,2010-10-05,2010-10-08T19:30:00Z,cftc_ordinary_rule_estimate_not_holiday_verified,cftc_sugar_no11_selected_history_e1eadfec2053,https://publicreporting.cftc.gov/resource/72hh-3qpy.json?%24select=report_date_as_yyyy_mm_dd%2Ccftc_contract_market_code%2Cmarket_and_exchange_names%2Copen_interest_all%2Cm_money_positions_long_all%2Cm_money_positions_short_all%2Cm_money_positions_spread%2Ccontract_units%2Cfutonly_or_combined&%24where=cftc_contract_market_code%3D%27080732%27+AND+report_date_as_yyyy_mm_dd%3E%3D%272009-09-01T00%3A00%3A00.000%27+AND+report_date_as_yyyy_mm_dd%3C%3D%272026-08-11T00%3A00%3A00.000%27&%24order=report_date_as_yyyy_mm_dd&%24limit=5000,e1eadfec20535920e28d87b1a02245d9241765f4ae199f31c25d130fdaf7d93a,132135,12197,119938,578944,0.207166841697988061021445943,57,,,,,,false,cftc_normalized_net_q10_reversal_v1
SUGAR NO. 11 - ICE FUTURES U.S.,080732,2010-10-12,2010-10-15T19:30:00Z,cftc_ordinary_rule_estimate_not_holiday_verified,cftc_sugar_no11_selected_history_e1eadfec2053,https://publicreporting.cftc.gov/resource/72hh-3qpy.json?%24select=report_date_as_yyyy_mm_dd%2Ccftc_contract_market_code%2Cmarket_and_exchange_names%2Copen_interest_all%2Cm_money_positions_long_all%2Cm_money_positions_short_all%2Cm_money_positions_spread%2Ccontract_units%2Cfutonly_or_combined&%24where=cftc_contract_market_code%3D%27080732%27+AND+report_date_as_yyyy_mm_dd%3E%3D%272009-09-01T00%3A00%3A00.000%27+AND+report_date_as_yyyy_mm_dd%3C%3D%272026-08-11T00%3A00%3A00.000%27&%24order=report_date_as_yyyy_mm_dd&%24limit=5000,e1eadfec20535920e28d87b1a02245d9241765f4ae199f31c25d130fdaf7d93a,130658,9103,121555,579406,0.2097924426050127199235078684,58,,,,,,false,cftc_normalized_net_q10_reversal_v1
SUGAR NO. 11 - ICE FUTURES U.S.,080732,2010-10-19,2010-10-22T19:30:00Z,cftc_ordinary_rule_estimate_not_holiday_verified,cftc_sugar_no11_selected_history_e1eadfec2053,https://publicreporting.cftc.gov/resource/72hh-3qpy.json?%24select=report_date_as_yyyy_mm_dd%2Ccftc_contract_market_code%2Cmarket_and_exchange_names%2Copen_interest_all%2Cm_money_positions_long_all%2Cm_money_positions_short_all%2Cm_money_positions_spread%2Ccontract_units%2Cfutonly_or_combined&%24where=cftc_contract_market_code%3D%27080732%27+AND+report_date_as_yyyy_mm_dd%3E%3D%272009-09-01T00%3A00%3A00.000%27+AND+report_date_as_yyyy_mm_dd%3C%3D%272026-08-11T00%3A00%3A00.000%27&%24order=report_date_as_yyyy_mm_dd&%24limit=5000,e1eadfec20535920e28d87b1a02245d9241765f4ae199f31c25d130fdaf7d93a,132678,8750,123928,587348,0.2109958661645225658383105076,59,,,,,,false,cftc_normalized_net_q10_reversal_v1
SUGAR NO. 11 - ICE FUTURES U.S.,080732,2010-10-26,2010-10-29T19:30:00Z,cftc_ordinary_rule_estimate_not_holiday_verified,cftc_sugar_no11_selected_history_e1eadfec2053,https://publicreporting.cftc.gov/resource/72hh-3qpy.json?%24select=report_date_as_yyyy_mm_dd%2Ccftc_contract_market_code%2Cmarket_and_exchange_names%2Copen_interest_all%2Cm_money_positions_long_all%2Cm_money_positions_short_all%2Cm_money_positions_spread%2Ccontract_units%2Cfutonly_or_combined&%24where=cftc_contract_market_code%3D%27080732%27+AND+report_date_as_yyyy_mm_dd%3E%3D%272009-09-01T00%3A00%3A00.000%27+AND+report_date_as_yyyy_mm_dd%3C%3D%272026-08-11T00%3A00%3A00.000%27&%24order=report_date_as_yyyy_mm_dd&%24limit=5000,e1eadfec20535920e28d87b1a02245d9241765f4ae199f31c25d130fdaf7d93a,130994,6980,124014,593979,0.2087851590712802977883056472,60,,,,,,false,cftc_normalized_net_q10_reversal_v1
SUGAR NO. 11 - ICE FUTURES U.S.,080732,2010-11-02,2010-11-05T19:30:00Z,cftc_ordinary_rule_estimate_not_holiday_verified,cftc_sugar_no11_selected_history_e1eadfec2053,https://publicreporting.cftc.gov/resource/72hh-3qpy.json?%24select=report_date_as_yyyy_mm_dd%2Ccftc_contract_market_code%2Cmarket_and_exchange_names%2Copen_interest_all%2Cm_money_positions_long_all%2Cm_money_positions_short_all%2Cm_money_positions_spread%2Ccontract_units%2Cfutonly_or_combined&%24where=cftc_contract_market_code%3D%27080732%27+AND+report_date_as_yyyy_mm_dd%3E%3D%272009-09-01T00%3A00%3A00.000%27+AND+report_date_as_yyyy_mm_dd%3C%3D%272026-08-11T00%3A00%3A00.000%27&%24order=report_date_as_yyyy_mm_dd&%24limit=5000,e1eadfec20535920e28d87b1a02245d9241765f4ae199f31c25d130fdaf7d93a,133903,7991,125912,604070,0.2084394192726008575165129869,61,,,,,,false,cftc_normalized_net_q10_reversal_v1
SUGAR NO. 11 - ICE FUTURES U.S.,080732,2010-11-09,2010-11-15T20:30:00Z,cftc_official_historical_release_verified,cftc_sugar_no11_selected_history_e1eadfec2053,https://publicreporting.cftc.gov/resource/72hh-3qpy.json?%24select=report_date_as_yyyy_mm_dd%2Ccftc_contract_market_code%2Cmarket_and_exchange_names%2Copen_interest_all%2Cm_money_positions_long_all%2Cm_money_positions_short_all%2Cm_money_positions_spread%2Ccontract_units%2Cfutonly_or_combined&%24where=cftc_contract_market_code%3D%27080732%27+AND+report_date_as_yyyy_mm_dd%3E%3D%272009-09-01T00%3A00%3A00.000%27+AND+report_date_as_yyyy_mm_dd%3C%3D%272026-08-11T00%3A00%3A00.000%27&%24order=report_date_as_yyyy_mm_dd&%24limit=5000,e1eadfec20535920e28d87b1a02245d9241765f4ae199f31c25d130fdaf7d93a,132999,18240,114759,597338,0.1921173606902624644673534917,62,,,,,,false,cftc_normalized_net_q10_reversal_v1
SUGAR NO. 11 - ICE FUTURES U.S.,080732,2010-11-16,2010-11-19T20:30:00Z,cftc_ordinary_rule_estimate_not_holiday_verified,cftc_sugar_no11_selected_history_e1eadfec2053,https://publicreporting.cftc.gov/resource/72hh-3qpy.json?%24select=report_date_as_yyyy_mm_dd%2Ccftc_contract_market_code%2Cmarket_and_exchange_names%2Copen_interest_all%2Cm_money_positions_long_all%2Cm_money_positions_short_all%2Cm_money_positions_spread%2Ccontract_units%2Cfutonly_or_combined&%24where=cftc_contract_market_code%3D%27080732%27+AND+report_date_as_yyyy_mm_dd%3E%3D%272009-09-01T00%3A00%3A00.000%27+AND+report_date_as_yyyy_mm_dd%3C%3D%272026-08-11T00%3A00%3A00.000%27&%24order=report_date_as_yyyy_mm_dd&%24limit=5000,e1eadfec20535920e28d87b1a02245d9241765f4ae199f31c25d130fdaf7d93a,127513,17961,109552,581924,0.1882582605288663124394250796,63,,,,,,false,cftc_normalized_net_q10_reversal_v1
SUGAR NO. 11 - ICE FUTURES U.S.,080732,2010-11-23,2010-11-29T20:30:00Z,cftc_official_historical_release_verified,cftc_sugar_no11_selected_history_e1eadfec2053,https://publicreporting.cftc.gov/resource/72hh-3qpy.json?%24select=report_date_as_yyyy_mm_dd%2Ccftc_contract_market_code%2Cmarket_and_exchange_names%2Copen_interest_all%2Cm_money_positions_long_all%2Cm_money_positions_short_all%2Cm_money_positions_spread%2Ccontract_units%2Cfutonly_or_combined&%24where=cftc_contract_market_code%3D%27080732%27+AND+report_date_as_yyyy_mm_dd%3E%3D%272009-09-01T00%3A00%3A00.000%27+AND+report_date_as_yyyy_mm_dd%3C%3D%272026-08-11T00%3A00%3A00.000%27&%24order=report_date_as_yyyy_mm_dd&%24limit=5000,e1eadfec20535920e28d87b1a02245d9241765f4ae199f31c25d130fdaf7d93a,124367,20830,103537,576756,0.179516121202033442218199724,64,,,,,,false,cftc_normalized_net_q10_reversal_v1
SUGAR NO. 11 - ICE FUTURES U.S.,080732,2010-11-30,2010-12-03T20:30:00Z,cftc_ordinary_rule_estimate_not_holiday_verified,cftc_sugar_no11_selected_history_e1eadfec2053,https://publicreporting.cftc.gov/resource/72hh-3qpy.json?%24select=report_date_as_yyyy_mm_dd%2Ccftc_contract_market_code%2Cmarket_and_exchange_names%2Copen_interest_all%2Cm_money_positions_long_all%2Cm_money_positions_short_all%2Cm_money_positions_spread%2Ccontract_units%2Cfutonly_or_combined&%24where=cftc_contract_market_code%3D%27080732%27+AND+report_date_as_yyyy_mm_dd%3E%3D%272009-09-01T00%3A00%3A00.000%27+AND+report_date_as_yyyy_mm_dd%3C%3D%272026-08-11T00%3A00%3A00.000%27&%24order=report_date_as_yyyy_mm_dd&%24limit=5000,e1eadfec20535920e28d87b1a02245d9241765f4ae199f31c25d130fdaf7d93a,120372,17547,102825,570470,0.1802461128543131102424316791,65,,,,,,false,cftc_normalized_net_q10_reversal_v1
SUGAR NO. 11 - ICE FUTURES U.S.,080732,2010-12-07,2010-12-10T20:30:00Z,cftc_ordinary_rule_estimate_not_holiday_verified,cftc_sugar_no11_selected_history_e1eadfec2053,https://publicreporting.cftc.gov/resource/72hh-3qpy.json?%24select=report_date_as_yyyy_mm_dd%2Ccftc_contract_market_code%2Cmarket_and_exchange_names%2Copen_interest_all%2Cm_money_positions_long_all%2Cm_money_positions_short_all%2Cm_money_positions_spread%2Ccontract_units%2Cfutonly_or_combined&%24where=cftc_contract_market_code%3D%27080732%27+AND+report_date_as_yyyy_mm_dd%3E%3D%272009-09-01T00%3A00%3A00.000%27+AND+report_date_as_yyyy_mm_dd%3C%3D%272026-08-11T00%3A00%3A00.000%27&%24order=report_date_as_yyyy_mm_dd&%24limit=5000,e1eadfec20535920e28d87b1a02245d9241765f4ae199f31c25d130fdaf7d93a,118765,15563,103202,575256,0.1794018662995257763500076488,66,,,,,,false,cftc_normalized_net_q10_reversal_v1
SUGAR NO. 11 - ICE FUTURES U.S.,080732,2010-12-14,2010-12-17T20:30:00Z,cftc_ordinary_rule_estimate_not_holiday_verified,cftc_sugar_no11_selected_history_e1eadfec2053,https://publicreporting.cftc.gov/resource/72hh-3qpy.json?%24select=report_date_as_yyyy_mm_dd%2Ccftc_contract_market_code%2Cmarket_and_exchange_names%2Copen_interest_all%2Cm_money_positions_long_all%2Cm_money_positions_short_all%2Cm_money_positions_spread%2Ccontract_units%2Cfutonly_or_combined&%24where=cftc_contract_market_code%3D%27080732%27+AND+report_date_as_yyyy_mm_dd%3E%3D%272009-09-01T00%3A00%3A00.000%27+AND+report_date_as_yyyy_mm_dd%3C%3D%272026-08-11T00%3A00%3A00.000%27&%24order=report_date_as_yyyy_mm_dd&%24limit=5000,e1eadfec20535920e28d87b1a02245d9241765f4ae199f31c25d130fdaf7d93a,120144,15622,104522,585743,0.1784434470407670258116614283,67,,,,,,false,cftc_normalized_net_q10_reversal_v1
SUGAR NO. 11 - ICE FUTURES U.S.,080732,2010-12-21,2010-12-27T20:30:00Z,cftc_official_historical_release_verified,cftc_sugar_no11_selected_history_e1eadfec2053,https://publicreporting.cftc.gov/resource/72hh-3qpy.json?%24select=report_date_as_yyyy_mm_dd%2Ccftc_contract_market_code%2Cmarket_and_exchange_names%2Copen_interest_all%2Cm_money_positions_long_all%2Cm_money_positions_short_all%2Cm_money_positions_spread%2Ccontract_units%2Cfutonly_or_combined&%24where=cftc_contract_market_code%3D%27080732%27+AND+report_date_as_yyyy_mm_dd%3E%3D%272009-09-01T00%3A00%3A00.000%27+AND+report_date_as_yyyy_mm_dd%3C%3D%272026-08-11T00%3A00%3A00.000%27&%24order=report_date_as_yyyy_mm_dd&%24limit=5000,e1eadfec20535920e28d87b1a02245d9241765f4ae199f31c25d130fdaf7d93a,132191,5266,126925,606435,0.2092969568049337521745941445,68,,,,,,false,cftc_normalized_net_q10_reversal_v1
SUGAR NO. 11 - ICE FUTURES U.S.,080732,2010-12-28,2011-01-03T20:30:00Z,cftc_official_historical_release_verified,cftc_sugar_no11_selected_history_e1eadfec2053,https://publicreporting.cftc.gov/resource/72hh-3qpy.json?%24select=report_date_as_yyyy_mm_dd%2Ccftc_contract_market_code%2Cmarket_and_exchange_names%2Copen_interest_all%2Cm_money_positions_long_all%2Cm_money_positions_short_all%2Cm_money_positions_spread%2Ccontract_units%2Cfutonly_or_combined&%24where=cftc_contract_market_code%3D%27080732%27+AND+report_date_as_yyyy_mm_dd%3E%3D%272009-09-01T00%3A00%3A00.000%27+AND+report_date_as_yyyy_mm_dd%3C%3D%272026-08-11T00%3A00%3A00.000%27&%24order=report_date_as_yyyy_mm_dd&%24limit=5000,e1eadfec20535920e28d87b1a02245d9241765f4ae199f31c25d130fdaf7d93a,136149,6457,129692,607307,0.2135526183627061766124875886,69,,,,,,false,cftc_normalized_net_q10_reversal_v1
SUGAR NO. 11 - ICE FUTURES U.S.,080732,2011-01-04,2011-01-07T20:30:00Z,cftc_ordinary_rule_estimate_not_holiday_verified,cftc_sugar_no11_selected_history_e1eadfec2053,https://publicreporting.cftc.gov/resource/72hh-3qpy.json?%24select=report_date_as_yyyy_mm_dd%2Ccftc_contract_market_code%2Cmarket_and_exchange_names%2Copen_interest_all%2Cm_money_positions_long_all%2Cm_money_positions_short_all%2Cm_money_positions_spread%2Ccontract_units%2Cfutonly_or_combined&%24where=cftc_contract_market_code%3D%27080732%27+AND+report_date_as_yyyy_mm_dd%3E%3D%272009-09-01T00%3A00%3A00.000%27+AND+report_date_as_yyyy_mm_dd%3C%3D%272026-08-11T00%3A00%3A00.000%27&%24order=report_date_as_yyyy_mm_dd&%24limit=5000,e1eadfec20535920e28d87b1a02245d9241765f4ae199f31c25d130fdaf7d93a,130662,5866,124796,607185,0.2055320865963421362517189983,70,,,,,,false,cftc_normalized_net_q10_reversal_v1
SUGAR NO. 11 - ICE FUTURES U.S.,080732,2011-01-11,2011-01-14T20:30:00Z,cftc_ordinary_rule_estimate_not_holiday_verified,cftc_sugar_no11_selected_history_e1eadfec2053,https://publicreporting.cftc.gov/resource/72hh-3qpy.json?%24select=report_date_as_yyyy_mm_dd%2Ccftc_contract_market_code%2Cmarket_and_exchange_names%2Copen_interest_all%2Cm_money_positions_long_all%2Cm_money_positions_short_all%2Cm_money_positions_spread%2Ccontract_units%2Cfutonly_or_combined&%24where=cftc_contract_market_code%3D%27080732%27+AND+report_date_as_yyyy_mm_dd%3E%3D%272009-09-01T00%3A00%3A00.000%27+AND+report_date_as_yyyy_mm_dd%3C%3D%272026-08-11T00%3A00%3A00.000%27&%24order=report_date_as_yyyy_mm_dd&%24limit=5000,e1eadfec20535920e28d87b1a02245d9241765f4ae199f31c25d130fdaf7d93a,125737,3889,121848,617471,0.1973339638622704548067844482,71,,,,,,false,cftc_normalized_net_q10_reversal_v1
SUGAR NO. 11 - ICE FUTURES U.S.,080732,2011-01-18,2011-01-21T20:30:00Z,cftc_ordinary_rule_estimate_not_holiday_verified,cftc_sugar_no11_selected_history_e1eadfec2053,https://publicreporting.cftc.gov/resource/72hh-3qpy.json?%24select=report_date_as_yyyy_mm_dd%2Ccftc_contract_market_code%2Cmarket_and_exchange_names%2Copen_interest_all%2Cm_money_positions_long_all%2Cm_money_positions_short_all%2Cm_money_positions_spread%2Ccontract_units%2Cfutonly_or_combined&%24where=cftc_contract_market_code%3D%27080732%27+AND+report_date_as_yyyy_mm_dd%3E%3D%272009-09-01T00%3A00%3A00.000%27+AND+report_date_as_yyyy_mm_dd%3C%3D%272026-08-11T00%3A00%3A00.000%27&%24order=report_date_as_yyyy_mm_dd&%24limit=5000,e1eadfec20535920e28d87b1a02245d9241765f4ae199f31c25d130fdaf7d93a,119337,6382,112955,620918,0.1819161306323862410173324014,72,,,,,,false,cftc_normalized_net_q10_reversal_v1
SUGAR NO. 11 - ICE FUTURES U.S.,080732,2011-01-25,2011-01-28T20:30:00Z,cftc_ordinary_rule_estimate_not_holiday_verified,cftc_sugar_no11_selected_history_e1eadfec2053,https://publicreporting.cftc.gov/resource/72hh-3qpy.json?%24select=report_date_as_yyyy_mm_dd%2Ccftc_contract_market_code%2Cmarket_and_exchange_names%2Copen_interest_all%2Cm_money_positions_long_all%2Cm_money_positions_short_all%2Cm_money_positions_spread%2Ccontract_units%2Cfutonly_or_combined&%24where=cftc_contract_market_code%3D%27080732%27+AND+report_date_as_yyyy_mm_dd%3E%3D%272009-09-01T00%3A00%3A00.000%27+AND+report_date_as_yyyy_mm_dd%3C%3D%272026-08-11T00%3A00%3A00.000%27&%24order=report_date_as_yyyy_mm_dd&%24limit=5000,e1eadfec20535920e28d87b1a02245d9241765f4ae199f31c25d130fdaf7d93a,121431,6209,115222,619137,0.1861009760359984946788836719,73,,,,,,false,cftc_normalized_net_q10_reversal_v1
SUGAR NO. 11 - ICE FUTURES U.S.,080732,2011-02-01,2011-02-04T20:30:00Z,cftc_ordinary_rule_estimate_not_holiday_verified,cftc_sugar_no11_selected_history_e1eadfec2053,https://publicreporting.cftc.gov/resource/72hh-3qpy.json?%24select=report_date_as_yyyy_mm_dd%2Ccftc_contract_market_code%2Cmarket_and_exchange_names%2Copen_interest_all%2Cm_money_positions_long_all%2Cm_money_positions_short_all%2Cm_money_positions_spread%2Ccontract_units%2Cfutonly_or_combined&%24where=cftc_contract_market_code%3D%27080732%27+AND+report_date_as_yyyy_mm_dd%3E%3D%272009-09-01T00%3A00%3A00.000%27+AND+report_date_as_yyyy_mm_dd%3C%3D%272026-08-11T00%3A00%3A00.000%27&%24order=report_date_as_yyyy_mm_dd&%24limit=5000,e1eadfec20535920e28d87b1a02245d9241765f4ae199f31c25d130fdaf7d93a,135441,6764,128677,646042,0.1991774528591020398054615644,74,,,,,,false,cftc_normalized_net_q10_reversal_v1
SUGAR NO. 11 - ICE FUTURES U.S.,080732,2011-02-08,2011-02-11T20:30:00Z,cftc_ordinary_rule_estimate_not_holiday_verified,cftc_sugar_no11_selected_history_e1eadfec2053,https://publicreporting.cftc.gov/resource/72hh-3qpy.json?%24select=report_date_as_yyyy_mm_dd%2Ccftc_contract_market_code%2Cmarket_and_exchange_names%2Copen_interest_all%2Cm_money_positions_long_all%2Cm_money_positions_short_all%2Cm_money_positions_spread%2Ccontract_units%2Cfutonly_or_combined&%24where=cftc_contract_market_code%3D%27080732%27+AND+report_date_as_yyyy_mm_dd%3E%3D%272009-09-01T00%3A00%3A00.000%27+AND+report_date_as_yyyy_mm_dd%3C%3D%272026-08-11T00%3A00%3A00.000%27&%24order=report_date_as_yyyy_mm_dd&%24limit=5000,e1eadfec20535920e28d87b1a02245d9241765f4ae199f31c25d130fdaf7d93a,125245,4239,121006,653229,0.1852428474547210855611125654,75,,,,,,false,cftc_normalized_net_q10_reversal_v1
SUGAR NO. 11 - ICE FUTURES U.S.,080732,2011-02-15,2011-02-18T20:30:00Z,cftc_ordinary_rule_estimate_not_holiday_verified,cftc_sugar_no11_selected_history_e1eadfec2053,https://publicreporting.cftc.gov/resource/72hh-3qpy.json?%24select=report_date_as_yyyy_mm_dd%2Ccftc_contract_market_code%2Cmarket_and_exchange_names%2Copen_interest_all%2Cm_money_positions_long_all%2Cm_money_positions_short_all%2Cm_money_positions_spread%2Ccontract_units%2Cfutonly_or_combined&%24where=cftc_contract_market_code%3D%27080732%27+AND+report_date_as_yyyy_mm_dd%3E%3D%272009-09-01T00%3A00%3A00.000%27+AND+report_date_as_yyyy_mm_dd%3C%3D%272026-08-11T00%3A00%3A00.000%27&%24order=report_date_as_yyyy_mm_dd&%24limit=5000,e1eadfec20535920e28d87b1a02245d9241765f4ae199f31c25d130fdaf7d93a,123675,11284,112391,663043,0.1695078599728826033907303146,76,,,,,,false,cftc_normalized_net_q10_reversal_v1
SUGAR NO. 11 - ICE FUTURES U.S.,080732,2011-02-22,2011-02-25T20:30:00Z,cftc_ordinary_rule_estimate_not_holiday_verified,cftc_sugar_no11_selected_history_e1eadfec2053,https://publicreporting.cftc.gov/resource/72hh-3qpy.json?%24select=report_date_as_yyyy_mm_dd%2Ccftc_contract_market_code%2Cmarket_and_exchange_names%2Copen_interest_all%2Cm_money_positions_long_all%2Cm_money_positions_short_all%2Cm_money_positions_spread%2Ccontract_units%2Cfutonly_or_combined&%24where=cftc_contract_market_code%3D%27080732%27+AND+report_date_as_yyyy_mm_dd%3E%3D%272009-09-01T00%3A00%3A00.000%27+AND+report_date_as_yyyy_mm_dd%3C%3D%272026-08-11T00%3A00%3A00.000%27&%24order=report_date_as_yyyy_mm_dd&%24limit=5000,e1eadfec20535920e28d87b1a02245d9241765f4ae199f31c25d130fdaf7d93a,128736,10816,117920,637871,0.1848649648596659826203103762,77,,,,,,false,cftc_normalized_net_q10_reversal_v1
SUGAR NO. 11 - ICE FUTURES U.S.,080732,2011-03-01,2011-03-04T20:30:00Z,cftc_ordinary_rule_estimate_not_holiday_verified,cftc_sugar_no11_selected_history_e1eadfec2053,https://publicreporting.cftc.gov/resource/72hh-3qpy.json?%24select=report_date_as_yyyy_mm_dd%2Ccftc_contract_market_code%2Cmarket_and_exchange_names%2Copen_interest_all%2Cm_money_positions_long_all%2Cm_money_positions_short_all%2Cm_money_positions_spread%2Ccontract_units%2Cfutonly_or_combined&%24where=cftc_contract_market_code%3D%27080732%27+AND+report_date_as_yyyy_mm_dd%3E%3D%272009-09-01T00%3A00%3A00.000%27+AND+report_date_as_yyyy_mm_dd%3C%3D%272026-08-11T00%3A00%3A00.000%27&%24order=report_date_as_yyyy_mm_dd&%24limit=5000,e1eadfec20535920e28d87b1a02245d9241765f4ae199f31c25d130fdaf7d93a,130936,8132,122804,598636,0.2051396842154497891874194001,78,,,,,,false,cftc_normalized_net_q10_reversal_v1
SUGAR NO. 11 - ICE FUTURES U.S.,080732,2011-03-08,2011-03-11T20:30:00Z,cftc_ordinary_rule_estimate_not_holiday_verified,cftc_sugar_no11_selected_history_e1eadfec2053,https://publicreporting.cftc.gov/resource/72hh-3qpy.json?%24select=report_date_as_yyyy_mm_dd%2Ccftc_contract_market_code%2Cmarket_and_exchange_names%2Copen_interest_all%2Cm_money_positions_long_all%2Cm_money_positions_short_all%2Cm_money_positions_spread%2Ccontract_units%2Cfutonly_or_combined&%24where=cftc_contract_market_code%3D%27080732%27+AND+report_date_as_yyyy_mm_dd%3E%3D%272009-09-01T00%3A00%3A00.000%27+AND+report_date_as_yyyy_mm_dd%3C%3D%272026-08-11T00%3A00%3A00.000%27&%24order=report_date_as_yyyy_mm_dd&%24limit=5000,e1eadfec20535920e28d87b1a02245d9241765f4ae199f31c25d130fdaf7d93a,150722,6227,144495,609365,0.237123891263856637647387034,79,,,,,,false,cftc_normalized_net_q10_reversal_v1
SUGAR NO. 11 - ICE FUTURES U.S.,080732,2011-03-15,2011-03-18T19:30:00Z,cftc_ordinary_rule_estimate_not_holiday_verified,cftc_sugar_no11_selected_history_e1eadfec2053,https://publicreporting.cftc.gov/resource/72hh-3qpy.json?%24select=report_date_as_yyyy_mm_dd%2Ccftc_contract_market_code%2Cmarket_and_exchange_names%2Copen_interest_all%2Cm_money_positions_long_all%2Cm_money_positions_short_all%2Cm_money_positions_spread%2Ccontract_units%2Cfutonly_or_combined&%24where=cftc_contract_market_code%3D%27080732%27+AND+report_date_as_yyyy_mm_dd%3E%3D%272009-09-01T00%3A00%3A00.000%27+AND+report_date_as_yyyy_mm_dd%3C%3D%272026-08-11T00%3A00%3A00.000%27&%24order=report_date_as_yyyy_mm_dd&%24limit=5000,e1eadfec20535920e28d87b1a02245d9241765f4ae199f31c25d130fdaf7d93a,134465,12256,122209,601818,0.2030663755487539422217348102,80,,,,,,false,cftc_normalized_net_q10_reversal_v1
SUGAR NO. 11 - ICE FUTURES U.S.,080732,2011-03-22,2011-03-25T19:30:00Z,cftc_ordinary_rule_estimate_not_holiday_verified,cftc_sugar_no11_selected_history_e1eadfec2053,https://publicreporting.cftc.gov/resource/72hh-3qpy.json?%24select=report_date_as_yyyy_mm_dd%2Ccftc_contract_market_code%2Cmarket_and_exchange_names%2Copen_interest_all%2Cm_money_positions_long_all%2Cm_money_positions_short_all%2Cm_money_positions_spread%2Ccontract_units%2Cfutonly_or_combined&%24where=cftc_contract_market_code%3D%27080732%27+AND+report_date_as_yyyy_mm_dd%3E%3D%272009-09-01T00%3A00%3A00.000%27+AND+report_date_as_yyyy_mm_dd%3C%3D%272026-08-11T00%3A00%3A00.000%27&%24order=report_date_as_yyyy_mm_dd&%24limit=5000,e1eadfec20535920e28d87b1a02245d9241765f4ae199f31c25d130fdaf7d93a,121082,13461,107621,590210,0.1823435726266921943037224039,81,,,,,,false,cftc_normalized_net_q10_reversal_v1
SUGAR NO. 11 - ICE FUTURES U.S.,080732,2011-03-29,2011-04-01T19:30:00Z,cftc_ordinary_rule_estimate_not_holiday_verified,cftc_sugar_no11_selected_history_e1eadfec2053,https://publicreporting.cftc.gov/resource/72hh-3qpy.json?%24select=report_date_as_yyyy_mm_dd%2Ccftc_contract_market_code%2Cmarket_and_exchange_names%2Copen_interest_all%2Cm_money_positions_long_all%2Cm_money_positions_short_all%2Cm_money_positions_spread%2Ccontract_units%2Cfutonly_or_combined&%24where=cftc_contract_market_code%3D%27080732%27+AND+report_date_as_yyyy_mm_dd%3E%3D%272009-09-01T00%3A00%3A00.000%27+AND+report_date_as_yyyy_mm_dd%3C%3D%272026-08-11T00%3A00%3A00.000%27&%24order=report_date_as_yyyy_mm_dd&%24limit=5000,e1eadfec20535920e28d87b1a02245d9241765f4ae199f31c25d130fdaf7d93a,126157,12968,113189,595022,0.1902265798575514854912927589,82,,,,,,false,cftc_normalized_net_q10_reversal_v1
SUGAR NO. 11 - ICE FUTURES U.S.,080732,2011-04-05,2011-04-08T19:30:00Z,cftc_ordinary_rule_estimate_not_holiday_verified,cftc_sugar_no11_selected_history_e1eadfec2053,https://publicreporting.cftc.gov/resource/72hh-3qpy.json?%24select=report_date_as_yyyy_mm_dd%2Ccftc_contract_market_code%2Cmarket_and_exchange_names%2Copen_interest_all%2Cm_money_positions_long_all%2Cm_money_positions_short_all%2Cm_money_positions_spread%2Ccontract_units%2Cfutonly_or_combined&%24where=cftc_contract_market_code%3D%27080732%27+AND+report_date_as_yyyy_mm_dd%3E%3D%272009-09-01T00%3A00%3A00.000%27+AND+report_date_as_yyyy_mm_dd%3C%3D%272026-08-11T00%3A00%3A00.000%27&%24order=report_date_as_yyyy_mm_dd&%24limit=5000,e1eadfec20535920e28d87b1a02245d9241765f4ae199f31c25d130fdaf7d93a,132055,13446,118609,626615,0.1892852868188600655905141115,83,,,,,,false,cftc_normalized_net_q10_reversal_v1
SUGAR NO. 11 - ICE FUTURES U.S.,080732,2011-04-12,2011-04-15T19:30:00Z,cftc_ordinary_rule_estimate_not_holiday_verified,cftc_sugar_no11_selected_history_e1eadfec2053,https://publicreporting.cftc.gov/resource/72hh-3qpy.json?%24select=report_date_as_yyyy_mm_dd%2Ccftc_contract_market_code%2Cmarket_and_exchange_names%2Copen_interest_all%2Cm_money_positions_long_all%2Cm_money_positions_short_all%2Cm_money_positions_spread%2Ccontract_units%2Cfutonly_or_combined&%24where=cftc_contract_market_code%3D%27080732%27+AND+report_date_as_yyyy_mm_dd%3E%3D%272009-09-01T00%3A00%3A00.000%27+AND+report_date_as_yyyy_mm_dd%3C%3D%272026-08-11T00%3A00%3A00.000%27&%24order=report_date_as_yyyy_mm_dd&%24limit=5000,e1eadfec20535920e28d87b1a02245d9241765f4ae199f31c25d130fdaf7d93a,132923,26158,106765,630580,0.1693123790795775317961242031,84,,,,,,false,cftc_normalized_net_q10_reversal_v1
SUGAR NO. 11 - ICE FUTURES U.S.,080732,2011-04-19,2011-04-22T19:30:00Z,cftc_ordinary_rule_estimate_not_holiday_verified,cftc_sugar_no11_selected_history_e1eadfec2053,https://publicreporting.cftc.gov/resource/72hh-3qpy.json?%24select=report_date_as_yyyy_mm_dd%2Ccftc_contract_market_code%2Cmarket_and_exchange_names%2Copen_interest_all%2Cm_money_positions_long_all%2Cm_money_positions_short_all%2Cm_money_positions_spread%2Ccontract_units%2Cfutonly_or_combined&%24where=cftc_contract_market_code%3D%27080732%27+AND+report_date_as_yyyy_mm_dd%3E%3D%272009-09-01T00%3A00%3A00.000%27+AND+report_date_as_yyyy_mm_dd%3C%3D%272026-08-11T00%3A00%3A00.000%27&%24order=report_date_as_yyyy_mm_dd&%24limit=5000,e1eadfec20535920e28d87b1a02245d9241765f4ae199f31c25d130fdaf7d93a,130478,29368,101110,615070,0.1643877932593038190775033736,85,,,,,,false,cftc_normalized_net_q10_reversal_v1
SUGAR NO. 11 - ICE FUTURES U.S.,080732,2011-04-26,2011-04-29T19:30:00Z,cftc_ordinary_rule_estimate_not_holiday_verified,cftc_sugar_no11_selected_history_e1eadfec2053,https://publicreporting.cftc.gov/resource/72hh-3qpy.json?%24select=report_date_as_yyyy_mm_dd%2Ccftc_contract_market_code%2Cmarket_and_exchange_names%2Copen_interest_all%2Cm_money_positions_long_all%2Cm_money_positions_short_all%2Cm_money_positions_spread%2Ccontract_units%2Cfutonly_or_combined&%24where=cftc_contract_market_code%3D%27080732%27+AND+report_date_as_yyyy_mm_dd%3E%3D%272009-09-01T00%3A00%3A00.000%27+AND+report_date_as_yyyy_mm_dd%3C%3D%272026-08-11T00%3A00%3A00.000%27&%24order=report_date_as_yyyy_mm_dd&%24limit=5000,e1eadfec20535920e28d87b1a02245d9241765f4ae199f31c25d130fdaf7d93a,129514,31474,98040,597546,0.1640710505969414906969505277,86,,,,,,false,cftc_normalized_net_q10_reversal_v1
SUGAR NO. 11 - ICE FUTURES U.S.,080732,2011-05-03,2011-05-06T19:30:00Z,cftc_ordinary_rule_estimate_not_holiday_verified,cftc_sugar_no11_selected_history_e1eadfec2053,https://publicreporting.cftc.gov/resource/72hh-3qpy.json?%24select=report_date_as_yyyy_mm_dd%2Ccftc_contract_market_code%2Cmarket_and_exchange_names%2Copen_interest_all%2Cm_money_positions_long_all%2Cm_money_positions_short_all%2Cm_money_positions_spread%2Ccontract_units%2Cfutonly_or_combined&%24where=cftc_contract_market_code%3D%27080732%27+AND+report_date_as_yyyy_mm_dd%3E%3D%272009-09-01T00%3A00%3A00.000%27+AND+report_date_as_yyyy_mm_dd%3C%3D%272026-08-11T00%3A00%3A00.000%27&%24order=report_date_as_yyyy_mm_dd&%24limit=5000,e1eadfec20535920e28d87b1a02245d9241765f4ae199f31c25d130fdaf7d93a,142896,38683,104213,568473,0.1833209316889280581487599235,87,,,,,,false,cftc_normalized_net_q10_reversal_v1
SUGAR NO. 11 - ICE FUTURES U.S.,080732,2011-05-10,2011-05-13T19:30:00Z,cftc_ordinary_rule_estimate_not_holiday_verified,cftc_sugar_no11_selected_history_e1eadfec2053,https://publicreporting.cftc.gov/resource/72hh-3qpy.json?%24select=report_date_as_yyyy_mm_dd%2Ccftc_contract_market_code%2Cmarket_and_exchange_names%2Copen_interest_all%2Cm_money_positions_long_all%2Cm_money_positions_short_all%2Cm_money_positions_spread%2Ccontract_units%2Cfutonly_or_combined&%24where=cftc_contract_market_code%3D%27080732%27+AND+report_date_as_yyyy_mm_dd%3E%3D%272009-09-01T00%3A00%3A00.000%27+AND+report_date_as_yyyy_mm_dd%3C%3D%272026-08-11T00%3A00%3A00.000%27&%24order=report_date_as_yyyy_mm_dd&%24limit=5000,e1eadfec20535920e28d87b1a02245d9241765f4ae199f31c25d130fdaf7d93a,145536,38700,106836,582630,0.1833685186138715823078111323,88,,,,,,false,cftc_normalized_net_q10_reversal_v1
SUGAR NO. 11 - ICE FUTURES U.S.,080732,2011-05-17,2011-05-20T19:30:00Z,cftc_ordinary_rule_estimate_not_holiday_verified,cftc_sugar_no11_selected_history_e1eadfec2053,https://publicreporting.cftc.gov/resource/72hh-3qpy.json?%24select=report_date_as_yyyy_mm_dd%2Ccftc_contract_market_code%2Cmarket_and_exchange_names%2Copen_interest_all%2Cm_money_positions_long_all%2Cm_money_positions_short_all%2Cm_money_positions_spread%2Ccontract_units%2Cfutonly_or_combined&%24where=cftc_contract_market_code%3D%27080732%27+AND+report_date_as_yyyy_mm_dd%3E%3D%272009-09-01T00%3A00%3A00.000%27+AND+report_date_as_yyyy_mm_dd%3C%3D%272026-08-11T00%3A00%3A00.000%27&%24order=report_date_as_yyyy_mm_dd&%24limit=5000,e1eadfec20535920e28d87b1a02245d9241765f4ae199f31c25d130fdaf7d93a,137834,43997,93837,584612,0.1605115871723467872708736735,89,,,,,,false,cftc_normalized_net_q10_reversal_v1
SUGAR NO. 11 - ICE FUTURES U.S.,080732,2011-05-24,2011-05-27T19:30:00Z,cftc_ordinary_rule_estimate_not_holiday_verified,cftc_sugar_no11_selected_history_e1eadfec2053,https://publicreporting.cftc.gov/resource/72hh-3qpy.json?%24select=report_date_as_yyyy_mm_dd%2Ccftc_contract_market_code%2Cmarket_and_exchange_names%2Copen_interest_all%2Cm_money_positions_long_all%2Cm_money_positions_short_all%2Cm_money_positions_spread%2Ccontract_units%2Cfutonly_or_combined&%24where=cftc_contract_market_code%3D%27080732%27+AND+report_date_as_yyyy_mm_dd%3E%3D%272009-09-01T00%3A00%3A00.000%27+AND+report_date_as_yyyy_mm_dd%3C%3D%272026-08-11T00%3A00%3A00.000%27&%24order=report_date_as_yyyy_mm_dd&%24limit=5000,e1eadfec20535920e28d87b1a02245d9241765f4ae199f31c25d130fdaf7d93a,129397,33822,95575,584931,0.1633953406470164857051515478,90,,,,,,false,cftc_normalized_net_q10_reversal_v1
SUGAR NO. 11 - ICE FUTURES U.S.,080732,2011-05-31,2011-06-03T19:30:00Z,cftc_ordinary_rule_estimate_not_holiday_verified,cftc_sugar_no11_selected_history_e1eadfec2053,https://publicreporting.cftc.gov/resource/72hh-3qpy.json?%24select=report_date_as_yyyy_mm_dd%2Ccftc_contract_market_code%2Cmarket_and_exchange_names%2Copen_interest_all%2Cm_money_positions_long_all%2Cm_money_positions_short_all%2Cm_money_positions_spread%2Ccontract_units%2Cfutonly_or_combined&%24where=cftc_contract_market_code%3D%27080732%27+AND+report_date_as_yyyy_mm_dd%3E%3D%272009-09-01T00%3A00%3A00.000%27+AND+report_date_as_yyyy_mm_dd%3C%3D%272026-08-11T00%3A00%3A00.000%27&%24order=report_date_as_yyyy_mm_dd&%24limit=5000,e1eadfec20535920e28d87b1a02245d9241765f4ae199f31c25d130fdaf7d93a,129359,36190,93169,606482,0.1536220365979534429711021926,91,,,,,,false,cftc_normalized_net_q10_reversal_v1
SUGAR NO. 11 - ICE FUTURES U.S.,080732,2011-06-07,2011-06-10T19:30:00Z,cftc_ordinary_rule_estimate_not_holiday_verified,cftc_sugar_no11_selected_history_e1eadfec2053,https://publicreporting.cftc.gov/resource/72hh-3qpy.json?%24select=report_date_as_yyyy_mm_dd%2Ccftc_contract_market_code%2Cmarket_and_exchange_names%2Copen_interest_all%2Cm_money_positions_long_all%2Cm_money_positions_short_all%2Cm_money_positions_spread%2Ccontract_units%2Cfutonly_or_combined&%24where=cftc_contract_market_code%3D%27080732%27+AND+report_date_as_yyyy_mm_dd%3E%3D%272009-09-01T00%3A00%3A00.000%27+AND+report_date_as_yyyy_mm_dd%3C%3D%272026-08-11T00%3A00%3A00.000%27&%24order=report_date_as_yyyy_mm_dd&%24limit=5000,e1eadfec20535920e28d87b1a02245d9241765f4ae199f31c25d130fdaf7d93a,132367,34277,98090,634960,0.154482172105329469572886481,92,,,,,,false,cftc_normalized_net_q10_reversal_v1
SUGAR NO. 11 - ICE FUTURES U.S.,080732,2011-06-14,2011-06-17T19:30:00Z,cftc_ordinary_rule_estimate_not_holiday_verified,cftc_sugar_no11_selected_history_e1eadfec2053,https://publicreporting.cftc.gov/resource/72hh-3qpy.json?%24select=report_date_as_yyyy_mm_dd%2Ccftc_contract_market_code%2Cmarket_and_exchange_names%2Copen_interest_all%2Cm_money_positions_long_all%2Cm_money_positions_short_all%2Cm_money_positions_spread%2Ccontract_units%2Cfutonly_or_combined&%24where=cftc_contract_market_code%3D%27080732%27+AND+report_date_as_yyyy_mm_dd%3E%3D%272009-09-01T00%3A00%3A00.000%27+AND+report_date_as_yyyy_mm_dd%3C%3D%272026-08-11T00%3A00%3A00.000%27&%24order=report_date_as_yyyy_mm_dd&%24limit=5000,e1eadfec20535920e28d87b1a02245d9241765f4ae199f31c25d130fdaf7d93a,153047,31193,121854,646223,0.1885633906561666793042030383,93,,,,,,false,cftc_normalized_net_q10_reversal_v1
SUGAR NO. 11 - ICE FUTURES U.S.,080732,2011-06-21,2011-06-24T19:30:00Z,cftc_ordinary_rule_estimate_not_holiday_verified,cftc_sugar_no11_selected_history_e1eadfec2053,https://publicreporting.cftc.gov/resource/72hh-3qpy.json?%24select=report_date_as_yyyy_mm_dd%2Ccftc_contract_market_code%2Cmarket_and_exchange_names%2Copen_interest_all%2Cm_money_positions_long_all%2Cm_money_positions_short_all%2Cm_money_positions_spread%2Ccontract_units%2Cfutonly_or_combined&%24where=cftc_contract_market_code%3D%27080732%27+AND+report_date_as_yyyy_mm_dd%3E%3D%272009-09-01T00%3A00%3A00.000%27+AND+report_date_as_yyyy_mm_dd%3C%3D%272026-08-11T00%3A00%3A00.000%27&%24order=report_date_as_yyyy_mm_dd&%24limit=5000,e1eadfec20535920e28d87b1a02245d9241765f4ae199f31c25d130fdaf7d93a,167572,26743,140829,629831,0.2235980763093591773031178205,94,,,,,,false,cftc_normalized_net_q10_reversal_v1
SUGAR NO. 11 - ICE FUTURES U.S.,080732,2011-06-28,2011-07-01T19:30:00Z,cftc_ordinary_rule_estimate_not_holiday_verified,cftc_sugar_no11_selected_history_e1eadfec2053,https://publicreporting.cftc.gov/resource/72hh-3qpy.json?%24select=report_date_as_yyyy_mm_dd%2Ccftc_contract_market_code%2Cmarket_and_exchange_names%2Copen_interest_all%2Cm_money_positions_long_all%2Cm_money_positions_short_all%2Cm_money_positions_spread%2Ccontract_units%2Cfutonly_or_combined&%24where=cftc_contract_market_code%3D%27080732%27+AND+report_date_as_yyyy_mm_dd%3E%3D%272009-09-01T00%3A00%3A00.000%27+AND+report_date_as_yyyy_mm_dd%3C%3D%272026-08-11T00%3A00%3A00.000%27&%24order=report_date_as_yyyy_mm_dd&%24limit=5000,e1eadfec20535920e28d87b1a02245d9241765f4ae199f31c25d130fdaf7d93a,169188,26313,142875,618878,0.2308613329282992770788426798,95,,,,,,false,cftc_normalized_net_q10_reversal_v1
SUGAR NO. 11 - ICE FUTURES U.S.,080732,2011-07-05,2011-07-08T19:30:00Z,cftc_ordinary_rule_estimate_not_holiday_verified,cftc_sugar_no11_selected_history_e1eadfec2053,https://publicreporting.cftc.gov/resource/72hh-3qpy.json?%24select=report_date_as_yyyy_mm_dd%2Ccftc_contract_market_code%2Cmarket_and_exchange_names%2Copen_interest_all%2Cm_money_positions_long_all%2Cm_money_positions_short_all%2Cm_money_positions_spread%2Ccontract_units%2Cfutonly_or_combined&%24where=cftc_contract_market_code%3D%27080732%27+AND+report_date_as_yyyy_mm_dd%3E%3D%272009-09-01T00%3A00%3A00.000%27+AND+report_date_as_yyyy_mm_dd%3C%3D%272026-08-11T00%3A00%3A00.000%27&%24order=report_date_as_yyyy_mm_dd&%24limit=5000,e1eadfec20535920e28d87b1a02245d9241765f4ae199f31c25d130fdaf7d93a,180866,27554,153312,615184,0.2492132435173866680537855341,96,,,,,,false,cftc_normalized_net_q10_reversal_v1
SUGAR NO. 11 - ICE FUTURES U.S.,080732,2011-07-12,2011-07-15T19:30:00Z,cftc_ordinary_rule_estimate_not_holiday_verified,cftc_sugar_no11_selected_history_e1eadfec2053,https://publicreporting.cftc.gov/resource/72hh-3qpy.json?%24select=report_date_as_yyyy_mm_dd%2Ccftc_contract_market_code%2Cmarket_and_exchange_names%2Copen_interest_all%2Cm_money_positions_long_all%2Cm_money_positions_short_all%2Cm_money_positions_spread%2Ccontract_units%2Cfutonly_or_combined&%24where=cftc_contract_market_code%3D%27080732%27+AND+report_date_as_yyyy_mm_dd%3E%3D%272009-09-01T00%3A00%3A00.000%27+AND+report_date_as_yyyy_mm_dd%3C%3D%272026-08-11T00%3A00%3A00.000%27&%24order=report_date_as_yyyy_mm_dd&%24limit=5000,e1eadfec20535920e28d87b1a02245d9241765f4ae199f31c25d130fdaf7d93a,182849,27547,155302,626505,0.2478862898141275807854685916,97,,,,,,false,cftc_normalized_net_q10_reversal_v1
SUGAR NO. 11 - ICE FUTURES U.S.,080732,2011-07-19,2011-07-22T19:30:00Z,cftc_ordinary_rule_estimate_not_holiday_verified,cftc_sugar_no11_selected_history_e1eadfec2053,https://publicreporting.cftc.gov/resource/72hh-3qpy.json?%24select=report_date_as_yyyy_mm_dd%2Ccftc_contract_market_code%2Cmarket_and_exchange_names%2Copen_interest_all%2Cm_money_positions_long_all%2Cm_money_positions_short_all%2Cm_money_positions_spread%2Ccontract_units%2Cfutonly_or_combined&%24where=cftc_contract_market_code%3D%27080732%27+AND+report_date_as_yyyy_mm_dd%3E%3D%272009-09-01T00%3A00%3A00.000%27+AND+report_date_as_yyyy_mm_dd%3C%3D%272026-08-11T00%3A00%3A00.000%27&%24order=report_date_as_yyyy_mm_dd&%24limit=5000,e1eadfec20535920e28d87b1a02245d9241765f4ae199f31c25d130fdaf7d93a,182695,29174,153521,631872,0.2429621822141193153043654411,98,,,,,,false,cftc_normalized_net_q10_reversal_v1
SUGAR NO. 11 - ICE FUTURES U.S.,080732,2011-07-26,2011-07-29T19:30:00Z,cftc_ordinary_rule_estimate_not_holiday_verified,cftc_sugar_no11_selected_history_e1eadfec2053,https://publicreporting.cftc.gov/resource/72hh-3qpy.json?%24select=report_date_as_yyyy_mm_dd%2Ccftc_contract_market_code%2Cmarket_and_exchange_names%2Copen_interest_all%2Cm_money_positions_long_all%2Cm_money_positions_short_all%2Cm_money_positions_spread%2Ccontract_units%2Cfutonly_or_combined&%24where=cftc_contract_market_code%3D%27080732%27+AND+report_date_as_yyyy_mm_dd%3E%3D%272009-09-01T00%3A00%3A00.000%27+AND+report_date_as_yyyy_mm_dd%3C%3D%272026-08-11T00%3A00%3A00.000%27&%24order=report_date_as_yyyy_mm_dd&%24limit=5000,e1eadfec20535920e28d87b1a02245d9241765f4ae199f31c25d130fdaf7d93a,185064,20102,164962,637140,0.2589101296418369589101296418,99,,,,,,false,cftc_normalized_net_q10_reversal_v1
SUGAR NO. 11 - ICE FUTURES U.S.,080732,2011-08-02,2011-08-05T19:30:00Z,cftc_ordinary_rule_estimate_not_holiday_verified,cftc_sugar_no11_selected_history_e1eadfec2053,https://publicreporting.cftc.gov/resource/72hh-3qpy.json?%24select=report_date_as_yyyy_mm_dd%2Ccftc_contract_market_code%2Cmarket_and_exchange_names%2Copen_interest_all%2Cm_money_positions_long_all%2Cm_money_positions_short_all%2Cm_money_positions_spread%2Ccontract_units%2Cfutonly_or_combined&%24where=cftc_contract_market_code%3D%27080732%27+AND+report_date_as_yyyy_mm_dd%3E%3D%272009-09-01T00%3A00%3A00.000%27+AND+report_date_as_yyyy_mm_dd%3C%3D%272026-08-11T00%3A00%3A00.000%27&%24order=report_date_as_yyyy_mm_dd&%24limit=5000,e1eadfec20535920e28d87b1a02245d9241765f4ae199f31c25d130fdaf7d93a,180379,17168,163211,623987,0.2615615389423177085420048815,100,,,,,,false,cftc_normalized_net_q10_reversal_v1
SUGAR NO. 11 - ICE FUTURES U.S.,080732,2011-08-09,2011-08-12T19:30:00Z,cftc_ordinary_rule_estimate_not_holiday_verified,cftc_sugar_no11_selected_history_e1eadfec2053,https://publicreporting.cftc.gov/resource/72hh-3qpy.json?%24select=report_date_as_yyyy_mm_dd%2Ccftc_contract_market_code%2Cmarket_and_exchange_names%2Copen_interest_all%2Cm_money_positions_long_all%2Cm_money_positions_short_all%2Cm_money_positions_spread%2Ccontract_units%2Cfutonly_or_combined&%24where=cftc_contract_market_code%3D%27080732%27+AND+report_date_as_yyyy_mm_dd%3E%3D%272009-09-01T00%3A00%3A00.000%27+AND+report_date_as_yyyy_mm_dd%3C%3D%272026-08-11T00%3A00%3A00.000%27&%24order=report_date_as_yyyy_mm_dd&%24limit=5000,e1eadfec20535920e28d87b1a02245d9241765f4ae199f31c25d130fdaf7d93a,154197,14153,140044,592773,0.2362523259325239172499422207,101,,,,,,false,cftc_normalized_net_q10_reversal_v1
SUGAR NO. 11 - ICE FUTURES U.S.,080732,2011-08-16,2011-08-19T19:30:00Z,cftc_ordinary_rule_estimate_not_holiday_verified,cftc_sugar_no11_selected_history_e1eadfec2053,https://publicreporting.cftc.gov/resource/72hh-3qpy.json?%24select=report_date_as_yyyy_mm_dd%2Ccftc_contract_market_code%2Cmarket_and_exchange_names%2Copen_interest_all%2Cm_money_positions_long_all%2Cm_money_positions_short_all%2Cm_money_positions_spread%2Ccontract_units%2Cfutonly_or_combined&%24where=cftc_contract_market_code%3D%27080732%27+AND+report_date_as_yyyy_mm_dd%3E%3D%272009-09-01T00%3A00%3A00.000%27+AND+report_date_as_yyyy_mm_dd%3C%3D%272026-08-11T00%3A00%3A00.000%27&%24order=report_date_as_yyyy_mm_dd&%24limit=5000,e1eadfec20535920e28d87b1a02245d9241765f4ae199f31c25d130fdaf7d93a,138724,15030,123694,586551,0.2108836230779591203492961396,102,,,,,,false,cftc_normalized_net_q10_reversal_v1
SUGAR NO. 11 - ICE FUTURES U.S.,080732,2011-08-23,2011-08-26T19:30:00Z,cftc_ordinary_rule_estimate_not_holiday_verified,cftc_sugar_no11_selected_history_e1eadfec2053,https://publicreporting.cftc.gov/resource/72hh-3qpy.json?%24select=report_date_as_yyyy_mm_dd%2Ccftc_contract_market_code%2Cmarket_and_exchange_names%2Copen_interest_all%2Cm_money_positions_long_all%2Cm_money_positions_short_all%2Cm_money_positions_spread%2Ccontract_units%2Cfutonly_or_combined&%24where=cftc_contract_market_code%3D%27080732%27+AND+report_date_as_yyyy_mm_dd%3E%3D%272009-09-01T00%3A00%3A00.000%27+AND+report_date_as_yyyy_mm_dd%3C%3D%272026-08-11T00%3A00%3A00.000%27&%24order=report_date_as_yyyy_mm_dd&%24limit=5000,e1eadfec20535920e28d87b1a02245d9241765f4ae199f31c25d130fdaf7d93a,144502,7502,137000,595341,0.2301202168169166914423834408,103,,,,,,false,cftc_normalized_net_q10_reversal_v1
SUGAR NO. 11 - ICE FUTURES U.S.,080732,2011-08-30,2011-09-02T19:30:00Z,cftc_ordinary_rule_estimate_not_holiday_verified,cftc_sugar_no11_selected_history_e1eadfec2053,https://publicreporting.cftc.gov/resource/72hh-3qpy.json?%24select=report_date_as_yyyy_mm_dd%2Ccftc_contract_market_code%2Cmarket_and_exchange_names%2Copen_interest_all%2Cm_money_positions_long_all%2Cm_money_positions_short_all%2Cm_money_positions_spread%2Ccontract_units%2Cfutonly_or_combined&%24where=cftc_contract_market_code%3D%27080732%27+AND+report_date_as_yyyy_mm_dd%3E%3D%272009-09-01T00%3A00%3A00.000%27+AND+report_date_as_yyyy_mm_dd%3C%3D%272026-08-11T00%3A00%3A00.000%27&%24order=report_date_as_yyyy_mm_dd&%24limit=5000,e1eadfec20535920e28d87b1a02245d9241765f4ae199f31c25d130fdaf7d93a,143476,8271,135205,597739,0.2261940412119670960067855703,104,,,,,,false,cftc_normalized_net_q10_reversal_v1
SUGAR NO. 11 - ICE FUTURES U.S.,080732,2011-09-06,2011-09-09T19:30:00Z,cftc_ordinary_rule_estimate_not_holiday_verified,cftc_sugar_no11_selected_history_e1eadfec2053,https://publicreporting.cftc.gov/resource/72hh-3qpy.json?%24select=report_date_as_yyyy_mm_dd%2Ccftc_contract_market_code%2Cmarket_and_exchange_names%2Copen_interest_all%2Cm_money_positions_long_all%2Cm_money_positions_short_all%2Cm_money_positions_spread%2Ccontract_units%2Cfutonly_or_combined&%24where=cftc_contract_market_code%3D%27080732%27+AND+report_date_as_yyyy_mm_dd%3E%3D%272009-09-01T00%3A00%3A00.000%27+AND+report_date_as_yyyy_mm_dd%3C%3D%272026-08-11T00%3A00%3A00.000%27&%24order=report_date_as_yyyy_mm_dd&%24limit=5000,e1eadfec20535920e28d87b1a02245d9241765f4ae199f31c25d130fdaf7d93a,138357,12046,126311,597645,0.2113478737377540178534079596,105,,,,,,false,cftc_normalized_net_q10_reversal_v1
SUGAR NO. 11 - ICE FUTURES U.S.,080732,2011-09-13,2011-09-16T19:30:00Z,cftc_ordinary_rule_estimate_not_holiday_verified,cftc_sugar_no11_selected_history_e1eadfec2053,https://publicreporting.cftc.gov/resource/72hh-3qpy.json?%24select=report_date_as_yyyy_mm_dd%2Ccftc_contract_market_code%2Cmarket_and_exchange_names%2Copen_interest_all%2Cm_money_positions_long_all%2Cm_money_positions_short_all%2Cm_money_positions_spread%2Ccontract_units%2Cfutonly_or_combined&%24where=cftc_contract_market_code%3D%27080732%27+AND+report_date_as_yyyy_mm_dd%3E%3D%272009-09-01T00%3A00%3A00.000%27+AND+report_date_as_yyyy_mm_dd%3C%3D%272026-08-11T00%3A00%3A00.000%27&%24order=report_date_as_yyyy_mm_dd&%24limit=5000,e1eadfec20535920e28d87b1a02245d9241765f4ae199f31c25d130fdaf7d93a,139039,9127,129912,580127,0.2239371723777724532731626006,106,,,,,,false,cftc_normalized_net_q10_reversal_v1
SUGAR NO. 11 - ICE FUTURES U.S.,080732,2011-09-20,2011-09-23T19:30:00Z,cftc_ordinary_rule_estimate_not_holiday_verified,cftc_sugar_no11_selected_history_e1eadfec2053,https://publicreporting.cftc.gov/resource/72hh-3qpy.json?%24select=report_date_as_yyyy_mm_dd%2Ccftc_contract_market_code%2Cmarket_and_exchange_names%2Copen_interest_all%2Cm_money_positions_long_all%2Cm_money_positions_short_all%2Cm_money_positions_spread%2Ccontract_units%2Cfutonly_or_combined&%24where=cftc_contract_market_code%3D%27080732%27+AND+report_date_as_yyyy_mm_dd%3E%3D%272009-09-01T00%3A00%3A00.000%27+AND+report_date_as_yyyy_mm_dd%3C%3D%272026-08-11T00%3A00%3A00.000%27&%24order=report_date_as_yyyy_mm_dd&%24limit=5000,e1eadfec20535920e28d87b1a02245d9241765f4ae199f31c25d130fdaf7d93a,123583,9440,114143,533043,0.2141346945743589166352433106,107,,,,,,false,cftc_normalized_net_q10_reversal_v1
SUGAR NO. 11 - ICE FUTURES U.S.,080732,2011-09-27,2011-09-30T19:30:00Z,cftc_ordinary_rule_estimate_not_holiday_verified,cftc_sugar_no11_selected_history_e1eadfec2053,https://publicreporting.cftc.gov/resource/72hh-3qpy.json?%24select=report_date_as_yyyy_mm_dd%2Ccftc_contract_market_code%2Cmarket_and_exchange_names%2Copen_interest_all%2Cm_money_positions_long_all%2Cm_money_positions_short_all%2Cm_money_positions_spread%2Ccontract_units%2Cfutonly_or_combined&%24where=cftc_contract_market_code%3D%27080732%27+AND+report_date_as_yyyy_mm_dd%3E%3D%272009-09-01T00%3A00%3A00.000%27+AND+report_date_as_yyyy_mm_dd%3C%3D%272026-08-11T00%3A00%3A00.000%27&%24order=report_date_as_yyyy_mm_dd&%24limit=5000,e1eadfec20535920e28d87b1a02245d9241765f4ae199f31c25d130fdaf7d93a,109900,19238,90662,483737,0.1874200236905591261367230541,108,,,,,,false,cftc_normalized_net_q10_reversal_v1
SUGAR NO. 11 - ICE FUTURES U.S.,080732,2011-10-04,2011-10-07T19:30:00Z,cftc_ordinary_rule_estimate_not_holiday_verified,cftc_sugar_no11_selected_history_e1eadfec2053,https://publicreporting.cftc.gov/resource/72hh-3qpy.json?%24select=report_date_as_yyyy_mm_dd%2Ccftc_contract_market_code%2Cmarket_and_exchange_names%2Copen_interest_all%2Cm_money_positions_long_all%2Cm_money_positions_short_all%2Cm_money_positions_spread%2Ccontract_units%2Cfutonly_or_combined&%24where=cftc_contract_market_code%3D%27080732%27+AND+report_date_as_yyyy_mm_dd%3E%3D%272009-09-01T00%3A00%3A00.000%27+AND+report_date_as_yyyy_mm_dd%3C%3D%272026-08-11T00%3A00%3A00.000%27&%24order=report_date_as_yyyy_mm_dd&%24limit=5000,e1eadfec20535920e28d87b1a02245d9241765f4ae199f31c25d130fdaf7d93a,104906,17899,87007,472073,0.1843083590885307992619785499,109,,,,,,false,cftc_normalized_net_q10_reversal_v1
SUGAR NO. 11 - ICE FUTURES U.S.,080732,2011-10-11,2011-10-14T19:30:00Z,cftc_ordinary_rule_estimate_not_holiday_verified,cftc_sugar_no11_selected_history_e1eadfec2053,https://publicreporting.cftc.gov/resource/72hh-3qpy.json?%24select=report_date_as_yyyy_mm_dd%2Ccftc_contract_market_code%2Cmarket_and_exchange_names%2Copen_interest_all%2Cm_money_positions_long_all%2Cm_money_positions_short_all%2Cm_money_positions_spread%2Ccontract_units%2Cfutonly_or_combined&%24where=cftc_contract_market_code%3D%27080732%27+AND+report_date_as_yyyy_mm_dd%3E%3D%272009-09-01T00%3A00%3A00.000%27+AND+report_date_as_yyyy_mm_dd%3C%3D%272026-08-11T00%3A00%3A00.000%27&%24order=report_date_as_yyyy_mm_dd&%24limit=5000,e1eadfec20535920e28d87b1a02245d9241765f4ae199f31c25d130fdaf7d93a,108078,21022,87056,473747,0.1837605304096912487044772843,110,,,,,,false,cftc_normalized_net_q10_reversal_v1
SUGAR NO. 11 - ICE FUTURES U.S.,080732,2011-10-18,2011-10-21T19:30:00Z,cftc_ordinary_rule_estimate_not_holiday_verified,cftc_sugar_no11_selected_history_e1eadfec2053,https://publicreporting.cftc.gov/resource/72hh-3qpy.json?%24select=report_date_as_yyyy_mm_dd%2Ccftc_contract_market_code%2Cmarket_and_exchange_names%2Copen_interest_all%2Cm_money_positions_long_all%2Cm_money_positions_short_all%2Cm_money_positions_spread%2Ccontract_units%2Cfutonly_or_combined&%24where=cftc_contract_market_code%3D%27080732%27+AND+report_date_as_yyyy_mm_dd%3E%3D%272009-09-01T00%3A00%3A00.000%27+AND+report_date_as_yyyy_mm_dd%3C%3D%272026-08-11T00%3A00%3A00.000%27&%24order=report_date_as_yyyy_mm_dd&%24limit=5000,e1eadfec20535920e28d87b1a02245d9241765f4ae199f31c25d130fdaf7d93a,124259,13218,111041,498372,0.222807461093319849429743244,111,,,,,,false,cftc_normalized_net_q10_reversal_v1
SUGAR NO. 11 - ICE FUTURES U.S.,080732,2011-10-25,2011-10-28T19:30:00Z,cftc_ordinary_rule_estimate_not_holiday_verified,cftc_sugar_no11_selected_history_e1eadfec2053,https://publicreporting.cftc.gov/resource/72hh-3qpy.json?%24select=report_date_as_yyyy_mm_dd%2Ccftc_contract_market_code%2Cmarket_and_exchange_names%2Copen_interest_all%2Cm_money_positions_long_all%2Cm_money_positions_short_all%2Cm_money_positions_spread%2Ccontract_units%2Cfutonly_or_combined&%24where=cftc_contract_market_code%3D%27080732%27+AND+report_date_as_yyyy_mm_dd%3E%3D%272009-09-01T00%3A00%3A00.000%27+AND+report_date_as_yyyy_mm_dd%3C%3D%272026-08-11T00%3A00%3A00.000%27&%24order=report_date_as_yyyy_mm_dd&%24limit=5000,e1eadfec20535920e28d87b1a02245d9241765f4ae199f31c25d130fdaf7d93a,129949,13611,116338,507502,0.2292365350284333854841951362,112,,,,,,false,cftc_normalized_net_q10_reversal_v1
SUGAR NO. 11 - ICE FUTURES U.S.,080732,2011-11-01,2011-11-04T19:30:00Z,cftc_ordinary_rule_estimate_not_holiday_verified,cftc_sugar_no11_selected_history_e1eadfec2053,https://publicreporting.cftc.gov/resource/72hh-3qpy.json?%24select=report_date_as_yyyy_mm_dd%2Ccftc_contract_market_code%2Cmarket_and_exchange_names%2Copen_interest_all%2Cm_money_positions_long_all%2Cm_money_positions_short_all%2Cm_money_positions_spread%2Ccontract_units%2Cfutonly_or_combined&%24where=cftc_contract_market_code%3D%27080732%27+AND+report_date_as_yyyy_mm_dd%3E%3D%272009-09-01T00%3A00%3A00.000%27+AND+report_date_as_yyyy_mm_dd%3C%3D%272026-08-11T00%3A00%3A00.000%27&%24order=report_date_as_yyyy_mm_dd&%24limit=5000,e1eadfec20535920e28d87b1a02245d9241765f4ae199f31c25d130fdaf7d93a,124943,13694,111249,498960,0.2229617604617604617604617605,113,,,,,,false,cftc_normalized_net_q10_reversal_v1
SUGAR NO. 11 - ICE FUTURES U.S.,080732,2011-11-08,2011-11-14T20:30:00Z,cftc_official_historical_release_verified,cftc_sugar_no11_selected_history_e1eadfec2053,https://publicreporting.cftc.gov/resource/72hh-3qpy.json?%24select=report_date_as_yyyy_mm_dd%2Ccftc_contract_market_code%2Cmarket_and_exchange_names%2Copen_interest_all%2Cm_money_positions_long_all%2Cm_money_positions_short_all%2Cm_money_positions_spread%2Ccontract_units%2Cfutonly_or_combined&%24where=cftc_contract_market_code%3D%27080732%27+AND+report_date_as_yyyy_mm_dd%3E%3D%272009-09-01T00%3A00%3A00.000%27+AND+report_date_as_yyyy_mm_dd%3C%3D%272026-08-11T00%3A00%3A00.000%27&%24order=report_date_as_yyyy_mm_dd&%24limit=5000,e1eadfec20535920e28d87b1a02245d9241765f4ae199f31c25d130fdaf7d93a,115046,17069,97977,492323,0.1990095932954584693382190148,114,,,,,,false,cftc_normalized_net_q10_reversal_v1
SUGAR NO. 11 - ICE FUTURES U.S.,080732,2011-11-15,2011-11-18T20:30:00Z,cftc_ordinary_rule_estimate_not_holiday_verified,cftc_sugar_no11_selected_history_e1eadfec2053,https://publicreporting.cftc.gov/resource/72hh-3qpy.json?%24select=report_date_as_yyyy_mm_dd%2Ccftc_contract_market_code%2Cmarket_and_exchange_names%2Copen_interest_all%2Cm_money_positions_long_all%2Cm_money_positions_short_all%2Cm_money_positions_spread%2Ccontract_units%2Cfutonly_or_combined&%24where=cftc_contract_market_code%3D%27080732%27+AND+report_date_as_yyyy_mm_dd%3E%3D%272009-09-01T00%3A00%3A00.000%27+AND+report_date_as_yyyy_mm_dd%3C%3D%272026-08-11T00%3A00%3A00.000%27&%24order=report_date_as_yyyy_mm_dd&%24limit=5000,e1eadfec20535920e28d87b1a02245d9241765f4ae199f31c25d130fdaf7d93a,103258,31116,72142,488004,0.1478307554856107736821829329,115,,,,,,false,cftc_normalized_net_q10_reversal_v1
SUGAR NO. 11 - ICE FUTURES U.S.,080732,2011-11-22,2011-11-28T20:30:00Z,cftc_official_historical_release_verified,cftc_sugar_no11_selected_history_e1eadfec2053,https://publicreporting.cftc.gov/resource/72hh-3qpy.json?%24select=report_date_as_yyyy_mm_dd%2Ccftc_contract_market_code%2Cmarket_and_exchange_names%2Copen_interest_all%2Cm_money_positions_long_all%2Cm_money_positions_short_all%2Cm_money_positions_spread%2Ccontract_units%2Cfutonly_or_combined&%24where=cftc_contract_market_code%3D%27080732%27+AND+report_date_as_yyyy_mm_dd%3E%3D%272009-09-01T00%3A00%3A00.000%27+AND+report_date_as_yyyy_mm_dd%3C%3D%272026-08-11T00%3A00%3A00.000%27&%24order=report_date_as_yyyy_mm_dd&%24limit=5000,e1eadfec20535920e28d87b1a02245d9241765f4ae199f31c25d130fdaf7d93a,98769,40362,58407,503702,0.1159554657317223278843443147,116,,,,,,false,cftc_normalized_net_q10_reversal_v1
SUGAR NO. 11 - ICE FUTURES U.S.,080732,2011-11-29,2011-12-02T20:30:00Z,cftc_ordinary_rule_estimate_not_holiday_verified,cftc_sugar_no11_selected_history_e1eadfec2053,https://publicreporting.cftc.gov/resource/72hh-3qpy.json?%24select=report_date_as_yyyy_mm_dd%2Ccftc_contract_market_code%2Cmarket_and_exchange_names%2Copen_interest_all%2Cm_money_positions_long_all%2Cm_money_positions_short_all%2Cm_money_positions_spread%2Ccontract_units%2Cfutonly_or_combined&%24where=cftc_contract_market_code%3D%27080732%27+AND+report_date_as_yyyy_mm_dd%3E%3D%272009-09-01T00%3A00%3A00.000%27+AND+report_date_as_yyyy_mm_dd%3C%3D%272026-08-11T00%3A00%3A00.000%27&%24order=report_date_as_yyyy_mm_dd&%24limit=5000,e1eadfec20535920e28d87b1a02245d9241765f4ae199f31c25d130fdaf7d93a,96960,42135,54825,504829,0.1086011302837198338447276206,117,,,,,,false,cftc_normalized_net_q10_reversal_v1
SUGAR NO. 11 - ICE FUTURES U.S.,080732,2011-12-06,2011-12-09T20:30:00Z,cftc_ordinary_rule_estimate_not_holiday_verified,cftc_sugar_no11_selected_history_e1eadfec2053,https://publicreporting.cftc.gov/resource/72hh-3qpy.json?%24select=report_date_as_yyyy_mm_dd%2Ccftc_contract_market_code%2Cmarket_and_exchange_names%2Copen_interest_all%2Cm_money_positions_long_all%2Cm_money_positions_short_all%2Cm_money_positions_spread%2Ccontract_units%2Cfutonly_or_combined&%24where=cftc_contract_market_code%3D%27080732%27+AND+report_date_as_yyyy_mm_dd%3E%3D%272009-09-01T00%3A00%3A00.000%27+AND+report_date_as_yyyy_mm_dd%3C%3D%272026-08-11T00%3A00%3A00.000%27&%24order=report_date_as_yyyy_mm_dd&%24limit=5000,e1eadfec20535920e28d87b1a02245d9241765f4ae199f31c25d130fdaf7d93a,101569,45505,56064,517967,0.1082385557381068678120420799,118,,,,,,false,cftc_normalized_net_q10_reversal_v1
SUGAR NO. 11 - ICE FUTURES U.S.,080732,2011-12-13,2011-12-16T20:30:00Z,cftc_ordinary_rule_estimate_not_holiday_verified,cftc_sugar_no11_selected_history_e1eadfec2053,https://publicreporting.cftc.gov/resource/72hh-3qpy.json?%24select=report_date_as_yyyy_mm_dd%2Ccftc_contract_market_code%2Cmarket_and_exchange_names%2Copen_interest_all%2Cm_money_positions_long_all%2Cm_money_positions_short_all%2Cm_money_positions_spread%2Ccontract_units%2Cfutonly_or_combined&%24where=cftc_contract_market_code%3D%27080732%27+AND+report_date_as_yyyy_mm_dd%3E%3D%272009-09-01T00%3A00%3A00.000%27+AND+report_date_as_yyyy_mm_dd%3C%3D%272026-08-11T00%3A00%3A00.000%27&%24order=report_date_as_yyyy_mm_dd&%24limit=5000,e1eadfec20535920e28d87b1a02245d9241765f4ae199f31c25d130fdaf7d93a,100307,44322,55985,525763,0.1064833394514258325519292913,119,,,,,,false,cftc_normalized_net_q10_reversal_v1
SUGAR NO. 11 - ICE FUTURES U.S.,080732,2011-12-20,2011-12-23T20:30:00Z,cftc_ordinary_rule_estimate_not_holiday_verified,cftc_sugar_no11_selected_history_e1eadfec2053,https://publicreporting.cftc.gov/resource/72hh-3qpy.json?%24select=report_date_as_yyyy_mm_dd%2Ccftc_contract_market_code%2Cmarket_and_exchange_names%2Copen_interest_all%2Cm_money_positions_long_all%2Cm_money_positions_short_all%2Cm_money_positions_spread%2Ccontract_units%2Cfutonly_or_combined&%24where=cftc_contract_market_code%3D%27080732%27+AND+report_date_as_yyyy_mm_dd%3E%3D%272009-09-01T00%3A00%3A00.000%27+AND+report_date_as_yyyy_mm_dd%3C%3D%272026-08-11T00%3A00%3A00.000%27&%24order=report_date_as_yyyy_mm_dd&%24limit=5000,e1eadfec20535920e28d87b1a02245d9241765f4ae199f31c25d130fdaf7d93a,91452,42426,49026,539095,0.09094129977091236238510837607,120,,,,,,false,cftc_normalized_net_q10_reversal_v1
SUGAR NO. 11 - ICE FUTURES U.S.,080732,2011-12-27,2011-12-30T20:30:00Z,cftc_ordinary_rule_estimate_not_holiday_verified,cftc_sugar_no11_selected_history_e1eadfec2053,https://publicreporting.cftc.gov/resource/72hh-3qpy.json?%24select=report_date_as_yyyy_mm_dd%2Ccftc_contract_market_code%2Cmarket_and_exchange_names%2Copen_interest_all%2Cm_money_positions_long_all%2Cm_money_positions_short_all%2Cm_money_positions_spread%2Ccontract_units%2Cfutonly_or_combined&%24where=cftc_contract_market_code%3D%27080732%27+AND+report_date_as_yyyy_mm_dd%3E%3D%272009-09-01T00%3A00%3A00.000%27+AND+report_date_as_yyyy_mm_dd%3C%3D%272026-08-11T00%3A00%3A00.000%27&%24order=report_date_as_yyyy_mm_dd&%24limit=5000,e1eadfec20535920e28d87b1a02245d9241765f4ae199f31c25d130fdaf7d93a,93074,46297,46777,544792,0.08586212719716882773609010411,121,,,,,,false,cftc_normalized_net_q10_reversal_v1
SUGAR NO. 11 - ICE FUTURES U.S.,080732,2012-01-03,2012-01-06T20:30:00Z,cftc_ordinary_rule_estimate_not_holiday_verified,cftc_sugar_no11_selected_history_e1eadfec2053,https://publicreporting.cftc.gov/resource/72hh-3qpy.json?%24select=report_date_as_yyyy_mm_dd%2Ccftc_contract_market_code%2Cmarket_and_exchange_names%2Copen_interest_all%2Cm_money_positions_long_all%2Cm_money_positions_short_all%2Cm_money_positions_spread%2Ccontract_units%2Cfutonly_or_combined&%24where=cftc_contract_market_code%3D%27080732%27+AND+report_date_as_yyyy_mm_dd%3E%3D%272009-09-01T00%3A00%3A00.000%27+AND+report_date_as_yyyy_mm_dd%3C%3D%272026-08-11T00%3A00%3A00.000%27&%24order=report_date_as_yyyy_mm_dd&%24limit=5000,e1eadfec20535920e28d87b1a02245d9241765f4ae199f31c25d130fdaf7d93a,106155,48840,57315,567599,0.1009779791719153839242141019,122,,,,,,false,cftc_normalized_net_q10_reversal_v1
SUGAR NO. 11 - ICE FUTURES U.S.,080732,2012-01-10,2012-01-13T20:30:00Z,cftc_ordinary_rule_estimate_not_holiday_verified,cftc_sugar_no11_selected_history_e1eadfec2053,https://publicreporting.cftc.gov/resource/72hh-3qpy.json?%24select=report_date_as_yyyy_mm_dd%2Ccftc_contract_market_code%2Cmarket_and_exchange_names%2Copen_interest_all%2Cm_money_positions_long_all%2Cm_money_positions_short_all%2Cm_money_positions_spread%2Ccontract_units%2Cfutonly_or_combined&%24where=cftc_contract_market_code%3D%27080732%27+AND+report_date_as_yyyy_mm_dd%3E%3D%272009-09-01T00%3A00%3A00.000%27+AND+report_date_as_yyyy_mm_dd%3C%3D%272026-08-11T00%3A00%3A00.000%27&%24order=report_date_as_yyyy_mm_dd&%24limit=5000,e1eadfec20535920e28d87b1a02245d9241765f4ae199f31c25d130fdaf7d93a,102139,48871,53268,583648,0.09126733921815889029003783102,123,,,,,,false,cftc_normalized_net_q10_reversal_v1
SUGAR NO. 11 - ICE FUTURES U.S.,080732,2012-01-17,2012-01-20T20:30:00Z,cftc_ordinary_rule_estimate_not_holiday_verified,cftc_sugar_no11_selected_history_e1eadfec2053,https://publicreporting.cftc.gov/resource/72hh-3qpy.json?%24select=report_date_as_yyyy_mm_dd%2Ccftc_contract_market_code%2Cmarket_and_exchange_names%2Copen_interest_all%2Cm_money_positions_long_all%2Cm_money_positions_short_all%2Cm_money_positions_spread%2Ccontract_units%2Cfutonly_or_combined&%24where=cftc_contract_market_code%3D%27080732%27+AND+report_date_as_yyyy_mm_dd%3E%3D%272009-09-01T00%3A00%3A00.000%27+AND+report_date_as_yyyy_mm_dd%3C%3D%272026-08-11T00%3A00%3A00.000%27&%24order=report_date_as_yyyy_mm_dd&%24limit=5000,e1eadfec20535920e28d87b1a02245d9241765f4ae199f31c25d130fdaf7d93a,107530,49720,57810,613159,0.09428223348266925870777400315,124,,,,,,false,cftc_normalized_net_q10_reversal_v1
SUGAR NO. 11 - ICE FUTURES U.S.,080732,2012-01-24,2012-01-27T20:30:00Z,cftc_ordinary_rule_estimate_not_holiday_verified,cftc_sugar_no11_selected_history_e1eadfec2053,https://publicreporting.cftc.gov/resource/72hh-3qpy.json?%24select=report_date_as_yyyy_mm_dd%2Ccftc_contract_market_code%2Cmarket_and_exchange_names%2Copen_interest_all%2Cm_money_positions_long_all%2Cm_money_positions_short_all%2Cm_money_positions_spread%2Ccontract_units%2Cfutonly_or_combined&%24where=cftc_contract_market_code%3D%27080732%27+AND+report_date_as_yyyy_mm_dd%3E%3D%272009-09-01T00%3A00%3A00.000%27+AND+report_date_as_yyyy_mm_dd%3C%3D%272026-08-11T00%3A00%3A00.000%27&%24order=report_date_as_yyyy_mm_dd&%24limit=5000,e1eadfec20535920e28d87b1a02245d9241765f4ae199f31c25d130fdaf7d93a,116757,27836,88921,636763,0.1396453625603246419782556461,125,,,,,,false,cftc_normalized_net_q10_reversal_v1
SUGAR NO. 11 - ICE FUTURES U.S.,080732,2012-01-31,2012-02-03T20:30:00Z,cftc_ordinary_rule_estimate_not_holiday_verified,cftc_sugar_no11_selected_history_e1eadfec2053,https://publicreporting.cftc.gov/resource/72hh-3qpy.json?%24select=report_date_as_yyyy_mm_dd%2Ccftc_contract_market_code%2Cmarket_and_exchange_names%2Copen_interest_all%2Cm_money_positions_long_all%2Cm_money_positions_short_all%2Cm_money_positions_spread%2Ccontract_units%2Cfutonly_or_combined&%24where=cftc_contract_market_code%3D%27080732%27+AND+report_date_as_yyyy_mm_dd%3E%3D%272009-09-01T00%3A00%3A00.000%27+AND+report_date_as_yyyy_mm_dd%3C%3D%272026-08-11T00%3A00%3A00.000%27&%24order=report_date_as_yyyy_mm_dd&%24limit=5000,e1eadfec20535920e28d87b1a02245d9241765f4ae199f31c25d130fdaf7d93a,121211,27403,93808,666733,0.1406980005489453799346964977,126,,,,,,false,cftc_normalized_net_q10_reversal_v1
SUGAR NO. 11 - ICE FUTURES U.S.,080732,2012-02-07,2012-02-10T20:30:00Z,cftc_ordinary_rule_estimate_not_holiday_verified,cftc_sugar_no11_selected_history_e1eadfec2053,https://publicreporting.cftc.gov/resource/72hh-3qpy.json?%24select=report_date_as_yyyy_mm_dd%2Ccftc_contract_market_code%2Cmarket_and_exchange_names%2Copen_interest_all%2Cm_money_positions_long_all%2Cm_money_positions_short_all%2Cm_money_positions_spread%2Ccontract_units%2Cfutonly_or_combined&%24where=cftc_contract_market_code%3D%27080732%27+AND+report_date_as_yyyy_mm_dd%3E%3D%272009-09-01T00%3A00%3A00.000%27+AND+report_date_as_yyyy_mm_dd%3C%3D%272026-08-11T00%3A00%3A00.000%27&%24order=report_date_as_yyyy_mm_dd&%24limit=5000,e1eadfec20535920e28d87b1a02245d9241765f4ae199f31c25d130fdaf7d93a,112885,31619,81266,696054,0.1167524358742281489654538297,127,,,,,,false,cftc_normalized_net_q10_reversal_v1
SUGAR NO. 11 - ICE FUTURES U.S.,080732,2012-02-14,2012-02-17T20:30:00Z,cftc_ordinary_rule_estimate_not_holiday_verified,cftc_sugar_no11_selected_history_e1eadfec2053,https://publicreporting.cftc.gov/resource/72hh-3qpy.json?%24select=report_date_as_yyyy_mm_dd%2Ccftc_contract_market_code%2Cmarket_and_exchange_names%2Copen_interest_all%2Cm_money_positions_long_all%2Cm_money_positions_short_all%2Cm_money_positions_spread%2Ccontract_units%2Cfutonly_or_combined&%24where=cftc_contract_market_code%3D%27080732%27+AND+report_date_as_yyyy_mm_dd%3E%3D%272009-09-01T00%3A00%3A00.000%27+AND+report_date_as_yyyy_mm_dd%3C%3D%272026-08-11T00%3A00%3A00.000%27&%24order=report_date_as_yyyy_mm_dd&%24limit=5000,e1eadfec20535920e28d87b1a02245d9241765f4ae199f31c25d130fdaf7d93a,118969,33223,85746,705626,0.1215176311530470815984671767,128,,,,,,false,cftc_normalized_net_q10_reversal_v1
SUGAR NO. 11 - ICE FUTURES U.S.,080732,2012-02-21,2012-02-24T20:30:00Z,cftc_ordinary_rule_estimate_not_holiday_verified,cftc_sugar_no11_selected_history_e1eadfec2053,https://publicreporting.cftc.gov/resource/72hh-3qpy.json?%24select=report_date_as_yyyy_mm_dd%2Ccftc_contract_market_code%2Cmarket_and_exchange_names%2Copen_interest_all%2Cm_money_positions_long_all%2Cm_money_positions_short_all%2Cm_money_positions_spread%2Ccontract_units%2Cfutonly_or_combined&%24where=cftc_contract_market_code%3D%27080732%27+AND+report_date_as_yyyy_mm_dd%3E%3D%272009-09-01T00%3A00%3A00.000%27+AND+report_date_as_yyyy_mm_dd%3C%3D%272026-08-11T00%3A00%3A00.000%27&%24order=report_date_as_yyyy_mm_dd&%24limit=5000,e1eadfec20535920e28d87b1a02245d9241765f4ae199f31c25d130fdaf7d93a,131072,34997,96075,699138,0.137419221956180324914394583,129,,,,,,false,cftc_normalized_net_q10_reversal_v1
SUGAR NO. 11 - ICE FUTURES U.S.,080732,2012-02-28,2012-03-02T20:30:00Z,cftc_ordinary_rule_estimate_not_holiday_verified,cftc_sugar_no11_selected_history_e1eadfec2053,https://publicreporting.cftc.gov/resource/72hh-3qpy.json?%24select=report_date_as_yyyy_mm_dd%2Ccftc_contract_market_code%2Cmarket_and_exchange_names%2Copen_interest_all%2Cm_money_positions_long_all%2Cm_money_positions_short_all%2Cm_money_positions_spread%2Ccontract_units%2Cfutonly_or_combined&%24where=cftc_contract_market_code%3D%27080732%27+AND+report_date_as_yyyy_mm_dd%3E%3D%272009-09-01T00%3A00%3A00.000%27+AND+report_date_as_yyyy_mm_dd%3C%3D%272026-08-11T00%3A00%3A00.000%27&%24order=report_date_as_yyyy_mm_dd&%24limit=5000,e1eadfec20535920e28d87b1a02245d9241765f4ae199f31c25d130fdaf7d93a,170921,30067,140854,723747,0.194617732439650872473391945,130,,,,,,false,cftc_normalized_net_q10_reversal_v1
SUGAR NO. 11 - ICE FUTURES U.S.,080732,2012-03-06,2012-03-09T20:30:00Z,cftc_ordinary_rule_estimate_not_holiday_verified,cftc_sugar_no11_selected_history_e1eadfec2053,https://publicreporting.cftc.gov/resource/72hh-3qpy.json?%24select=report_date_as_yyyy_mm_dd%2Ccftc_contract_market_code%2Cmarket_and_exchange_names%2Copen_interest_all%2Cm_money_positions_long_all%2Cm_money_positions_short_all%2Cm_money_positions_spread%2Ccontract_units%2Cfutonly_or_combined&%24where=cftc_contract_market_code%3D%27080732%27+AND+report_date_as_yyyy_mm_dd%3E%3D%272009-09-01T00%3A00%3A00.000%27+AND+report_date_as_yyyy_mm_dd%3C%3D%272026-08-11T00%3A00%3A00.000%27&%24order=report_date_as_yyyy_mm_dd&%24limit=5000,e1eadfec20535920e28d87b1a02245d9241765f4ae199f31c25d130fdaf7d93a,164131,29384,134747,720785,0.1869447893615988124059185471,131,,,,,,false,cftc_normalized_net_q10_reversal_v1
SUGAR NO. 11 - ICE FUTURES U.S.,080732,2012-03-13,2012-03-16T19:30:00Z,cftc_ordinary_rule_estimate_not_holiday_verified,cftc_sugar_no11_selected_history_e1eadfec2053,https://publicreporting.cftc.gov/resource/72hh-3qpy.json?%24select=report_date_as_yyyy_mm_dd%2Ccftc_contract_market_code%2Cmarket_and_exchange_names%2Copen_interest_all%2Cm_money_positions_long_all%2Cm_money_positions_short_all%2Cm_money_positions_spread%2Ccontract_units%2Cfutonly_or_combined&%24where=cftc_contract_market_code%3D%27080732%27+AND+report_date_as_yyyy_mm_dd%3E%3D%272009-09-01T00%3A00%3A00.000%27+AND+report_date_as_yyyy_mm_dd%3C%3D%272026-08-11T00%3A00%3A00.000%27&%24order=report_date_as_yyyy_mm_dd&%24limit=5000,e1eadfec20535920e28d87b1a02245d9241765f4ae199f31c25d130fdaf7d93a,137895,27522,110373,706083,0.1563173168026988328567604658,132,,,,,,false,cftc_normalized_net_q10_reversal_v1
SUGAR NO. 11 - ICE FUTURES U.S.,080732,2012-03-20,2012-03-23T19:30:00Z,cftc_ordinary_rule_estimate_not_holiday_verified,cftc_sugar_no11_selected_history_e1eadfec2053,https://publicreporting.cftc.gov/resource/72hh-3qpy.json?%24select=report_date_as_yyyy_mm_dd%2Ccftc_contract_market_code%2Cmarket_and_exchange_names%2Copen_interest_all%2Cm_money_positions_long_all%2Cm_money_positions_short_all%2Cm_money_positions_spread%2Ccontract_units%2Cfutonly_or_combined&%24where=cftc_contract_market_code%3D%27080732%27+AND+report_date_as_yyyy_mm_dd%3E%3D%272009-09-01T00%3A00%3A00.000%27+AND+report_date_as_yyyy_mm_dd%3C%3D%272026-08-11T00%3A00%3A00.000%27&%24order=report_date_as_yyyy_mm_dd&%24limit=5000,e1eadfec20535920e28d87b1a02245d9241765f4ae199f31c25d130fdaf7d93a,161961,28183,133778,738649,0.1811117323654401481623883604,133,,,,,,false,cftc_normalized_net_q10_reversal_v1
SUGAR NO. 11 - ICE FUTURES U.S.,080732,2012-03-27,2012-03-30T19:30:00Z,cftc_ordinary_rule_estimate_not_holiday_verified,cftc_sugar_no11_selected_history_e1eadfec2053,https://publicreporting.cftc.gov/resource/72hh-3qpy.json?%24select=report_date_as_yyyy_mm_dd%2Ccftc_contract_market_code%2Cmarket_and_exchange_names%2Copen_interest_all%2Cm_money_positions_long_all%2Cm_money_positions_short_all%2Cm_money_positions_spread%2Ccontract_units%2Cfutonly_or_combined&%24where=cftc_contract_market_code%3D%27080732%27+AND+report_date_as_yyyy_mm_dd%3E%3D%272009-09-01T00%3A00%3A00.000%27+AND+report_date_as_yyyy_mm_dd%3C%3D%272026-08-11T00%3A00%3A00.000%27&%24order=report_date_as_yyyy_mm_dd&%24limit=5000,e1eadfec20535920e28d87b1a02245d9241765f4ae199f31c25d130fdaf7d93a,172705,29986,142719,746727,0.1911260741877553644102864902,134,,,,,,false,cftc_normalized_net_q10_reversal_v1
SUGAR NO. 11 - ICE FUTURES U.S.,080732,2012-04-03,2012-04-06T19:30:00Z,cftc_ordinary_rule_estimate_not_holiday_verified,cftc_sugar_no11_selected_history_e1eadfec2053,https://publicreporting.cftc.gov/resource/72hh-3qpy.json?%24select=report_date_as_yyyy_mm_dd%2Ccftc_contract_market_code%2Cmarket_and_exchange_names%2Copen_interest_all%2Cm_money_positions_long_all%2Cm_money_positions_short_all%2Cm_money_positions_spread%2Ccontract_units%2Cfutonly_or_combined&%24where=cftc_contract_market_code%3D%27080732%27+AND+report_date_as_yyyy_mm_dd%3E%3D%272009-09-01T00%3A00%3A00.000%27+AND+report_date_as_yyyy_mm_dd%3C%3D%272026-08-11T00%3A00%3A00.000%27&%24order=report_date_as_yyyy_mm_dd&%24limit=5000,e1eadfec20535920e28d87b1a02245d9241765f4ae199f31c25d130fdaf7d93a,159188,33329,125859,735961,0.1710131379244280607260439072,135,,,,,,false,cftc_normalized_net_q10_reversal_v1
SUGAR NO. 11 - ICE FUTURES U.S.,080732,2012-04-10,2012-04-13T19:30:00Z,cftc_ordinary_rule_estimate_not_holiday_verified,cftc_sugar_no11_selected_history_e1eadfec2053,https://publicreporting.cftc.gov/resource/72hh-3qpy.json?%24select=report_date_as_yyyy_mm_dd%2Ccftc_contract_market_code%2Cmarket_and_exchange_names%2Copen_interest_all%2Cm_money_positions_long_all%2Cm_money_positions_short_all%2Cm_money_positions_spread%2Ccontract_units%2Cfutonly_or_combined&%24where=cftc_contract_market_code%3D%27080732%27+AND+report_date_as_yyyy_mm_dd%3E%3D%272009-09-01T00%3A00%3A00.000%27+AND+report_date_as_yyyy_mm_dd%3C%3D%272026-08-11T00%3A00%3A00.000%27&%24order=report_date_as_yyyy_mm_dd&%24limit=5000,e1eadfec20535920e28d87b1a02245d9241765f4ae199f31c25d130fdaf7d93a,152203,35777,116426,726557,0.1602434495848226636038191085,136,,,,,,false,cftc_normalized_net_q10_reversal_v1
SUGAR NO. 11 - ICE FUTURES U.S.,080732,2012-04-17,2012-04-20T19:30:00Z,cftc_ordinary_rule_estimate_not_holiday_verified,cftc_sugar_no11_selected_history_e1eadfec2053,https://publicreporting.cftc.gov/resource/72hh-3qpy.json?%24select=report_date_as_yyyy_mm_dd%2Ccftc_contract_market_code%2Cmarket_and_exchange_names%2Copen_interest_all%2Cm_money_positions_long_all%2Cm_money_positions_short_all%2Cm_money_positions_spread%2Ccontract_units%2Cfutonly_or_combined&%24where=cftc_contract_market_code%3D%27080732%27+AND+report_date_as_yyyy_mm_dd%3E%3D%272009-09-01T00%3A00%3A00.000%27+AND+report_date_as_yyyy_mm_dd%3C%3D%272026-08-11T00%3A00%3A00.000%27&%24order=report_date_as_yyyy_mm_dd&%24limit=5000,e1eadfec20535920e28d87b1a02245d9241765f4ae199f31c25d130fdaf7d93a,145546,66042,79504,730255,0.1088715585651587459175219615,137,,,,,,false,cftc_normalized_net_q10_reversal_v1
SUGAR NO. 11 - ICE FUTURES U.S.,080732,2012-04-24,2012-04-27T19:30:00Z,cftc_ordinary_rule_estimate_not_holiday_verified,cftc_sugar_no11_selected_history_e1eadfec2053,https://publicreporting.cftc.gov/resource/72hh-3qpy.json?%24select=report_date_as_yyyy_mm_dd%2Ccftc_contract_market_code%2Cmarket_and_exchange_names%2Copen_interest_all%2Cm_money_positions_long_all%2Cm_money_positions_short_all%2Cm_money_positions_spread%2Ccontract_units%2Cfutonly_or_combined&%24where=cftc_contract_market_code%3D%27080732%27+AND+report_date_as_yyyy_mm_dd%3E%3D%272009-09-01T00%3A00%3A00.000%27+AND+report_date_as_yyyy_mm_dd%3C%3D%272026-08-11T00%3A00%3A00.000%27&%24order=report_date_as_yyyy_mm_dd&%24limit=5000,e1eadfec20535920e28d87b1a02245d9241765f4ae199f31c25d130fdaf7d93a,140077,78662,61415,725118,0.08469655973234701110715773157,138,,,,,,false,cftc_normalized_net_q10_reversal_v1
SUGAR NO. 11 - ICE FUTURES U.S.,080732,2012-05-01,2012-05-04T19:30:00Z,cftc_ordinary_rule_estimate_not_holiday_verified,cftc_sugar_no11_selected_history_e1eadfec2053,https://publicreporting.cftc.gov/resource/72hh-3qpy.json?%24select=report_date_as_yyyy_mm_dd%2Ccftc_contract_market_code%2Cmarket_and_exchange_names%2Copen_interest_all%2Cm_money_positions_long_all%2Cm_money_positions_short_all%2Cm_money_positions_spread%2Ccontract_units%2Cfutonly_or_combined&%24where=cftc_contract_market_code%3D%27080732%27+AND+report_date_as_yyyy_mm_dd%3E%3D%272009-09-01T00%3A00%3A00.000%27+AND+report_date_as_yyyy_mm_dd%3C%3D%272026-08-11T00%3A00%3A00.000%27&%24order=report_date_as_yyyy_mm_dd&%24limit=5000,e1eadfec20535920e28d87b1a02245d9241765f4ae199f31c25d130fdaf7d93a,138167,82679,55488,706597,0.07852849644139445822724976189,139,,,,,,false,cftc_normalized_net_q10_reversal_v1
SUGAR NO. 11 - ICE FUTURES U.S.,080732,2012-05-08,2012-05-11T19:30:00Z,cftc_ordinary_rule_estimate_not_holiday_verified,cftc_sugar_no11_selected_history_e1eadfec2053,https://publicreporting.cftc.gov/resource/72hh-3qpy.json?%24select=report_date_as_yyyy_mm_dd%2Ccftc_contract_market_code%2Cmarket_and_exchange_names%2Copen_interest_all%2Cm_money_positions_long_all%2Cm_money_positions_short_all%2Cm_money_positions_spread%2Ccontract_units%2Cfutonly_or_combined&%24where=cftc_contract_market_code%3D%27080732%27+AND+report_date_as_yyyy_mm_dd%3E%3D%272009-09-01T00%3A00%3A00.000%27+AND+report_date_as_yyyy_mm_dd%3C%3D%272026-08-11T00%3A00%3A00.000%27&%24order=report_date_as_yyyy_mm_dd&%24limit=5000,e1eadfec20535920e28d87b1a02245d9241765f4ae199f31c25d130fdaf7d93a,133930,90577,43353,715111,0.06062415485148459469928444675,140,,,,,,false,cftc_normalized_net_q10_reversal_v1
SUGAR NO. 11 - ICE FUTURES U.S.,080732,2012-05-15,2012-05-18T19:30:00Z,cftc_ordinary_rule_estimate_not_holiday_verified,cftc_sugar_no11_selected_history_e1eadfec2053,https://publicreporting.cftc.gov/resource/72hh-3qpy.json?%24select=report_date_as_yyyy_mm_dd%2Ccftc_contract_market_code%2Cmarket_and_exchange_names%2Copen_interest_all%2Cm_money_positions_long_all%2Cm_money_positions_short_all%2Cm_money_positions_spread%2Ccontract_units%2Cfutonly_or_combined&%24where=cftc_contract_market_code%3D%27080732%27+AND+report_date_as_yyyy_mm_dd%3E%3D%272009-09-01T00%3A00%3A00.000%27+AND+report_date_as_yyyy_mm_dd%3C%3D%272026-08-11T00%3A00%3A00.000%27&%24order=report_date_as_yyyy_mm_dd&%24limit=5000,e1eadfec20535920e28d87b1a02245d9241765f4ae199f31c25d130fdaf7d93a,135693,88924,46769,727267,0.06430788142456621845897036439,141,,,,,,false,cftc_normalized_net_q10_reversal_v1
SUGAR NO. 11 - ICE FUTURES U.S.,080732,2012-05-22,2012-05-25T19:30:00Z,cftc_ordinary_rule_estimate_not_holiday_verified,cftc_sugar_no11_selected_history_e1eadfec2053,https://publicreporting.cftc.gov/resource/72hh-3qpy.json?%24select=report_date_as_yyyy_mm_dd%2Ccftc_contract_market_code%2Cmarket_and_exchange_names%2Copen_interest_all%2Cm_money_positions_long_all%2Cm_money_positions_short_all%2Cm_money_positions_spread%2Ccontract_units%2Cfutonly_or_combined&%24where=cftc_contract_market_code%3D%27080732%27+AND+report_date_as_yyyy_mm_dd%3E%3D%272009-09-01T00%3A00%3A00.000%27+AND+report_date_as_yyyy_mm_dd%3C%3D%272026-08-11T00%3A00%3A00.000%27&%24order=report_date_as_yyyy_mm_dd&%24limit=5000,e1eadfec20535920e28d87b1a02245d9241765f4ae199f31c25d130fdaf7d93a,142518,88733,53785,729589,0.07371958732930458107235717644,142,,,,,,false,cftc_normalized_net_q10_reversal_v1
SUGAR NO. 11 - ICE FUTURES U.S.,080732,2012-05-29,2012-06-01T19:30:00Z,cftc_ordinary_rule_estimate_not_holiday_verified,cftc_sugar_no11_selected_history_e1eadfec2053,https://publicreporting.cftc.gov/resource/72hh-3qpy.json?%24select=report_date_as_yyyy_mm_dd%2Ccftc_contract_market_code%2Cmarket_and_exchange_names%2Copen_interest_all%2Cm_money_positions_long_all%2Cm_money_positions_short_all%2Cm_money_positions_spread%2Ccontract_units%2Cfutonly_or_combined&%24where=cftc_contract_market_code%3D%27080732%27+AND+report_date_as_yyyy_mm_dd%3E%3D%272009-09-01T00%3A00%3A00.000%27+AND+report_date_as_yyyy_mm_dd%3C%3D%272026-08-11T00%3A00%3A00.000%27&%24order=report_date_as_yyyy_mm_dd&%24limit=5000,e1eadfec20535920e28d87b1a02245d9241765f4ae199f31c25d130fdaf7d93a,147109,96996,50113,753540,0.06650343711017331528518724952,143,,,,,,false,cftc_normalized_net_q10_reversal_v1
SUGAR NO. 11 - ICE FUTURES U.S.,080732,2012-06-05,2012-06-08T19:30:00Z,cftc_ordinary_rule_estimate_not_holiday_verified,cftc_sugar_no11_selected_history_e1eadfec2053,https://publicreporting.cftc.gov/resource/72hh-3qpy.json?%24select=report_date_as_yyyy_mm_dd%2Ccftc_contract_market_code%2Cmarket_and_exchange_names%2Copen_interest_all%2Cm_money_positions_long_all%2Cm_money_positions_short_all%2Cm_money_positions_spread%2Ccontract_units%2Cfutonly_or_combined&%24where=cftc_contract_market_code%3D%27080732%27+AND+report_date_as_yyyy_mm_dd%3E%3D%272009-09-01T00%3A00%3A00.000%27+AND+report_date_as_yyyy_mm_dd%3C%3D%272026-08-11T00%3A00%3A00.000%27&%24order=report_date_as_yyyy_mm_dd&%24limit=5000,e1eadfec20535920e28d87b1a02245d9241765f4ae199f31c25d130fdaf7d93a,149494,98264,51230,775795,0.06603548617869411378005787611,144,,,,,,false,cftc_normalized_net_q10_reversal_v1
SUGAR NO. 11 - ICE FUTURES U.S.,080732,2012-06-12,2012-06-15T19:30:00Z,cftc_ordinary_rule_estimate_not_holiday_verified,cftc_sugar_no11_selected_history_e1eadfec2053,https://publicreporting.cftc.gov/resource/72hh-3qpy.json?%24select=report_date_as_yyyy_mm_dd%2Ccftc_contract_market_code%2Cmarket_and_exchange_names%2Copen_interest_all%2Cm_money_positions_long_all%2Cm_money_positions_short_all%2Cm_money_positions_spread%2Ccontract_units%2Cfutonly_or_combined&%24where=cftc_contract_market_code%3D%27080732%27+AND+report_date_as_yyyy_mm_dd%3E%3D%272009-09-01T00%3A00%3A00.000%27+AND+report_date_as_yyyy_mm_dd%3C%3D%272026-08-11T00%3A00%3A00.000%27&%24order=report_date_as_yyyy_mm_dd&%24limit=5000,e1eadfec20535920e28d87b1a02245d9241765f4ae199f31c25d130fdaf7d93a,140748,86982,53766,759123,0.07082646685714963187783797883,145,,,,,,false,cftc_normalized_net_q10_reversal_v1
SUGAR NO. 11 - ICE FUTURES U.S.,080732,2012-06-19,2012-06-22T19:30:00Z,cftc_ordinary_rule_estimate_not_holiday_verified,cftc_sugar_no11_selected_history_e1eadfec2053,https://publicreporting.cftc.gov/resource/72hh-3qpy.json?%24select=report_date_as_yyyy_mm_dd%2Ccftc_contract_market_code%2Cmarket_and_exchange_names%2Copen_interest_all%2Cm_money_positions_long_all%2Cm_money_positions_short_all%2Cm_money_positions_spread%2Ccontract_units%2Cfutonly_or_combined&%24where=cftc_contract_market_code%3D%27080732%27+AND+report_date_as_yyyy_mm_dd%3E%3D%272009-09-01T00%3A00%3A00.000%27+AND+report_date_as_yyyy_mm_dd%3C%3D%272026-08-11T00%3A00%3A00.000%27&%24order=report_date_as_yyyy_mm_dd&%24limit=5000,e1eadfec20535920e28d87b1a02245d9241765f4ae199f31c25d130fdaf7d93a,132768,87664,45104,743939,0.06062862680945615164684201258,146,,,,,,false,cftc_normalized_net_q10_reversal_v1
SUGAR NO. 11 - ICE FUTURES U.S.,080732,2012-06-26,2012-06-29T19:30:00Z,cftc_ordinary_rule_estimate_not_holiday_verified,cftc_sugar_no11_selected_history_e1eadfec2053,https://publicreporting.cftc.gov/resource/72hh-3qpy.json?%24select=report_date_as_yyyy_mm_dd%2Ccftc_contract_market_code%2Cmarket_and_exchange_names%2Copen_interest_all%2Cm_money_positions_long_all%2Cm_money_positions_short_all%2Cm_money_positions_spread%2Ccontract_units%2Cfutonly_or_combined&%24where=cftc_contract_market_code%3D%27080732%27+AND+report_date_as_yyyy_mm_dd%3E%3D%272009-09-01T00%3A00%3A00.000%27+AND+report_date_as_yyyy_mm_dd%3C%3D%272026-08-11T00%3A00%3A00.000%27&%24order=report_date_as_yyyy_mm_dd&%24limit=5000,e1eadfec20535920e28d87b1a02245d9241765f4ae199f31c25d130fdaf7d93a,136802,79159,57643,700186,0.08232526785739789141742337036,147,,,,,,false,cftc_normalized_net_q10_reversal_v1
SUGAR NO. 11 - ICE FUTURES U.S.,080732,2012-07-03,2012-07-06T19:30:00Z,cftc_ordinary_rule_estimate_not_holiday_verified,cftc_sugar_no11_selected_history_e1eadfec2053,https://publicreporting.cftc.gov/resource/72hh-3qpy.json?%24select=report_date_as_yyyy_mm_dd%2Ccftc_contract_market_code%2Cmarket_and_exchange_names%2Copen_interest_all%2Cm_money_positions_long_all%2Cm_money_positions_short_all%2Cm_money_positions_spread%2Ccontract_units%2Cfutonly_or_combined&%24where=cftc_contract_market_code%3D%27080732%27+AND+report_date_as_yyyy_mm_dd%3E%3D%272009-09-01T00%3A00%3A00.000%27+AND+report_date_as_yyyy_mm_dd%3C%3D%272026-08-11T00%3A00%3A00.000%27&%24order=report_date_as_yyyy_mm_dd&%24limit=5000,e1eadfec20535920e28d87b1a02245d9241765f4ae199f31c25d130fdaf7d93a,135775,70968,64807,678681,0.09548963356864270548313567051,148,,,,,,false,cftc_normalized_net_q10_reversal_v1
SUGAR NO. 11 - ICE FUTURES U.S.,080732,2012-07-10,2012-07-13T19:30:00Z,cftc_ordinary_rule_estimate_not_holiday_verified,cftc_sugar_no11_selected_history_e1eadfec2053,https://publicreporting.cftc.gov/resource/72hh-3qpy.json?%24select=report_date_as_yyyy_mm_dd%2Ccftc_contract_market_code%2Cmarket_and_exchange_names%2Copen_interest_all%2Cm_money_positions_long_all%2Cm_money_positions_short_all%2Cm_money_positions_spread%2Ccontract_units%2Cfutonly_or_combined&%24where=cftc_contract_market_code%3D%27080732%27+AND+report_date_as_yyyy_mm_dd%3E%3D%272009-09-01T00%3A00%3A00.000%27+AND+report_date_as_yyyy_mm_dd%3C%3D%272026-08-11T00%3A00%3A00.000%27&%24order=report_date_as_yyyy_mm_dd&%24limit=5000,e1eadfec20535920e28d87b1a02245d9241765f4ae199f31c25d130fdaf7d93a,143215,35649,107566,669005,0.1607850464495781047974230387,149,,,,,,false,cftc_normalized_net_q10_reversal_v1
SUGAR NO. 11 - ICE FUTURES U.S.,080732,2012-07-17,2012-07-20T19:30:00Z,cftc_ordinary_rule_estimate_not_holiday_verified,cftc_sugar_no11_selected_history_e1eadfec2053,https://publicreporting.cftc.gov/resource/72hh-3qpy.json?%24select=report_date_as_yyyy_mm_dd%2Ccftc_contract_market_code%2Cmarket_and_exchange_names%2Copen_interest_all%2Cm_money_positions_long_all%2Cm_money_positions_short_all%2Cm_money_positions_spread%2Ccontract_units%2Cfutonly_or_combined&%24where=cftc_contract_market_code%3D%27080732%27+AND+report_date_as_yyyy_mm_dd%3E%3D%272009-09-01T00%3A00%3A00.000%27+AND+report_date_as_yyyy_mm_dd%3C%3D%272026-08-11T00%3A00%3A00.000%27&%24order=report_date_as_yyyy_mm_dd&%24limit=5000,e1eadfec20535920e28d87b1a02245d9241765f4ae199f31c25d130fdaf7d93a,139542,24179,115363,666628,0.1730545371631554630168549776,150,,,,,,false,cftc_normalized_net_q10_reversal_v1
SUGAR NO. 11 - ICE FUTURES U.S.,080732,2012-07-24,2012-07-27T19:30:00Z,cftc_ordinary_rule_estimate_not_holiday_verified,cftc_sugar_no11_selected_history_e1eadfec2053,https://publicreporting.cftc.gov/resource/72hh-3qpy.json?%24select=report_date_as_yyyy_mm_dd%2Ccftc_contract_market_code%2Cmarket_and_exchange_names%2Copen_interest_all%2Cm_money_positions_long_all%2Cm_money_positions_short_all%2Cm_money_positions_spread%2Ccontract_units%2Cfutonly_or_combined&%24where=cftc_contract_market_code%3D%27080732%27+AND+report_date_as_yyyy_mm_dd%3E%3D%272009-09-01T00%3A00%3A00.000%27+AND+report_date_as_yyyy_mm_dd%3C%3D%272026-08-11T00%3A00%3A00.000%27&%24order=report_date_as_yyyy_mm_dd&%24limit=5000,e1eadfec20535920e28d87b1a02245d9241765f4ae199f31c25d130fdaf7d93a,151078,17921,133157,668671,0.1991367952251555697794580593,151,,,,,,false,cftc_normalized_net_q10_reversal_v1
SUGAR NO. 11 - ICE FUTURES U.S.,080732,2012-07-31,2012-08-03T19:30:00Z,cftc_ordinary_rule_estimate_not_holiday_verified,cftc_sugar_no11_selected_history_e1eadfec2053,https://publicreporting.cftc.gov/resource/72hh-3qpy.json?%24select=report_date_as_yyyy_mm_dd%2Ccftc_contract_market_code%2Cmarket_and_exchange_names%2Copen_interest_all%2Cm_money_positions_long_all%2Cm_money_positions_short_all%2Cm_money_positions_spread%2Ccontract_units%2Cfutonly_or_combined&%24where=cftc_contract_market_code%3D%27080732%27+AND+report_date_as_yyyy_mm_dd%3E%3D%272009-09-01T00%3A00%3A00.000%27+AND+report_date_as_yyyy_mm_dd%3C%3D%272026-08-11T00%3A00%3A00.000%27&%24order=report_date_as_yyyy_mm_dd&%24limit=5000,e1eadfec20535920e28d87b1a02245d9241765f4ae199f31c25d130fdaf7d93a,151738,14645,137093,671864,0.2040487360537251586630627627,152,,,,,,false,cftc_normalized_net_q10_reversal_v1
SUGAR NO. 11 - ICE FUTURES U.S.,080732,2012-08-07,2012-08-10T19:30:00Z,cftc_ordinary_rule_estimate_not_holiday_verified,cftc_sugar_no11_selected_history_e1eadfec2053,https://publicreporting.cftc.gov/resource/72hh-3qpy.json?%24select=report_date_as_yyyy_mm_dd%2Ccftc_contract_market_code%2Cmarket_and_exchange_names%2Copen_interest_all%2Cm_money_positions_long_all%2Cm_money_positions_short_all%2Cm_money_positions_spread%2Ccontract_units%2Cfutonly_or_combined&%24where=cftc_contract_market_code%3D%27080732%27+AND+report_date_as_yyyy_mm_dd%3E%3D%272009-09-01T00%3A00%3A00.000%27+AND+report_date_as_yyyy_mm_dd%3C%3D%272026-08-11T00%3A00%3A00.000%27&%24order=report_date_as_yyyy_mm_dd&%24limit=5000,e1eadfec20535920e28d87b1a02245d9241765f4ae199f31c25d130fdaf7d93a,144498,15801,128697,662690,0.1942039264211018726704794097,153,,,,,,false,cftc_normalized_net_q10_reversal_v1
SUGAR NO. 11 - ICE FUTURES U.S.,080732,2012-08-14,2012-08-17T19:30:00Z,cftc_ordinary_rule_estimate_not_holiday_verified,cftc_sugar_no11_selected_history_e1eadfec2053,https://publicreporting.cftc.gov/resource/72hh-3qpy.json?%24select=report_date_as_yyyy_mm_dd%2Ccftc_contract_market_code%2Cmarket_and_exchange_names%2Copen_interest_all%2Cm_money_positions_long_all%2Cm_money_positions_short_all%2Cm_money_positions_spread%2Ccontract_units%2Cfutonly_or_combined&%24where=cftc_contract_market_code%3D%27080732%27+AND+report_date_as_yyyy_mm_dd%3E%3D%272009-09-01T00%3A00%3A00.000%27+AND+report_date_as_yyyy_mm_dd%3C%3D%272026-08-11T00%3A00%3A00.000%27&%24order=report_date_as_yyyy_mm_dd&%24limit=5000,e1eadfec20535920e28d87b1a02245d9241765f4ae199f31c25d130fdaf7d93a,130434,32137,98297,676534,0.1452949888697389931622061862,154,,,,,,false,cftc_normalized_net_q10_reversal_v1
SUGAR NO. 11 - ICE FUTURES U.S.,080732,2012-08-21,2012-08-24T19:30:00Z,cftc_ordinary_rule_estimate_not_holiday_verified,cftc_sugar_no11_selected_history_e1eadfec2053,https://publicreporting.cftc.gov/resource/72hh-3qpy.json?%24select=report_date_as_yyyy_mm_dd%2Ccftc_contract_market_code%2Cmarket_and_exchange_names%2Copen_interest_all%2Cm_money_positions_long_all%2Cm_money_positions_short_all%2Cm_money_positions_spread%2Ccontract_units%2Cfutonly_or_combined&%24where=cftc_contract_market_code%3D%27080732%27+AND+report_date_as_yyyy_mm_dd%3E%3D%272009-09-01T00%3A00%3A00.000%27+AND+report_date_as_yyyy_mm_dd%3C%3D%272026-08-11T00%3A00%3A00.000%27&%24order=report_date_as_yyyy_mm_dd&%24limit=5000,e1eadfec20535920e28d87b1a02245d9241765f4ae199f31c25d130fdaf7d93a,125418,50358,75060,690427,0.1087153312370460599020606089,155,,,,,,false,cftc_normalized_net_q10_reversal_v1
SUGAR NO. 11 - ICE FUTURES U.S.,080732,2012-08-28,2012-08-31T19:30:00Z,cftc_ordinary_rule_estimate_not_holiday_verified,cftc_sugar_no11_selected_history_e1eadfec2053,https://publicreporting.cftc.gov/resource/72hh-3qpy.json?%24select=report_date_as_yyyy_mm_dd%2Ccftc_contract_market_code%2Cmarket_and_exchange_names%2Copen_interest_all%2Cm_money_positions_long_all%2Cm_money_positions_short_all%2Cm_money_positions_spread%2Ccontract_units%2Cfutonly_or_combined&%24where=cftc_contract_market_code%3D%27080732%27+AND+report_date_as_yyyy_mm_dd%3E%3D%272009-09-01T00%3A00%3A00.000%27+AND+report_date_as_yyyy_mm_dd%3C%3D%272026-08-11T00%3A00%3A00.000%27&%24order=report_date_as_yyyy_mm_dd&%24limit=5000,e1eadfec20535920e28d87b1a02245d9241765f4ae199f31c25d130fdaf7d93a,139062,62096,76966,723416,0.1063924491578842602320103509,156,0.1009779791719153839242141019,0.1087153312370460599020606089,false,false,true,false,cftc_normalized_net_q10_reversal_v1
SUGAR NO. 11 - ICE FUTURES U.S.,080732,2012-09-04,2012-09-07T19:30:00Z,cftc_ordinary_rule_estimate_not_holiday_verified,cftc_sugar_no11_selected_history_e1eadfec2053,https://publicreporting.cftc.gov/resource/72hh-3qpy.json?%24select=report_date_as_yyyy_mm_dd%2Ccftc_contract_market_code%2Cmarket_and_exchange_names%2Copen_interest_all%2Cm_money_positions_long_all%2Cm_money_positions_short_all%2Cm_money_positions_spread%2Ccontract_units%2Cfutonly_or_combined&%24where=cftc_contract_market_code%3D%27080732%27+AND+report_date_as_yyyy_mm_dd%3E%3D%272009-09-01T00%3A00%3A00.000%27+AND+report_date_as_yyyy_mm_dd%3C%3D%272026-08-11T00%3A00%3A00.000%27&%24order=report_date_as_yyyy_mm_dd&%24limit=5000,e1eadfec20535920e28d87b1a02245d9241765f4ae199f31c25d130fdaf7d93a,142201,81603,60598,728205,0.08321557803091162516049738741,157,0.1009779791719153839242141019,0.1063924491578842602320103509,false,false,true,false,cftc_normalized_net_q10_reversal_v1
SUGAR NO. 11 - ICE FUTURES U.S.,080732,2012-09-11,2012-09-14T19:30:00Z,cftc_ordinary_rule_estimate_not_holiday_verified,cftc_sugar_no11_selected_history_e1eadfec2053,https://publicreporting.cftc.gov/resource/72hh-3qpy.json?%24select=report_date_as_yyyy_mm_dd%2Ccftc_contract_market_code%2Cmarket_and_exchange_names%2Copen_interest_all%2Cm_money_positions_long_all%2Cm_money_positions_short_all%2Cm_money_positions_spread%2Ccontract_units%2Cfutonly_or_combined&%24where=cftc_contract_market_code%3D%27080732%27+AND+report_date_as_yyyy_mm_dd%3E%3D%272009-09-01T00%3A00%3A00.000%27+AND+report_date_as_yyyy_mm_dd%3C%3D%272026-08-11T00%3A00%3A00.000%27&%24order=report_date_as_yyyy_mm_dd&%24limit=5000,e1eadfec20535920e28d87b1a02245d9241765f4ae199f31c25d130fdaf7d93a,147547,94148,53399,725692,0.07358355886519349806805090865,158,0.09548963356864270548313567051,0.08321557803091162516049738741,true,false,true,false,cftc_normalized_net_q10_reversal_v1
SUGAR NO. 11 - ICE FUTURES U.S.,080732,2012-09-18,2012-09-21T19:30:00Z,cftc_ordinary_rule_estimate_not_holiday_verified,cftc_sugar_no11_selected_history_e1eadfec2053,https://publicreporting.cftc.gov/resource/72hh-3qpy.json?%24select=report_date_as_yyyy_mm_dd%2Ccftc_contract_market_code%2Cmarket_and_exchange_names%2Copen_interest_all%2Cm_money_positions_long_all%2Cm_money_positions_short_all%2Cm_money_positions_spread%2Ccontract_units%2Cfutonly_or_combined&%24where=cftc_contract_market_code%3D%27080732%27+AND+report_date_as_yyyy_mm_dd%3E%3D%272009-09-01T00%3A00%3A00.000%27+AND+report_date_as_yyyy_mm_dd%3C%3D%272026-08-11T00%3A00%3A00.000%27&%24order=report_date_as_yyyy_mm_dd&%24limit=5000,e1eadfec20535920e28d87b1a02245d9241765f4ae199f31c25d130fdaf7d93a,128347,98632,29715,698138,0.04256321816030641506407042734,159,0.09428223348266925870777400315,0.07358355886519349806805090865,true,false,true,false,cftc_normalized_net_q10_reversal_v1
SUGAR NO. 11 - ICE FUTURES U.S.,080732,2012-09-25,2012-09-28T19:30:00Z,cftc_official_event_weekly_page_verified,cftc_sugar_no11_selected_history_e1eadfec2053,https://publicreporting.cftc.gov/resource/72hh-3qpy.json?%24select=report_date_as_yyyy_mm_dd%2Ccftc_contract_market_code%2Cmarket_and_exchange_names%2Copen_interest_all%2Cm_money_positions_long_all%2Cm_money_positions_short_all%2Cm_money_positions_spread%2Ccontract_units%2Cfutonly_or_combined&%24where=cftc_contract_market_code%3D%27080732%27+AND+report_date_as_yyyy_mm_dd%3E%3D%272009-09-01T00%3A00%3A00.000%27+AND+report_date_as_yyyy_mm_dd%3C%3D%272026-08-11T00%3A00%3A00.000%27&%24order=report_date_as_yyyy_mm_dd&%24limit=5000,e1eadfec20535920e28d87b1a02245d9241765f4ae199f31c25d130fdaf7d93a,129084,96370,32714,683385,0.04787052686260307147508359124,160,0.09126733921815889029003783102,0.04256321816030641506407042734,true,true,true,true,cftc_normalized_net_q10_reversal_v1
SUGAR NO. 11 - ICE FUTURES U.S.,080732,2012-10-02,2012-10-05T19:30:00Z,cftc_ordinary_rule_estimate_not_holiday_verified,cftc_sugar_no11_selected_history_e1eadfec2053,https://publicreporting.cftc.gov/resource/72hh-3qpy.json?%24select=report_date_as_yyyy_mm_dd%2Ccftc_contract_market_code%2Cmarket_and_exchange_names%2Copen_interest_all%2Cm_money_positions_long_all%2Cm_money_positions_short_all%2Cm_money_positions_spread%2Ccontract_units%2Cfutonly_or_combined&%24where=cftc_contract_market_code%3D%27080732%27+AND+report_date_as_yyyy_mm_dd%3E%3D%272009-09-01T00%3A00%3A00.000%27+AND+report_date_as_yyyy_mm_dd%3C%3D%272026-08-11T00%3A00%3A00.000%27&%24order=report_date_as_yyyy_mm_dd&%24limit=5000,e1eadfec20535920e28d87b1a02245d9241765f4ae199f31c25d130fdaf7d93a,132004,87347,44657,674997,0.06615881255768544156492547374,161,0.09126733921815889029003783102,0.04787052686260307147508359124,true,true,false,false,cftc_normalized_net_q10_reversal_v1
SUGAR NO. 11 - ICE FUTURES U.S.,080732,2012-10-09,2012-10-12T19:30:00Z,cftc_ordinary_rule_estimate_not_holiday_verified,cftc_sugar_no11_selected_history_e1eadfec2053,https://publicreporting.cftc.gov/resource/72hh-3qpy.json?%24select=report_date_as_yyyy_mm_dd%2Ccftc_contract_market_code%2Cmarket_and_exchange_names%2Copen_interest_all%2Cm_money_positions_long_all%2Cm_money_positions_short_all%2Cm_money_positions_spread%2Ccontract_units%2Cfutonly_or_combined&%24where=cftc_contract_market_code%3D%27080732%27+AND+report_date_as_yyyy_mm_dd%3E%3D%272009-09-01T00%3A00%3A00.000%27+AND+report_date_as_yyyy_mm_dd%3C%3D%272026-08-11T00%3A00%3A00.000%27&%24order=report_date_as_yyyy_mm_dd&%24limit=5000,e1eadfec20535920e28d87b1a02245d9241765f4ae199f31c25d130fdaf7d93a,130629,60406,70223,679261,0.1033814689787872408396772375,162,0.09094129977091236238510837607,0.06615881255768544156492547374,true,true,false,false,cftc_normalized_net_q10_reversal_v1
SUGAR NO. 11 - ICE FUTURES U.S.,080732,2012-10-16,2012-10-19T19:30:00Z,cftc_ordinary_rule_estimate_not_holiday_verified,cftc_sugar_no11_selected_history_e1eadfec2053,https://publicreporting.cftc.gov/resource/72hh-3qpy.json?%24select=report_date_as_yyyy_mm_dd%2Ccftc_contract_market_code%2Cmarket_and_exchange_names%2Copen_interest_all%2Cm_money_positions_long_all%2Cm_money_positions_short_all%2Cm_money_positions_spread%2Ccontract_units%2Cfutonly_or_combined&%24where=cftc_contract_market_code%3D%27080732%27+AND+report_date_as_yyyy_mm_dd%3E%3D%272009-09-01T00%3A00%3A00.000%27+AND+report_date_as_yyyy_mm_dd%3C%3D%272026-08-11T00%3A00%3A00.000%27&%24order=report_date_as_yyyy_mm_dd&%24limit=5000,e1eadfec20535920e28d87b1a02245d9241765f4ae199f31c25d130fdaf7d93a,130653,76513,54140,701034,0.07722877920329113851824590533,163,0.09094129977091236238510837607,0.1033814689787872408396772375,false,false,false,false,cftc_normalized_net_q10_reversal_v1
SUGAR NO. 11 - ICE FUTURES U.S.,080732,2012-10-23,2012-10-26T19:30:00Z,cftc_ordinary_rule_estimate_not_holiday_verified,cftc_sugar_no11_selected_history_e1eadfec2053,https://publicreporting.cftc.gov/resource/72hh-3qpy.json?%24select=report_date_as_yyyy_mm_dd%2Ccftc_contract_market_code%2Cmarket_and_exchange_names%2Copen_interest_all%2Cm_money_positions_long_all%2Cm_money_positions_short_all%2Cm_money_positions_spread%2Ccontract_units%2Cfutonly_or_combined&%24where=cftc_contract_market_code%3D%27080732%27+AND+report_date_as_yyyy_mm_dd%3E%3D%272009-09-01T00%3A00%3A00.000%27+AND+report_date_as_yyyy_mm_dd%3C%3D%272026-08-11T00%3A00%3A00.000%27&%24order=report_date_as_yyyy_mm_dd&%24limit=5000,e1eadfec20535920e28d87b1a02245d9241765f4ae199f31c25d130fdaf7d93a,125266,79249,46017,709045,0.06489997108787171477127685831,164,0.08586212719716882773609010411,0.07722877920329113851824590533,true,false,false,false,cftc_normalized_net_q10_reversal_v1
SUGAR NO. 11 - ICE FUTURES U.S.,080732,2012-10-30,2012-11-02T19:30:00Z,cftc_ordinary_rule_estimate_not_holiday_verified,cftc_sugar_no11_selected_history_e1eadfec2053,https://publicreporting.cftc.gov/resource/72hh-3qpy.json?%24select=report_date_as_yyyy_mm_dd%2Ccftc_contract_market_code%2Cmarket_and_exchange_names%2Copen_interest_all%2Cm_money_positions_long_all%2Cm_money_positions_short_all%2Cm_money_positions_spread%2Ccontract_units%2Cfutonly_or_combined&%24where=cftc_contract_market_code%3D%27080732%27+AND+report_date_as_yyyy_mm_dd%3E%3D%272009-09-01T00%3A00%3A00.000%27+AND+report_date_as_yyyy_mm_dd%3C%3D%272026-08-11T00%3A00%3A00.000%27&%24order=report_date_as_yyyy_mm_dd&%24limit=5000,e1eadfec20535920e28d87b1a02245d9241765f4ae199f31c25d130fdaf7d93a,125191,91738,33453,721447,0.04636931056612613261958258888,165,0.08469655973234701110715773157,0.06489997108787171477127685831,true,false,false,false,cftc_normalized_net_q10_reversal_v1
SUGAR NO. 11 - ICE FUTURES U.S.,080732,2012-11-06,2012-11-09T20:30:00Z,cftc_ordinary_rule_estimate_not_holiday_verified,cftc_sugar_no11_selected_history_e1eadfec2053,https://publicreporting.cftc.gov/resource/72hh-3qpy.json?%24select=report_date_as_yyyy_mm_dd%2Ccftc_contract_market_code%2Cmarket_and_exchange_names%2Copen_interest_all%2Cm_money_positions_long_all%2Cm_money_positions_short_all%2Cm_money_positions_spread%2Ccontract_units%2Cfutonly_or_combined&%24where=cftc_contract_market_code%3D%27080732%27+AND+report_date_as_yyyy_mm_dd%3E%3D%272009-09-01T00%3A00%3A00.000%27+AND+report_date_as_yyyy_mm_dd%3C%3D%272026-08-11T00%3A00%3A00.000%27&%24order=report_date_as_yyyy_mm_dd&%24limit=5000,e1eadfec20535920e28d87b1a02245d9241765f4ae199f31c25d130fdaf7d93a,123539,102262,21277,716401,0.02969984687346890917237692298,166,0.08321557803091162516049738741,0.04636931056612613261958258888,true,false,false,false,cftc_normalized_net_q10_reversal_v1
SUGAR NO. 11 - ICE FUTURES U.S.,080732,2012-11-13,2012-11-16T20:30:00Z,cftc_ordinary_rule_estimate_not_holiday_verified,cftc_sugar_no11_selected_history_e1eadfec2053,https://publicreporting.cftc.gov/resource/72hh-3qpy.json?%24select=report_date_as_yyyy_mm_dd%2Ccftc_contract_market_code%2Cmarket_and_exchange_names%2Copen_interest_all%2Cm_money_positions_long_all%2Cm_money_positions_short_all%2Cm_money_positions_spread%2Ccontract_units%2Cfutonly_or_combined&%24where=cftc_contract_market_code%3D%27080732%27+AND+report_date_as_yyyy_mm_dd%3E%3D%272009-09-01T00%3A00%3A00.000%27+AND+report_date_as_yyyy_mm_dd%3C%3D%272026-08-11T00%3A00%3A00.000%27&%24order=report_date_as_yyyy_mm_dd&%24limit=5000,e1eadfec20535920e28d87b1a02245d9241765f4ae199f31c25d130fdaf7d93a,127402,113780,13622,722855,0.01884471989541470972740037767,167,0.08232526785739789141742337036,0.02969984687346890917237692298,true,false,false,false,cftc_normalized_net_q10_reversal_v1
SUGAR NO. 11 - ICE FUTURES U.S.,080732,2012-11-20,2012-11-26T20:30:00Z,cftc_official_historical_release_verified,cftc_sugar_no11_selected_history_e1eadfec2053,https://publicreporting.cftc.gov/resource/72hh-3qpy.json?%24select=report_date_as_yyyy_mm_dd%2Ccftc_contract_market_code%2Cmarket_and_exchange_names%2Copen_interest_all%2Cm_money_positions_long_all%2Cm_money_positions_short_all%2Cm_money_positions_spread%2Ccontract_units%2Cfutonly_or_combined&%24where=cftc_contract_market_code%3D%27080732%27+AND+report_date_as_yyyy_mm_dd%3E%3D%272009-09-01T00%3A00%3A00.000%27+AND+report_date_as_yyyy_mm_dd%3C%3D%272026-08-11T00%3A00%3A00.000%27&%24order=report_date_as_yyyy_mm_dd&%24limit=5000,e1eadfec20535920e28d87b1a02245d9241765f4ae199f31c25d130fdaf7d93a,130779,110125,20654,726929,0.02841267854219600538704605264,168,0.07852849644139445822724976189,0.01884471989541470972740037767,true,true,false,false,cftc_normalized_net_q10_reversal_v1
SUGAR NO. 11 - ICE FUTURES U.S.,080732,2012-11-27,2012-12-05T20:30:00Z,cftc_current_snapshot_correction_exact,cftc_sugar_no11_selected_history_e1eadfec2053,https://publicreporting.cftc.gov/resource/72hh-3qpy.json?%24select=report_date_as_yyyy_mm_dd%2Ccftc_contract_market_code%2Cmarket_and_exchange_names%2Copen_interest_all%2Cm_money_positions_long_all%2Cm_money_positions_short_all%2Cm_money_positions_spread%2Ccontract_units%2Cfutonly_or_combined&%24where=cftc_contract_market_code%3D%27080732%27+AND+report_date_as_yyyy_mm_dd%3E%3D%272009-09-01T00%3A00%3A00.000%27+AND+report_date_as_yyyy_mm_dd%3C%3D%272026-08-11T00%3A00%3A00.000%27&%24order=report_date_as_yyyy_mm_dd&%24limit=5000,e1eadfec20535920e28d87b1a02245d9241765f4ae199f31c25d130fdaf7d93a,131734,116131,15603,737882,0.02114565743574175816729504175,169,0.07722877920329113851824590533,0.02841267854219600538704605264,true,false,false,false,cftc_normalized_net_q10_reversal_v1
SUGAR NO. 11 - ICE FUTURES U.S.,080732,2012-12-04,2012-12-07T20:30:00Z,cftc_ordinary_rule_estimate_not_holiday_verified,cftc_sugar_no11_selected_history_e1eadfec2053,https://publicreporting.cftc.gov/resource/72hh-3qpy.json?%24select=report_date_as_yyyy_mm_dd%2Ccftc_contract_market_code%2Cmarket_and_exchange_names%2Copen_interest_all%2Cm_money_positions_long_all%2Cm_money_positions_short_all%2Cm_money_positions_spread%2Ccontract_units%2Cfutonly_or_combined&%24where=cftc_contract_market_code%3D%27080732%27+AND+report_date_as_yyyy_mm_dd%3E%3D%272009-09-01T00%3A00%3A00.000%27+AND+report_date_as_yyyy_mm_dd%3C%3D%272026-08-11T00%3A00%3A00.000%27&%24order=report_date_as_yyyy_mm_dd&%24limit=5000,e1eadfec20535920e28d87b1a02245d9241765f4ae199f31c25d130fdaf7d93a,133119,109762,23357,759782,0.03074171275444798639609782806,170,0.07371958732930458107235717644,0.02114565743574175816729504175,true,true,false,false,cftc_normalized_net_q10_reversal_v1
SUGAR NO. 11 - ICE FUTURES U.S.,080732,2012-12-11,2012-12-14T20:30:00Z,cftc_ordinary_rule_estimate_not_holiday_verified,cftc_sugar_no11_selected_history_e1eadfec2053,https://publicreporting.cftc.gov/resource/72hh-3qpy.json?%24select=report_date_as_yyyy_mm_dd%2Ccftc_contract_market_code%2Cmarket_and_exchange_names%2Copen_interest_all%2Cm_money_positions_long_all%2Cm_money_positions_short_all%2Cm_money_positions_spread%2Ccontract_units%2Cfutonly_or_combined&%24where=cftc_contract_market_code%3D%27080732%27+AND+report_date_as_yyyy_mm_dd%3E%3D%272009-09-01T00%3A00%3A00.000%27+AND+report_date_as_yyyy_mm_dd%3C%3D%272026-08-11T00%3A00%3A00.000%27&%24order=report_date_as_yyyy_mm_dd&%24limit=5000,e1eadfec20535920e28d87b1a02245d9241765f4ae199f31c25d130fdaf7d93a,137275,122864,14411,764194,0.0188577769519258198834327409,171,0.07371958732930458107235717644,0.03074171275444798639609782806,true,false,false,false,cftc_normalized_net_q10_reversal_v1
SUGAR NO. 11 - ICE FUTURES U.S.,080732,2012-12-18,2012-12-21T20:30:00Z,cftc_ordinary_rule_estimate_not_holiday_verified,cftc_sugar_no11_selected_history_e1eadfec2053,https://publicreporting.cftc.gov/resource/72hh-3qpy.json?%24select=report_date_as_yyyy_mm_dd%2Ccftc_contract_market_code%2Cmarket_and_exchange_names%2Copen_interest_all%2Cm_money_positions_long_all%2Cm_money_positions_short_all%2Cm_money_positions_spread%2Ccontract_units%2Cfutonly_or_combined&%24where=cftc_contract_market_code%3D%27080732%27+AND+report_date_as_yyyy_mm_dd%3E%3D%272009-09-01T00%3A00%3A00.000%27+AND+report_date_as_yyyy_mm_dd%3C%3D%272026-08-11T00%3A00%3A00.000%27&%24order=report_date_as_yyyy_mm_dd&%24limit=5000,e1eadfec20535920e28d87b1a02245d9241765f4ae199f31c25d130fdaf7d93a,142970,125116,17854,754990,0.023647995337686591875389078,172,0.07358355886519349806805090865,0.0188577769519258198834327409,true,true,false,false,cftc_normalized_net_q10_reversal_v1
SUGAR NO. 11 - ICE FUTURES U.S.,080732,2012-12-24,2012-12-28T20:30:00Z,cftc_official_event_weekly_page_verified,cftc_sugar_no11_selected_history_e1eadfec2053,https://publicreporting.cftc.gov/resource/72hh-3qpy.json?%24select=report_date_as_yyyy_mm_dd%2Ccftc_contract_market_code%2Cmarket_and_exchange_names%2Copen_interest_all%2Cm_money_positions_long_all%2Cm_money_positions_short_all%2Cm_money_positions_spread%2Ccontract_units%2Cfutonly_or_combined&%24where=cftc_contract_market_code%3D%27080732%27+AND+report_date_as_yyyy_mm_dd%3E%3D%272009-09-01T00%3A00%3A00.000%27+AND+report_date_as_yyyy_mm_dd%3C%3D%272026-08-11T00%3A00%3A00.000%27&%24order=report_date_as_yyyy_mm_dd&%24limit=5000,e1eadfec20535920e28d87b1a02245d9241765f4ae199f31c25d130fdaf7d93a,148464,123042,25422,756985,0.03358322820135141383250658864,173,0.07082646685714963187783797883,0.023647995337686591875389078,true,true,true,true,cftc_normalized_net_q10_reversal_v1
SUGAR NO. 11 - ICE FUTURES U.S.,080732,2012-12-31,2013-01-04T20:30:00Z,cftc_ordinary_rule_estimate_not_holiday_verified,cftc_sugar_no11_selected_history_e1eadfec2053,https://publicreporting.cftc.gov/resource/72hh-3qpy.json?%24select=report_date_as_yyyy_mm_dd%2Ccftc_contract_market_code%2Cmarket_and_exchange_names%2Copen_interest_all%2Cm_money_positions_long_all%2Cm_money_positions_short_all%2Cm_money_positions_spread%2Ccontract_units%2Cfutonly_or_combined&%24where=cftc_contract_market_code%3D%27080732%27+AND+report_date_as_yyyy_mm_dd%3E%3D%272009-09-01T00%3A00%3A00.000%27+AND+report_date_as_yyyy_mm_dd%3C%3D%272026-08-11T00%3A00%3A00.000%27&%24order=report_date_as_yyyy_mm_dd&%24limit=5000,e1eadfec20535920e28d87b1a02245d9241765f4ae199f31c25d130fdaf7d93a,148520,118296,30224,754102,0.04007945874695996032366974229,174,0.06650343711017331528518724952,0.03358322820135141383250658864,true,true,false,false,cftc_normalized_net_q10_reversal_v1
SUGAR NO. 11 - ICE FUTURES U.S.,080732,2013-01-08,2013-01-11T20:30:00Z,cftc_ordinary_rule_estimate_not_holiday_verified,cftc_sugar_no11_selected_history_e1eadfec2053,https://publicreporting.cftc.gov/resource/72hh-3qpy.json?%24select=report_date_as_yyyy_mm_dd%2Ccftc_contract_market_code%2Cmarket_and_exchange_names%2Copen_interest_all%2Cm_money_positions_long_all%2Cm_money_positions_short_all%2Cm_money_positions_spread%2Ccontract_units%2Cfutonly_or_combined&%24where=cftc_contract_market_code%3D%27080732%27+AND+report_date_as_yyyy_mm_dd%3E%3D%272009-09-01T00%3A00%3A00.000%27+AND+report_date_as_yyyy_mm_dd%3C%3D%272026-08-11T00%3A00%3A00.000%27&%24order=report_date_as_yyyy_mm_dd&%24limit=5000,e1eadfec20535920e28d87b1a02245d9241765f4ae199f31c25d130fdaf7d93a,144379,121627,22752,765768,0.02971134860688877048923433729,175,0.06615881255768544156492547374,0.04007945874695996032366974229,true,false,false,false,cftc_normalized_net_q10_reversal_v1
SUGAR NO. 11 - ICE FUTURES U.S.,080732,2013-01-15,2013-01-18T20:30:00Z,cftc_ordinary_rule_estimate_not_holiday_verified,cftc_sugar_no11_selected_history_e1eadfec2053,https://publicreporting.cftc.gov/resource/72hh-3qpy.json?%24select=report_date_as_yyyy_mm_dd%2Ccftc_contract_market_code%2Cmarket_and_exchange_names%2Copen_interest_all%2Cm_money_positions_long_all%2Cm_money_positions_short_all%2Cm_money_positions_spread%2Ccontract_units%2Cfutonly_or_combined&%24where=cftc_contract_market_code%3D%27080732%27+AND+report_date_as_yyyy_mm_dd%3E%3D%272009-09-01T00%3A00%3A00.000%27+AND+report_date_as_yyyy_mm_dd%3C%3D%272026-08-11T00%3A00%3A00.000%27&%24order=report_date_as_yyyy_mm_dd&%24limit=5000,e1eadfec20535920e28d87b1a02245d9241765f4ae199f31c25d130fdaf7d93a,148739,126534,22205,786010,0.02825027671403671709011335734,176,0.06603548617869411378005787611,0.02971134860688877048923433729,true,false,false,false,cftc_normalized_net_q10_reversal_v1
SUGAR NO. 11 - ICE FUTURES U.S.,080732,2013-01-22,2013-01-25T20:30:00Z,cftc_ordinary_rule_estimate_not_holiday_verified,cftc_sugar_no11_selected_history_e1eadfec2053,https://publicreporting.cftc.gov/resource/72hh-3qpy.json?%24select=report_date_as_yyyy_mm_dd%2Ccftc_contract_market_code%2Cmarket_and_exchange_names%2Copen_interest_all%2Cm_money_positions_long_all%2Cm_money_positions_short_all%2Cm_money_positions_spread%2Ccontract_units%2Cfutonly_or_combined&%24where=cftc_contract_market_code%3D%27080732%27+AND+report_date_as_yyyy_mm_dd%3E%3D%272009-09-01T00%3A00%3A00.000%27+AND+report_date_as_yyyy_mm_dd%3C%3D%272026-08-11T00%3A00%3A00.000%27&%24order=report_date_as_yyyy_mm_dd&%24limit=5000,e1eadfec20535920e28d87b1a02245d9241765f4ae199f31c25d130fdaf7d93a,152690,156808,-4118,823614,-0.004999915008729817608734188588,177,0.06489997108787171477127685831,0.02825027671403671709011335734,true,false,false,false,cftc_normalized_net_q10_reversal_v1
SUGAR NO. 11 - ICE FUTURES U.S.,080732,2013-01-29,2013-02-01T20:30:00Z,cftc_ordinary_rule_estimate_not_holiday_verified,cftc_sugar_no11_selected_history_e1eadfec2053,https://publicreporting.cftc.gov/resource/72hh-3qpy.json?%24select=report_date_as_yyyy_mm_dd%2Ccftc_contract_market_code%2Cmarket_and_exchange_names%2Copen_interest_all%2Cm_money_positions_long_all%2Cm_money_positions_short_all%2Cm_money_positions_spread%2Ccontract_units%2Cfutonly_or_combined&%24where=cftc_contract_market_code%3D%27080732%27+AND+report_date_as_yyyy_mm_dd%3E%3D%272009-09-01T00%3A00%3A00.000%27+AND+report_date_as_yyyy_mm_dd%3C%3D%272026-08-11T00%3A00%3A00.000%27&%24order=report_date_as_yyyy_mm_dd&%24limit=5000,e1eadfec20535920e28d87b1a02245d9241765f4ae199f31c25d130fdaf7d93a,156387,149888,6499,829549,0.007834377474989421963018459428,178,0.06430788142456621845897036439,-0.004999915008729817608734188588,true,true,false,false,cftc_normalized_net_q10_reversal_v1
SUGAR NO. 11 - ICE FUTURES U.S.,080732,2013-02-05,2013-02-08T20:30:00Z,cftc_ordinary_rule_estimate_not_holiday_verified,cftc_sugar_no11_selected_history_e1eadfec2053,https://publicreporting.cftc.gov/resource/72hh-3qpy.json?%24select=report_date_as_yyyy_mm_dd%2Ccftc_contract_market_code%2Cmarket_and_exchange_names%2Copen_interest_all%2Cm_money_positions_long_all%2Cm_money_positions_short_all%2Cm_money_positions_spread%2Ccontract_units%2Cfutonly_or_combined&%24where=cftc_contract_market_code%3D%27080732%27+AND+report_date_as_yyyy_mm_dd%3E%3D%272009-09-01T00%3A00%3A00.000%27+AND+report_date_as_yyyy_mm_dd%3C%3D%272026-08-11T00%3A00%3A00.000%27&%24order=report_date_as_yyyy_mm_dd&%24limit=5000,e1eadfec20535920e28d87b1a02245d9241765f4ae199f31c25d130fdaf7d93a,155963,153083,2880,841251,0.003423472899289272761637133269,179,0.06062862680945615164684201258,0.007834377474989421963018459428,true,false,false,false,cftc_normalized_net_q10_reversal_v1
SUGAR NO. 11 - ICE FUTURES U.S.,080732,2013-02-12,2013-02-15T20:30:00Z,cftc_ordinary_rule_estimate_not_holiday_verified,cftc_sugar_no11_selected_history_e1eadfec2053,https://publicreporting.cftc.gov/resource/72hh-3qpy.json?%24select=report_date_as_yyyy_mm_dd%2Ccftc_contract_market_code%2Cmarket_and_exchange_names%2Copen_interest_all%2Cm_money_positions_long_all%2Cm_money_positions_short_all%2Cm_money_positions_spread%2Ccontract_units%2Cfutonly_or_combined&%24where=cftc_contract_market_code%3D%27080732%27+AND+report_date_as_yyyy_mm_dd%3E%3D%272009-09-01T00%3A00%3A00.000%27+AND+report_date_as_yyyy_mm_dd%3C%3D%272026-08-11T00%3A00%3A00.000%27&%24order=report_date_as_yyyy_mm_dd&%24limit=5000,e1eadfec20535920e28d87b1a02245d9241765f4ae199f31c25d130fdaf7d93a,158177,170734,-12557,848854,-0.01479288546675871233451217759,180,0.06062415485148459469928444675,0.003423472899289272761637133269,true,false,false,false,cftc_normalized_net_q10_reversal_v1
SUGAR NO. 11 - ICE FUTURES U.S.,080732,2013-02-19,2013-02-22T20:30:00Z,cftc_ordinary_rule_estimate_not_holiday_verified,cftc_sugar_no11_selected_history_e1eadfec2053,https://publicreporting.cftc.gov/resource/72hh-3qpy.json?%24select=report_date_as_yyyy_mm_dd%2Ccftc_contract_market_code%2Cmarket_and_exchange_names%2Copen_interest_all%2Cm_money_positions_long_all%2Cm_money_positions_short_all%2Cm_money_positions_spread%2Ccontract_units%2Cfutonly_or_combined&%24where=cftc_contract_market_code%3D%27080732%27+AND+report_date_as_yyyy_mm_dd%3E%3D%272009-09-01T00%3A00%3A00.000%27+AND+report_date_as_yyyy_mm_dd%3C%3D%272026-08-11T00%3A00%3A00.000%27&%24order=report_date_as_yyyy_mm_dd&%24limit=5000,e1eadfec20535920e28d87b1a02245d9241765f4ae199f31c25d130fdaf7d93a,142782,192556,-49774,825539,-0.06029272996187945087997054046,181,0.06062415485148459469928444675,-0.01479288546675871233451217759,true,false,false,false,cftc_normalized_net_q10_reversal_v1
SUGAR NO. 11 - ICE FUTURES U.S.,080732,2013-02-26,2013-03-01T20:30:00Z,cftc_ordinary_rule_estimate_not_holiday_verified,cftc_sugar_no11_selected_history_e1eadfec2053,https://publicreporting.cftc.gov/resource/72hh-3qpy.json?%24select=report_date_as_yyyy_mm_dd%2Ccftc_contract_market_code%2Cmarket_and_exchange_names%2Copen_interest_all%2Cm_money_positions_long_all%2Cm_money_positions_short_all%2Cm_money_positions_spread%2Ccontract_units%2Cfutonly_or_combined&%24where=cftc_contract_market_code%3D%27080732%27+AND+report_date_as_yyyy_mm_dd%3E%3D%272009-09-01T00%3A00%3A00.000%27+AND+report_date_as_yyyy_mm_dd%3C%3D%272026-08-11T00%3A00%3A00.000%27&%24order=report_date_as_yyyy_mm_dd&%24limit=5000,e1eadfec20535920e28d87b1a02245d9241765f4ae199f31c25d130fdaf7d93a,140087,181856,-41769,786486,-0.0531083833660103294909254583,182,0.04787052686260307147508359124,-0.06029272996187945087997054046,true,true,false,false,cftc_normalized_net_q10_reversal_v1
SUGAR NO. 11 - ICE FUTURES U.S.,080732,2013-03-05,2013-03-08T20:30:00Z,cftc_ordinary_rule_estimate_not_holiday_verified,cftc_sugar_no11_selected_history_e1eadfec2053,https://publicreporting.cftc.gov/resource/72hh-3qpy.json?%24select=report_date_as_yyyy_mm_dd%2Ccftc_contract_market_code%2Cmarket_and_exchange_names%2Copen_interest_all%2Cm_money_positions_long_all%2Cm_money_positions_short_all%2Cm_money_positions_spread%2Ccontract_units%2Cfutonly_or_combined&%24where=cftc_contract_market_code%3D%27080732%27+AND+report_date_as_yyyy_mm_dd%3E%3D%272009-09-01T00%3A00%3A00.000%27+AND+report_date_as_yyyy_mm_dd%3C%3D%272026-08-11T00%3A00%3A00.000%27&%24order=report_date_as_yyyy_mm_dd&%24limit=5000,e1eadfec20535920e28d87b1a02245d9241765f4ae199f31c25d130fdaf7d93a,140485,182207,-41722,785424,-0.05312035282853592454521379535,183,0.04636931056612613261958258888,-0.0531083833660103294909254583,true,false,false,false,cftc_normalized_net_q10_reversal_v1
SUGAR NO. 11 - ICE FUTURES U.S.,080732,2013-03-12,2013-03-15T19:30:00Z,cftc_ordinary_rule_estimate_not_holiday_verified,cftc_sugar_no11_selected_history_e1eadfec2053,https://publicreporting.cftc.gov/resource/72hh-3qpy.json?%24select=report_date_as_yyyy_mm_dd%2Ccftc_contract_market_code%2Cmarket_and_exchange_names%2Copen_interest_all%2Cm_money_positions_long_all%2Cm_money_positions_short_all%2Cm_money_positions_spread%2Ccontract_units%2Cfutonly_or_combined&%24where=cftc_contract_market_code%3D%27080732%27+AND+report_date_as_yyyy_mm_dd%3E%3D%272009-09-01T00%3A00%3A00.000%27+AND+report_date_as_yyyy_mm_dd%3C%3D%272026-08-11T00%3A00%3A00.000%27&%24order=report_date_as_yyyy_mm_dd&%24limit=5000,e1eadfec20535920e28d87b1a02245d9241765f4ae199f31c25d130fdaf7d93a,144575,154751,-10176,797883,-0.01275374960990521166637213727,184,0.04256321816030641506407042734,-0.05312035282853592454521379535,true,true,false,false,cftc_normalized_net_q10_reversal_v1
SUGAR NO. 11 - ICE FUTURES U.S.,080732,2013-03-19,2013-03-22T19:30:00Z,cftc_ordinary_rule_estimate_not_holiday_verified,cftc_sugar_no11_selected_history_e1eadfec2053,https://publicreporting.cftc.gov/resource/72hh-3qpy.json?%24select=report_date_as_yyyy_mm_dd%2Ccftc_contract_market_code%2Cmarket_and_exchange_names%2Copen_interest_all%2Cm_money_positions_long_all%2Cm_money_positions_short_all%2Cm_money_positions_spread%2Ccontract_units%2Cfutonly_or_combined&%24where=cftc_contract_market_code%3D%27080732%27+AND+report_date_as_yyyy_mm_dd%3E%3D%272009-09-01T00%3A00%3A00.000%27+AND+report_date_as_yyyy_mm_dd%3C%3D%272026-08-11T00%3A00%3A00.000%27&%24order=report_date_as_yyyy_mm_dd&%24limit=5000,e1eadfec20535920e28d87b1a02245d9241765f4ae199f31c25d130fdaf7d93a,142492,146304,-3812,801467,-0.004756278174896783024129502525,185,0.04007945874695996032366974229,-0.01275374960990521166637213727,true,true,false,false,cftc_normalized_net_q10_reversal_v1
SUGAR NO. 11 - ICE FUTURES U.S.,080732,2013-03-26,2013-03-29T19:30:00Z,cftc_ordinary_rule_estimate_not_holiday_verified,cftc_sugar_no11_selected_history_e1eadfec2053,https://publicreporting.cftc.gov/resource/72hh-3qpy.json?%24select=report_date_as_yyyy_mm_dd%2Ccftc_contract_market_code%2Cmarket_and_exchange_names%2Copen_interest_all%2Cm_money_positions_long_all%2Cm_money_positions_short_all%2Cm_money_positions_spread%2Ccontract_units%2Cfutonly_or_combined&%24where=cftc_contract_market_code%3D%27080732%27+AND+report_date_as_yyyy_mm_dd%3E%3D%272009-09-01T00%3A00%3A00.000%27+AND+report_date_as_yyyy_mm_dd%3C%3D%272026-08-11T00%3A00%3A00.000%27&%24order=report_date_as_yyyy_mm_dd&%24limit=5000,e1eadfec20535920e28d87b1a02245d9241765f4ae199f31c25d130fdaf7d93a,135050,164325,-29275,836833,-0.03498308503608246806710538423,186,0.03358322820135141383250658864,-0.004756278174896783024129502525,true,false,false,false,cftc_normalized_net_q10_reversal_v1
SUGAR NO. 11 - ICE FUTURES U.S.,080732,2013-04-02,2013-04-05T19:30:00Z,cftc_ordinary_rule_estimate_not_holiday_verified,cftc_sugar_no11_selected_history_e1eadfec2053,https://publicreporting.cftc.gov/resource/72hh-3qpy.json?%24select=report_date_as_yyyy_mm_dd%2Ccftc_contract_market_code%2Cmarket_and_exchange_names%2Copen_interest_all%2Cm_money_positions_long_all%2Cm_money_positions_short_all%2Cm_money_positions_spread%2Ccontract_units%2Cfutonly_or_combined&%24where=cftc_contract_market_code%3D%27080732%27+AND+report_date_as_yyyy_mm_dd%3E%3D%272009-09-01T00%3A00%3A00.000%27+AND+report_date_as_yyyy_mm_dd%3C%3D%272026-08-11T00%3A00%3A00.000%27&%24order=report_date_as_yyyy_mm_dd&%24limit=5000,e1eadfec20535920e28d87b1a02245d9241765f4ae199f31c25d130fdaf7d93a,136503,198593,-62090,857592,-0.07240039552607766863496860978,187,0.03074171275444798639609782806,-0.03498308503608246806710538423,true,false,true,false,cftc_normalized_net_q10_reversal_v1
SUGAR NO. 11 - ICE FUTURES U.S.,080732,2013-04-09,2013-04-12T19:30:00Z,cftc_ordinary_rule_estimate_not_holiday_verified,cftc_sugar_no11_selected_history_e1eadfec2053,https://publicreporting.cftc.gov/resource/72hh-3qpy.json?%24select=report_date_as_yyyy_mm_dd%2Ccftc_contract_market_code%2Cmarket_and_exchange_names%2Copen_interest_all%2Cm_money_positions_long_all%2Cm_money_positions_short_all%2Cm_money_positions_spread%2Ccontract_units%2Cfutonly_or_combined&%24where=cftc_contract_market_code%3D%27080732%27+AND+report_date_as_yyyy_mm_dd%3E%3D%272009-09-01T00%3A00%3A00.000%27+AND+report_date_as_yyyy_mm_dd%3C%3D%272026-08-11T00%3A00%3A00.000%27&%24order=report_date_as_yyyy_mm_dd&%24limit=5000,e1eadfec20535920e28d87b1a02245d9241765f4ae199f31c25d130fdaf7d93a,144960,212419,-67459,870275,-0.07751457872511562437160667605,188,0.02971134860688877048923433729,-0.07240039552607766863496860978,true,false,true,false,cftc_normalized_net_q10_reversal_v1
SUGAR NO. 11 - ICE FUTURES U.S.,080732,2013-04-16,2013-04-19T19:30:00Z,cftc_official_event_weekly_page_verified,cftc_sugar_no11_selected_history_e1eadfec2053,https://publicreporting.cftc.gov/resource/72hh-3qpy.json?%24select=report_date_as_yyyy_mm_dd%2Ccftc_contract_market_code%2Cmarket_and_exchange_names%2Copen_interest_all%2Cm_money_positions_long_all%2Cm_money_positions_short_all%2Cm_money_positions_spread%2Ccontract_units%2Cfutonly_or_combined&%24where=cftc_contract_market_code%3D%27080732%27+AND+report_date_as_yyyy_mm_dd%3E%3D%272009-09-01T00%3A00%3A00.000%27+AND+report_date_as_yyyy_mm_dd%3C%3D%272026-08-11T00%3A00%3A00.000%27&%24order=report_date_as_yyyy_mm_dd&%24limit=5000,e1eadfec20535920e28d87b1a02245d9241765f4ae199f31c25d130fdaf7d93a,145668,194818,-49150,854731,-0.05750347185254776064048221019,189,0.02969984687346890917237692298,-0.07751457872511562437160667605,true,true,true,true,cftc_normalized_net_q10_reversal_v1
SUGAR NO. 11 - ICE FUTURES U.S.,080732,2013-04-23,2013-04-26T19:30:00Z,cftc_ordinary_rule_estimate_not_holiday_verified,cftc_sugar_no11_selected_history_e1eadfec2053,https://publicreporting.cftc.gov/resource/72hh-3qpy.json?%24select=report_date_as_yyyy_mm_dd%2Ccftc_contract_market_code%2Cmarket_and_exchange_names%2Copen_interest_all%2Cm_money_positions_long_all%2Cm_money_positions_short_all%2Cm_money_positions_spread%2Ccontract_units%2Cfutonly_or_combined&%24where=cftc_contract_market_code%3D%27080732%27+AND+report_date_as_yyyy_mm_dd%3E%3D%272009-09-01T00%3A00%3A00.000%27+AND+report_date_as_yyyy_mm_dd%3C%3D%272026-08-11T00%3A00%3A00.000%27&%24order=report_date_as_yyyy_mm_dd&%24limit=5000,e1eadfec20535920e28d87b1a02245d9241765f4ae199f31c25d130fdaf7d93a,149324,183342,-34018,842135,-0.04039494855337920879668936691,190,0.02841267854219600538704605264,-0.05750347185254776064048221019,true,true,false,false,cftc_normalized_net_q10_reversal_v1
SUGAR NO. 11 - ICE FUTURES U.S.,080732,2013-04-30,2013-05-03T19:30:00Z,cftc_ordinary_rule_estimate_not_holiday_verified,cftc_sugar_no11_selected_history_e1eadfec2053,https://publicreporting.cftc.gov/resource/72hh-3qpy.json?%24select=report_date_as_yyyy_mm_dd%2Ccftc_contract_market_code%2Cmarket_and_exchange_names%2Copen_interest_all%2Cm_money_positions_long_all%2Cm_money_positions_short_all%2Cm_money_positions_spread%2Ccontract_units%2Cfutonly_or_combined&%24where=cftc_contract_market_code%3D%27080732%27+AND+report_date_as_yyyy_mm_dd%3E%3D%272009-09-01T00%3A00%3A00.000%27+AND+report_date_as_yyyy_mm_dd%3C%3D%272026-08-11T00%3A00%3A00.000%27&%24order=report_date_as_yyyy_mm_dd&%24limit=5000,e1eadfec20535920e28d87b1a02245d9241765f4ae199f31c25d130fdaf7d93a,149379,185292,-35913,829305,-0.04330493606091847993199124568,191,0.02841267854219600538704605264,-0.04039494855337920879668936691,true,false,false,false,cftc_normalized_net_q10_reversal_v1
SUGAR NO. 11 - ICE FUTURES U.S.,080732,2013-05-07,2013-05-10T19:30:00Z,cftc_ordinary_rule_estimate_not_holiday_verified,cftc_sugar_no11_selected_history_e1eadfec2053,https://publicreporting.cftc.gov/resource/72hh-3qpy.json?%24select=report_date_as_yyyy_mm_dd%2Ccftc_contract_market_code%2Cmarket_and_exchange_names%2Copen_interest_all%2Cm_money_positions_long_all%2Cm_money_positions_short_all%2Cm_money_positions_spread%2Ccontract_units%2Cfutonly_or_combined&%24where=cftc_contract_market_code%3D%27080732%27+AND+report_date_as_yyyy_mm_dd%3E%3D%272009-09-01T00%3A00%3A00.000%27+AND+report_date_as_yyyy_mm_dd%3C%3D%272026-08-11T00%3A00%3A00.000%27&%24order=report_date_as_yyyy_mm_dd&%24limit=5000,e1eadfec20535920e28d87b1a02245d9241765f4ae199f31c25d130fdaf7d93a,151724,180891,-29167,805148,-0.03622563801934551163264393627,192,0.02825027671403671709011335734,-0.04330493606091847993199124568,true,true,false,false,cftc_normalized_net_q10_reversal_v1
SUGAR NO. 11 - ICE FUTURES U.S.,080732,2013-05-14,2013-05-17T19:30:00Z,cftc_ordinary_rule_estimate_not_holiday_verified,cftc_sugar_no11_selected_history_e1eadfec2053,https://publicreporting.cftc.gov/resource/72hh-3qpy.json?%24select=report_date_as_yyyy_mm_dd%2Ccftc_contract_market_code%2Cmarket_and_exchange_names%2Copen_interest_all%2Cm_money_positions_long_all%2Cm_money_positions_short_all%2Cm_money_positions_spread%2Ccontract_units%2Cfutonly_or_combined&%24where=cftc_contract_market_code%3D%27080732%27+AND+report_date_as_yyyy_mm_dd%3E%3D%272009-09-01T00%3A00%3A00.000%27+AND+report_date_as_yyyy_mm_dd%3C%3D%272026-08-11T00%3A00%3A00.000%27&%24order=report_date_as_yyyy_mm_dd&%24limit=5000,e1eadfec20535920e28d87b1a02245d9241765f4ae199f31c25d130fdaf7d93a,152642,199789,-47147,841726,-0.05601228903467399129883121111,193,0.023647995337686591875389078,-0.03622563801934551163264393627,true,false,false,false,cftc_normalized_net_q10_reversal_v1
SUGAR NO. 11 - ICE FUTURES U.S.,080732,2013-05-21,2013-05-24T19:30:00Z,cftc_ordinary_rule_estimate_not_holiday_verified,cftc_sugar_no11_selected_history_e1eadfec2053,https://publicreporting.cftc.gov/resource/72hh-3qpy.json?%24select=report_date_as_yyyy_mm_dd%2Ccftc_contract_market_code%2Cmarket_and_exchange_names%2Copen_interest_all%2Cm_money_positions_long_all%2Cm_money_positions_short_all%2Cm_money_positions_spread%2Ccontract_units%2Cfutonly_or_combined&%24where=cftc_contract_market_code%3D%27080732%27+AND+report_date_as_yyyy_mm_dd%3E%3D%272009-09-01T00%3A00%3A00.000%27+AND+report_date_as_yyyy_mm_dd%3C%3D%272026-08-11T00%3A00%3A00.000%27&%24order=report_date_as_yyyy_mm_dd&%24limit=5000,e1eadfec20535920e28d87b1a02245d9241765f4ae199f31c25d130fdaf7d93a,151178,210864,-59686,863297,-0.06913727257247505783061912644,194,0.02114565743574175816729504175,-0.05601228903467399129883121111,true,false,false,false,cftc_normalized_net_q10_reversal_v1
SUGAR NO. 11 - ICE FUTURES U.S.,080732,2013-05-28,2013-05-31T19:30:00Z,cftc_ordinary_rule_estimate_not_holiday_verified,cftc_sugar_no11_selected_history_e1eadfec2053,https://publicreporting.cftc.gov/resource/72hh-3qpy.json?%24select=report_date_as_yyyy_mm_dd%2Ccftc_contract_market_code%2Cmarket_and_exchange_names%2Copen_interest_all%2Cm_money_positions_long_all%2Cm_money_positions_short_all%2Cm_money_positions_spread%2Ccontract_units%2Cfutonly_or_combined&%24where=cftc_contract_market_code%3D%27080732%27+AND+report_date_as_yyyy_mm_dd%3E%3D%272009-09-01T00%3A00%3A00.000%27+AND+report_date_as_yyyy_mm_dd%3C%3D%272026-08-11T00%3A00%3A00.000%27&%24order=report_date_as_yyyy_mm_dd&%24limit=5000,e1eadfec20535920e28d87b1a02245d9241765f4ae199f31c25d130fdaf7d93a,162476,214894,-52418,894044,-0.05863022401582025045747189176,195,0.0188577769519258198834327409,-0.06913727257247505783061912644,true,true,false,false,cftc_normalized_net_q10_reversal_v1
SUGAR NO. 11 - ICE FUTURES U.S.,080732,2013-06-04,2013-06-07T19:30:00Z,cftc_ordinary_rule_estimate_not_holiday_verified,cftc_sugar_no11_selected_history_e1eadfec2053,https://publicreporting.cftc.gov/resource/72hh-3qpy.json?%24select=report_date_as_yyyy_mm_dd%2Ccftc_contract_market_code%2Cmarket_and_exchange_names%2Copen_interest_all%2Cm_money_positions_long_all%2Cm_money_positions_short_all%2Cm_money_positions_spread%2Ccontract_units%2Cfutonly_or_combined&%24where=cftc_contract_market_code%3D%27080732%27+AND+report_date_as_yyyy_mm_dd%3E%3D%272009-09-01T00%3A00%3A00.000%27+AND+report_date_as_yyyy_mm_dd%3C%3D%272026-08-11T00%3A00%3A00.000%27&%24order=report_date_as_yyyy_mm_dd&%24limit=5000,e1eadfec20535920e28d87b1a02245d9241765f4ae199f31c25d130fdaf7d93a,169694,219699,-50005,932648,-0.05361615529117094552285535379,196,0.01884471989541470972740037767,-0.05863022401582025045747189176,true,true,false,false,cftc_normalized_net_q10_reversal_v1
SUGAR NO. 11 - ICE FUTURES U.S.,080732,2013-06-11,2013-06-14T19:30:00Z,cftc_ordinary_rule_estimate_not_holiday_verified,cftc_sugar_no11_selected_history_e1eadfec2053,https://publicreporting.cftc.gov/resource/72hh-3qpy.json?%24select=report_date_as_yyyy_mm_dd%2Ccftc_contract_market_code%2Cmarket_and_exchange_names%2Copen_interest_all%2Cm_money_positions_long_all%2Cm_money_positions_short_all%2Cm_money_positions_spread%2Ccontract_units%2Cfutonly_or_combined&%24where=cftc_contract_market_code%3D%27080732%27+AND+report_date_as_yyyy_mm_dd%3E%3D%272009-09-01T00%3A00%3A00.000%27+AND+report_date_as_yyyy_mm_dd%3C%3D%272026-08-11T00%3A00%3A00.000%27&%24order=report_date_as_yyyy_mm_dd&%24limit=5000,e1eadfec20535920e28d87b1a02245d9241765f4ae199f31c25d130fdaf7d93a,167253,228882,-61629,926315,-0.0665313635210484554390245219,197,0.007834377474989421963018459428,-0.05361615529117094552285535379,true,false,false,false,cftc_normalized_net_q10_reversal_v1
SUGAR NO. 11 - ICE FUTURES U.S.,080732,2013-06-18,2013-06-21T19:30:00Z,cftc_ordinary_rule_estimate_not_holiday_verified,cftc_sugar_no11_selected_history_e1eadfec2053,https://publicreporting.cftc.gov/resource/72hh-3qpy.json?%24select=report_date_as_yyyy_mm_dd%2Ccftc_contract_market_code%2Cmarket_and_exchange_names%2Copen_interest_all%2Cm_money_positions_long_all%2Cm_money_positions_short_all%2Cm_money_positions_spread%2Ccontract_units%2Cfutonly_or_combined&%24where=cftc_contract_market_code%3D%27080732%27+AND+report_date_as_yyyy_mm_dd%3E%3D%272009-09-01T00%3A00%3A00.000%27+AND+report_date_as_yyyy_mm_dd%3C%3D%272026-08-11T00%3A00%3A00.000%27&%24order=report_date_as_yyyy_mm_dd&%24limit=5000,e1eadfec20535920e28d87b1a02245d9241765f4ae199f31c25d130fdaf7d93a,158723,231394,-72671,914122,-0.07949814138594192022509030523,198,0.003423472899289272761637133269,-0.0665313635210484554390245219,true,false,false,false,cftc_normalized_net_q10_reversal_v1
SUGAR NO. 11 - ICE FUTURES U.S.,080732,2013-06-25,2013-06-28T19:30:00Z,cftc_ordinary_rule_estimate_not_holiday_verified,cftc_sugar_no11_selected_history_e1eadfec2053,https://publicreporting.cftc.gov/resource/72hh-3qpy.json?%24select=report_date_as_yyyy_mm_dd%2Ccftc_contract_market_code%2Cmarket_and_exchange_names%2Copen_interest_all%2Cm_money_positions_long_all%2Cm_money_positions_short_all%2Cm_money_positions_spread%2Ccontract_units%2Cfutonly_or_combined&%24where=cftc_contract_market_code%3D%27080732%27+AND+report_date_as_yyyy_mm_dd%3E%3D%272009-09-01T00%3A00%3A00.000%27+AND+report_date_as_yyyy_mm_dd%3C%3D%272026-08-11T00%3A00%3A00.000%27&%24order=report_date_as_yyyy_mm_dd&%24limit=5000,e1eadfec20535920e28d87b1a02245d9241765f4ae199f31c25d130fdaf7d93a,153941,201800,-47859,861280,-0.05556729518855656697009102731,199,-0.004756278174896783024129502525,-0.07949814138594192022509030523,true,true,false,false,cftc_normalized_net_q10_reversal_v1
SUGAR NO. 11 - ICE FUTURES U.S.,080732,2013-07-02,2013-07-08T19:30:00Z,cftc_official_historical_release_verified,cftc_sugar_no11_selected_history_e1eadfec2053,https://publicreporting.cftc.gov/resource/72hh-3qpy.json?%24select=report_date_as_yyyy_mm_dd%2Ccftc_contract_market_code%2Cmarket_and_exchange_names%2Copen_interest_all%2Cm_money_positions_long_all%2Cm_money_positions_short_all%2Cm_money_positions_spread%2Ccontract_units%2Cfutonly_or_combined&%24where=cftc_contract_market_code%3D%27080732%27+AND+report_date_as_yyyy_mm_dd%3E%3D%272009-09-01T00%3A00%3A00.000%27+AND+report_date_as_yyyy_mm_dd%3C%3D%272026-08-11T00%3A00%3A00.000%27&%24order=report_date_as_yyyy_mm_dd&%24limit=5000,e1eadfec20535920e28d87b1a02245d9241765f4ae199f31c25d130fdaf7d93a,156975,187634,-30659,832420,-0.03683116695898704980658802047,200,-0.004999915008729817608734188588,-0.05556729518855656697009102731,true,true,false,false,cftc_normalized_net_q10_reversal_v1
SUGAR NO. 11 - ICE FUTURES U.S.,080732,2013-07-09,2013-07-12T19:30:00Z,cftc_ordinary_rule_estimate_not_holiday_verified,cftc_sugar_no11_selected_history_e1eadfec2053,https://publicreporting.cftc.gov/resource/72hh-3qpy.json?%24select=report_date_as_yyyy_mm_dd%2Ccftc_contract_market_code%2Cmarket_and_exchange_names%2Copen_interest_all%2Cm_money_positions_long_all%2Cm_money_positions_short_all%2Cm_money_positions_spread%2Ccontract_units%2Cfutonly_or_combined&%24where=cftc_contract_market_code%3D%27080732%27+AND+report_date_as_yyyy_mm_dd%3E%3D%272009-09-01T00%3A00%3A00.000%27+AND+report_date_as_yyyy_mm_dd%3C%3D%272026-08-11T00%3A00%3A00.000%27&%24order=report_date_as_yyyy_mm_dd&%24limit=5000,e1eadfec20535920e28d87b1a02245d9241765f4ae199f31c25d130fdaf7d93a,160881,204416,-43535,835810,-0.05208719685095895000059822208,201,-0.004999915008729817608734188588,-0.03683116695898704980658802047,true,false,false,false,cftc_normalized_net_q10_reversal_v1
SUGAR NO. 11 - ICE FUTURES U.S.,080732,2013-07-16,2013-07-19T19:30:00Z,cftc_ordinary_rule_estimate_not_holiday_verified,cftc_sugar_no11_selected_history_e1eadfec2053,https://publicreporting.cftc.gov/resource/72hh-3qpy.json?%24select=report_date_as_yyyy_mm_dd%2Ccftc_contract_market_code%2Cmarket_and_exchange_names%2Copen_interest_all%2Cm_money_positions_long_all%2Cm_money_positions_short_all%2Cm_money_positions_spread%2Ccontract_units%2Cfutonly_or_combined&%24where=cftc_contract_market_code%3D%27080732%27+AND+report_date_as_yyyy_mm_dd%3E%3D%272009-09-01T00%3A00%3A00.000%27+AND+report_date_as_yyyy_mm_dd%3C%3D%272026-08-11T00%3A00%3A00.000%27&%24order=report_date_as_yyyy_mm_dd&%24limit=5000,e1eadfec20535920e28d87b1a02245d9241765f4ae199f31c25d130fdaf7d93a,165136,225063,-59927,859880,-0.06969228264408987300553565614,202,-0.01275374960990521166637213727,-0.05208719685095895000059822208,true,false,true,false,cftc_normalized_net_q10_reversal_v1
SUGAR NO. 11 - ICE FUTURES U.S.,080732,2013-07-23,2013-07-26T19:30:00Z,cftc_official_event_weekly_page_verified,cftc_sugar_no11_selected_history_e1eadfec2053,https://publicreporting.cftc.gov/resource/72hh-3qpy.json?%24select=report_date_as_yyyy_mm_dd%2Ccftc_contract_market_code%2Cmarket_and_exchange_names%2Copen_interest_all%2Cm_money_positions_long_all%2Cm_money_positions_short_all%2Cm_money_positions_spread%2Ccontract_units%2Cfutonly_or_combined&%24where=cftc_contract_market_code%3D%27080732%27+AND+report_date_as_yyyy_mm_dd%3E%3D%272009-09-01T00%3A00%3A00.000%27+AND+report_date_as_yyyy_mm_dd%3C%3D%272026-08-11T00%3A00%3A00.000%27&%24order=report_date_as_yyyy_mm_dd&%24limit=5000,e1eadfec20535920e28d87b1a02245d9241765f4ae199f31c25d130fdaf7d93a,166194,213115,-46921,857234,-0.05473534647482484362496121246,203,-0.01479288546675871233451217759,-0.06969228264408987300553565614,true,true,true,true,cftc_normalized_net_q10_reversal_v1
SUGAR NO. 11 - ICE FUTURES U.S.,080732,2013-07-30,2013-08-02T19:30:00Z,cftc_ordinary_rule_estimate_not_holiday_verified,cftc_sugar_no11_selected_history_e1eadfec2053,https://publicreporting.cftc.gov/resource/72hh-3qpy.json?%24select=report_date_as_yyyy_mm_dd%2Ccftc_contract_market_code%2Cmarket_and_exchange_names%2Copen_interest_all%2Cm_money_positions_long_all%2Cm_money_positions_short_all%2Cm_money_positions_spread%2Ccontract_units%2Cfutonly_or_combined&%24where=cftc_contract_market_code%3D%27080732%27+AND+report_date_as_yyyy_mm_dd%3E%3D%272009-09-01T00%3A00%3A00.000%27+AND+report_date_as_yyyy_mm_dd%3C%3D%272026-08-11T00%3A00%3A00.000%27&%24order=report_date_as_yyyy_mm_dd&%24limit=5000,e1eadfec20535920e28d87b1a02245d9241765f4ae199f31c25d130fdaf7d93a,161054,204255,-43201,844989,-0.05112610933396766111748200272,204,-0.03498308503608246806710538423,-0.05473534647482484362496121246,true,true,false,false,cftc_normalized_net_q10_reversal_v1
SUGAR NO. 11 - ICE FUTURES U.S.,080732,2013-08-06,2013-08-09T19:30:00Z,cftc_ordinary_rule_estimate_not_holiday_verified,cftc_sugar_no11_selected_history_e1eadfec2053,https://publicreporting.cftc.gov/resource/72hh-3qpy.json?%24select=report_date_as_yyyy_mm_dd%2Ccftc_contract_market_code%2Cmarket_and_exchange_names%2Copen_interest_all%2Cm_money_positions_long_all%2Cm_money_positions_short_all%2Cm_money_positions_spread%2Ccontract_units%2Cfutonly_or_combined&%24where=cftc_contract_market_code%3D%27080732%27+AND+report_date_as_yyyy_mm_dd%3E%3D%272009-09-01T00%3A00%3A00.000%27+AND+report_date_as_yyyy_mm_dd%3C%3D%272026-08-11T00%3A00%3A00.000%27&%24order=report_date_as_yyyy_mm_dd&%24limit=5000,e1eadfec20535920e28d87b1a02245d9241765f4ae199f31c25d130fdaf7d93a,157861,197261,-39400,852042,-0.04624185192748714265259224311,205,-0.03622563801934551163264393627,-0.05112610933396766111748200272,true,true,false,false,cftc_normalized_net_q10_reversal_v1
SUGAR NO. 11 - ICE FUTURES U.S.,080732,2013-08-13,2013-08-16T19:30:00Z,cftc_ordinary_rule_estimate_not_holiday_verified,cftc_sugar_no11_selected_history_e1eadfec2053,https://publicreporting.cftc.gov/resource/72hh-3qpy.json?%24select=report_date_as_yyyy_mm_dd%2Ccftc_contract_market_code%2Cmarket_and_exchange_names%2Copen_interest_all%2Cm_money_positions_long_all%2Cm_money_positions_short_all%2Cm_money_positions_spread%2Ccontract_units%2Cfutonly_or_combined&%24where=cftc_contract_market_code%3D%27080732%27+AND+report_date_as_yyyy_mm_dd%3E%3D%272009-09-01T00%3A00%3A00.000%27+AND+report_date_as_yyyy_mm_dd%3C%3D%272026-08-11T00%3A00%3A00.000%27&%24order=report_date_as_yyyy_mm_dd&%24limit=5000,e1eadfec20535920e28d87b1a02245d9241765f4ae199f31c25d130fdaf7d93a,163763,175288,-11525,870259,-0.01324318392570487636439266931,206,-0.03683116695898704980658802047,-0.04624185192748714265259224311,true,true,false,false,cftc_normalized_net_q10_reversal_v1
SUGAR NO. 11 - ICE FUTURES U.S.,080732,2013-08-20,2013-08-23T19:30:00Z,cftc_ordinary_rule_estimate_not_holiday_verified,cftc_sugar_no11_selected_history_e1eadfec2053,https://publicreporting.cftc.gov/resource/72hh-3qpy.json?%24select=report_date_as_yyyy_mm_dd%2Ccftc_contract_market_code%2Cmarket_and_exchange_names%2Copen_interest_all%2Cm_money_positions_long_all%2Cm_money_positions_short_all%2Cm_money_positions_spread%2Ccontract_units%2Cfutonly_or_combined&%24where=cftc_contract_market_code%3D%27080732%27+AND+report_date_as_yyyy_mm_dd%3E%3D%272009-09-01T00%3A00%3A00.000%27+AND+report_date_as_yyyy_mm_dd%3C%3D%272026-08-11T00%3A00%3A00.000%27&%24order=report_date_as_yyyy_mm_dd&%24limit=5000,e1eadfec20535920e28d87b1a02245d9241765f4ae199f31c25d130fdaf7d93a,160865,160389,476,870279,0.0005469510352427210124569247333,207,-0.03683116695898704980658802047,-0.01324318392570487636439266931,false,true,false,false,cftc_normalized_net_q10_reversal_v1
SUGAR NO. 11 - ICE FUTURES U.S.,080732,2013-08-27,2013-08-30T19:30:00Z,cftc_ordinary_rule_estimate_not_holiday_verified,cftc_sugar_no11_selected_history_e1eadfec2053,https://publicreporting.cftc.gov/resource/72hh-3qpy.json?%24select=report_date_as_yyyy_mm_dd%2Ccftc_contract_market_code%2Cmarket_and_exchange_names%2Copen_interest_all%2Cm_money_positions_long_all%2Cm_money_positions_short_all%2Cm_money_positions_spread%2Ccontract_units%2Cfutonly_or_combined&%24where=cftc_contract_market_code%3D%27080732%27+AND+report_date_as_yyyy_mm_dd%3E%3D%272009-09-01T00%3A00%3A00.000%27+AND+report_date_as_yyyy_mm_dd%3C%3D%272026-08-11T00%3A00%3A00.000%27&%24order=report_date_as_yyyy_mm_dd&%24limit=5000,e1eadfec20535920e28d87b1a02245d9241765f4ae199f31c25d130fdaf7d93a,169571,188669,-19098,909368,-0.02100139877365379032470902869,208,-0.03683116695898704980658802047,0.0005469510352427210124569247333,false,false,false,false,cftc_normalized_net_q10_reversal_v1
SUGAR NO. 11 - ICE FUTURES U.S.,080732,2013-09-03,2013-09-06T19:30:00Z,cftc_ordinary_rule_estimate_not_holiday_verified,cftc_sugar_no11_selected_history_e1eadfec2053,https://publicreporting.cftc.gov/resource/72hh-3qpy.json?%24select=report_date_as_yyyy_mm_dd%2Ccftc_contract_market_code%2Cmarket_and_exchange_names%2Copen_interest_all%2Cm_money_positions_long_all%2Cm_money_positions_short_all%2Cm_money_positions_spread%2Ccontract_units%2Cfutonly_or_combined&%24where=cftc_contract_market_code%3D%27080732%27+AND+report_date_as_yyyy_mm_dd%3E%3D%272009-09-01T00%3A00%3A00.000%27+AND+report_date_as_yyyy_mm_dd%3C%3D%272026-08-11T00%3A00%3A00.000%27&%24order=report_date_as_yyyy_mm_dd&%24limit=5000,e1eadfec20535920e28d87b1a02245d9241765f4ae199f31c25d130fdaf7d93a,168796,195547,-26751,934375,-0.02862983277591973244147157191,209,-0.03683116695898704980658802047,-0.02100139877365379032470902869,false,false,false,false,cftc_normalized_net_q10_reversal_v1
SUGAR NO. 11 - ICE FUTURES U.S.,080732,2013-09-10,2013-09-13T19:30:00Z,cftc_ordinary_rule_estimate_not_holiday_verified,cftc_sugar_no11_selected_history_e1eadfec2053,https://publicreporting.cftc.gov/resource/72hh-3qpy.json?%24select=report_date_as_yyyy_mm_dd%2Ccftc_contract_market_code%2Cmarket_and_exchange_names%2Copen_interest_all%2Cm_money_positions_long_all%2Cm_money_positions_short_all%2Cm_money_positions_spread%2Ccontract_units%2Cfutonly_or_combined&%24where=cftc_contract_market_code%3D%27080732%27+AND+report_date_as_yyyy_mm_dd%3E%3D%272009-09-01T00%3A00%3A00.000%27+AND+report_date_as_yyyy_mm_dd%3C%3D%272026-08-11T00%3A00%3A00.000%27&%24order=report_date_as_yyyy_mm_dd&%24limit=5000,e1eadfec20535920e28d87b1a02245d9241765f4ae199f31c25d130fdaf7d93a,177336,166616,10720,922110,0.01162551105616466582078060101,210,-0.03683116695898704980658802047,-0.02862983277591973244147157191,false,true,false,false,cftc_normalized_net_q10_reversal_v1
SUGAR NO. 11 - ICE FUTURES U.S.,080732,2013-09-17,2013-09-20T19:30:00Z,cftc_ordinary_rule_estimate_not_holiday_verified,cftc_sugar_no11_selected_history_e1eadfec2053,https://publicreporting.cftc.gov/resource/72hh-3qpy.json?%24select=report_date_as_yyyy_mm_dd%2Ccftc_contract_market_code%2Cmarket_and_exchange_names%2Copen_interest_all%2Cm_money_positions_long_all%2Cm_money_positions_short_all%2Cm_money_positions_spread%2Ccontract_units%2Cfutonly_or_combined&%24where=cftc_contract_market_code%3D%27080732%27+AND+report_date_as_yyyy_mm_dd%3E%3D%272009-09-01T00%3A00%3A00.000%27+AND+report_date_as_yyyy_mm_dd%3C%3D%272026-08-11T00%3A00%3A00.000%27&%24order=report_date_as_yyyy_mm_dd&%24limit=5000,e1eadfec20535920e28d87b1a02245d9241765f4ae199f31c25d130fdaf7d93a,168407,140862,27545,848751,0.03245357001052134253744620036,211,-0.03622563801934551163264393627,0.01162551105616466582078060101,false,true,false,false,cftc_normalized_net_q10_reversal_v1
SUGAR NO. 11 - ICE FUTURES U.S.,080732,2013-09-24,2013-09-27T19:30:00Z,cftc_ordinary_rule_estimate_not_holiday_verified,cftc_sugar_no11_selected_history_e1eadfec2053,https://publicreporting.cftc.gov/resource/72hh-3qpy.json?%24select=report_date_as_yyyy_mm_dd%2Ccftc_contract_market_code%2Cmarket_and_exchange_names%2Copen_interest_all%2Cm_money_positions_long_all%2Cm_money_positions_short_all%2Cm_money_positions_spread%2Ccontract_units%2Cfutonly_or_combined&%24where=cftc_contract_market_code%3D%27080732%27+AND+report_date_as_yyyy_mm_dd%3E%3D%272009-09-01T00%3A00%3A00.000%27+AND+report_date_as_yyyy_mm_dd%3C%3D%272026-08-11T00%3A00%3A00.000%27&%24order=report_date_as_yyyy_mm_dd&%24limit=5000,e1eadfec20535920e28d87b1a02245d9241765f4ae199f31c25d130fdaf7d93a,174712,121447,53265,833097,0.06393613228711662627521165002,212,-0.03622563801934551163264393627,0.03245357001052134253744620036,false,true,false,false,cftc_normalized_net_q10_reversal_v1
SUGAR NO. 11 - ICE FUTURES U.S.,080732,2013-10-01,2013-10-25T19:30:00Z,cftc_official_shutdown_catch_up_verified,cftc_sugar_no11_selected_history_e1eadfec2053,https://publicreporting.cftc.gov/resource/72hh-3qpy.json?%24select=report_date_as_yyyy_mm_dd%2Ccftc_contract_market_code%2Cmarket_and_exchange_names%2Copen_interest_all%2Cm_money_positions_long_all%2Cm_money_positions_short_all%2Cm_money_positions_spread%2Ccontract_units%2Cfutonly_or_combined&%24where=cftc_contract_market_code%3D%27080732%27+AND+report_date_as_yyyy_mm_dd%3E%3D%272009-09-01T00%3A00%3A00.000%27+AND+report_date_as_yyyy_mm_dd%3C%3D%272026-08-11T00%3A00%3A00.000%27&%24order=report_date_as_yyyy_mm_dd&%24limit=5000,e1eadfec20535920e28d87b1a02245d9241765f4ae199f31c25d130fdaf7d93a,188879,95792,93087,787891,0.1181470533360579064870648351,213,-0.03622563801934551163264393627,0.06393613228711662627521165002,false,true,true,false,cftc_normalized_net_q10_reversal_v1
SUGAR NO. 11 - ICE FUTURES U.S.,080732,2013-10-08,2013-10-28T19:30:00Z,cftc_official_shutdown_catch_up_verified,cftc_sugar_no11_selected_history_e1eadfec2053,https://publicreporting.cftc.gov/resource/72hh-3qpy.json?%24select=report_date_as_yyyy_mm_dd%2Ccftc_contract_market_code%2Cmarket_and_exchange_names%2Copen_interest_all%2Cm_money_positions_long_all%2Cm_money_positions_short_all%2Cm_money_positions_spread%2Ccontract_units%2Cfutonly_or_combined&%24where=cftc_contract_market_code%3D%27080732%27+AND+report_date_as_yyyy_mm_dd%3E%3D%272009-09-01T00%3A00%3A00.000%27+AND+report_date_as_yyyy_mm_dd%3C%3D%272026-08-11T00%3A00%3A00.000%27&%24order=report_date_as_yyyy_mm_dd&%24limit=5000,e1eadfec20535920e28d87b1a02245d9241765f4ae199f31c25d130fdaf7d93a,211467,81242,130225,814946,0.1597958637750231303669200168,214,-0.03622563801934551163264393627,0.1181470533360579064870648351,false,true,true,false,cftc_normalized_net_q10_reversal_v1
SUGAR NO. 11 - ICE FUTURES U.S.,080732,2013-10-15,2013-10-30T19:30:00Z,cftc_official_shutdown_catch_up_verified,cftc_sugar_no11_selected_history_e1eadfec2053,https://publicreporting.cftc.gov/resource/72hh-3qpy.json?%24select=report_date_as_yyyy_mm_dd%2Ccftc_contract_market_code%2Cmarket_and_exchange_names%2Copen_interest_all%2Cm_money_positions_long_all%2Cm_money_positions_short_all%2Cm_money_positions_spread%2Ccontract_units%2Cfutonly_or_combined&%24where=cftc_contract_market_code%3D%27080732%27+AND+report_date_as_yyyy_mm_dd%3E%3D%272009-09-01T00%3A00%3A00.000%27+AND+report_date_as_yyyy_mm_dd%3C%3D%272026-08-11T00%3A00%3A00.000%27&%24order=report_date_as_yyyy_mm_dd&%24limit=5000,e1eadfec20535920e28d87b1a02245d9241765f4ae199f31c25d130fdaf7d93a,228507,68190,160317,820355,0.1954239323219825563323195446,215,-0.03622563801934551163264393627,0.1597958637750231303669200168,false,true,true,false,cftc_normalized_net_q10_reversal_v1
SUGAR NO. 11 - ICE FUTURES U.S.,080732,2013-10-22,2013-11-01T19:30:00Z,cftc_official_shutdown_catch_up_verified,cftc_sugar_no11_selected_history_e1eadfec2053,https://publicreporting.cftc.gov/resource/72hh-3qpy.json?%24select=report_date_as_yyyy_mm_dd%2Ccftc_contract_market_code%2Cmarket_and_exchange_names%2Copen_interest_all%2Cm_money_positions_long_all%2Cm_money_positions_short_all%2Cm_money_positions_spread%2Ccontract_units%2Cfutonly_or_combined&%24where=cftc_contract_market_code%3D%27080732%27+AND+report_date_as_yyyy_mm_dd%3E%3D%272009-09-01T00%3A00%3A00.000%27+AND+report_date_as_yyyy_mm_dd%3C%3D%272026-08-11T00%3A00%3A00.000%27&%24order=report_date_as_yyyy_mm_dd&%24limit=5000,e1eadfec20535920e28d87b1a02245d9241765f4ae199f31c25d130fdaf7d93a,235988,64806,171182,830021,0.2062381554201640681380350618,216,-0.03622563801934551163264393627,0.1954239323219825563323195446,false,true,true,false,cftc_normalized_net_q10_reversal_v1
SUGAR NO. 11 - ICE FUTURES U.S.,080732,2013-10-29,2013-11-06T20:30:00Z,cftc_official_shutdown_catch_up_verified,cftc_sugar_no11_selected_history_e1eadfec2053,https://publicreporting.cftc.gov/resource/72hh-3qpy.json?%24select=report_date_as_yyyy_mm_dd%2Ccftc_contract_market_code%2Cmarket_and_exchange_names%2Copen_interest_all%2Cm_money_positions_long_all%2Cm_money_positions_short_all%2Cm_money_positions_spread%2Ccontract_units%2Cfutonly_or_combined&%24where=cftc_contract_market_code%3D%27080732%27+AND+report_date_as_yyyy_mm_dd%3E%3D%272009-09-01T00%3A00%3A00.000%27+AND+report_date_as_yyyy_mm_dd%3C%3D%272026-08-11T00%3A00%3A00.000%27&%24order=report_date_as_yyyy_mm_dd&%24limit=5000,e1eadfec20535920e28d87b1a02245d9241765f4ae199f31c25d130fdaf7d93a,242861,62118,180743,824363,0.2192517131409342728870655282,217,-0.03622563801934551163264393627,0.2062381554201640681380350618,false,true,true,false,cftc_normalized_net_q10_reversal_v1
SUGAR NO. 11 - ICE FUTURES U.S.,080732,2013-11-05,2013-11-08T20:30:00Z,cftc_ordinary_rule_estimate_not_holiday_verified,cftc_sugar_no11_selected_history_e1eadfec2053,https://publicreporting.cftc.gov/resource/72hh-3qpy.json?%24select=report_date_as_yyyy_mm_dd%2Ccftc_contract_market_code%2Cmarket_and_exchange_names%2Copen_interest_all%2Cm_money_positions_long_all%2Cm_money_positions_short_all%2Cm_money_positions_spread%2Ccontract_units%2Cfutonly_or_combined&%24where=cftc_contract_market_code%3D%27080732%27+AND+report_date_as_yyyy_mm_dd%3E%3D%272009-09-01T00%3A00%3A00.000%27+AND+report_date_as_yyyy_mm_dd%3C%3D%272026-08-11T00%3A00%3A00.000%27&%24order=report_date_as_yyyy_mm_dd&%24limit=5000,e1eadfec20535920e28d87b1a02245d9241765f4ae199f31c25d130fdaf7d93a,238008,61906,176102,816554,0.2156648549881575498987207215,218,-0.03622563801934551163264393627,0.2192517131409342728870655282,false,false,true,false,cftc_normalized_net_q10_reversal_v1
SUGAR NO. 11 - ICE FUTURES U.S.,080732,2013-11-12,2013-11-15T20:30:00Z,cftc_ordinary_rule_estimate_not_holiday_verified,cftc_sugar_no11_selected_history_e1eadfec2053,https://publicreporting.cftc.gov/resource/72hh-3qpy.json?%24select=report_date_as_yyyy_mm_dd%2Ccftc_contract_market_code%2Cmarket_and_exchange_names%2Copen_interest_all%2Cm_money_positions_long_all%2Cm_money_positions_short_all%2Cm_money_positions_spread%2Ccontract_units%2Cfutonly_or_combined&%24where=cftc_contract_market_code%3D%27080732%27+AND+report_date_as_yyyy_mm_dd%3E%3D%272009-09-01T00%3A00%3A00.000%27+AND+report_date_as_yyyy_mm_dd%3C%3D%272026-08-11T00%3A00%3A00.000%27&%24order=report_date_as_yyyy_mm_dd&%24limit=5000,e1eadfec20535920e28d87b1a02245d9241765f4ae199f31c25d130fdaf7d93a,210449,53503,156946,805734,0.1947863687023260778371025673,219,-0.03622563801934551163264393627,0.2156648549881575498987207215,false,false,true,false,cftc_normalized_net_q10_reversal_v1
SUGAR NO. 11 - ICE FUTURES U.S.,080732,2013-11-19,2013-11-22T20:30:00Z,cftc_ordinary_rule_estimate_not_holiday_verified,cftc_sugar_no11_selected_history_e1eadfec2053,https://publicreporting.cftc.gov/resource/72hh-3qpy.json?%24select=report_date_as_yyyy_mm_dd%2Ccftc_contract_market_code%2Cmarket_and_exchange_names%2Copen_interest_all%2Cm_money_positions_long_all%2Cm_money_positions_short_all%2Cm_money_positions_spread%2Ccontract_units%2Cfutonly_or_combined&%24where=cftc_contract_market_code%3D%27080732%27+AND+report_date_as_yyyy_mm_dd%3E%3D%272009-09-01T00%3A00%3A00.000%27+AND+report_date_as_yyyy_mm_dd%3C%3D%272026-08-11T00%3A00%3A00.000%27&%24order=report_date_as_yyyy_mm_dd&%24limit=5000,e1eadfec20535920e28d87b1a02245d9241765f4ae199f31c25d130fdaf7d93a,188012,53143,134869,807915,0.1669346404015273884010075317,220,-0.03622563801934551163264393627,0.1947863687023260778371025673,false,false,true,false,cftc_normalized_net_q10_reversal_v1
SUGAR NO. 11 - ICE FUTURES U.S.,080732,2013-11-26,2013-12-02T20:30:00Z,cftc_official_historical_release_verified,cftc_sugar_no11_selected_history_e1eadfec2053,https://publicreporting.cftc.gov/resource/72hh-3qpy.json?%24select=report_date_as_yyyy_mm_dd%2Ccftc_contract_market_code%2Cmarket_and_exchange_names%2Copen_interest_all%2Cm_money_positions_long_all%2Cm_money_positions_short_all%2Cm_money_positions_spread%2Ccontract_units%2Cfutonly_or_combined&%24where=cftc_contract_market_code%3D%27080732%27+AND+report_date_as_yyyy_mm_dd%3E%3D%272009-09-01T00%3A00%3A00.000%27+AND+report_date_as_yyyy_mm_dd%3C%3D%272026-08-11T00%3A00%3A00.000%27&%24order=report_date_as_yyyy_mm_dd&%24limit=5000,e1eadfec20535920e28d87b1a02245d9241765f4ae199f31c25d130fdaf7d93a,177360,60933,116427,784900,0.1483335456746082303478150083,221,-0.03498308503608246806710538423,0.1669346404015273884010075317,false,false,true,false,cftc_normalized_net_q10_reversal_v1
SUGAR NO. 11 - ICE FUTURES U.S.,080732,2013-12-03,2013-12-06T20:30:00Z,cftc_ordinary_rule_estimate_not_holiday_verified,cftc_sugar_no11_selected_history_e1eadfec2053,https://publicreporting.cftc.gov/resource/72hh-3qpy.json?%24select=report_date_as_yyyy_mm_dd%2Ccftc_contract_market_code%2Cmarket_and_exchange_names%2Copen_interest_all%2Cm_money_positions_long_all%2Cm_money_positions_short_all%2Cm_money_positions_spread%2Ccontract_units%2Cfutonly_or_combined&%24where=cftc_contract_market_code%3D%27080732%27+AND+report_date_as_yyyy_mm_dd%3E%3D%272009-09-01T00%3A00%3A00.000%27+AND+report_date_as_yyyy_mm_dd%3C%3D%272026-08-11T00%3A00%3A00.000%27&%24order=report_date_as_yyyy_mm_dd&%24limit=5000,e1eadfec20535920e28d87b1a02245d9241765f4ae199f31c25d130fdaf7d93a,158506,78277,80229,769550,0.1042544344097199662140211812,222,-0.03498308503608246806710538423,0.1483335456746082303478150083,false,false,true,false,cftc_normalized_net_q10_reversal_v1
SUGAR NO. 11 - ICE FUTURES U.S.,080732,2013-12-10,2013-12-13T20:30:00Z,cftc_ordinary_rule_estimate_not_holiday_verified,cftc_sugar_no11_selected_history_e1eadfec2053,https://publicreporting.cftc.gov/resource/72hh-3qpy.json?%24select=report_date_as_yyyy_mm_dd%2Ccftc_contract_market_code%2Cmarket_and_exchange_names%2Copen_interest_all%2Cm_money_positions_long_all%2Cm_money_positions_short_all%2Cm_money_positions_spread%2Ccontract_units%2Cfutonly_or_combined&%24where=cftc_contract_market_code%3D%27080732%27+AND+report_date_as_yyyy_mm_dd%3E%3D%272009-09-01T00%3A00%3A00.000%27+AND+report_date_as_yyyy_mm_dd%3C%3D%272026-08-11T00%3A00%3A00.000%27&%24order=report_date_as_yyyy_mm_dd&%24limit=5000,e1eadfec20535920e28d87b1a02245d9241765f4ae199f31c25d130fdaf7d93a,161333,129773,31560,808723,0.03902448675257164690505896333,223,-0.03498308503608246806710538423,0.1042544344097199662140211812,false,false,true,false,cftc_normalized_net_q10_reversal_v1
SUGAR NO. 11 - ICE FUTURES U.S.,080732,2013-12-17,2013-12-20T20:30:00Z,cftc_ordinary_rule_estimate_not_holiday_verified,cftc_sugar_no11_selected_history_e1eadfec2053,https://publicreporting.cftc.gov/resource/72hh-3qpy.json?%24select=report_date_as_yyyy_mm_dd%2Ccftc_contract_market_code%2Cmarket_and_exchange_names%2Copen_interest_all%2Cm_money_positions_long_all%2Cm_money_positions_short_all%2Cm_money_positions_spread%2Ccontract_units%2Cfutonly_or_combined&%24where=cftc_contract_market_code%3D%27080732%27+AND+report_date_as_yyyy_mm_dd%3E%3D%272009-09-01T00%3A00%3A00.000%27+AND+report_date_as_yyyy_mm_dd%3C%3D%272026-08-11T00%3A00%3A00.000%27&%24order=report_date_as_yyyy_mm_dd&%24limit=5000,e1eadfec20535920e28d87b1a02245d9241765f4ae199f31c25d130fdaf7d93a,164507,172945,-8438,821697,-0.01026899209806047728055475437,224,-0.03498308503608246806710538423,0.03902448675257164690505896333,false,false,true,false,cftc_normalized_net_q10_reversal_v1
SUGAR NO. 11 - ICE FUTURES U.S.,080732,2013-12-24,2013-12-30T20:30:00Z,cftc_official_historical_release_verified,cftc_sugar_no11_selected_history_e1eadfec2053,https://publicreporting.cftc.gov/resource/72hh-3qpy.json?%24select=report_date_as_yyyy_mm_dd%2Ccftc_contract_market_code%2Cmarket_and_exchange_names%2Copen_interest_all%2Cm_money_positions_long_all%2Cm_money_positions_short_all%2Cm_money_positions_spread%2Ccontract_units%2Cfutonly_or_combined&%24where=cftc_contract_market_code%3D%27080732%27+AND+report_date_as_yyyy_mm_dd%3E%3D%272009-09-01T00%3A00%3A00.000%27+AND+report_date_as_yyyy_mm_dd%3C%3D%272026-08-11T00%3A00%3A00.000%27&%24order=report_date_as_yyyy_mm_dd&%24limit=5000,e1eadfec20535920e28d87b1a02245d9241765f4ae199f31c25d130fdaf7d93a,165172,188354,-23182,832792,-0.02783648257908337255881420571,225,-0.03498308503608246806710538423,-0.01026899209806047728055475437,false,false,true,false,cftc_normalized_net_q10_reversal_v1
SUGAR NO. 11 - ICE FUTURES U.S.,080732,2013-12-31,2014-01-06T20:30:00Z,cftc_official_historical_release_verified,cftc_sugar_no11_selected_history_e1eadfec2053,https://publicreporting.cftc.gov/resource/72hh-3qpy.json?%24select=report_date_as_yyyy_mm_dd%2Ccftc_contract_market_code%2Cmarket_and_exchange_names%2Copen_interest_all%2Cm_money_positions_long_all%2Cm_money_positions_short_all%2Cm_money_positions_spread%2Ccontract_units%2Cfutonly_or_combined&%24where=cftc_contract_market_code%3D%27080732%27+AND+report_date_as_yyyy_mm_dd%3E%3D%272009-09-01T00%3A00%3A00.000%27+AND+report_date_as_yyyy_mm_dd%3C%3D%272026-08-11T00%3A00%3A00.000%27&%24order=report_date_as_yyyy_mm_dd&%24limit=5000,e1eadfec20535920e28d87b1a02245d9241765f4ae199f31c25d130fdaf7d93a,162555,187944,-25389,829964,-0.03059048344265534408721342131,226,-0.03498308503608246806710538423,-0.02783648257908337255881420571,false,false,true,false,cftc_normalized_net_q10_reversal_v1
SUGAR NO. 11 - ICE FUTURES U.S.,080732,2014-01-07,2014-01-10T20:30:00Z,cftc_ordinary_rule_estimate_not_holiday_verified,cftc_sugar_no11_selected_history_e1eadfec2053,https://publicreporting.cftc.gov/resource/72hh-3qpy.json?%24select=report_date_as_yyyy_mm_dd%2Ccftc_contract_market_code%2Cmarket_and_exchange_names%2Copen_interest_all%2Cm_money_positions_long_all%2Cm_money_positions_short_all%2Cm_money_positions_spread%2Ccontract_units%2Cfutonly_or_combined&%24where=cftc_contract_market_code%3D%27080732%27+AND+report_date_as_yyyy_mm_dd%3E%3D%272009-09-01T00%3A00%3A00.000%27+AND+report_date_as_yyyy_mm_dd%3C%3D%272026-08-11T00%3A00%3A00.000%27&%24order=report_date_as_yyyy_mm_dd&%24limit=5000,e1eadfec20535920e28d87b1a02245d9241765f4ae199f31c25d130fdaf7d93a,159716,195726,-36010,838113,-0.04296556669566037037965047673,227,-0.03498308503608246806710538423,-0.03059048344265534408721342131,false,false,true,false,cftc_normalized_net_q10_reversal_v1
SUGAR NO. 11 - ICE FUTURES U.S.,080732,2014-01-14,2014-01-17T20:30:00Z,cftc_ordinary_rule_estimate_not_holiday_verified,cftc_sugar_no11_selected_history_e1eadfec2053,https://publicreporting.cftc.gov/resource/72hh-3qpy.json?%24select=report_date_as_yyyy_mm_dd%2Ccftc_contract_market_code%2Cmarket_and_exchange_names%2Copen_interest_all%2Cm_money_positions_long_all%2Cm_money_positions_short_all%2Cm_money_positions_spread%2Ccontract_units%2Cfutonly_or_combined&%24where=cftc_contract_market_code%3D%27080732%27+AND+report_date_as_yyyy_mm_dd%3E%3D%272009-09-01T00%3A00%3A00.000%27+AND+report_date_as_yyyy_mm_dd%3C%3D%272026-08-11T00%3A00%3A00.000%27&%24order=report_date_as_yyyy_mm_dd&%24limit=5000,e1eadfec20535920e28d87b1a02245d9241765f4ae199f31c25d130fdaf7d93a,166664,214509,-47845,819167,-0.05840689383239315060299059899,228,-0.03622563801934551163264393627,-0.04296556669566037037965047673,true,false,true,false,cftc_normalized_net_q10_reversal_v1
SUGAR NO. 11 - ICE FUTURES U.S.,080732,2014-01-21,2014-01-24T20:30:00Z,cftc_ordinary_rule_estimate_not_holiday_verified,cftc_sugar_no11_selected_history_e1eadfec2053,https://publicreporting.cftc.gov/resource/72hh-3qpy.json?%24select=report_date_as_yyyy_mm_dd%2Ccftc_contract_market_code%2Cmarket_and_exchange_names%2Copen_interest_all%2Cm_money_positions_long_all%2Cm_money_positions_short_all%2Cm_money_positions_spread%2Ccontract_units%2Cfutonly_or_combined&%24where=cftc_contract_market_code%3D%27080732%27+AND+report_date_as_yyyy_mm_dd%3E%3D%272009-09-01T00%3A00%3A00.000%27+AND+report_date_as_yyyy_mm_dd%3C%3D%272026-08-11T00%3A00%3A00.000%27&%24order=report_date_as_yyyy_mm_dd&%24limit=5000,e1eadfec20535920e28d87b1a02245d9241765f4ae199f31c25d130fdaf7d93a,163414,218937,-55523,825219,-0.06728274554996915970184884255,229,-0.03683116695898704980658802047,-0.05840689383239315060299059899,true,false,true,false,cftc_normalized_net_q10_reversal_v1
SUGAR NO. 11 - ICE FUTURES U.S.,080732,2014-01-28,2014-01-31T20:30:00Z,cftc_ordinary_rule_estimate_not_holiday_verified,cftc_sugar_no11_selected_history_e1eadfec2053,https://publicreporting.cftc.gov/resource/72hh-3qpy.json?%24select=report_date_as_yyyy_mm_dd%2Ccftc_contract_market_code%2Cmarket_and_exchange_names%2Copen_interest_all%2Cm_money_positions_long_all%2Cm_money_positions_short_all%2Cm_money_positions_spread%2Ccontract_units%2Cfutonly_or_combined&%24where=cftc_contract_market_code%3D%27080732%27+AND+report_date_as_yyyy_mm_dd%3E%3D%272009-09-01T00%3A00%3A00.000%27+AND+report_date_as_yyyy_mm_dd%3C%3D%272026-08-11T00%3A00%3A00.000%27&%24order=report_date_as_yyyy_mm_dd&%24limit=5000,e1eadfec20535920e28d87b1a02245d9241765f4ae199f31c25d130fdaf7d93a,171809,229126,-57317,840563,-0.06818882106397735803265192496,230,-0.04039494855337920879668936691,-0.06728274554996915970184884255,true,false,true,false,cftc_normalized_net_q10_reversal_v1
SUGAR NO. 11 - ICE FUTURES U.S.,080732,2014-02-04,2014-02-07T20:30:00Z,cftc_official_event_weekly_page_verified,cftc_sugar_no11_selected_history_e1eadfec2053,https://publicreporting.cftc.gov/resource/72hh-3qpy.json?%24select=report_date_as_yyyy_mm_dd%2Ccftc_contract_market_code%2Cmarket_and_exchange_names%2Copen_interest_all%2Cm_money_positions_long_all%2Cm_money_positions_short_all%2Cm_money_positions_spread%2Ccontract_units%2Cfutonly_or_combined&%24where=cftc_contract_market_code%3D%27080732%27+AND+report_date_as_yyyy_mm_dd%3E%3D%272009-09-01T00%3A00%3A00.000%27+AND+report_date_as_yyyy_mm_dd%3C%3D%272026-08-11T00%3A00%3A00.000%27&%24order=report_date_as_yyyy_mm_dd&%24limit=5000,e1eadfec20535920e28d87b1a02245d9241765f4ae199f31c25d130fdaf7d93a,176496,209291,-32795,852157,-0.03848469237476192767295228461,231,-0.04039494855337920879668936691,-0.06818882106397735803265192496,true,true,true,true,cftc_normalized_net_q10_reversal_v1
SUGAR NO. 11 - ICE FUTURES U.S.,080732,2014-02-11,2014-02-14T20:30:00Z,cftc_ordinary_rule_estimate_not_holiday_verified,cftc_sugar_no11_selected_history_e1eadfec2053,https://publicreporting.cftc.gov/resource/72hh-3qpy.json?%24select=report_date_as_yyyy_mm_dd%2Ccftc_contract_market_code%2Cmarket_and_exchange_names%2Copen_interest_all%2Cm_money_positions_long_all%2Cm_money_positions_short_all%2Cm_money_positions_spread%2Ccontract_units%2Cfutonly_or_combined&%24where=cftc_contract_market_code%3D%27080732%27+AND+report_date_as_yyyy_mm_dd%3E%3D%272009-09-01T00%3A00%3A00.000%27+AND+report_date_as_yyyy_mm_dd%3C%3D%272026-08-11T00%3A00%3A00.000%27&%24order=report_date_as_yyyy_mm_dd&%24limit=5000,e1eadfec20535920e28d87b1a02245d9241765f4ae199f31c25d130fdaf7d93a,171287,203912,-32625,850386,-0.03836493074909511680577996345,232,-0.04039494855337920879668936691,-0.03848469237476192767295228461,false,true,false,false,cftc_normalized_net_q10_reversal_v1
SUGAR NO. 11 - ICE FUTURES U.S.,080732,2014-02-18,2014-02-21T20:30:00Z,cftc_ordinary_rule_estimate_not_holiday_verified,cftc_sugar_no11_selected_history_e1eadfec2053,https://publicreporting.cftc.gov/resource/72hh-3qpy.json?%24select=report_date_as_yyyy_mm_dd%2Ccftc_contract_market_code%2Cmarket_and_exchange_names%2Copen_interest_all%2Cm_money_positions_long_all%2Cm_money_positions_short_all%2Cm_money_positions_spread%2Ccontract_units%2Cfutonly_or_combined&%24where=cftc_contract_market_code%3D%27080732%27+AND+report_date_as_yyyy_mm_dd%3E%3D%272009-09-01T00%3A00%3A00.000%27+AND+report_date_as_yyyy_mm_dd%3C%3D%272026-08-11T00%3A00%3A00.000%27&%24order=report_date_as_yyyy_mm_dd&%24limit=5000,e1eadfec20535920e28d87b1a02245d9241765f4ae199f31c25d130fdaf7d93a,172507,189184,-16677,844131,-0.01975641221563951566759187851,233,-0.04039494855337920879668936691,-0.03836493074909511680577996345,false,true,false,false,cftc_normalized_net_q10_reversal_v1
SUGAR NO. 11 - ICE FUTURES U.S.,080732,2014-02-25,2014-02-28T20:30:00Z,cftc_ordinary_rule_estimate_not_holiday_verified,cftc_sugar_no11_selected_history_e1eadfec2053,https://publicreporting.cftc.gov/resource/72hh-3qpy.json?%24select=report_date_as_yyyy_mm_dd%2Ccftc_contract_market_code%2Cmarket_and_exchange_names%2Copen_interest_all%2Cm_money_positions_long_all%2Cm_money_positions_short_all%2Cm_money_positions_spread%2Ccontract_units%2Cfutonly_or_combined&%24where=cftc_contract_market_code%3D%27080732%27+AND+report_date_as_yyyy_mm_dd%3E%3D%272009-09-01T00%3A00%3A00.000%27+AND+report_date_as_yyyy_mm_dd%3C%3D%272026-08-11T00%3A00%3A00.000%27&%24order=report_date_as_yyyy_mm_dd&%24limit=5000,e1eadfec20535920e28d87b1a02245d9241765f4ae199f31c25d130fdaf7d93a,183823,146738,37085,813934,0.04556266232888661734243808466,234,-0.04039494855337920879668936691,-0.01975641221563951566759187851,false,true,false,false,cftc_normalized_net_q10_reversal_v1
SUGAR NO. 11 - ICE FUTURES U.S.,080732,2014-03-04,2014-03-07T20:30:00Z,cftc_ordinary_rule_estimate_not_holiday_verified,cftc_sugar_no11_selected_history_e1eadfec2053,https://publicreporting.cftc.gov/resource/72hh-3qpy.json?%24select=report_date_as_yyyy_mm_dd%2Ccftc_contract_market_code%2Cmarket_and_exchange_names%2Copen_interest_all%2Cm_money_positions_long_all%2Cm_money_positions_short_all%2Cm_money_positions_spread%2Ccontract_units%2Cfutonly_or_combined&%24where=cftc_contract_market_code%3D%27080732%27+AND+report_date_as_yyyy_mm_dd%3E%3D%272009-09-01T00%3A00%3A00.000%27+AND+report_date_as_yyyy_mm_dd%3C%3D%272026-08-11T00%3A00%3A00.000%27&%24order=report_date_as_yyyy_mm_dd&%24limit=5000,e1eadfec20535920e28d87b1a02245d9241765f4ae199f31c25d130fdaf7d93a,179459,101243,78216,787953,0.09926480386520515817567799095,235,-0.04039494855337920879668936691,0.04556266232888661734243808466,false,true,false,false,cftc_normalized_net_q10_reversal_v1
SUGAR NO. 11 - ICE FUTURES U.S.,080732,2014-03-11,2014-03-14T19:30:00Z,cftc_ordinary_rule_estimate_not_holiday_verified,cftc_sugar_no11_selected_history_e1eadfec2053,https://publicreporting.cftc.gov/resource/72hh-3qpy.json?%24select=report_date_as_yyyy_mm_dd%2Ccftc_contract_market_code%2Cmarket_and_exchange_names%2Copen_interest_all%2Cm_money_positions_long_all%2Cm_money_positions_short_all%2Cm_money_positions_spread%2Ccontract_units%2Cfutonly_or_combined&%24where=cftc_contract_market_code%3D%27080732%27+AND+report_date_as_yyyy_mm_dd%3E%3D%272009-09-01T00%3A00%3A00.000%27+AND+report_date_as_yyyy_mm_dd%3C%3D%272026-08-11T00%3A00%3A00.000%27&%24order=report_date_as_yyyy_mm_dd&%24limit=5000,e1eadfec20535920e28d87b1a02245d9241765f4ae199f31c25d130fdaf7d93a,191770,78695,113075,792621,0.1426596065458775379405794194,236,-0.04039494855337920879668936691,0.09926480386520515817567799095,false,true,false,false,cftc_normalized_net_q10_reversal_v1
SUGAR NO. 11 - ICE FUTURES U.S.,080732,2014-03-18,2014-03-21T19:30:00Z,cftc_ordinary_rule_estimate_not_holiday_verified,cftc_sugar_no11_selected_history_e1eadfec2053,https://publicreporting.cftc.gov/resource/72hh-3qpy.json?%24select=report_date_as_yyyy_mm_dd%2Ccftc_contract_market_code%2Cmarket_and_exchange_names%2Copen_interest_all%2Cm_money_positions_long_all%2Cm_money_positions_short_all%2Cm_money_positions_spread%2Ccontract_units%2Cfutonly_or_combined&%24where=cftc_contract_market_code%3D%27080732%27+AND+report_date_as_yyyy_mm_dd%3E%3D%272009-09-01T00%3A00%3A00.000%27+AND+report_date_as_yyyy_mm_dd%3C%3D%272026-08-11T00%3A00%3A00.000%27&%24order=report_date_as_yyyy_mm_dd&%24limit=5000,e1eadfec20535920e28d87b1a02245d9241765f4ae199f31c25d130fdaf7d93a,194827,69334,125493,785760,0.1597090714722052535125229078,237,-0.04039494855337920879668936691,0.1426596065458775379405794194,false,true,false,false,cftc_normalized_net_q10_reversal_v1
SUGAR NO. 11 - ICE FUTURES U.S.,080732,2014-03-25,2014-03-28T19:30:00Z,cftc_ordinary_rule_estimate_not_holiday_verified,cftc_sugar_no11_selected_history_e1eadfec2053,https://publicreporting.cftc.gov/resource/72hh-3qpy.json?%24select=report_date_as_yyyy_mm_dd%2Ccftc_contract_market_code%2Cmarket_and_exchange_names%2Copen_interest_all%2Cm_money_positions_long_all%2Cm_money_positions_short_all%2Cm_money_positions_spread%2Ccontract_units%2Cfutonly_or_combined&%24where=cftc_contract_market_code%3D%27080732%27+AND+report_date_as_yyyy_mm_dd%3E%3D%272009-09-01T00%3A00%3A00.000%27+AND+report_date_as_yyyy_mm_dd%3C%3D%272026-08-11T00%3A00%3A00.000%27&%24order=report_date_as_yyyy_mm_dd&%24limit=5000,e1eadfec20535920e28d87b1a02245d9241765f4ae199f31c25d130fdaf7d93a,194244,68903,125341,782587,0.1601623845016592404422767053,238,-0.04039494855337920879668936691,0.1597090714722052535125229078,false,true,false,false,cftc_normalized_net_q10_reversal_v1
SUGAR NO. 11 - ICE FUTURES U.S.,080732,2014-04-01,2014-04-04T19:30:00Z,cftc_ordinary_rule_estimate_not_holiday_verified,cftc_sugar_no11_selected_history_e1eadfec2053,https://publicreporting.cftc.gov/resource/72hh-3qpy.json?%24select=report_date_as_yyyy_mm_dd%2Ccftc_contract_market_code%2Cmarket_and_exchange_names%2Copen_interest_all%2Cm_money_positions_long_all%2Cm_money_positions_short_all%2Cm_money_positions_spread%2Ccontract_units%2Cfutonly_or_combined&%24where=cftc_contract_market_code%3D%27080732%27+AND+report_date_as_yyyy_mm_dd%3E%3D%272009-09-01T00%3A00%3A00.000%27+AND+report_date_as_yyyy_mm_dd%3C%3D%272026-08-11T00%3A00%3A00.000%27&%24order=report_date_as_yyyy_mm_dd&%24limit=5000,e1eadfec20535920e28d87b1a02245d9241765f4ae199f31c25d130fdaf7d93a,188741,56070,132671,784653,0.1690823841876600229655656704,239,-0.04039494855337920879668936691,0.1601623845016592404422767053,false,true,false,false,cftc_normalized_net_q10_reversal_v1
SUGAR NO. 11 - ICE FUTURES U.S.,080732,2014-04-08,2014-04-11T19:30:00Z,cftc_ordinary_rule_estimate_not_holiday_verified,cftc_sugar_no11_selected_history_e1eadfec2053,https://publicreporting.cftc.gov/resource/72hh-3qpy.json?%24select=report_date_as_yyyy_mm_dd%2Ccftc_contract_market_code%2Cmarket_and_exchange_names%2Copen_interest_all%2Cm_money_positions_long_all%2Cm_money_positions_short_all%2Cm_money_positions_spread%2Ccontract_units%2Cfutonly_or_combined&%24where=cftc_contract_market_code%3D%27080732%27+AND+report_date_as_yyyy_mm_dd%3E%3D%272009-09-01T00%3A00%3A00.000%27+AND+report_date_as_yyyy_mm_dd%3C%3D%272026-08-11T00%3A00%3A00.000%27&%24order=report_date_as_yyyy_mm_dd&%24limit=5000,e1eadfec20535920e28d87b1a02245d9241765f4ae199f31c25d130fdaf7d93a,190463,53815,136648,786639,0.1737111940801307842606328951,240,-0.04039494855337920879668936691,0.1690823841876600229655656704,false,true,false,false,cftc_normalized_net_q10_reversal_v1
SUGAR NO. 11 - ICE FUTURES U.S.,080732,2014-04-15,2014-04-18T19:30:00Z,cftc_ordinary_rule_estimate_not_holiday_verified,cftc_sugar_no11_selected_history_e1eadfec2053,https://publicreporting.cftc.gov/resource/72hh-3qpy.json?%24select=report_date_as_yyyy_mm_dd%2Ccftc_contract_market_code%2Cmarket_and_exchange_names%2Copen_interest_all%2Cm_money_positions_long_all%2Cm_money_positions_short_all%2Cm_money_positions_spread%2Ccontract_units%2Cfutonly_or_combined&%24where=cftc_contract_market_code%3D%27080732%27+AND+report_date_as_yyyy_mm_dd%3E%3D%272009-09-01T00%3A00%3A00.000%27+AND+report_date_as_yyyy_mm_dd%3C%3D%272026-08-11T00%3A00%3A00.000%27&%24order=report_date_as_yyyy_mm_dd&%24limit=5000,e1eadfec20535920e28d87b1a02245d9241765f4ae199f31c25d130fdaf7d93a,188204,64018,124186,781150,0.1589784292389425846508353069,241,-0.03848469237476192767295228461,0.1737111940801307842606328951,false,false,false,false,cftc_normalized_net_q10_reversal_v1
SUGAR NO. 11 - ICE FUTURES U.S.,080732,2014-04-22,2014-04-25T19:30:00Z,cftc_ordinary_rule_estimate_not_holiday_verified,cftc_sugar_no11_selected_history_e1eadfec2053,https://publicreporting.cftc.gov/resource/72hh-3qpy.json?%24select=report_date_as_yyyy_mm_dd%2Ccftc_contract_market_code%2Cmarket_and_exchange_names%2Copen_interest_all%2Cm_money_positions_long_all%2Cm_money_positions_short_all%2Cm_money_positions_spread%2Ccontract_units%2Cfutonly_or_combined&%24where=cftc_contract_market_code%3D%27080732%27+AND+report_date_as_yyyy_mm_dd%3E%3D%272009-09-01T00%3A00%3A00.000%27+AND+report_date_as_yyyy_mm_dd%3C%3D%272026-08-11T00%3A00%3A00.000%27&%24order=report_date_as_yyyy_mm_dd&%24limit=5000,e1eadfec20535920e28d87b1a02245d9241765f4ae199f31c25d130fdaf7d93a,186798,62914,123884,798363,0.1551725217726773410090397476,242,-0.03848469237476192767295228461,0.1589784292389425846508353069,false,false,false,false,cftc_normalized_net_q10_reversal_v1
SUGAR NO. 11 - ICE FUTURES U.S.,080732,2014-04-29,2014-05-02T19:30:00Z,cftc_ordinary_rule_estimate_not_holiday_verified,cftc_sugar_no11_selected_history_e1eadfec2053,https://publicreporting.cftc.gov/resource/72hh-3qpy.json?%24select=report_date_as_yyyy_mm_dd%2Ccftc_contract_market_code%2Cmarket_and_exchange_names%2Copen_interest_all%2Cm_money_positions_long_all%2Cm_money_positions_short_all%2Cm_money_positions_spread%2Ccontract_units%2Cfutonly_or_combined&%24where=cftc_contract_market_code%3D%27080732%27+AND+report_date_as_yyyy_mm_dd%3E%3D%272009-09-01T00%3A00%3A00.000%27+AND+report_date_as_yyyy_mm_dd%3C%3D%272026-08-11T00%3A00%3A00.000%27&%24order=report_date_as_yyyy_mm_dd&%24limit=5000,e1eadfec20535920e28d87b1a02245d9241765f4ae199f31c25d130fdaf7d93a,191302,66669,124633,789475,0.1578682035529940783432027613,243,-0.03848469237476192767295228461,0.1551725217726773410090397476,false,true,false,false,cftc_normalized_net_q10_reversal_v1
SUGAR NO. 11 - ICE FUTURES U.S.,080732,2014-05-06,2014-05-09T19:30:00Z,cftc_ordinary_rule_estimate_not_holiday_verified,cftc_sugar_no11_selected_history_e1eadfec2053,https://publicreporting.cftc.gov/resource/72hh-3qpy.json?%24select=report_date_as_yyyy_mm_dd%2Ccftc_contract_market_code%2Cmarket_and_exchange_names%2Copen_interest_all%2Cm_money_positions_long_all%2Cm_money_positions_short_all%2Cm_money_positions_spread%2Ccontract_units%2Cfutonly_or_combined&%24where=cftc_contract_market_code%3D%27080732%27+AND+report_date_as_yyyy_mm_dd%3E%3D%272009-09-01T00%3A00%3A00.000%27+AND+report_date_as_yyyy_mm_dd%3C%3D%272026-08-11T00%3A00%3A00.000%27&%24order=report_date_as_yyyy_mm_dd&%24limit=5000,e1eadfec20535920e28d87b1a02245d9241765f4ae199f31c25d130fdaf7d93a,196891,67433,129458,782434,0.1654554888974661121577027583,244,-0.03848469237476192767295228461,0.1578682035529940783432027613,false,true,false,false,cftc_normalized_net_q10_reversal_v1
SUGAR NO. 11 - ICE FUTURES U.S.,080732,2014-05-13,2014-05-16T19:30:00Z,cftc_ordinary_rule_estimate_not_holiday_verified,cftc_sugar_no11_selected_history_e1eadfec2053,https://publicreporting.cftc.gov/resource/72hh-3qpy.json?%24select=report_date_as_yyyy_mm_dd%2Ccftc_contract_market_code%2Cmarket_and_exchange_names%2Copen_interest_all%2Cm_money_positions_long_all%2Cm_money_positions_short_all%2Cm_money_positions_spread%2Ccontract_units%2Cfutonly_or_combined&%24where=cftc_contract_market_code%3D%27080732%27+AND+report_date_as_yyyy_mm_dd%3E%3D%272009-09-01T00%3A00%3A00.000%27+AND+report_date_as_yyyy_mm_dd%3C%3D%272026-08-11T00%3A00%3A00.000%27&%24order=report_date_as_yyyy_mm_dd&%24limit=5000,e1eadfec20535920e28d87b1a02245d9241765f4ae199f31c25d130fdaf7d93a,202542,65705,136837,807765,0.169401991915965658328845642,245,-0.03848469237476192767295228461,0.1654554888974661121577027583,false,true,true,false,cftc_normalized_net_q10_reversal_v1
SUGAR NO. 11 - ICE FUTURES U.S.,080732,2014-05-20,2014-05-23T19:30:00Z,cftc_ordinary_rule_estimate_not_holiday_verified,cftc_sugar_no11_selected_history_e1eadfec2053,https://publicreporting.cftc.gov/resource/72hh-3qpy.json?%24select=report_date_as_yyyy_mm_dd%2Ccftc_contract_market_code%2Cmarket_and_exchange_names%2Copen_interest_all%2Cm_money_positions_long_all%2Cm_money_positions_short_all%2Cm_money_positions_spread%2Ccontract_units%2Cfutonly_or_combined&%24where=cftc_contract_market_code%3D%27080732%27+AND+report_date_as_yyyy_mm_dd%3E%3D%272009-09-01T00%3A00%3A00.000%27+AND+report_date_as_yyyy_mm_dd%3C%3D%272026-08-11T00%3A00%3A00.000%27&%24order=report_date_as_yyyy_mm_dd&%24limit=5000,e1eadfec20535920e28d87b1a02245d9241765f4ae199f31c25d130fdaf7d93a,203251,60179,143072,823802,0.1736728000174799284294041529,246,-0.03848469237476192767295228461,0.169401991915965658328845642,false,true,true,false,cftc_normalized_net_q10_reversal_v1
SUGAR NO. 11 - ICE FUTURES U.S.,080732,2014-05-27,2014-05-30T19:30:00Z,cftc_ordinary_rule_estimate_not_holiday_verified,cftc_sugar_no11_selected_history_e1eadfec2053,https://publicreporting.cftc.gov/resource/72hh-3qpy.json?%24select=report_date_as_yyyy_mm_dd%2Ccftc_contract_market_code%2Cmarket_and_exchange_names%2Copen_interest_all%2Cm_money_positions_long_all%2Cm_money_positions_short_all%2Cm_money_positions_spread%2Ccontract_units%2Cfutonly_or_combined&%24where=cftc_contract_market_code%3D%27080732%27+AND+report_date_as_yyyy_mm_dd%3E%3D%272009-09-01T00%3A00%3A00.000%27+AND+report_date_as_yyyy_mm_dd%3C%3D%272026-08-11T00%3A00%3A00.000%27&%24order=report_date_as_yyyy_mm_dd&%24limit=5000,e1eadfec20535920e28d87b1a02245d9241765f4ae199f31c25d130fdaf7d93a,187680,77335,110345,823724,0.1339587046146524806852780786,247,-0.03848469237476192767295228461,0.1736728000174799284294041529,false,false,true,false,cftc_normalized_net_q10_reversal_v1
SUGAR NO. 11 - ICE FUTURES U.S.,080732,2014-06-03,2014-06-06T19:30:00Z,cftc_ordinary_rule_estimate_not_holiday_verified,cftc_sugar_no11_selected_history_e1eadfec2053,https://publicreporting.cftc.gov/resource/72hh-3qpy.json?%24select=report_date_as_yyyy_mm_dd%2Ccftc_contract_market_code%2Cmarket_and_exchange_names%2Copen_interest_all%2Cm_money_positions_long_all%2Cm_money_positions_short_all%2Cm_money_positions_spread%2Ccontract_units%2Cfutonly_or_combined&%24where=cftc_contract_market_code%3D%27080732%27+AND+report_date_as_yyyy_mm_dd%3E%3D%272009-09-01T00%3A00%3A00.000%27+AND+report_date_as_yyyy_mm_dd%3C%3D%272026-08-11T00%3A00%3A00.000%27&%24order=report_date_as_yyyy_mm_dd&%24limit=5000,e1eadfec20535920e28d87b1a02245d9241765f4ae199f31c25d130fdaf7d93a,187173,79892,107281,850114,0.1261960160637279235490769473,248,-0.03848469237476192767295228461,0.1339587046146524806852780786,false,false,true,false,cftc_normalized_net_q10_reversal_v1
SUGAR NO. 11 - ICE FUTURES U.S.,080732,2014-06-10,2014-06-13T19:30:00Z,cftc_ordinary_rule_estimate_not_holiday_verified,cftc_sugar_no11_selected_history_e1eadfec2053,https://publicreporting.cftc.gov/resource/72hh-3qpy.json?%24select=report_date_as_yyyy_mm_dd%2Ccftc_contract_market_code%2Cmarket_and_exchange_names%2Copen_interest_all%2Cm_money_positions_long_all%2Cm_money_positions_short_all%2Cm_money_positions_spread%2Ccontract_units%2Cfutonly_or_combined&%24where=cftc_contract_market_code%3D%27080732%27+AND+report_date_as_yyyy_mm_dd%3E%3D%272009-09-01T00%3A00%3A00.000%27+AND+report_date_as_yyyy_mm_dd%3C%3D%272026-08-11T00%3A00%3A00.000%27&%24order=report_date_as_yyyy_mm_dd&%24limit=5000,e1eadfec20535920e28d87b1a02245d9241765f4ae199f31c25d130fdaf7d93a,184765,100244,84521,872550,0.09686665520600538651080167326,249,-0.03848469237476192767295228461,0.1261960160637279235490769473,false,false,true,false,cftc_normalized_net_q10_reversal_v1
SUGAR NO. 11 - ICE FUTURES U.S.,080732,2014-06-17,2014-06-20T19:30:00Z,cftc_ordinary_rule_estimate_not_holiday_verified,cftc_sugar_no11_selected_history_e1eadfec2053,https://publicreporting.cftc.gov/resource/72hh-3qpy.json?%24select=report_date_as_yyyy_mm_dd%2Ccftc_contract_market_code%2Cmarket_and_exchange_names%2Copen_interest_all%2Cm_money_positions_long_all%2Cm_money_positions_short_all%2Cm_money_positions_spread%2Ccontract_units%2Cfutonly_or_combined&%24where=cftc_contract_market_code%3D%27080732%27+AND+report_date_as_yyyy_mm_dd%3E%3D%272009-09-01T00%3A00%3A00.000%27+AND+report_date_as_yyyy_mm_dd%3C%3D%272026-08-11T00%3A00%3A00.000%27&%24order=report_date_as_yyyy_mm_dd&%24limit=5000,e1eadfec20535920e28d87b1a02245d9241765f4ae199f31c25d130fdaf7d93a,178841,109156,69685,866264,0.08044314435322257418061930312,250,-0.03848469237476192767295228461,0.09686665520600538651080167326,false,false,true,false,cftc_normalized_net_q10_reversal_v1
SUGAR NO. 11 - ICE FUTURES U.S.,080732,2014-06-24,2014-06-27T19:30:00Z,cftc_ordinary_rule_estimate_not_holiday_verified,cftc_sugar_no11_selected_history_e1eadfec2053,https://publicreporting.cftc.gov/resource/72hh-3qpy.json?%24select=report_date_as_yyyy_mm_dd%2Ccftc_contract_market_code%2Cmarket_and_exchange_names%2Copen_interest_all%2Cm_money_positions_long_all%2Cm_money_positions_short_all%2Cm_money_positions_spread%2Ccontract_units%2Cfutonly_or_combined&%24where=cftc_contract_market_code%3D%27080732%27+AND+report_date_as_yyyy_mm_dd%3E%3D%272009-09-01T00%3A00%3A00.000%27+AND+report_date_as_yyyy_mm_dd%3C%3D%272026-08-11T00%3A00%3A00.000%27&%24order=report_date_as_yyyy_mm_dd&%24limit=5000,e1eadfec20535920e28d87b1a02245d9241765f4ae199f31c25d130fdaf7d93a,208448,65371,143077,879261,0.1627241513043339804676882063,251,-0.03836493074909511680577996345,0.08044314435322257418061930312,false,true,true,false,cftc_normalized_net_q10_reversal_v1
SUGAR NO. 11 - ICE FUTURES U.S.,080732,2014-07-01,2014-07-04T19:30:00Z,cftc_official_historical_release_verified,cftc_sugar_no11_selected_history_e1eadfec2053,https://publicreporting.cftc.gov/resource/72hh-3qpy.json?%24select=report_date_as_yyyy_mm_dd%2Ccftc_contract_market_code%2Cmarket_and_exchange_names%2Copen_interest_all%2Cm_money_positions_long_all%2Cm_money_positions_short_all%2Cm_money_positions_spread%2Ccontract_units%2Cfutonly_or_combined&%24where=cftc_contract_market_code%3D%27080732%27+AND+report_date_as_yyyy_mm_dd%3E%3D%272009-09-01T00%3A00%3A00.000%27+AND+report_date_as_yyyy_mm_dd%3C%3D%272026-08-11T00%3A00%3A00.000%27&%24order=report_date_as_yyyy_mm_dd&%24limit=5000,e1eadfec20535920e28d87b1a02245d9241765f4ae199f31c25d130fdaf7d93a,217760,71895,145865,844150,0.1727951193508262749511342771,252,-0.03836493074909511680577996345,0.1627241513043339804676882063,false,true,true,false,cftc_normalized_net_q10_reversal_v1
SUGAR NO. 11 - ICE FUTURES U.S.,080732,2014-07-08,2014-07-11T19:30:00Z,cftc_ordinary_rule_estimate_not_holiday_verified,cftc_sugar_no11_selected_history_e1eadfec2053,https://publicreporting.cftc.gov/resource/72hh-3qpy.json?%24select=report_date_as_yyyy_mm_dd%2Ccftc_contract_market_code%2Cmarket_and_exchange_names%2Copen_interest_all%2Cm_money_positions_long_all%2Cm_money_positions_short_all%2Cm_money_positions_spread%2Ccontract_units%2Cfutonly_or_combined&%24where=cftc_contract_market_code%3D%27080732%27+AND+report_date_as_yyyy_mm_dd%3E%3D%272009-09-01T00%3A00%3A00.000%27+AND+report_date_as_yyyy_mm_dd%3C%3D%272026-08-11T00%3A00%3A00.000%27&%24order=report_date_as_yyyy_mm_dd&%24limit=5000,e1eadfec20535920e28d87b1a02245d9241765f4ae199f31c25d130fdaf7d93a,193363,86750,106613,835680,0.1275763450124449550067011296,253,-0.03836493074909511680577996345,0.1727951193508262749511342771,false,false,true,false,cftc_normalized_net_q10_reversal_v1
SUGAR NO. 11 - ICE FUTURES U.S.,080732,2014-07-15,2014-07-18T19:30:00Z,cftc_ordinary_rule_estimate_not_holiday_verified,cftc_sugar_no11_selected_history_e1eadfec2053,https://publicreporting.cftc.gov/resource/72hh-3qpy.json?%24select=report_date_as_yyyy_mm_dd%2Ccftc_contract_market_code%2Cmarket_and_exchange_names%2Copen_interest_all%2Cm_money_positions_long_all%2Cm_money_positions_short_all%2Cm_money_positions_spread%2Ccontract_units%2Cfutonly_or_combined&%24where=cftc_contract_market_code%3D%27080732%27+AND+report_date_as_yyyy_mm_dd%3E%3D%272009-09-01T00%3A00%3A00.000%27+AND+report_date_as_yyyy_mm_dd%3C%3D%272026-08-11T00%3A00%3A00.000%27&%24order=report_date_as_yyyy_mm_dd&%24limit=5000,e1eadfec20535920e28d87b1a02245d9241765f4ae199f31c25d130fdaf7d93a,184643,116010,68633,824652,0.08322662165374000184320173843,254,-0.03836493074909511680577996345,0.1275763450124449550067011296,false,false,true,false,cftc_normalized_net_q10_reversal_v1
SUGAR NO. 11 - ICE FUTURES U.S.,080732,2014-07-22,2014-07-25T19:30:00Z,cftc_ordinary_rule_estimate_not_holiday_verified,cftc_sugar_no11_selected_history_e1eadfec2053,https://publicreporting.cftc.gov/resource/72hh-3qpy.json?%24select=report_date_as_yyyy_mm_dd%2Ccftc_contract_market_code%2Cmarket_and_exchange_names%2Copen_interest_all%2Cm_money_positions_long_all%2Cm_money_positions_short_all%2Cm_money_positions_spread%2Ccontract_units%2Cfutonly_or_combined&%24where=cftc_contract_market_code%3D%27080732%27+AND+report_date_as_yyyy_mm_dd%3E%3D%272009-09-01T00%3A00%3A00.000%27+AND+report_date_as_yyyy_mm_dd%3C%3D%272026-08-11T00%3A00%3A00.000%27&%24order=report_date_as_yyyy_mm_dd&%24limit=5000,e1eadfec20535920e28d87b1a02245d9241765f4ae199f31c25d130fdaf7d93a,183229,139301,43928,857950,0.05120111894632554344658779649,255,-0.03836493074909511680577996345,0.08322662165374000184320173843,false,false,true,false,cftc_normalized_net_q10_reversal_v1
SUGAR NO. 11 - ICE FUTURES U.S.,080732,2014-07-29,2014-08-01T19:30:00Z,cftc_ordinary_rule_estimate_not_holiday_verified,cftc_sugar_no11_selected_history_e1eadfec2053,https://publicreporting.cftc.gov/resource/72hh-3qpy.json?%24select=report_date_as_yyyy_mm_dd%2Ccftc_contract_market_code%2Cmarket_and_exchange_names%2Copen_interest_all%2Cm_money_positions_long_all%2Cm_money_positions_short_all%2Cm_money_positions_spread%2Ccontract_units%2Cfutonly_or_combined&%24where=cftc_contract_market_code%3D%27080732%27+AND+report_date_as_yyyy_mm_dd%3E%3D%272009-09-01T00%3A00%3A00.000%27+AND+report_date_as_yyyy_mm_dd%3C%3D%272026-08-11T00%3A00%3A00.000%27&%24order=report_date_as_yyyy_mm_dd&%24limit=5000,e1eadfec20535920e28d87b1a02245d9241765f4ae199f31c25d130fdaf7d93a,182342,158992,23350,854026,0.02734108797624428296094029924,256,-0.03836493074909511680577996345,0.05120111894632554344658779649,false,false,true,false,cftc_normalized_net_q10_reversal_v1
SUGAR NO. 11 - ICE FUTURES U.S.,080732,2014-08-05,2014-08-08T19:30:00Z,cftc_ordinary_rule_estimate_not_holiday_verified,cftc_sugar_no11_selected_history_e1eadfec2053,https://publicreporting.cftc.gov/resource/72hh-3qpy.json?%24select=report_date_as_yyyy_mm_dd%2Ccftc_contract_market_code%2Cmarket_and_exchange_names%2Copen_interest_all%2Cm_money_positions_long_all%2Cm_money_positions_short_all%2Cm_money_positions_spread%2Ccontract_units%2Cfutonly_or_combined&%24where=cftc_contract_market_code%3D%27080732%27+AND+report_date_as_yyyy_mm_dd%3E%3D%272009-09-01T00%3A00%3A00.000%27+AND+report_date_as_yyyy_mm_dd%3C%3D%272026-08-11T00%3A00%3A00.000%27&%24order=report_date_as_yyyy_mm_dd&%24limit=5000,e1eadfec20535920e28d87b1a02245d9241765f4ae199f31c25d130fdaf7d93a,190274,183717,6557,864912,0.007581118079064690974341898367,257,-0.03836493074909511680577996345,0.02734108797624428296094029924,false,false,true,false,cftc_normalized_net_q10_reversal_v1
SUGAR NO. 11 - ICE FUTURES U.S.,080732,2014-08-12,2014-08-15T19:30:00Z,cftc_ordinary_rule_estimate_not_holiday_verified,cftc_sugar_no11_selected_history_e1eadfec2053,https://publicreporting.cftc.gov/resource/72hh-3qpy.json?%24select=report_date_as_yyyy_mm_dd%2Ccftc_contract_market_code%2Cmarket_and_exchange_names%2Copen_interest_all%2Cm_money_positions_long_all%2Cm_money_positions_short_all%2Cm_money_positions_spread%2Ccontract_units%2Cfutonly_or_combined&%24where=cftc_contract_market_code%3D%27080732%27+AND+report_date_as_yyyy_mm_dd%3E%3D%272009-09-01T00%3A00%3A00.000%27+AND+report_date_as_yyyy_mm_dd%3C%3D%272026-08-11T00%3A00%3A00.000%27&%24order=report_date_as_yyyy_mm_dd&%24limit=5000,e1eadfec20535920e28d87b1a02245d9241765f4ae199f31c25d130fdaf7d93a,193457,201231,-7774,887972,-0.008754780556143662187546454167,258,-0.03836493074909511680577996345,0.007581118079064690974341898367,false,false,true,false,cftc_normalized_net_q10_reversal_v1
SUGAR NO. 11 - ICE FUTURES U.S.,080732,2014-08-19,2014-08-22T19:30:00Z,cftc_ordinary_rule_estimate_not_holiday_verified,cftc_sugar_no11_selected_history_e1eadfec2053,https://publicreporting.cftc.gov/resource/72hh-3qpy.json?%24select=report_date_as_yyyy_mm_dd%2Ccftc_contract_market_code%2Cmarket_and_exchange_names%2Copen_interest_all%2Cm_money_positions_long_all%2Cm_money_positions_short_all%2Cm_money_positions_spread%2Ccontract_units%2Cfutonly_or_combined&%24where=cftc_contract_market_code%3D%27080732%27+AND+report_date_as_yyyy_mm_dd%3E%3D%272009-09-01T00%3A00%3A00.000%27+AND+report_date_as_yyyy_mm_dd%3C%3D%272026-08-11T00%3A00%3A00.000%27&%24order=report_date_as_yyyy_mm_dd&%24limit=5000,e1eadfec20535920e28d87b1a02245d9241765f4ae199f31c25d130fdaf7d93a,199435,216352,-16917,895368,-0.01889390730962017851877663709,259,-0.03836493074909511680577996345,-0.008754780556143662187546454167,false,false,true,false,cftc_normalized_net_q10_reversal_v1
SUGAR NO. 11 - ICE FUTURES U.S.,080732,2014-08-26,2014-08-29T19:30:00Z,cftc_ordinary_rule_estimate_not_holiday_verified,cftc_sugar_no11_selected_history_e1eadfec2053,https://publicreporting.cftc.gov/resource/72hh-3qpy.json?%24select=report_date_as_yyyy_mm_dd%2Ccftc_contract_market_code%2Cmarket_and_exchange_names%2Copen_interest_all%2Cm_money_positions_long_all%2Cm_money_positions_short_all%2Cm_money_positions_spread%2Ccontract_units%2Cfutonly_or_combined&%24where=cftc_contract_market_code%3D%27080732%27+AND+report_date_as_yyyy_mm_dd%3E%3D%272009-09-01T00%3A00%3A00.000%27+AND+report_date_as_yyyy_mm_dd%3C%3D%272026-08-11T00%3A00%3A00.000%27&%24order=report_date_as_yyyy_mm_dd&%24limit=5000,e1eadfec20535920e28d87b1a02245d9241765f4ae199f31c25d130fdaf7d93a,205050,216056,-11006,894888,-0.01229874576483314113051018675,260,-0.03836493074909511680577996345,-0.01889390730962017851877663709,false,true,true,false,cftc_normalized_net_q10_reversal_v1
SUGAR NO. 11 - ICE FUTURES U.S.,080732,2014-09-02,2014-09-05T19:30:00Z,cftc_ordinary_rule_estimate_not_holiday_verified,cftc_sugar_no11_selected_history_e1eadfec2053,https://publicreporting.cftc.gov/resource/72hh-3qpy.json?%24select=report_date_as_yyyy_mm_dd%2Ccftc_contract_market_code%2Cmarket_and_exchange_names%2Copen_interest_all%2Cm_money_positions_long_all%2Cm_money_positions_short_all%2Cm_money_positions_spread%2Ccontract_units%2Cfutonly_or_combined&%24where=cftc_contract_market_code%3D%27080732%27+AND+report_date_as_yyyy_mm_dd%3E%3D%272009-09-01T00%3A00%3A00.000%27+AND+report_date_as_yyyy_mm_dd%3C%3D%272026-08-11T00%3A00%3A00.000%27&%24order=report_date_as_yyyy_mm_dd&%24limit=5000,e1eadfec20535920e28d87b1a02245d9241765f4ae199f31c25d130fdaf7d93a,206923,216417,-9494,892598,-0.0106363670991868679965673237,261,-0.03683116695898704980658802047,-0.01229874576483314113051018675,false,true,true,false,cftc_normalized_net_q10_reversal_v1
SUGAR NO. 11 - ICE FUTURES U.S.,080732,2014-09-09,2014-09-12T19:30:00Z,cftc_ordinary_rule_estimate_not_holiday_verified,cftc_sugar_no11_selected_history_e1eadfec2053,https://publicreporting.cftc.gov/resource/72hh-3qpy.json?%24select=report_date_as_yyyy_mm_dd%2Ccftc_contract_market_code%2Cmarket_and_exchange_names%2Copen_interest_all%2Cm_money_positions_long_all%2Cm_money_positions_short_all%2Cm_money_positions_spread%2Ccontract_units%2Cfutonly_or_combined&%24where=cftc_contract_market_code%3D%27080732%27+AND+report_date_as_yyyy_mm_dd%3E%3D%272009-09-01T00%3A00%3A00.000%27+AND+report_date_as_yyyy_mm_dd%3C%3D%272026-08-11T00%3A00%3A00.000%27&%24order=report_date_as_yyyy_mm_dd&%24limit=5000,e1eadfec20535920e28d87b1a02245d9241765f4ae199f31c25d130fdaf7d93a,205815,222954,-17139,892171,-0.0192104428411145397014697855,262,-0.03683116695898704980658802047,-0.0106363670991868679965673237,false,false,true,false,cftc_normalized_net_q10_reversal_v1
SUGAR NO. 11 - ICE FUTURES U.S.,080732,2014-09-16,2014-09-19T19:30:00Z,cftc_ordinary_rule_estimate_not_holiday_verified,cftc_sugar_no11_selected_history_e1eadfec2053,https://publicreporting.cftc.gov/resource/72hh-3qpy.json?%24select=report_date_as_yyyy_mm_dd%2Ccftc_contract_market_code%2Cmarket_and_exchange_names%2Copen_interest_all%2Cm_money_positions_long_all%2Cm_money_positions_short_all%2Cm_money_positions_spread%2Ccontract_units%2Cfutonly_or_combined&%24where=cftc_contract_market_code%3D%27080732%27+AND+report_date_as_yyyy_mm_dd%3E%3D%272009-09-01T00%3A00%3A00.000%27+AND+report_date_as_yyyy_mm_dd%3C%3D%272026-08-11T00%3A00%3A00.000%27&%24order=report_date_as_yyyy_mm_dd&%24limit=5000,e1eadfec20535920e28d87b1a02245d9241765f4ae199f31c25d130fdaf7d93a,180142,208468,-28326,824175,-0.03436891436891436891436891437,263,-0.03683116695898704980658802047,-0.0192104428411145397014697855,false,false,true,false,cftc_normalized_net_q10_reversal_v1
SUGAR NO. 11 - ICE FUTURES U.S.,080732,2014-09-23,2014-09-26T19:30:00Z,cftc_ordinary_rule_estimate_not_holiday_verified,cftc_sugar_no11_selected_history_e1eadfec2053,https://publicreporting.cftc.gov/resource/72hh-3qpy.json?%24select=report_date_as_yyyy_mm_dd%2Ccftc_contract_market_code%2Cmarket_and_exchange_names%2Copen_interest_all%2Cm_money_positions_long_all%2Cm_money_positions_short_all%2Cm_money_positions_spread%2Ccontract_units%2Cfutonly_or_combined&%24where=cftc_contract_market_code%3D%27080732%27+AND+report_date_as_yyyy_mm_dd%3E%3D%272009-09-01T00%3A00%3A00.000%27+AND+report_date_as_yyyy_mm_dd%3C%3D%272026-08-11T00%3A00%3A00.000%27&%24order=report_date_as_yyyy_mm_dd&%24limit=5000,e1eadfec20535920e28d87b1a02245d9241765f4ae199f31c25d130fdaf7d93a,184191,219464,-35273,836077,-0.04218869793093219882857679376,264,-0.03683116695898704980658802047,-0.03436891436891436891436891437,false,false,true,false,cftc_normalized_net_q10_reversal_v1
SUGAR NO. 11 - ICE FUTURES U.S.,080732,2014-09-30,2014-10-03T19:30:00Z,cftc_ordinary_rule_estimate_not_holiday_verified,cftc_sugar_no11_selected_history_e1eadfec2053,https://publicreporting.cftc.gov/resource/72hh-3qpy.json?%24select=report_date_as_yyyy_mm_dd%2Ccftc_contract_market_code%2Cmarket_and_exchange_names%2Copen_interest_all%2Cm_money_positions_long_all%2Cm_money_positions_short_all%2Cm_money_positions_spread%2Ccontract_units%2Cfutonly_or_combined&%24where=cftc_contract_market_code%3D%27080732%27+AND+report_date_as_yyyy_mm_dd%3E%3D%272009-09-01T00%3A00%3A00.000%27+AND+report_date_as_yyyy_mm_dd%3C%3D%272026-08-11T00%3A00%3A00.000%27&%24order=report_date_as_yyyy_mm_dd&%24limit=5000,e1eadfec20535920e28d87b1a02245d9241765f4ae199f31c25d130fdaf7d93a,179624,233911,-54287,784342,-0.06921342985585369647424210357,265,-0.03836493074909511680577996345,-0.04218869793093219882857679376,true,false,true,false,cftc_normalized_net_q10_reversal_v1
SUGAR NO. 11 - ICE FUTURES U.S.,080732,2014-10-07,2014-10-10T19:30:00Z,cftc_official_event_weekly_page_verified,cftc_sugar_no11_selected_history_e1eadfec2053,https://publicreporting.cftc.gov/resource/72hh-3qpy.json?%24select=report_date_as_yyyy_mm_dd%2Ccftc_contract_market_code%2Cmarket_and_exchange_names%2Copen_interest_all%2Cm_money_positions_long_all%2Cm_money_positions_short_all%2Cm_money_positions_spread%2Ccontract_units%2Cfutonly_or_combined&%24where=cftc_contract_market_code%3D%27080732%27+AND+report_date_as_yyyy_mm_dd%3E%3D%272009-09-01T00%3A00%3A00.000%27+AND+report_date_as_yyyy_mm_dd%3C%3D%272026-08-11T00%3A00%3A00.000%27&%24order=report_date_as_yyyy_mm_dd&%24limit=5000,e1eadfec20535920e28d87b1a02245d9241765f4ae199f31c25d130fdaf7d93a,169424,215349,-45925,757467,-0.0606297040003062839701267514,266,-0.03848469237476192767295228461,-0.06921342985585369647424210357,true,true,true,true,cftc_normalized_net_q10_reversal_v1
SUGAR NO. 11 - ICE FUTURES U.S.,080732,2014-10-14,2014-10-17T19:30:00Z,cftc_ordinary_rule_estimate_not_holiday_verified,cftc_sugar_no11_selected_history_e1eadfec2053,https://publicreporting.cftc.gov/resource/72hh-3qpy.json?%24select=report_date_as_yyyy_mm_dd%2Ccftc_contract_market_code%2Cmarket_and_exchange_names%2Copen_interest_all%2Cm_money_positions_long_all%2Cm_money_positions_short_all%2Cm_money_positions_spread%2Ccontract_units%2Cfutonly_or_combined&%24where=cftc_contract_market_code%3D%27080732%27+AND+report_date_as_yyyy_mm_dd%3E%3D%272009-09-01T00%3A00%3A00.000%27+AND+report_date_as_yyyy_mm_dd%3C%3D%272026-08-11T00%3A00%3A00.000%27&%24order=report_date_as_yyyy_mm_dd&%24limit=5000,e1eadfec20535920e28d87b1a02245d9241765f4ae199f31c25d130fdaf7d93a,168718,214325,-45607,759415,-0.06005543740905828828769513375,267,-0.04039494855337920879668936691,-0.0606297040003062839701267514,true,true,false,false,cftc_normalized_net_q10_reversal_v1
SUGAR NO. 11 - ICE FUTURES U.S.,080732,2014-10-21,2014-10-24T19:30:00Z,cftc_ordinary_rule_estimate_not_holiday_verified,cftc_sugar_no11_selected_history_e1eadfec2053,https://publicreporting.cftc.gov/resource/72hh-3qpy.json?%24select=report_date_as_yyyy_mm_dd%2Ccftc_contract_market_code%2Cmarket_and_exchange_names%2Copen_interest_all%2Cm_money_positions_long_all%2Cm_money_positions_short_all%2Cm_money_positions_spread%2Ccontract_units%2Cfutonly_or_combined&%24where=cftc_contract_market_code%3D%27080732%27+AND+report_date_as_yyyy_mm_dd%3E%3D%272009-09-01T00%3A00%3A00.000%27+AND+report_date_as_yyyy_mm_dd%3C%3D%272026-08-11T00%3A00%3A00.000%27&%24order=report_date_as_yyyy_mm_dd&%24limit=5000,e1eadfec20535920e28d87b1a02245d9241765f4ae199f31c25d130fdaf7d93a,168068,215042,-46974,752545,-0.06242018749709319708455972733,268,-0.04218869793093219882857679376,-0.06005543740905828828769513375,true,false,false,false,cftc_normalized_net_q10_reversal_v1
SUGAR NO. 11 - ICE FUTURES U.S.,080732,2014-10-28,2014-10-31T19:30:00Z,cftc_ordinary_rule_estimate_not_holiday_verified,cftc_sugar_no11_selected_history_e1eadfec2053,https://publicreporting.cftc.gov/resource/72hh-3qpy.json?%24select=report_date_as_yyyy_mm_dd%2Ccftc_contract_market_code%2Cmarket_and_exchange_names%2Copen_interest_all%2Cm_money_positions_long_all%2Cm_money_positions_short_all%2Cm_money_positions_spread%2Ccontract_units%2Cfutonly_or_combined&%24where=cftc_contract_market_code%3D%27080732%27+AND+report_date_as_yyyy_mm_dd%3E%3D%272009-09-01T00%3A00%3A00.000%27+AND+report_date_as_yyyy_mm_dd%3C%3D%272026-08-11T00%3A00%3A00.000%27&%24order=report_date_as_yyyy_mm_dd&%24limit=5000,e1eadfec20535920e28d87b1a02245d9241765f4ae199f31c25d130fdaf7d93a,165501,220771,-55270,777467,-0.07108983403797202968100253773,269,-0.04296556669566037037965047673,-0.06242018749709319708455972733,true,false,false,false,cftc_normalized_net_q10_reversal_v1
SUGAR NO. 11 - ICE FUTURES U.S.,080732,2014-11-04,2014-11-07T20:30:00Z,cftc_ordinary_rule_estimate_not_holiday_verified,cftc_sugar_no11_selected_history_e1eadfec2053,https://publicreporting.cftc.gov/resource/72hh-3qpy.json?%24select=report_date_as_yyyy_mm_dd%2Ccftc_contract_market_code%2Cmarket_and_exchange_names%2Copen_interest_all%2Cm_money_positions_long_all%2Cm_money_positions_short_all%2Cm_money_positions_spread%2Ccontract_units%2Cfutonly_or_combined&%24where=cftc_contract_market_code%3D%27080732%27+AND+report_date_as_yyyy_mm_dd%3E%3D%272009-09-01T00%3A00%3A00.000%27+AND+report_date_as_yyyy_mm_dd%3C%3D%272026-08-11T00%3A00%3A00.000%27&%24order=report_date_as_yyyy_mm_dd&%24limit=5000,e1eadfec20535920e28d87b1a02245d9241765f4ae199f31c25d130fdaf7d93a,166444,227430,-60986,798420,-0.07638335713033240650284311515,270,-0.04330493606091847993199124568,-0.07108983403797202968100253773,true,false,false,false,cftc_normalized_net_q10_reversal_v1
SUGAR NO. 11 - ICE FUTURES U.S.,080732,2014-11-11,2014-11-14T20:30:00Z,cftc_ordinary_rule_estimate_not_holiday_verified,cftc_sugar_no11_selected_history_e1eadfec2053,https://publicreporting.cftc.gov/resource/72hh-3qpy.json?%24select=report_date_as_yyyy_mm_dd%2Ccftc_contract_market_code%2Cmarket_and_exchange_names%2Copen_interest_all%2Cm_money_positions_long_all%2Cm_money_positions_short_all%2Cm_money_positions_spread%2Ccontract_units%2Cfutonly_or_combined&%24where=cftc_contract_market_code%3D%27080732%27+AND+report_date_as_yyyy_mm_dd%3E%3D%272009-09-01T00%3A00%3A00.000%27+AND+report_date_as_yyyy_mm_dd%3C%3D%272026-08-11T00%3A00%3A00.000%27&%24order=report_date_as_yyyy_mm_dd&%24limit=5000,e1eadfec20535920e28d87b1a02245d9241765f4ae199f31c25d130fdaf7d93a,170631,228958,-58327,809762,-0.07202980628876138914891042059,271,-0.04330493606091847993199124568,-0.07638335713033240650284311515,true,true,false,false,cftc_normalized_net_q10_reversal_v1
SUGAR NO. 11 - ICE FUTURES U.S.,080732,2014-11-18,2014-11-21T20:30:00Z,cftc_ordinary_rule_estimate_not_holiday_verified,cftc_sugar_no11_selected_history_e1eadfec2053,https://publicreporting.cftc.gov/resource/72hh-3qpy.json?%24select=report_date_as_yyyy_mm_dd%2Ccftc_contract_market_code%2Cmarket_and_exchange_names%2Copen_interest_all%2Cm_money_positions_long_all%2Cm_money_positions_short_all%2Cm_money_positions_spread%2Ccontract_units%2Cfutonly_or_combined&%24where=cftc_contract_market_code%3D%27080732%27+AND+report_date_as_yyyy_mm_dd%3E%3D%272009-09-01T00%3A00%3A00.000%27+AND+report_date_as_yyyy_mm_dd%3C%3D%272026-08-11T00%3A00%3A00.000%27&%24order=report_date_as_yyyy_mm_dd&%24limit=5000,e1eadfec20535920e28d87b1a02245d9241765f4ae199f31c25d130fdaf7d93a,173680,226768,-53088,816091,-0.0650515690039468637688689129,272,-0.04624185192748714265259224311,-0.07202980628876138914891042059,true,true,false,false,cftc_normalized_net_q10_reversal_v1
SUGAR NO. 11 - ICE FUTURES U.S.,080732,2014-11-25,2014-11-29T20:30:00Z,cftc_official_historical_release_verified,cftc_sugar_no11_selected_history_e1eadfec2053,https://publicreporting.cftc.gov/resource/72hh-3qpy.json?%24select=report_date_as_yyyy_mm_dd%2Ccftc_contract_market_code%2Cmarket_and_exchange_names%2Copen_interest_all%2Cm_money_positions_long_all%2Cm_money_positions_short_all%2Cm_money_positions_spread%2Ccontract_units%2Cfutonly_or_combined&%24where=cftc_contract_market_code%3D%27080732%27+AND+report_date_as_yyyy_mm_dd%3E%3D%272009-09-01T00%3A00%3A00.000%27+AND+report_date_as_yyyy_mm_dd%3C%3D%272026-08-11T00%3A00%3A00.000%27&%24order=report_date_as_yyyy_mm_dd&%24limit=5000,e1eadfec20535920e28d87b1a02245d9241765f4ae199f31c25d130fdaf7d93a,174365,212836,-38471,825980,-0.04657618828543063996706942057,273,-0.05112610933396766111748200272,-0.0650515690039468637688689129,true,true,false,false,cftc_normalized_net_q10_reversal_v1
SUGAR NO. 11 - ICE FUTURES U.S.,080732,2014-12-02,2014-12-05T20:30:00Z,cftc_ordinary_rule_estimate_not_holiday_verified,cftc_sugar_no11_selected_history_e1eadfec2053,https://publicreporting.cftc.gov/resource/72hh-3qpy.json?%24select=report_date_as_yyyy_mm_dd%2Ccftc_contract_market_code%2Cmarket_and_exchange_names%2Copen_interest_all%2Cm_money_positions_long_all%2Cm_money_positions_short_all%2Cm_money_positions_spread%2Ccontract_units%2Cfutonly_or_combined&%24where=cftc_contract_market_code%3D%27080732%27+AND+report_date_as_yyyy_mm_dd%3E%3D%272009-09-01T00%3A00%3A00.000%27+AND+report_date_as_yyyy_mm_dd%3C%3D%272026-08-11T00%3A00%3A00.000%27&%24order=report_date_as_yyyy_mm_dd&%24limit=5000,e1eadfec20535920e28d87b1a02245d9241765f4ae199f31c25d130fdaf7d93a,176838,231530,-54692,836657,-0.06536967957000300003466175506,274,-0.05112610933396766111748200272,-0.04657618828543063996706942057,false,false,false,false,cftc_normalized_net_q10_reversal_v1
SUGAR NO. 11 - ICE FUTURES U.S.,080732,2014-12-09,2014-12-12T20:30:00Z,cftc_ordinary_rule_estimate_not_holiday_verified,cftc_sugar_no11_selected_history_e1eadfec2053,https://publicreporting.cftc.gov/resource/72hh-3qpy.json?%24select=report_date_as_yyyy_mm_dd%2Ccftc_contract_market_code%2Cmarket_and_exchange_names%2Copen_interest_all%2Cm_money_positions_long_all%2Cm_money_positions_short_all%2Cm_money_positions_spread%2Ccontract_units%2Cfutonly_or_combined&%24where=cftc_contract_market_code%3D%27080732%27+AND+report_date_as_yyyy_mm_dd%3E%3D%272009-09-01T00%3A00%3A00.000%27+AND+report_date_as_yyyy_mm_dd%3C%3D%272026-08-11T00%3A00%3A00.000%27&%24order=report_date_as_yyyy_mm_dd&%24limit=5000,e1eadfec20535920e28d87b1a02245d9241765f4ae199f31c25d130fdaf7d93a,177498,232110,-54612,820007,-0.06659943146826795381015040116,275,-0.05208719685095895000059822208,-0.06536967957000300003466175506,true,false,false,false,cftc_normalized_net_q10_reversal_v1
SUGAR NO. 11 - ICE FUTURES U.S.,080732,2014-12-16,2014-12-19T20:30:00Z,cftc_ordinary_rule_estimate_not_holiday_verified,cftc_sugar_no11_selected_history_e1eadfec2053,https://publicreporting.cftc.gov/resource/72hh-3qpy.json?%24select=report_date_as_yyyy_mm_dd%2Ccftc_contract_market_code%2Cmarket_and_exchange_names%2Copen_interest_all%2Cm_money_positions_long_all%2Cm_money_positions_short_all%2Cm_money_positions_spread%2Ccontract_units%2Cfutonly_or_combined&%24where=cftc_contract_market_code%3D%27080732%27+AND+report_date_as_yyyy_mm_dd%3E%3D%272009-09-01T00%3A00%3A00.000%27+AND+report_date_as_yyyy_mm_dd%3C%3D%272026-08-11T00%3A00%3A00.000%27&%24order=report_date_as_yyyy_mm_dd&%24limit=5000,e1eadfec20535920e28d87b1a02245d9241765f4ae199f31c25d130fdaf7d93a,161423,221218,-59795,825145,-0.07246605142126535336213635179,276,-0.0531083833660103294909254583,-0.06659943146826795381015040116,true,false,false,false,cftc_normalized_net_q10_reversal_v1
SUGAR NO. 11 - ICE FUTURES U.S.,080732,2014-12-23,2014-12-30T20:30:00Z,cftc_official_historical_release_verified,cftc_sugar_no11_selected_history_e1eadfec2053,https://publicreporting.cftc.gov/resource/72hh-3qpy.json?%24select=report_date_as_yyyy_mm_dd%2Ccftc_contract_market_code%2Cmarket_and_exchange_names%2Copen_interest_all%2Cm_money_positions_long_all%2Cm_money_positions_short_all%2Cm_money_positions_spread%2Ccontract_units%2Cfutonly_or_combined&%24where=cftc_contract_market_code%3D%27080732%27+AND+report_date_as_yyyy_mm_dd%3E%3D%272009-09-01T00%3A00%3A00.000%27+AND+report_date_as_yyyy_mm_dd%3C%3D%272026-08-11T00%3A00%3A00.000%27&%24order=report_date_as_yyyy_mm_dd&%24limit=5000,e1eadfec20535920e28d87b1a02245d9241765f4ae199f31c25d130fdaf7d93a,162428,217431,-55003,820513,-0.06703489158611746553680441382,277,-0.05312035282853592454521379535,-0.07246605142126535336213635179,true,true,false,false,cftc_normalized_net_q10_reversal_v1
SUGAR NO. 11 - ICE FUTURES U.S.,080732,2014-12-30,2015-01-02T20:30:00Z,cftc_ordinary_rule_estimate_not_holiday_verified,cftc_sugar_no11_selected_history_e1eadfec2053,https://publicreporting.cftc.gov/resource/72hh-3qpy.json?%24select=report_date_as_yyyy_mm_dd%2Ccftc_contract_market_code%2Cmarket_and_exchange_names%2Copen_interest_all%2Cm_money_positions_long_all%2Cm_money_positions_short_all%2Cm_money_positions_spread%2Ccontract_units%2Cfutonly_or_combined&%24where=cftc_contract_market_code%3D%27080732%27+AND+report_date_as_yyyy_mm_dd%3E%3D%272009-09-01T00%3A00%3A00.000%27+AND+report_date_as_yyyy_mm_dd%3C%3D%272026-08-11T00%3A00%3A00.000%27&%24order=report_date_as_yyyy_mm_dd&%24limit=5000,e1eadfec20535920e28d87b1a02245d9241765f4ae199f31c25d130fdaf7d93a,162391,225573,-63182,834430,-0.07571875411957863451697566003,278,-0.05361615529117094552285535379,-0.06703489158611746553680441382,true,false,false,false,cftc_normalized_net_q10_reversal_v1
SUGAR NO. 11 - ICE FUTURES U.S.,080732,2015-01-06,2015-01-09T20:30:00Z,cftc_official_event_weekly_page_verified,cftc_sugar_no11_selected_history_e1eadfec2053,https://publicreporting.cftc.gov/resource/72hh-3qpy.json?%24select=report_date_as_yyyy_mm_dd%2Ccftc_contract_market_code%2Cmarket_and_exchange_names%2Copen_interest_all%2Cm_money_positions_long_all%2Cm_money_positions_short_all%2Cm_money_positions_spread%2Ccontract_units%2Cfutonly_or_combined&%24where=cftc_contract_market_code%3D%27080732%27+AND+report_date_as_yyyy_mm_dd%3E%3D%272009-09-01T00%3A00%3A00.000%27+AND+report_date_as_yyyy_mm_dd%3C%3D%272026-08-11T00%3A00%3A00.000%27&%24order=report_date_as_yyyy_mm_dd&%24limit=5000,e1eadfec20535920e28d87b1a02245d9241765f4ae199f31c25d130fdaf7d93a,160736,222812,-62076,841420,-0.07377528463787407002448242257,279,-0.05473534647482484362496121246,-0.07571875411957863451697566003,true,true,true,true,cftc_normalized_net_q10_reversal_v1
SUGAR NO. 11 - ICE FUTURES U.S.,080732,2015-01-13,2015-01-16T20:30:00Z,cftc_ordinary_rule_estimate_not_holiday_verified,cftc_sugar_no11_selected_history_e1eadfec2053,https://publicreporting.cftc.gov/resource/72hh-3qpy.json?%24select=report_date_as_yyyy_mm_dd%2Ccftc_contract_market_code%2Cmarket_and_exchange_names%2Copen_interest_all%2Cm_money_positions_long_all%2Cm_money_positions_short_all%2Cm_money_positions_spread%2Ccontract_units%2Cfutonly_or_combined&%24where=cftc_contract_market_code%3D%27080732%27+AND+report_date_as_yyyy_mm_dd%3E%3D%272009-09-01T00%3A00%3A00.000%27+AND+report_date_as_yyyy_mm_dd%3C%3D%272026-08-11T00%3A00%3A00.000%27&%24order=report_date_as_yyyy_mm_dd&%24limit=5000,e1eadfec20535920e28d87b1a02245d9241765f4ae199f31c25d130fdaf7d93a,157867,206916,-49049,818125,-0.05995294117647058823529411765,280,-0.05556729518855656697009102731,-0.07377528463787407002448242257,true,true,false,false,cftc_normalized_net_q10_reversal_v1
SUGAR NO. 11 - ICE FUTURES U.S.,080732,2015-01-20,2015-01-23T20:30:00Z,cftc_ordinary_rule_estimate_not_holiday_verified,cftc_sugar_no11_selected_history_e1eadfec2053,https://publicreporting.cftc.gov/resource/72hh-3qpy.json?%24select=report_date_as_yyyy_mm_dd%2Ccftc_contract_market_code%2Cmarket_and_exchange_names%2Copen_interest_all%2Cm_money_positions_long_all%2Cm_money_positions_short_all%2Cm_money_positions_spread%2Ccontract_units%2Cfutonly_or_combined&%24where=cftc_contract_market_code%3D%27080732%27+AND+report_date_as_yyyy_mm_dd%3E%3D%272009-09-01T00%3A00%3A00.000%27+AND+report_date_as_yyyy_mm_dd%3C%3D%272026-08-11T00%3A00%3A00.000%27&%24order=report_date_as_yyyy_mm_dd&%24limit=5000,e1eadfec20535920e28d87b1a02245d9241765f4ae199f31c25d130fdaf7d93a,157578,186768,-29190,815626,-0.03578846186855249832643883348,281,-0.05556729518855656697009102731,-0.05995294117647058823529411765,true,true,false,false,cftc_normalized_net_q10_reversal_v1
SUGAR NO. 11 - ICE FUTURES U.S.,080732,2015-01-27,2015-01-30T20:30:00Z,cftc_ordinary_rule_estimate_not_holiday_verified,cftc_sugar_no11_selected_history_e1eadfec2053,https://publicreporting.cftc.gov/resource/72hh-3qpy.json?%24select=report_date_as_yyyy_mm_dd%2Ccftc_contract_market_code%2Cmarket_and_exchange_names%2Copen_interest_all%2Cm_money_positions_long_all%2Cm_money_positions_short_all%2Cm_money_positions_spread%2Ccontract_units%2Cfutonly_or_combined&%24where=cftc_contract_market_code%3D%27080732%27+AND+report_date_as_yyyy_mm_dd%3E%3D%272009-09-01T00%3A00%3A00.000%27+AND+report_date_as_yyyy_mm_dd%3C%3D%272026-08-11T00%3A00%3A00.000%27&%24order=report_date_as_yyyy_mm_dd&%24limit=5000,e1eadfec20535920e28d87b1a02245d9241765f4ae199f31c25d130fdaf7d93a,156123,153117,3006,823104,0.003652029391182645206438068579,282,-0.05556729518855656697009102731,-0.03578846186855249832643883348,false,true,false,false,cftc_normalized_net_q10_reversal_v1
SUGAR NO. 11 - ICE FUTURES U.S.,080732,2015-02-03,2015-02-06T20:30:00Z,cftc_ordinary_rule_estimate_not_holiday_verified,cftc_sugar_no11_selected_history_e1eadfec2053,https://publicreporting.cftc.gov/resource/72hh-3qpy.json?%24select=report_date_as_yyyy_mm_dd%2Ccftc_contract_market_code%2Cmarket_and_exchange_names%2Copen_interest_all%2Cm_money_positions_long_all%2Cm_money_positions_short_all%2Cm_money_positions_spread%2Ccontract_units%2Cfutonly_or_combined&%24where=cftc_contract_market_code%3D%27080732%27+AND+report_date_as_yyyy_mm_dd%3E%3D%272009-09-01T00%3A00%3A00.000%27+AND+report_date_as_yyyy_mm_dd%3C%3D%272026-08-11T00%3A00%3A00.000%27&%24order=report_date_as_yyyy_mm_dd&%24limit=5000,e1eadfec20535920e28d87b1a02245d9241765f4ae199f31c25d130fdaf7d93a,149823,178790,-28967,853527,-0.03393800078966453316649619754,283,-0.05556729518855656697009102731,0.003652029391182645206438068579,false,false,false,false,cftc_normalized_net_q10_reversal_v1
SUGAR NO. 11 - ICE FUTURES U.S.,080732,2015-02-10,2015-02-13T20:30:00Z,cftc_ordinary_rule_estimate_not_holiday_verified,cftc_sugar_no11_selected_history_e1eadfec2053,https://publicreporting.cftc.gov/resource/72hh-3qpy.json?%24select=report_date_as_yyyy_mm_dd%2Ccftc_contract_market_code%2Cmarket_and_exchange_names%2Copen_interest_all%2Cm_money_positions_long_all%2Cm_money_positions_short_all%2Cm_money_positions_spread%2Ccontract_units%2Cfutonly_or_combined&%24where=cftc_contract_market_code%3D%27080732%27+AND+report_date_as_yyyy_mm_dd%3E%3D%272009-09-01T00%3A00%3A00.000%27+AND+report_date_as_yyyy_mm_dd%3C%3D%272026-08-11T00%3A00%3A00.000%27&%24order=report_date_as_yyyy_mm_dd&%24limit=5000,e1eadfec20535920e28d87b1a02245d9241765f4ae199f31c25d130fdaf7d93a,147635,179208,-31573,864567,-0.03651885857313545393243091629,284,-0.05556729518855656697009102731,-0.03393800078966453316649619754,false,false,false,false,cftc_normalized_net_q10_reversal_v1
SUGAR NO. 11 - ICE FUTURES U.S.,080732,2015-02-17,2015-02-20T20:30:00Z,cftc_ordinary_rule_estimate_not_holiday_verified,cftc_sugar_no11_selected_history_e1eadfec2053,https://publicreporting.cftc.gov/resource/72hh-3qpy.json?%24select=report_date_as_yyyy_mm_dd%2Ccftc_contract_market_code%2Cmarket_and_exchange_names%2Copen_interest_all%2Cm_money_positions_long_all%2Cm_money_positions_short_all%2Cm_money_positions_spread%2Ccontract_units%2Cfutonly_or_combined&%24where=cftc_contract_market_code%3D%27080732%27+AND+report_date_as_yyyy_mm_dd%3E%3D%272009-09-01T00%3A00%3A00.000%27+AND+report_date_as_yyyy_mm_dd%3C%3D%272026-08-11T00%3A00%3A00.000%27&%24order=report_date_as_yyyy_mm_dd&%24limit=5000,e1eadfec20535920e28d87b1a02245d9241765f4ae199f31c25d130fdaf7d93a,152916,161152,-8236,857342,-0.009606434771654718886978591974,285,-0.05556729518855656697009102731,-0.03651885857313545393243091629,false,true,false,false,cftc_normalized_net_q10_reversal_v1
SUGAR NO. 11 - ICE FUTURES U.S.,080732,2015-02-24,2015-02-27T20:30:00Z,cftc_ordinary_rule_estimate_not_holiday_verified,cftc_sugar_no11_selected_history_e1eadfec2053,https://publicreporting.cftc.gov/resource/72hh-3qpy.json?%24select=report_date_as_yyyy_mm_dd%2Ccftc_contract_market_code%2Cmarket_and_exchange_names%2Copen_interest_all%2Cm_money_positions_long_all%2Cm_money_positions_short_all%2Cm_money_positions_spread%2Ccontract_units%2Cfutonly_or_combined&%24where=cftc_contract_market_code%3D%27080732%27+AND+report_date_as_yyyy_mm_dd%3E%3D%272009-09-01T00%3A00%3A00.000%27+AND+report_date_as_yyyy_mm_dd%3C%3D%272026-08-11T00%3A00%3A00.000%27&%24order=report_date_as_yyyy_mm_dd&%24limit=5000,e1eadfec20535920e28d87b1a02245d9241765f4ae199f31c25d130fdaf7d93a,150708,185130,-34422,836197,-0.04116494079744366459099948935,286,-0.05556729518855656697009102731,-0.009606434771654718886978591974,false,false,false,false,cftc_normalized_net_q10_reversal_v1
SUGAR NO. 11 - ICE FUTURES U.S.,080732,2015-03-03,2015-03-06T20:30:00Z,cftc_ordinary_rule_estimate_not_holiday_verified,cftc_sugar_no11_selected_history_e1eadfec2053,https://publicreporting.cftc.gov/resource/72hh-3qpy.json?%24select=report_date_as_yyyy_mm_dd%2Ccftc_contract_market_code%2Cmarket_and_exchange_names%2Copen_interest_all%2Cm_money_positions_long_all%2Cm_money_positions_short_all%2Cm_money_positions_spread%2Ccontract_units%2Cfutonly_or_combined&%24where=cftc_contract_market_code%3D%27080732%27+AND+report_date_as_yyyy_mm_dd%3E%3D%272009-09-01T00%3A00%3A00.000%27+AND+report_date_as_yyyy_mm_dd%3C%3D%272026-08-11T00%3A00%3A00.000%27&%24order=report_date_as_yyyy_mm_dd&%24limit=5000,e1eadfec20535920e28d87b1a02245d9241765f4ae199f31c25d130fdaf7d93a,135139,229167,-94028,819751,-0.1147031232654793955725580085,287,-0.05556729518855656697009102731,-0.04116494079744366459099948935,false,false,false,false,cftc_normalized_net_q10_reversal_v1
SUGAR NO. 11 - ICE FUTURES U.S.,080732,2015-03-10,2015-03-13T19:30:00Z,cftc_ordinary_rule_estimate_not_holiday_verified,cftc_sugar_no11_selected_history_e1eadfec2053,https://publicreporting.cftc.gov/resource/72hh-3qpy.json?%24select=report_date_as_yyyy_mm_dd%2Ccftc_contract_market_code%2Cmarket_and_exchange_names%2Copen_interest_all%2Cm_money_positions_long_all%2Cm_money_positions_short_all%2Cm_money_positions_spread%2Ccontract_units%2Cfutonly_or_combined&%24where=cftc_contract_market_code%3D%27080732%27+AND+report_date_as_yyyy_mm_dd%3E%3D%272009-09-01T00%3A00%3A00.000%27+AND+report_date_as_yyyy_mm_dd%3C%3D%272026-08-11T00%3A00%3A00.000%27&%24order=report_date_as_yyyy_mm_dd&%24limit=5000,e1eadfec20535920e28d87b1a02245d9241765f4ae199f31c25d130fdaf7d93a,138717,238176,-99459,847114,-0.1174092270934018325750725404,288,-0.05601228903467399129883121111,-0.1147031232654793955725580085,true,false,false,false,cftc_normalized_net_q10_reversal_v1
SUGAR NO. 11 - ICE FUTURES U.S.,080732,2015-03-17,2015-03-20T19:30:00Z,cftc_ordinary_rule_estimate_not_holiday_verified,cftc_sugar_no11_selected_history_e1eadfec2053,https://publicreporting.cftc.gov/resource/72hh-3qpy.json?%24select=report_date_as_yyyy_mm_dd%2Ccftc_contract_market_code%2Cmarket_and_exchange_names%2Copen_interest_all%2Cm_money_positions_long_all%2Cm_money_positions_short_all%2Cm_money_positions_spread%2Ccontract_units%2Cfutonly_or_combined&%24where=cftc_contract_market_code%3D%27080732%27+AND+report_date_as_yyyy_mm_dd%3E%3D%272009-09-01T00%3A00%3A00.000%27+AND+report_date_as_yyyy_mm_dd%3C%3D%272026-08-11T00%3A00%3A00.000%27&%24order=report_date_as_yyyy_mm_dd&%24limit=5000,e1eadfec20535920e28d87b1a02245d9241765f4ae199f31c25d130fdaf7d93a,131636,230724,-99088,864924,-0.1145626667776590775605717959,289,-0.05750347185254776064048221019,-0.1174092270934018325750725404,true,true,false,false,cftc_normalized_net_q10_reversal_v1
SUGAR NO. 11 - ICE FUTURES U.S.,080732,2015-03-24,2015-03-27T19:30:00Z,cftc_ordinary_rule_estimate_not_holiday_verified,cftc_sugar_no11_selected_history_e1eadfec2053,https://publicreporting.cftc.gov/resource/72hh-3qpy.json?%24select=report_date_as_yyyy_mm_dd%2Ccftc_contract_market_code%2Cmarket_and_exchange_names%2Copen_interest_all%2Cm_money_positions_long_all%2Cm_money_positions_short_all%2Cm_money_positions_spread%2Ccontract_units%2Cfutonly_or_combined&%24where=cftc_contract_market_code%3D%27080732%27+AND+report_date_as_yyyy_mm_dd%3E%3D%272009-09-01T00%3A00%3A00.000%27+AND+report_date_as_yyyy_mm_dd%3C%3D%272026-08-11T00%3A00%3A00.000%27&%24order=report_date_as_yyyy_mm_dd&%24limit=5000,e1eadfec20535920e28d87b1a02245d9241765f4ae199f31c25d130fdaf7d93a,127961,237514,-109553,883334,-0.1240221705493052458073616548,290,-0.05840689383239315060299059899,-0.1145626667776590775605717959,true,false,false,false,cftc_normalized_net_q10_reversal_v1
SUGAR NO. 11 - ICE FUTURES U.S.,080732,2015-03-31,2015-04-03T19:30:00Z,cftc_ordinary_rule_estimate_not_holiday_verified,cftc_sugar_no11_selected_history_e1eadfec2053,https://publicreporting.cftc.gov/resource/72hh-3qpy.json?%24select=report_date_as_yyyy_mm_dd%2Ccftc_contract_market_code%2Cmarket_and_exchange_names%2Copen_interest_all%2Cm_money_positions_long_all%2Cm_money_positions_short_all%2Cm_money_positions_spread%2Ccontract_units%2Cfutonly_or_combined&%24where=cftc_contract_market_code%3D%27080732%27+AND+report_date_as_yyyy_mm_dd%3E%3D%272009-09-01T00%3A00%3A00.000%27+AND+report_date_as_yyyy_mm_dd%3C%3D%272026-08-11T00%3A00%3A00.000%27&%24order=report_date_as_yyyy_mm_dd&%24limit=5000,e1eadfec20535920e28d87b1a02245d9241765f4ae199f31c25d130fdaf7d93a,134629,244766,-110137,903521,-0.121897554124364569279518683,291,-0.05840689383239315060299059899,-0.1240221705493052458073616548,true,true,false,false,cftc_normalized_net_q10_reversal_v1
SUGAR NO. 11 - ICE FUTURES U.S.,080732,2015-04-07,2015-04-10T19:30:00Z,cftc_ordinary_rule_estimate_not_holiday_verified,cftc_sugar_no11_selected_history_e1eadfec2053,https://publicreporting.cftc.gov/resource/72hh-3qpy.json?%24select=report_date_as_yyyy_mm_dd%2Ccftc_contract_market_code%2Cmarket_and_exchange_names%2Copen_interest_all%2Cm_money_positions_long_all%2Cm_money_positions_short_all%2Cm_money_positions_spread%2Ccontract_units%2Cfutonly_or_combined&%24where=cftc_contract_market_code%3D%27080732%27+AND+report_date_as_yyyy_mm_dd%3E%3D%272009-09-01T00%3A00%3A00.000%27+AND+report_date_as_yyyy_mm_dd%3C%3D%272026-08-11T00%3A00%3A00.000%27&%24order=report_date_as_yyyy_mm_dd&%24limit=5000,e1eadfec20535920e28d87b1a02245d9241765f4ae199f31c25d130fdaf7d93a,136845,240381,-103536,936040,-0.1106106576642023845134823298,292,-0.05863022401582025045747189176,-0.121897554124364569279518683,true,true,false,false,cftc_normalized_net_q10_reversal_v1
SUGAR NO. 11 - ICE FUTURES U.S.,080732,2015-04-14,2015-04-17T19:30:00Z,cftc_official_event_weekly_page_verified,cftc_sugar_no11_selected_history_e1eadfec2053,https://publicreporting.cftc.gov/resource/72hh-3qpy.json?%24select=report_date_as_yyyy_mm_dd%2Ccftc_contract_market_code%2Cmarket_and_exchange_names%2Copen_interest_all%2Cm_money_positions_long_all%2Cm_money_positions_short_all%2Cm_money_positions_spread%2Ccontract_units%2Cfutonly_or_combined&%24where=cftc_contract_market_code%3D%27080732%27+AND+report_date_as_yyyy_mm_dd%3E%3D%272009-09-01T00%3A00%3A00.000%27+AND+report_date_as_yyyy_mm_dd%3C%3D%272026-08-11T00%3A00%3A00.000%27&%24order=report_date_as_yyyy_mm_dd&%24limit=5000,e1eadfec20535920e28d87b1a02245d9241765f4ae199f31c25d130fdaf7d93a,132284,214078,-81794,893089,-0.09158549707811875412192961732,293,-0.05995294117647058823529411765,-0.1106106576642023845134823298,true,true,true,true,cftc_normalized_net_q10_reversal_v1
SUGAR NO. 11 - ICE FUTURES U.S.,080732,2015-04-21,2015-04-24T19:30:00Z,cftc_ordinary_rule_estimate_not_holiday_verified,cftc_sugar_no11_selected_history_e1eadfec2053,https://publicreporting.cftc.gov/resource/72hh-3qpy.json?%24select=report_date_as_yyyy_mm_dd%2Ccftc_contract_market_code%2Cmarket_and_exchange_names%2Copen_interest_all%2Cm_money_positions_long_all%2Cm_money_positions_short_all%2Cm_money_positions_spread%2Ccontract_units%2Cfutonly_or_combined&%24where=cftc_contract_market_code%3D%27080732%27+AND+report_date_as_yyyy_mm_dd%3E%3D%272009-09-01T00%3A00%3A00.000%27+AND+report_date_as_yyyy_mm_dd%3C%3D%272026-08-11T00%3A00%3A00.000%27&%24order=report_date_as_yyyy_mm_dd&%24limit=5000,e1eadfec20535920e28d87b1a02245d9241765f4ae199f31c25d130fdaf7d93a,135307,200934,-65627,853491,-0.07689243354645801771782010589,294,-0.06005543740905828828769513375,-0.09158549707811875412192961732,true,true,false,false,cftc_normalized_net_q10_reversal_v1
SUGAR NO. 11 - ICE FUTURES U.S.,080732,2015-04-28,2015-05-01T19:30:00Z,cftc_ordinary_rule_estimate_not_holiday_verified,cftc_sugar_no11_selected_history_e1eadfec2053,https://publicreporting.cftc.gov/resource/72hh-3qpy.json?%24select=report_date_as_yyyy_mm_dd%2Ccftc_contract_market_code%2Cmarket_and_exchange_names%2Copen_interest_all%2Cm_money_positions_long_all%2Cm_money_positions_short_all%2Cm_money_positions_spread%2Ccontract_units%2Cfutonly_or_combined&%24where=cftc_contract_market_code%3D%27080732%27+AND+report_date_as_yyyy_mm_dd%3E%3D%272009-09-01T00%3A00%3A00.000%27+AND+report_date_as_yyyy_mm_dd%3C%3D%272026-08-11T00%3A00%3A00.000%27&%24order=report_date_as_yyyy_mm_dd&%24limit=5000,e1eadfec20535920e28d87b1a02245d9241765f4ae199f31c25d130fdaf7d93a,135670,171596,-35926,834880,-0.04303133384438482177079340744,295,-0.06029272996187945087997054046,-0.07689243354645801771782010589,true,true,false,false,cftc_normalized_net_q10_reversal_v1
SUGAR NO. 11 - ICE FUTURES U.S.,080732,2015-05-05,2015-05-08T19:30:00Z,cftc_ordinary_rule_estimate_not_holiday_verified,cftc_sugar_no11_selected_history_e1eadfec2053,https://publicreporting.cftc.gov/resource/72hh-3qpy.json?%24select=report_date_as_yyyy_mm_dd%2Ccftc_contract_market_code%2Cmarket_and_exchange_names%2Copen_interest_all%2Cm_money_positions_long_all%2Cm_money_positions_short_all%2Cm_money_positions_spread%2Ccontract_units%2Cfutonly_or_combined&%24where=cftc_contract_market_code%3D%27080732%27+AND+report_date_as_yyyy_mm_dd%3E%3D%272009-09-01T00%3A00%3A00.000%27+AND+report_date_as_yyyy_mm_dd%3C%3D%272026-08-11T00%3A00%3A00.000%27&%24order=report_date_as_yyyy_mm_dd&%24limit=5000,e1eadfec20535920e28d87b1a02245d9241765f4ae199f31c25d130fdaf7d93a,133207,177754,-44547,808794,-0.05507830176781726867409995623,296,-0.06029272996187945087997054046,-0.04303133384438482177079340744,false,false,false,false,cftc_normalized_net_q10_reversal_v1
SUGAR NO. 11 - ICE FUTURES U.S.,080732,2015-05-12,2015-05-15T19:30:00Z,cftc_ordinary_rule_estimate_not_holiday_verified,cftc_sugar_no11_selected_history_e1eadfec2053,https://publicreporting.cftc.gov/resource/72hh-3qpy.json?%24select=report_date_as_yyyy_mm_dd%2Ccftc_contract_market_code%2Cmarket_and_exchange_names%2Copen_interest_all%2Cm_money_positions_long_all%2Cm_money_positions_short_all%2Cm_money_positions_spread%2Ccontract_units%2Cfutonly_or_combined&%24where=cftc_contract_market_code%3D%27080732%27+AND+report_date_as_yyyy_mm_dd%3E%3D%272009-09-01T00%3A00%3A00.000%27+AND+report_date_as_yyyy_mm_dd%3C%3D%272026-08-11T00%3A00%3A00.000%27&%24order=report_date_as_yyyy_mm_dd&%24limit=5000,e1eadfec20535920e28d87b1a02245d9241765f4ae199f31c25d130fdaf7d93a,135769,151584,-15815,849346,-0.01862020896077688009362497734,297,-0.06029272996187945087997054046,-0.05507830176781726867409995623,false,true,false,false,cftc_normalized_net_q10_reversal_v1
SUGAR NO. 11 - ICE FUTURES U.S.,080732,2015-05-19,2015-05-22T19:30:00Z,cftc_ordinary_rule_estimate_not_holiday_verified,cftc_sugar_no11_selected_history_e1eadfec2053,https://publicreporting.cftc.gov/resource/72hh-3qpy.json?%24select=report_date_as_yyyy_mm_dd%2Ccftc_contract_market_code%2Cmarket_and_exchange_names%2Copen_interest_all%2Cm_money_positions_long_all%2Cm_money_positions_short_all%2Cm_money_positions_spread%2Ccontract_units%2Cfutonly_or_combined&%24where=cftc_contract_market_code%3D%27080732%27+AND+report_date_as_yyyy_mm_dd%3E%3D%272009-09-01T00%3A00%3A00.000%27+AND+report_date_as_yyyy_mm_dd%3C%3D%272026-08-11T00%3A00%3A00.000%27&%24order=report_date_as_yyyy_mm_dd&%24limit=5000,e1eadfec20535920e28d87b1a02245d9241765f4ae199f31c25d130fdaf7d93a,137184,164272,-27088,865099,-0.03131202324820627465758254258,298,-0.06029272996187945087997054046,-0.01862020896077688009362497734,false,false,false,false,cftc_normalized_net_q10_reversal_v1
SUGAR NO. 11 - ICE FUTURES U.S.,080732,2015-05-26,2015-05-29T19:30:00Z,cftc_ordinary_rule_estimate_not_holiday_verified,cftc_sugar_no11_selected_history_e1eadfec2053,https://publicreporting.cftc.gov/resource/72hh-3qpy.json?%24select=report_date_as_yyyy_mm_dd%2Ccftc_contract_market_code%2Cmarket_and_exchange_names%2Copen_interest_all%2Cm_money_positions_long_all%2Cm_money_positions_short_all%2Cm_money_positions_spread%2Ccontract_units%2Cfutonly_or_combined&%24where=cftc_contract_market_code%3D%27080732%27+AND+report_date_as_yyyy_mm_dd%3E%3D%272009-09-01T00%3A00%3A00.000%27+AND+report_date_as_yyyy_mm_dd%3C%3D%272026-08-11T00%3A00%3A00.000%27&%24order=report_date_as_yyyy_mm_dd&%24limit=5000,e1eadfec20535920e28d87b1a02245d9241765f4ae199f31c25d130fdaf7d93a,139674,200223,-60549,891727,-0.06790082614970725345313083489,299,-0.06029272996187945087997054046,-0.03131202324820627465758254258,false,false,false,false,cftc_normalized_net_q10_reversal_v1
SUGAR NO. 11 - ICE FUTURES U.S.,080732,2015-06-02,2015-06-05T19:30:00Z,cftc_ordinary_rule_estimate_not_holiday_verified,cftc_sugar_no11_selected_history_e1eadfec2053,https://publicreporting.cftc.gov/resource/72hh-3qpy.json?%24select=report_date_as_yyyy_mm_dd%2Ccftc_contract_market_code%2Cmarket_and_exchange_names%2Copen_interest_all%2Cm_money_positions_long_all%2Cm_money_positions_short_all%2Cm_money_positions_spread%2Ccontract_units%2Cfutonly_or_combined&%24where=cftc_contract_market_code%3D%27080732%27+AND+report_date_as_yyyy_mm_dd%3E%3D%272009-09-01T00%3A00%3A00.000%27+AND+report_date_as_yyyy_mm_dd%3C%3D%272026-08-11T00%3A00%3A00.000%27&%24order=report_date_as_yyyy_mm_dd&%24limit=5000,e1eadfec20535920e28d87b1a02245d9241765f4ae199f31c25d130fdaf7d93a,143813,204801,-60988,912450,-0.06683982683982683982683982684,300,-0.0606297040003062839701267514,-0.06790082614970725345313083489,true,true,false,false,cftc_normalized_net_q10_reversal_v1
SUGAR NO. 11 - ICE FUTURES U.S.,080732,2015-06-09,2015-06-12T19:30:00Z,cftc_ordinary_rule_estimate_not_holiday_verified,cftc_sugar_no11_selected_history_e1eadfec2053,https://publicreporting.cftc.gov/resource/72hh-3qpy.json?%24select=report_date_as_yyyy_mm_dd%2Ccftc_contract_market_code%2Cmarket_and_exchange_names%2Copen_interest_all%2Cm_money_positions_long_all%2Cm_money_positions_short_all%2Cm_money_positions_spread%2Ccontract_units%2Cfutonly_or_combined&%24where=cftc_contract_market_code%3D%27080732%27+AND+report_date_as_yyyy_mm_dd%3E%3D%272009-09-01T00%3A00%3A00.000%27+AND+report_date_as_yyyy_mm_dd%3C%3D%272026-08-11T00%3A00%3A00.000%27&%24order=report_date_as_yyyy_mm_dd&%24limit=5000,e1eadfec20535920e28d87b1a02245d9241765f4ae199f31c25d130fdaf7d93a,147836,205086,-57250,892859,-0.06411986663067740819099096274,301,-0.0606297040003062839701267514,-0.06683982683982683982683982684,true,true,false,false,cftc_normalized_net_q10_reversal_v1
SUGAR NO. 11 - ICE FUTURES U.S.,080732,2015-06-16,2015-06-19T19:30:00Z,cftc_ordinary_rule_estimate_not_holiday_verified,cftc_sugar_no11_selected_history_e1eadfec2053,https://publicreporting.cftc.gov/resource/72hh-3qpy.json?%24select=report_date_as_yyyy_mm_dd%2Ccftc_contract_market_code%2Cmarket_and_exchange_names%2Copen_interest_all%2Cm_money_positions_long_all%2Cm_money_positions_short_all%2Cm_money_positions_spread%2Ccontract_units%2Cfutonly_or_combined&%24where=cftc_contract_market_code%3D%27080732%27+AND+report_date_as_yyyy_mm_dd%3E%3D%272009-09-01T00%3A00%3A00.000%27+AND+report_date_as_yyyy_mm_dd%3C%3D%272026-08-11T00%3A00%3A00.000%27&%24order=report_date_as_yyyy_mm_dd&%24limit=5000,e1eadfec20535920e28d87b1a02245d9241765f4ae199f31c25d130fdaf7d93a,149331,233357,-84026,873992,-0.0961404681049712125511446329,302,-0.06242018749709319708455972733,-0.06411986663067740819099096274,true,false,false,false,cftc_normalized_net_q10_reversal_v1
SUGAR NO. 11 - ICE FUTURES U.S.,080732,2015-06-23,2015-06-26T19:30:00Z,cftc_ordinary_rule_estimate_not_holiday_verified,cftc_sugar_no11_selected_history_e1eadfec2053,https://publicreporting.cftc.gov/resource/72hh-3qpy.json?%24select=report_date_as_yyyy_mm_dd%2Ccftc_contract_market_code%2Cmarket_and_exchange_names%2Copen_interest_all%2Cm_money_positions_long_all%2Cm_money_positions_short_all%2Cm_money_positions_spread%2Ccontract_units%2Cfutonly_or_combined&%24where=cftc_contract_market_code%3D%27080732%27+AND+report_date_as_yyyy_mm_dd%3E%3D%272009-09-01T00%3A00%3A00.000%27+AND+report_date_as_yyyy_mm_dd%3C%3D%272026-08-11T00%3A00%3A00.000%27&%24order=report_date_as_yyyy_mm_dd&%24limit=5000,e1eadfec20535920e28d87b1a02245d9241765f4ae199f31c25d130fdaf7d93a,144184,237177,-92993,865764,-0.1074114885811837868056421842,303,-0.06411986663067740819099096274,-0.0961404681049712125511446329,true,false,false,false,cftc_normalized_net_q10_reversal_v1
SUGAR NO. 11 - ICE FUTURES U.S.,080732,2015-06-30,2015-07-06T19:30:00Z,cftc_official_historical_release_verified,cftc_sugar_no11_selected_history_e1eadfec2053,https://publicreporting.cftc.gov/resource/72hh-3qpy.json?%24select=report_date_as_yyyy_mm_dd%2Ccftc_contract_market_code%2Cmarket_and_exchange_names%2Copen_interest_all%2Cm_money_positions_long_all%2Cm_money_positions_short_all%2Cm_money_positions_spread%2Ccontract_units%2Cfutonly_or_combined&%24where=cftc_contract_market_code%3D%27080732%27+AND+report_date_as_yyyy_mm_dd%3E%3D%272009-09-01T00%3A00%3A00.000%27+AND+report_date_as_yyyy_mm_dd%3C%3D%272026-08-11T00%3A00%3A00.000%27&%24order=report_date_as_yyyy_mm_dd&%24limit=5000,e1eadfec20535920e28d87b1a02245d9241765f4ae199f31c25d130fdaf7d93a,133115,202545,-69430,838247,-0.08282761524944318321449405724,304,-0.0650515690039468637688689129,-0.1074114885811837868056421842,true,true,false,false,cftc_normalized_net_q10_reversal_v1
SUGAR NO. 11 - ICE FUTURES U.S.,080732,2015-07-07,2015-07-10T19:30:00Z,cftc_ordinary_rule_estimate_not_holiday_verified,cftc_sugar_no11_selected_history_e1eadfec2053,https://publicreporting.cftc.gov/resource/72hh-3qpy.json?%24select=report_date_as_yyyy_mm_dd%2Ccftc_contract_market_code%2Cmarket_and_exchange_names%2Copen_interest_all%2Cm_money_positions_long_all%2Cm_money_positions_short_all%2Cm_money_positions_spread%2Ccontract_units%2Cfutonly_or_combined&%24where=cftc_contract_market_code%3D%27080732%27+AND+report_date_as_yyyy_mm_dd%3E%3D%272009-09-01T00%3A00%3A00.000%27+AND+report_date_as_yyyy_mm_dd%3C%3D%272026-08-11T00%3A00%3A00.000%27&%24order=report_date_as_yyyy_mm_dd&%24limit=5000,e1eadfec20535920e28d87b1a02245d9241765f4ae199f31c25d130fdaf7d93a,136518,173037,-36519,790993,-0.04616855016416074478535208276,305,-0.06536967957000300003466175506,-0.08282761524944318321449405724,true,true,false,false,cftc_normalized_net_q10_reversal_v1
SUGAR NO. 11 - ICE FUTURES U.S.,080732,2015-07-14,2015-07-17T19:30:00Z,cftc_ordinary_rule_estimate_not_holiday_verified,cftc_sugar_no11_selected_history_e1eadfec2053,https://publicreporting.cftc.gov/resource/72hh-3qpy.json?%24select=report_date_as_yyyy_mm_dd%2Ccftc_contract_market_code%2Cmarket_and_exchange_names%2Copen_interest_all%2Cm_money_positions_long_all%2Cm_money_positions_short_all%2Cm_money_positions_spread%2Ccontract_units%2Cfutonly_or_combined&%24where=cftc_contract_market_code%3D%27080732%27+AND+report_date_as_yyyy_mm_dd%3E%3D%272009-09-01T00%3A00%3A00.000%27+AND+report_date_as_yyyy_mm_dd%3C%3D%272026-08-11T00%3A00%3A00.000%27&%24order=report_date_as_yyyy_mm_dd&%24limit=5000,e1eadfec20535920e28d87b1a02245d9241765f4ae199f31c25d130fdaf7d93a,144801,145305,-504,794716,-0.0006341888171371911475294318977,306,-0.06536967957000300003466175506,-0.04616855016416074478535208276,false,true,true,false,cftc_normalized_net_q10_reversal_v1
SUGAR NO. 11 - ICE FUTURES U.S.,080732,2015-07-21,2015-07-24T19:30:00Z,cftc_ordinary_rule_estimate_not_holiday_verified,cftc_sugar_no11_selected_history_e1eadfec2053,https://publicreporting.cftc.gov/resource/72hh-3qpy.json?%24select=report_date_as_yyyy_mm_dd%2Ccftc_contract_market_code%2Cmarket_and_exchange_names%2Copen_interest_all%2Cm_money_positions_long_all%2Cm_money_positions_short_all%2Cm_money_positions_spread%2Ccontract_units%2Cfutonly_or_combined&%24where=cftc_contract_market_code%3D%27080732%27+AND+report_date_as_yyyy_mm_dd%3E%3D%272009-09-01T00%3A00%3A00.000%27+AND+report_date_as_yyyy_mm_dd%3C%3D%272026-08-11T00%3A00%3A00.000%27&%24order=report_date_as_yyyy_mm_dd&%24limit=5000,e1eadfec20535920e28d87b1a02245d9241765f4ae199f31c25d130fdaf7d93a,145405,191546,-46141,811703,-0.05684468333861030450792962451,307,-0.06536967957000300003466175506,-0.0006341888171371911475294318977,false,false,true,false,cftc_normalized_net_q10_reversal_v1
SUGAR NO. 11 - ICE FUTURES U.S.,080732,2015-07-28,2015-07-31T19:30:00Z,cftc_ordinary_rule_estimate_not_holiday_verified,cftc_sugar_no11_selected_history_e1eadfec2053,https://publicreporting.cftc.gov/resource/72hh-3qpy.json?%24select=report_date_as_yyyy_mm_dd%2Ccftc_contract_market_code%2Cmarket_and_exchange_names%2Copen_interest_all%2Cm_money_positions_long_all%2Cm_money_positions_short_all%2Cm_money_positions_spread%2Ccontract_units%2Cfutonly_or_combined&%24where=cftc_contract_market_code%3D%27080732%27+AND+report_date_as_yyyy_mm_dd%3E%3D%272009-09-01T00%3A00%3A00.000%27+AND+report_date_as_yyyy_mm_dd%3C%3D%272026-08-11T00%3A00%3A00.000%27&%24order=report_date_as_yyyy_mm_dd&%24limit=5000,e1eadfec20535920e28d87b1a02245d9241765f4ae199f31c25d130fdaf7d93a,146234,204241,-58007,819269,-0.07080336250974954502123234249,308,-0.06536967957000300003466175506,-0.05684468333861030450792962451,false,false,true,false,cftc_normalized_net_q10_reversal_v1
SUGAR NO. 11 - ICE FUTURES U.S.,080732,2015-08-04,2015-08-07T19:30:00Z,cftc_official_event_weekly_page_verified,cftc_sugar_no11_selected_history_e1eadfec2053,https://publicreporting.cftc.gov/resource/72hh-3qpy.json?%24select=report_date_as_yyyy_mm_dd%2Ccftc_contract_market_code%2Cmarket_and_exchange_names%2Copen_interest_all%2Cm_money_positions_long_all%2Cm_money_positions_short_all%2Cm_money_positions_spread%2Ccontract_units%2Cfutonly_or_combined&%24where=cftc_contract_market_code%3D%27080732%27+AND+report_date_as_yyyy_mm_dd%3E%3D%272009-09-01T00%3A00%3A00.000%27+AND+report_date_as_yyyy_mm_dd%3C%3D%272026-08-11T00%3A00%3A00.000%27&%24order=report_date_as_yyyy_mm_dd&%24limit=5000,e1eadfec20535920e28d87b1a02245d9241765f4ae199f31c25d130fdaf7d93a,146139,203303,-57164,824041,-0.06937033472849045132463069192,309,-0.0665313635210484554390245219,-0.07080336250974954502123234249,true,true,true,true,cftc_normalized_net_q10_reversal_v1
SUGAR NO. 11 - ICE FUTURES U.S.,080732,2015-08-11,2015-08-14T19:30:00Z,cftc_ordinary_rule_estimate_not_holiday_verified,cftc_sugar_no11_selected_history_e1eadfec2053,https://publicreporting.cftc.gov/resource/72hh-3qpy.json?%24select=report_date_as_yyyy_mm_dd%2Ccftc_contract_market_code%2Cmarket_and_exchange_names%2Copen_interest_all%2Cm_money_positions_long_all%2Cm_money_positions_short_all%2Cm_money_positions_spread%2Ccontract_units%2Cfutonly_or_combined&%24where=cftc_contract_market_code%3D%27080732%27+AND+report_date_as_yyyy_mm_dd%3E%3D%272009-09-01T00%3A00%3A00.000%27+AND+report_date_as_yyyy_mm_dd%3C%3D%272026-08-11T00%3A00%3A00.000%27&%24order=report_date_as_yyyy_mm_dd&%24limit=5000,e1eadfec20535920e28d87b1a02245d9241765f4ae199f31c25d130fdaf7d93a,145635,208620,-62985,843937,-0.07463234814921018986014358892,310,-0.06659943146826795381015040116,-0.06937033472849045132463069192,true,false,false,false,cftc_normalized_net_q10_reversal_v1
SUGAR NO. 11 - ICE FUTURES U.S.,080732,2015-08-18,2015-08-21T19:30:00Z,cftc_ordinary_rule_estimate_not_holiday_verified,cftc_sugar_no11_selected_history_e1eadfec2053,https://publicreporting.cftc.gov/resource/72hh-3qpy.json?%24select=report_date_as_yyyy_mm_dd%2Ccftc_contract_market_code%2Cmarket_and_exchange_names%2Copen_interest_all%2Cm_money_positions_long_all%2Cm_money_positions_short_all%2Cm_money_positions_spread%2Ccontract_units%2Cfutonly_or_combined&%24where=cftc_contract_market_code%3D%27080732%27+AND+report_date_as_yyyy_mm_dd%3E%3D%272009-09-01T00%3A00%3A00.000%27+AND+report_date_as_yyyy_mm_dd%3C%3D%272026-08-11T00%3A00%3A00.000%27&%24order=report_date_as_yyyy_mm_dd&%24limit=5000,e1eadfec20535920e28d87b1a02245d9241765f4ae199f31c25d130fdaf7d93a,141903,213749,-71846,851159,-0.08440961089526163736740139034,311,-0.06659943146826795381015040116,-0.07463234814921018986014358892,true,false,false,false,cftc_normalized_net_q10_reversal_v1
SUGAR NO. 11 - ICE FUTURES U.S.,080732,2015-08-25,2015-08-28T19:30:00Z,cftc_ordinary_rule_estimate_not_holiday_verified,cftc_sugar_no11_selected_history_e1eadfec2053,https://publicreporting.cftc.gov/resource/72hh-3qpy.json?%24select=report_date_as_yyyy_mm_dd%2Ccftc_contract_market_code%2Cmarket_and_exchange_names%2Copen_interest_all%2Cm_money_positions_long_all%2Cm_money_positions_short_all%2Cm_money_positions_spread%2Ccontract_units%2Cfutonly_or_combined&%24where=cftc_contract_market_code%3D%27080732%27+AND+report_date_as_yyyy_mm_dd%3E%3D%272009-09-01T00%3A00%3A00.000%27+AND+report_date_as_yyyy_mm_dd%3C%3D%272026-08-11T00%3A00%3A00.000%27&%24order=report_date_as_yyyy_mm_dd&%24limit=5000,e1eadfec20535920e28d87b1a02245d9241765f4ae199f31c25d130fdaf7d93a,139026,211730,-72704,835978,-0.08696879582955532322620930216,312,-0.06683982683982683982683982684,-0.08440961089526163736740139034,true,false,false,false,cftc_normalized_net_q10_reversal_v1
SUGAR NO. 11 - ICE FUTURES U.S.,080732,2015-09-01,2015-09-04T19:30:00Z,cftc_ordinary_rule_estimate_not_holiday_verified,cftc_sugar_no11_selected_history_e1eadfec2053,https://publicreporting.cftc.gov/resource/72hh-3qpy.json?%24select=report_date_as_yyyy_mm_dd%2Ccftc_contract_market_code%2Cmarket_and_exchange_names%2Copen_interest_all%2Cm_money_positions_long_all%2Cm_money_positions_short_all%2Cm_money_positions_spread%2Ccontract_units%2Cfutonly_or_combined&%24where=cftc_contract_market_code%3D%27080732%27+AND+report_date_as_yyyy_mm_dd%3E%3D%272009-09-01T00%3A00%3A00.000%27+AND+report_date_as_yyyy_mm_dd%3C%3D%272026-08-11T00%3A00%3A00.000%27&%24order=report_date_as_yyyy_mm_dd&%24limit=5000,e1eadfec20535920e28d87b1a02245d9241765f4ae199f31c25d130fdaf7d93a,136617,178784,-42167,818040,-0.05154637915016380617084739133,313,-0.06703489158611746553680441382,-0.08696879582955532322620930216,true,true,false,false,cftc_normalized_net_q10_reversal_v1
SUGAR NO. 11 - ICE FUTURES U.S.,080732,2015-09-08,2015-09-11T19:30:00Z,cftc_ordinary_rule_estimate_not_holiday_verified,cftc_sugar_no11_selected_history_e1eadfec2053,https://publicreporting.cftc.gov/resource/72hh-3qpy.json?%24select=report_date_as_yyyy_mm_dd%2Ccftc_contract_market_code%2Cmarket_and_exchange_names%2Copen_interest_all%2Cm_money_positions_long_all%2Cm_money_positions_short_all%2Cm_money_positions_spread%2Ccontract_units%2Cfutonly_or_combined&%24where=cftc_contract_market_code%3D%27080732%27+AND+report_date_as_yyyy_mm_dd%3E%3D%272009-09-01T00%3A00%3A00.000%27+AND+report_date_as_yyyy_mm_dd%3C%3D%272026-08-11T00%3A00%3A00.000%27&%24order=report_date_as_yyyy_mm_dd&%24limit=5000,e1eadfec20535920e28d87b1a02245d9241765f4ae199f31c25d130fdaf7d93a,131957,141692,-9735,817130,-0.01191364899098062731756268892,314,-0.06703489158611746553680441382,-0.05154637915016380617084739133,false,true,false,false,cftc_normalized_net_q10_reversal_v1
SUGAR NO. 11 - ICE FUTURES U.S.,080732,2015-09-15,2015-09-18T19:30:00Z,cftc_ordinary_rule_estimate_not_holiday_verified,cftc_sugar_no11_selected_history_e1eadfec2053,https://publicreporting.cftc.gov/resource/72hh-3qpy.json?%24select=report_date_as_yyyy_mm_dd%2Ccftc_contract_market_code%2Cmarket_and_exchange_names%2Copen_interest_all%2Cm_money_positions_long_all%2Cm_money_positions_short_all%2Cm_money_positions_spread%2Ccontract_units%2Cfutonly_or_combined&%24where=cftc_contract_market_code%3D%27080732%27+AND+report_date_as_yyyy_mm_dd%3E%3D%272009-09-01T00%3A00%3A00.000%27+AND+report_date_as_yyyy_mm_dd%3C%3D%272026-08-11T00%3A00%3A00.000%27&%24order=report_date_as_yyyy_mm_dd&%24limit=5000,e1eadfec20535920e28d87b1a02245d9241765f4ae199f31c25d130fdaf7d93a,134911,133981,930,781009,0.001190767327905312230716931559,315,-0.06703489158611746553680441382,-0.01191364899098062731756268892,false,true,false,false,cftc_normalized_net_q10_reversal_v1
SUGAR NO. 11 - ICE FUTURES U.S.,080732,2015-09-22,2015-09-25T19:30:00Z,cftc_ordinary_rule_estimate_not_holiday_verified,cftc_sugar_no11_selected_history_e1eadfec2053,https://publicreporting.cftc.gov/resource/72hh-3qpy.json?%24select=report_date_as_yyyy_mm_dd%2Ccftc_contract_market_code%2Cmarket_and_exchange_names%2Copen_interest_all%2Cm_money_positions_long_all%2Cm_money_positions_short_all%2Cm_money_positions_spread%2Ccontract_units%2Cfutonly_or_combined&%24where=cftc_contract_market_code%3D%27080732%27+AND+report_date_as_yyyy_mm_dd%3E%3D%272009-09-01T00%3A00%3A00.000%27+AND+report_date_as_yyyy_mm_dd%3C%3D%272026-08-11T00%3A00%3A00.000%27&%24order=report_date_as_yyyy_mm_dd&%24limit=5000,e1eadfec20535920e28d87b1a02245d9241765f4ae199f31c25d130fdaf7d93a,134556,150075,-15519,770935,-0.02013010175955171317945092647,316,-0.06703489158611746553680441382,0.001190767327905312230716931559,false,false,false,false,cftc_normalized_net_q10_reversal_v1
SUGAR NO. 11 - ICE FUTURES U.S.,080732,2015-09-29,2015-10-02T19:30:00Z,cftc_ordinary_rule_estimate_not_holiday_verified,cftc_sugar_no11_selected_history_e1eadfec2053,https://publicreporting.cftc.gov/resource/72hh-3qpy.json?%24select=report_date_as_yyyy_mm_dd%2Ccftc_contract_market_code%2Cmarket_and_exchange_names%2Copen_interest_all%2Cm_money_positions_long_all%2Cm_money_positions_short_all%2Cm_money_positions_spread%2Ccontract_units%2Cfutonly_or_combined&%24where=cftc_contract_market_code%3D%27080732%27+AND+report_date_as_yyyy_mm_dd%3E%3D%272009-09-01T00%3A00%3A00.000%27+AND+report_date_as_yyyy_mm_dd%3C%3D%272026-08-11T00%3A00%3A00.000%27&%24order=report_date_as_yyyy_mm_dd&%24limit=5000,e1eadfec20535920e28d87b1a02245d9241765f4ae199f31c25d130fdaf7d93a,140766,117314,23452,750053,0.0312671237899188457349014003,317,-0.06703489158611746553680441382,-0.02013010175955171317945092647,false,true,false,false,cftc_normalized_net_q10_reversal_v1
SUGAR NO. 11 - ICE FUTURES U.S.,080732,2015-10-06,2015-10-09T19:30:00Z,cftc_ordinary_rule_estimate_not_holiday_verified,cftc_sugar_no11_selected_history_e1eadfec2053,https://publicreporting.cftc.gov/resource/72hh-3qpy.json?%24select=report_date_as_yyyy_mm_dd%2Ccftc_contract_market_code%2Cmarket_and_exchange_names%2Copen_interest_all%2Cm_money_positions_long_all%2Cm_money_positions_short_all%2Cm_money_positions_spread%2Ccontract_units%2Cfutonly_or_combined&%24where=cftc_contract_market_code%3D%27080732%27+AND+report_date_as_yyyy_mm_dd%3E%3D%272009-09-01T00%3A00%3A00.000%27+AND+report_date_as_yyyy_mm_dd%3C%3D%272026-08-11T00%3A00%3A00.000%27&%24order=report_date_as_yyyy_mm_dd&%24limit=5000,e1eadfec20535920e28d87b1a02245d9241765f4ae199f31c25d130fdaf7d93a,140613,69625,70988,743349,0.09549753884110962683746127324,318,-0.06703489158611746553680441382,0.0312671237899188457349014003,false,true,false,false,cftc_normalized_net_q10_reversal_v1
SUGAR NO. 11 - ICE FUTURES U.S.,080732,2015-10-13,2015-10-16T19:30:00Z,cftc_ordinary_rule_estimate_not_holiday_verified,cftc_sugar_no11_selected_history_e1eadfec2053,https://publicreporting.cftc.gov/resource/72hh-3qpy.json?%24select=report_date_as_yyyy_mm_dd%2Ccftc_contract_market_code%2Cmarket_and_exchange_names%2Copen_interest_all%2Cm_money_positions_long_all%2Cm_money_positions_short_all%2Cm_money_positions_spread%2Ccontract_units%2Cfutonly_or_combined&%24where=cftc_contract_market_code%3D%27080732%27+AND+report_date_as_yyyy_mm_dd%3E%3D%272009-09-01T00%3A00%3A00.000%27+AND+report_date_as_yyyy_mm_dd%3C%3D%272026-08-11T00%3A00%3A00.000%27&%24order=report_date_as_yyyy_mm_dd&%24limit=5000,e1eadfec20535920e28d87b1a02245d9241765f4ae199f31c25d130fdaf7d93a,161544,58261,103283,742311,0.13913710021810265508661464,319,-0.06703489158611746553680441382,0.09549753884110962683746127324,false,true,false,false,cftc_normalized_net_q10_reversal_v1
SUGAR NO. 11 - ICE FUTURES U.S.,080732,2015-10-20,2015-10-23T19:30:00Z,cftc_ordinary_rule_estimate_not_holiday_verified,cftc_sugar_no11_selected_history_e1eadfec2053,https://publicreporting.cftc.gov/resource/72hh-3qpy.json?%24select=report_date_as_yyyy_mm_dd%2Ccftc_contract_market_code%2Cmarket_and_exchange_names%2Copen_interest_all%2Cm_money_positions_long_all%2Cm_money_positions_short_all%2Cm_money_positions_spread%2Ccontract_units%2Cfutonly_or_combined&%24where=cftc_contract_market_code%3D%27080732%27+AND+report_date_as_yyyy_mm_dd%3E%3D%272009-09-01T00%3A00%3A00.000%27+AND+report_date_as_yyyy_mm_dd%3C%3D%272026-08-11T00%3A00%3A00.000%27&%24order=report_date_as_yyyy_mm_dd&%24limit=5000,e1eadfec20535920e28d87b1a02245d9241765f4ae199f31c25d130fdaf7d93a,168498,64712,103786,756639,0.1371671298994632843403525327,320,-0.06703489158611746553680441382,0.13913710021810265508661464,false,false,false,false,cftc_normalized_net_q10_reversal_v1
SUGAR NO. 11 - ICE FUTURES U.S.,080732,2015-10-27,2015-10-30T19:30:00Z,cftc_ordinary_rule_estimate_not_holiday_verified,cftc_sugar_no11_selected_history_e1eadfec2053,https://publicreporting.cftc.gov/resource/72hh-3qpy.json?%24select=report_date_as_yyyy_mm_dd%2Ccftc_contract_market_code%2Cmarket_and_exchange_names%2Copen_interest_all%2Cm_money_positions_long_all%2Cm_money_positions_short_all%2Cm_money_positions_spread%2Ccontract_units%2Cfutonly_or_combined&%24where=cftc_contract_market_code%3D%27080732%27+AND+report_date_as_yyyy_mm_dd%3E%3D%272009-09-01T00%3A00%3A00.000%27+AND+report_date_as_yyyy_mm_dd%3C%3D%272026-08-11T00%3A00%3A00.000%27&%24order=report_date_as_yyyy_mm_dd&%24limit=5000,e1eadfec20535920e28d87b1a02245d9241765f4ae199f31c25d130fdaf7d93a,179600,66784,112816,801494,0.1407571360484295578008069929,321,-0.06683982683982683982683982684,0.1371671298994632843403525327,false,true,false,false,cftc_normalized_net_q10_reversal_v1
SUGAR NO. 11 - ICE FUTURES U.S.,080732,2015-11-03,2015-11-06T20:30:00Z,cftc_ordinary_rule_estimate_not_holiday_verified,cftc_sugar_no11_selected_history_e1eadfec2053,https://publicreporting.cftc.gov/resource/72hh-3qpy.json?%24select=report_date_as_yyyy_mm_dd%2Ccftc_contract_market_code%2Cmarket_and_exchange_names%2Copen_interest_all%2Cm_money_positions_long_all%2Cm_money_positions_short_all%2Cm_money_positions_spread%2Ccontract_units%2Cfutonly_or_combined&%24where=cftc_contract_market_code%3D%27080732%27+AND+report_date_as_yyyy_mm_dd%3E%3D%272009-09-01T00%3A00%3A00.000%27+AND+report_date_as_yyyy_mm_dd%3C%3D%272026-08-11T00%3A00%3A00.000%27&%24order=report_date_as_yyyy_mm_dd&%24limit=5000,e1eadfec20535920e28d87b1a02245d9241765f4ae199f31c25d130fdaf7d93a,188163,56328,131835,827353,0.1593455272416973166230133933,322,-0.06683982683982683982683982684,0.1407571360484295578008069929,false,true,true,false,cftc_normalized_net_q10_reversal_v1
SUGAR NO. 11 - ICE FUTURES U.S.,080732,2015-11-10,2015-11-13T20:30:00Z,cftc_ordinary_rule_estimate_not_holiday_verified,cftc_sugar_no11_selected_history_e1eadfec2053,https://publicreporting.cftc.gov/resource/72hh-3qpy.json?%24select=report_date_as_yyyy_mm_dd%2Ccftc_contract_market_code%2Cmarket_and_exchange_names%2Copen_interest_all%2Cm_money_positions_long_all%2Cm_money_positions_short_all%2Cm_money_positions_spread%2Ccontract_units%2Cfutonly_or_combined&%24where=cftc_contract_market_code%3D%27080732%27+AND+report_date_as_yyyy_mm_dd%3E%3D%272009-09-01T00%3A00%3A00.000%27+AND+report_date_as_yyyy_mm_dd%3C%3D%272026-08-11T00%3A00%3A00.000%27&%24order=report_date_as_yyyy_mm_dd&%24limit=5000,e1eadfec20535920e28d87b1a02245d9241765f4ae199f31c25d130fdaf7d93a,182125,63166,118959,834411,0.1425664330887296548103991918,323,-0.06683982683982683982683982684,0.1593455272416973166230133933,false,false,true,false,cftc_normalized_net_q10_reversal_v1
SUGAR NO. 11 - ICE FUTURES U.S.,080732,2015-11-17,2015-11-20T20:30:00Z,cftc_ordinary_rule_estimate_not_holiday_verified,cftc_sugar_no11_selected_history_e1eadfec2053,https://publicreporting.cftc.gov/resource/72hh-3qpy.json?%24select=report_date_as_yyyy_mm_dd%2Ccftc_contract_market_code%2Cmarket_and_exchange_names%2Copen_interest_all%2Cm_money_positions_long_all%2Cm_money_positions_short_all%2Cm_money_positions_spread%2Ccontract_units%2Cfutonly_or_combined&%24where=cftc_contract_market_code%3D%27080732%27+AND+report_date_as_yyyy_mm_dd%3E%3D%272009-09-01T00%3A00%3A00.000%27+AND+report_date_as_yyyy_mm_dd%3C%3D%272026-08-11T00%3A00%3A00.000%27&%24order=report_date_as_yyyy_mm_dd&%24limit=5000,e1eadfec20535920e28d87b1a02245d9241765f4ae199f31c25d130fdaf7d93a,176606,56563,120043,838081,0.1432355583768156061287632102,324,-0.06683982683982683982683982684,0.1425664330887296548103991918,false,true,true,false,cftc_normalized_net_q10_reversal_v1
SUGAR NO. 11 - ICE FUTURES U.S.,080732,2015-11-24,2015-11-30T20:30:00Z,cftc_official_historical_release_verified,cftc_sugar_no11_selected_history_e1eadfec2053,https://publicreporting.cftc.gov/resource/72hh-3qpy.json?%24select=report_date_as_yyyy_mm_dd%2Ccftc_contract_market_code%2Cmarket_and_exchange_names%2Copen_interest_all%2Cm_money_positions_long_all%2Cm_money_positions_short_all%2Cm_money_positions_spread%2Ccontract_units%2Cfutonly_or_combined&%24where=cftc_contract_market_code%3D%27080732%27+AND+report_date_as_yyyy_mm_dd%3E%3D%272009-09-01T00%3A00%3A00.000%27+AND+report_date_as_yyyy_mm_dd%3C%3D%272026-08-11T00%3A00%3A00.000%27&%24order=report_date_as_yyyy_mm_dd&%24limit=5000,e1eadfec20535920e28d87b1a02245d9241765f4ae199f31c25d130fdaf7d93a,196378,51760,144618,861967,0.1677767246309893534207226031,325,-0.06683982683982683982683982684,0.1432355583768156061287632102,false,true,true,false,cftc_normalized_net_q10_reversal_v1
SUGAR NO. 11 - ICE FUTURES U.S.,080732,2015-12-01,2015-12-04T20:30:00Z,cftc_ordinary_rule_estimate_not_holiday_verified,cftc_sugar_no11_selected_history_e1eadfec2053,https://publicreporting.cftc.gov/resource/72hh-3qpy.json?%24select=report_date_as_yyyy_mm_dd%2Ccftc_contract_market_code%2Cmarket_and_exchange_names%2Copen_interest_all%2Cm_money_positions_long_all%2Cm_money_positions_short_all%2Cm_money_positions_spread%2Ccontract_units%2Cfutonly_or_combined&%24where=cftc_contract_market_code%3D%27080732%27+AND+report_date_as_yyyy_mm_dd%3E%3D%272009-09-01T00%3A00%3A00.000%27+AND+report_date_as_yyyy_mm_dd%3C%3D%272026-08-11T00%3A00%3A00.000%27&%24order=report_date_as_yyyy_mm_dd&%24limit=5000,e1eadfec20535920e28d87b1a02245d9241765f4ae199f31c25d130fdaf7d93a,191889,48333,143556,863941,0.1661641246335108531716864925,326,-0.06683982683982683982683982684,0.1677767246309893534207226031,false,false,true,false,cftc_normalized_net_q10_reversal_v1
SUGAR NO. 11 - ICE FUTURES U.S.,080732,2015-12-08,2015-12-11T20:30:00Z,cftc_ordinary_rule_estimate_not_holiday_verified,cftc_sugar_no11_selected_history_e1eadfec2053,https://publicreporting.cftc.gov/resource/72hh-3qpy.json?%24select=report_date_as_yyyy_mm_dd%2Ccftc_contract_market_code%2Cmarket_and_exchange_names%2Copen_interest_all%2Cm_money_positions_long_all%2Cm_money_positions_short_all%2Cm_money_positions_spread%2Ccontract_units%2Cfutonly_or_combined&%24where=cftc_contract_market_code%3D%27080732%27+AND+report_date_as_yyyy_mm_dd%3E%3D%272009-09-01T00%3A00%3A00.000%27+AND+report_date_as_yyyy_mm_dd%3C%3D%272026-08-11T00%3A00%3A00.000%27&%24order=report_date_as_yyyy_mm_dd&%24limit=5000,e1eadfec20535920e28d87b1a02245d9241765f4ae199f31c25d130fdaf7d93a,199908,43457,156451,864728,0.1809251001470982783025413772,327,-0.06683982683982683982683982684,0.1661641246335108531716864925,false,true,true,false,cftc_normalized_net_q10_reversal_v1
SUGAR NO. 11 - ICE FUTURES U.S.,080732,2015-12-15,2015-12-18T20:30:00Z,cftc_ordinary_rule_estimate_not_holiday_verified,cftc_sugar_no11_selected_history_e1eadfec2053,https://publicreporting.cftc.gov/resource/72hh-3qpy.json?%24select=report_date_as_yyyy_mm_dd%2Ccftc_contract_market_code%2Cmarket_and_exchange_names%2Copen_interest_all%2Cm_money_positions_long_all%2Cm_money_positions_short_all%2Cm_money_positions_spread%2Ccontract_units%2Cfutonly_or_combined&%24where=cftc_contract_market_code%3D%27080732%27+AND+report_date_as_yyyy_mm_dd%3E%3D%272009-09-01T00%3A00%3A00.000%27+AND+report_date_as_yyyy_mm_dd%3C%3D%272026-08-11T00%3A00%3A00.000%27&%24order=report_date_as_yyyy_mm_dd&%24limit=5000,e1eadfec20535920e28d87b1a02245d9241765f4ae199f31c25d130fdaf7d93a,181902,36118,145784,846065,0.172308274186971450184087511,328,-0.06683982683982683982683982684,0.1809251001470982783025413772,false,false,true,false,cftc_normalized_net_q10_reversal_v1
SUGAR NO. 11 - ICE FUTURES U.S.,080732,2015-12-22,2015-12-25T20:30:00Z,cftc_ordinary_rule_estimate_not_holiday_verified,cftc_sugar_no11_selected_history_e1eadfec2053,https://publicreporting.cftc.gov/resource/72hh-3qpy.json?%24select=report_date_as_yyyy_mm_dd%2Ccftc_contract_market_code%2Cmarket_and_exchange_names%2Copen_interest_all%2Cm_money_positions_long_all%2Cm_money_positions_short_all%2Cm_money_positions_spread%2Ccontract_units%2Cfutonly_or_combined&%24where=cftc_contract_market_code%3D%27080732%27+AND+report_date_as_yyyy_mm_dd%3E%3D%272009-09-01T00%3A00%3A00.000%27+AND+report_date_as_yyyy_mm_dd%3C%3D%272026-08-11T00%3A00%3A00.000%27&%24order=report_date_as_yyyy_mm_dd&%24limit=5000,e1eadfec20535920e28d87b1a02245d9241765f4ae199f31c25d130fdaf7d93a,184370,33520,150850,867617,0.17386704041068812621237251,329,-0.06683982683982683982683982684,0.172308274186971450184087511,false,true,true,false,cftc_normalized_net_q10_reversal_v1
SUGAR NO. 11 - ICE FUTURES U.S.,080732,2015-12-29,2016-01-01T20:30:00Z,cftc_ordinary_rule_estimate_not_holiday_verified,cftc_sugar_no11_selected_history_e1eadfec2053,https://publicreporting.cftc.gov/resource/72hh-3qpy.json?%24select=report_date_as_yyyy_mm_dd%2Ccftc_contract_market_code%2Cmarket_and_exchange_names%2Copen_interest_all%2Cm_money_positions_long_all%2Cm_money_positions_short_all%2Cm_money_positions_spread%2Ccontract_units%2Cfutonly_or_combined&%24where=cftc_contract_market_code%3D%27080732%27+AND+report_date_as_yyyy_mm_dd%3E%3D%272009-09-01T00%3A00%3A00.000%27+AND+report_date_as_yyyy_mm_dd%3C%3D%272026-08-11T00%3A00%3A00.000%27&%24order=report_date_as_yyyy_mm_dd&%24limit=5000,e1eadfec20535920e28d87b1a02245d9241765f4ae199f31c25d130fdaf7d93a,177689,33463,144226,859958,0.1677128417899478811755922964,330,-0.06683982683982683982683982684,0.17386704041068812621237251,false,false,true,false,cftc_normalized_net_q10_reversal_v1
SUGAR NO. 11 - ICE FUTURES U.S.,080732,2016-01-05,2016-01-08T20:30:00Z,cftc_ordinary_rule_estimate_not_holiday_verified,cftc_sugar_no11_selected_history_e1eadfec2053,https://publicreporting.cftc.gov/resource/72hh-3qpy.json?%24select=report_date_as_yyyy_mm_dd%2Ccftc_contract_market_code%2Cmarket_and_exchange_names%2Copen_interest_all%2Cm_money_positions_long_all%2Cm_money_positions_short_all%2Cm_money_positions_spread%2Ccontract_units%2Cfutonly_or_combined&%24where=cftc_contract_market_code%3D%27080732%27+AND+report_date_as_yyyy_mm_dd%3E%3D%272009-09-01T00%3A00%3A00.000%27+AND+report_date_as_yyyy_mm_dd%3C%3D%272026-08-11T00%3A00%3A00.000%27&%24order=report_date_as_yyyy_mm_dd&%24limit=5000,e1eadfec20535920e28d87b1a02245d9241765f4ae199f31c25d130fdaf7d93a,179620,41839,137781,868697,0.1586065106705790396421306854,331,-0.06659943146826795381015040116,0.1677128417899478811755922964,false,false,true,false,cftc_normalized_net_q10_reversal_v1
SUGAR NO. 11 - ICE FUTURES U.S.,080732,2016-01-12,2016-01-15T20:30:00Z,cftc_ordinary_rule_estimate_not_holiday_verified,cftc_sugar_no11_selected_history_e1eadfec2053,https://publicreporting.cftc.gov/resource/72hh-3qpy.json?%24select=report_date_as_yyyy_mm_dd%2Ccftc_contract_market_code%2Cmarket_and_exchange_names%2Copen_interest_all%2Cm_money_positions_long_all%2Cm_money_positions_short_all%2Cm_money_positions_spread%2Ccontract_units%2Cfutonly_or_combined&%24where=cftc_contract_market_code%3D%27080732%27+AND+report_date_as_yyyy_mm_dd%3E%3D%272009-09-01T00%3A00%3A00.000%27+AND+report_date_as_yyyy_mm_dd%3C%3D%272026-08-11T00%3A00%3A00.000%27&%24order=report_date_as_yyyy_mm_dd&%24limit=5000,e1eadfec20535920e28d87b1a02245d9241765f4ae199f31c25d130fdaf7d93a,159451,48538,110913,852726,0.1300687442390638962574144567,332,-0.06659943146826795381015040116,0.1586065106705790396421306854,false,false,true,false,cftc_normalized_net_q10_reversal_v1
SUGAR NO. 11 - ICE FUTURES U.S.,080732,2016-01-19,2016-01-22T20:30:00Z,cftc_ordinary_rule_estimate_not_holiday_verified,cftc_sugar_no11_selected_history_e1eadfec2053,https://publicreporting.cftc.gov/resource/72hh-3qpy.json?%24select=report_date_as_yyyy_mm_dd%2Ccftc_contract_market_code%2Cmarket_and_exchange_names%2Copen_interest_all%2Cm_money_positions_long_all%2Cm_money_positions_short_all%2Cm_money_positions_spread%2Ccontract_units%2Cfutonly_or_combined&%24where=cftc_contract_market_code%3D%27080732%27+AND+report_date_as_yyyy_mm_dd%3E%3D%272009-09-01T00%3A00%3A00.000%27+AND+report_date_as_yyyy_mm_dd%3C%3D%272026-08-11T00%3A00%3A00.000%27&%24order=report_date_as_yyyy_mm_dd&%24limit=5000,e1eadfec20535920e28d87b1a02245d9241765f4ae199f31c25d130fdaf7d93a,159240,44615,114625,868576,0.1319688777953800243156614965,333,-0.06659943146826795381015040116,0.1300687442390638962574144567,false,true,true,false,cftc_normalized_net_q10_reversal_v1
SUGAR NO. 11 - ICE FUTURES U.S.,080732,2016-01-26,2016-01-29T20:30:00Z,cftc_ordinary_rule_estimate_not_holiday_verified,cftc_sugar_no11_selected_history_e1eadfec2053,https://publicreporting.cftc.gov/resource/72hh-3qpy.json?%24select=report_date_as_yyyy_mm_dd%2Ccftc_contract_market_code%2Cmarket_and_exchange_names%2Copen_interest_all%2Cm_money_positions_long_all%2Cm_money_positions_short_all%2Cm_money_positions_spread%2Ccontract_units%2Cfutonly_or_combined&%24where=cftc_contract_market_code%3D%27080732%27+AND+report_date_as_yyyy_mm_dd%3E%3D%272009-09-01T00%3A00%3A00.000%27+AND+report_date_as_yyyy_mm_dd%3C%3D%272026-08-11T00%3A00%3A00.000%27&%24order=report_date_as_yyyy_mm_dd&%24limit=5000,e1eadfec20535920e28d87b1a02245d9241765f4ae199f31c25d130fdaf7d93a,138411,54643,83768,884344,0.09472332033688248012085794668,334,-0.06659943146826795381015040116,0.1319688777953800243156614965,false,false,true,false,cftc_normalized_net_q10_reversal_v1
SUGAR NO. 11 - ICE FUTURES U.S.,080732,2016-02-02,2016-02-05T20:30:00Z,cftc_ordinary_rule_estimate_not_holiday_verified,cftc_sugar_no11_selected_history_e1eadfec2053,https://publicreporting.cftc.gov/resource/72hh-3qpy.json?%24select=report_date_as_yyyy_mm_dd%2Ccftc_contract_market_code%2Cmarket_and_exchange_names%2Copen_interest_all%2Cm_money_positions_long_all%2Cm_money_positions_short_all%2Cm_money_positions_spread%2Ccontract_units%2Cfutonly_or_combined&%24where=cftc_contract_market_code%3D%27080732%27+AND+report_date_as_yyyy_mm_dd%3E%3D%272009-09-01T00%3A00%3A00.000%27+AND+report_date_as_yyyy_mm_dd%3C%3D%272026-08-11T00%3A00%3A00.000%27&%24order=report_date_as_yyyy_mm_dd&%24limit=5000,e1eadfec20535920e28d87b1a02245d9241765f4ae199f31c25d130fdaf7d93a,102447,81715,20732,877254,0.02363283609992088950292617646,335,-0.06659943146826795381015040116,0.09472332033688248012085794668,false,false,true,false,cftc_normalized_net_q10_reversal_v1
SUGAR NO. 11 - ICE FUTURES U.S.,080732,2016-02-09,2016-02-12T20:30:00Z,cftc_ordinary_rule_estimate_not_holiday_verified,cftc_sugar_no11_selected_history_e1eadfec2053,https://publicreporting.cftc.gov/resource/72hh-3qpy.json?%24select=report_date_as_yyyy_mm_dd%2Ccftc_contract_market_code%2Cmarket_and_exchange_names%2Copen_interest_all%2Cm_money_positions_long_all%2Cm_money_positions_short_all%2Cm_money_positions_spread%2Ccontract_units%2Cfutonly_or_combined&%24where=cftc_contract_market_code%3D%27080732%27+AND+report_date_as_yyyy_mm_dd%3E%3D%272009-09-01T00%3A00%3A00.000%27+AND+report_date_as_yyyy_mm_dd%3C%3D%272026-08-11T00%3A00%3A00.000%27&%24order=report_date_as_yyyy_mm_dd&%24limit=5000,e1eadfec20535920e28d87b1a02245d9241765f4ae199f31c25d130fdaf7d93a,97721,96941,780,862851,0.0009039799455525925101784665023,336,-0.06659943146826795381015040116,0.02363283609992088950292617646,false,false,true,false,cftc_normalized_net_q10_reversal_v1
SUGAR NO. 11 - ICE FUTURES U.S.,080732,2016-02-16,2016-02-19T20:30:00Z,cftc_ordinary_rule_estimate_not_holiday_verified,cftc_sugar_no11_selected_history_e1eadfec2053,https://publicreporting.cftc.gov/resource/72hh-3qpy.json?%24select=report_date_as_yyyy_mm_dd%2Ccftc_contract_market_code%2Cmarket_and_exchange_names%2Copen_interest_all%2Cm_money_positions_long_all%2Cm_money_positions_short_all%2Cm_money_positions_spread%2Ccontract_units%2Cfutonly_or_combined&%24where=cftc_contract_market_code%3D%27080732%27+AND+report_date_as_yyyy_mm_dd%3E%3D%272009-09-01T00%3A00%3A00.000%27+AND+report_date_as_yyyy_mm_dd%3C%3D%272026-08-11T00%3A00%3A00.000%27&%24order=report_date_as_yyyy_mm_dd&%24limit=5000,e1eadfec20535920e28d87b1a02245d9241765f4ae199f31c25d130fdaf7d93a,100521,98438,2083,822756,0.002531734803514043045568795609,337,-0.06659943146826795381015040116,0.0009039799455525925101784665023,false,true,true,false,cftc_normalized_net_q10_reversal_v1
SUGAR NO. 11 - ICE FUTURES U.S.,080732,2016-02-23,2016-02-26T20:30:00Z,cftc_ordinary_rule_estimate_not_holiday_verified,cftc_sugar_no11_selected_history_e1eadfec2053,https://publicreporting.cftc.gov/resource/72hh-3qpy.json?%24select=report_date_as_yyyy_mm_dd%2Ccftc_contract_market_code%2Cmarket_and_exchange_names%2Copen_interest_all%2Cm_money_positions_long_all%2Cm_money_positions_short_all%2Cm_money_positions_spread%2Ccontract_units%2Cfutonly_or_combined&%24where=cftc_contract_market_code%3D%27080732%27+AND+report_date_as_yyyy_mm_dd%3E%3D%272009-09-01T00%3A00%3A00.000%27+AND+report_date_as_yyyy_mm_dd%3C%3D%272026-08-11T00%3A00%3A00.000%27&%24order=report_date_as_yyyy_mm_dd&%24limit=5000,e1eadfec20535920e28d87b1a02245d9241765f4ae199f31c25d130fdaf7d93a,103555,112872,-9317,798205,-0.01167244003733376764114481869,338,-0.06659943146826795381015040116,0.002531734803514043045568795609,false,false,true,false,cftc_normalized_net_q10_reversal_v1
SUGAR NO. 11 - ICE FUTURES U.S.,080732,2016-03-01,2016-03-04T20:30:00Z,cftc_ordinary_rule_estimate_not_holiday_verified,cftc_sugar_no11_selected_history_e1eadfec2053,https://publicreporting.cftc.gov/resource/72hh-3qpy.json?%24select=report_date_as_yyyy_mm_dd%2Ccftc_contract_market_code%2Cmarket_and_exchange_names%2Copen_interest_all%2Cm_money_positions_long_all%2Cm_money_positions_short_all%2Cm_money_positions_spread%2Ccontract_units%2Cfutonly_or_combined&%24where=cftc_contract_market_code%3D%27080732%27+AND+report_date_as_yyyy_mm_dd%3E%3D%272009-09-01T00%3A00%3A00.000%27+AND+report_date_as_yyyy_mm_dd%3C%3D%272026-08-11T00%3A00%3A00.000%27&%24order=report_date_as_yyyy_mm_dd&%24limit=5000,e1eadfec20535920e28d87b1a02245d9241765f4ae199f31c25d130fdaf7d93a,97372,85301,12071,752262,0.01604627111298988916095721969,339,-0.06659943146826795381015040116,-0.01167244003733376764114481869,false,true,true,false,cftc_normalized_net_q10_reversal_v1
SUGAR NO. 11 - ICE FUTURES U.S.,080732,2016-03-08,2016-03-11T20:30:00Z,cftc_ordinary_rule_estimate_not_holiday_verified,cftc_sugar_no11_selected_history_e1eadfec2053,https://publicreporting.cftc.gov/resource/72hh-3qpy.json?%24select=report_date_as_yyyy_mm_dd%2Ccftc_contract_market_code%2Cmarket_and_exchange_names%2Copen_interest_all%2Cm_money_positions_long_all%2Cm_money_positions_short_all%2Cm_money_positions_spread%2Ccontract_units%2Cfutonly_or_combined&%24where=cftc_contract_market_code%3D%27080732%27+AND+report_date_as_yyyy_mm_dd%3E%3D%272009-09-01T00%3A00%3A00.000%27+AND+report_date_as_yyyy_mm_dd%3C%3D%272026-08-11T00%3A00%3A00.000%27&%24order=report_date_as_yyyy_mm_dd&%24limit=5000,e1eadfec20535920e28d87b1a02245d9241765f4ae199f31c25d130fdaf7d93a,99025,50734,48291,751073,0.06429601383620500270945700351,340,-0.06659943146826795381015040116,0.01604627111298988916095721969,false,true,true,false,cftc_normalized_net_q10_reversal_v1
SUGAR NO. 11 - ICE FUTURES U.S.,080732,2016-03-15,2016-03-18T19:30:00Z,cftc_ordinary_rule_estimate_not_holiday_verified,cftc_sugar_no11_selected_history_e1eadfec2053,https://publicreporting.cftc.gov/resource/72hh-3qpy.json?%24select=report_date_as_yyyy_mm_dd%2Ccftc_contract_market_code%2Cmarket_and_exchange_names%2Copen_interest_all%2Cm_money_positions_long_all%2Cm_money_positions_short_all%2Cm_money_positions_spread%2Ccontract_units%2Cfutonly_or_combined&%24where=cftc_contract_market_code%3D%27080732%27+AND+report_date_as_yyyy_mm_dd%3E%3D%272009-09-01T00%3A00%3A00.000%27+AND+report_date_as_yyyy_mm_dd%3C%3D%272026-08-11T00%3A00%3A00.000%27&%24order=report_date_as_yyyy_mm_dd&%24limit=5000,e1eadfec20535920e28d87b1a02245d9241765f4ae199f31c25d130fdaf7d93a,122587,51832,70755,768590,0.09205818446766156208121365097,341,-0.0665313635210484554390245219,0.06429601383620500270945700351,false,true,true,false,cftc_normalized_net_q10_reversal_v1
SUGAR NO. 11 - ICE FUTURES U.S.,080732,2016-03-22,2016-03-25T19:30:00Z,cftc_ordinary_rule_estimate_not_holiday_verified,cftc_sugar_no11_selected_history_e1eadfec2053,https://publicreporting.cftc.gov/resource/72hh-3qpy.json?%24select=report_date_as_yyyy_mm_dd%2Ccftc_contract_market_code%2Cmarket_and_exchange_names%2Copen_interest_all%2Cm_money_positions_long_all%2Cm_money_positions_short_all%2Cm_money_positions_spread%2Ccontract_units%2Cfutonly_or_combined&%24where=cftc_contract_market_code%3D%27080732%27+AND+report_date_as_yyyy_mm_dd%3E%3D%272009-09-01T00%3A00%3A00.000%27+AND+report_date_as_yyyy_mm_dd%3C%3D%272026-08-11T00%3A00%3A00.000%27&%24order=report_date_as_yyyy_mm_dd&%24limit=5000,e1eadfec20535920e28d87b1a02245d9241765f4ae199f31c25d130fdaf7d93a,160641,49547,111094,827890,0.1341893246687361847588447741,342,-0.0665313635210484554390245219,0.09205818446766156208121365097,false,true,true,false,cftc_normalized_net_q10_reversal_v1
SUGAR NO. 11 - ICE FUTURES U.S.,080732,2016-03-29,2016-04-01T19:30:00Z,cftc_ordinary_rule_estimate_not_holiday_verified,cftc_sugar_no11_selected_history_e1eadfec2053,https://publicreporting.cftc.gov/resource/72hh-3qpy.json?%24select=report_date_as_yyyy_mm_dd%2Ccftc_contract_market_code%2Cmarket_and_exchange_names%2Copen_interest_all%2Cm_money_positions_long_all%2Cm_money_positions_short_all%2Cm_money_positions_spread%2Ccontract_units%2Cfutonly_or_combined&%24where=cftc_contract_market_code%3D%27080732%27+AND+report_date_as_yyyy_mm_dd%3E%3D%272009-09-01T00%3A00%3A00.000%27+AND+report_date_as_yyyy_mm_dd%3C%3D%272026-08-11T00%3A00%3A00.000%27&%24order=report_date_as_yyyy_mm_dd&%24limit=5000,e1eadfec20535920e28d87b1a02245d9241765f4ae199f31c25d130fdaf7d93a,186628,55172,131456,865776,0.1518360407310897968989669383,343,-0.0665313635210484554390245219,0.1341893246687361847588447741,false,true,true,false,cftc_normalized_net_q10_reversal_v1
SUGAR NO. 11 - ICE FUTURES U.S.,080732,2016-04-05,2016-04-08T19:30:00Z,cftc_ordinary_rule_estimate_not_holiday_verified,cftc_sugar_no11_selected_history_e1eadfec2053,https://publicreporting.cftc.gov/resource/72hh-3qpy.json?%24select=report_date_as_yyyy_mm_dd%2Ccftc_contract_market_code%2Cmarket_and_exchange_names%2Copen_interest_all%2Cm_money_positions_long_all%2Cm_money_positions_short_all%2Cm_money_positions_spread%2Ccontract_units%2Cfutonly_or_combined&%24where=cftc_contract_market_code%3D%27080732%27+AND+report_date_as_yyyy_mm_dd%3E%3D%272009-09-01T00%3A00%3A00.000%27+AND+report_date_as_yyyy_mm_dd%3C%3D%272026-08-11T00%3A00%3A00.000%27&%24order=report_date_as_yyyy_mm_dd&%24limit=5000,e1eadfec20535920e28d87b1a02245d9241765f4ae199f31c25d130fdaf7d93a,185942,60151,125791,865816,0.1452860653995768153972668558,344,-0.0665313635210484554390245219,0.1518360407310897968989669383,false,false,true,false,cftc_normalized_net_q10_reversal_v1
SUGAR NO. 11 - ICE FUTURES U.S.,080732,2016-04-12,2016-04-15T19:30:00Z,cftc_ordinary_rule_estimate_not_holiday_verified,cftc_sugar_no11_selected_history_e1eadfec2053,https://publicreporting.cftc.gov/resource/72hh-3qpy.json?%24select=report_date_as_yyyy_mm_dd%2Ccftc_contract_market_code%2Cmarket_and_exchange_names%2Copen_interest_all%2Cm_money_positions_long_all%2Cm_money_positions_short_all%2Cm_money_positions_spread%2Ccontract_units%2Cfutonly_or_combined&%24where=cftc_contract_market_code%3D%27080732%27+AND+report_date_as_yyyy_mm_dd%3E%3D%272009-09-01T00%3A00%3A00.000%27+AND+report_date_as_yyyy_mm_dd%3C%3D%272026-08-11T00%3A00%3A00.000%27&%24order=report_date_as_yyyy_mm_dd&%24limit=5000,e1eadfec20535920e28d87b1a02245d9241765f4ae199f31c25d130fdaf7d93a,160952,62615,98337,840440,0.11700656798819665889296083,345,-0.0665313635210484554390245219,0.1452860653995768153972668558,false,false,true,false,cftc_normalized_net_q10_reversal_v1
SUGAR NO. 11 - ICE FUTURES U.S.,080732,2016-04-19,2016-04-22T19:30:00Z,cftc_ordinary_rule_estimate_not_holiday_verified,cftc_sugar_no11_selected_history_e1eadfec2053,https://publicreporting.cftc.gov/resource/72hh-3qpy.json?%24select=report_date_as_yyyy_mm_dd%2Ccftc_contract_market_code%2Cmarket_and_exchange_names%2Copen_interest_all%2Cm_money_positions_long_all%2Cm_money_positions_short_all%2Cm_money_positions_spread%2Ccontract_units%2Cfutonly_or_combined&%24where=cftc_contract_market_code%3D%27080732%27+AND+report_date_as_yyyy_mm_dd%3E%3D%272009-09-01T00%3A00%3A00.000%27+AND+report_date_as_yyyy_mm_dd%3C%3D%272026-08-11T00%3A00%3A00.000%27&%24order=report_date_as_yyyy_mm_dd&%24limit=5000,e1eadfec20535920e28d87b1a02245d9241765f4ae199f31c25d130fdaf7d93a,154552,49213,105339,800540,0.1315849301721338096784670348,346,-0.0665313635210484554390245219,0.11700656798819665889296083,false,true,true,false,cftc_normalized_net_q10_reversal_v1
SUGAR NO. 11 - ICE FUTURES U.S.,080732,2016-04-26,2016-04-29T19:30:00Z,cftc_ordinary_rule_estimate_not_holiday_verified,cftc_sugar_no11_selected_history_e1eadfec2053,https://publicreporting.cftc.gov/resource/72hh-3qpy.json?%24select=report_date_as_yyyy_mm_dd%2Ccftc_contract_market_code%2Cmarket_and_exchange_names%2Copen_interest_all%2Cm_money_positions_long_all%2Cm_money_positions_short_all%2Cm_money_positions_spread%2Ccontract_units%2Cfutonly_or_combined&%24where=cftc_contract_market_code%3D%27080732%27+AND+report_date_as_yyyy_mm_dd%3E%3D%272009-09-01T00%3A00%3A00.000%27+AND+report_date_as_yyyy_mm_dd%3C%3D%272026-08-11T00%3A00%3A00.000%27&%24order=report_date_as_yyyy_mm_dd&%24limit=5000,e1eadfec20535920e28d87b1a02245d9241765f4ae199f31c25d130fdaf7d93a,173380,38764,134616,772450,0.1742714738818046475500032365,347,-0.0665313635210484554390245219,0.1315849301721338096784670348,false,true,true,false,cftc_normalized_net_q10_reversal_v1
SUGAR NO. 11 - ICE FUTURES U.S.,080732,2016-05-03,2016-05-06T19:30:00Z,cftc_ordinary_rule_estimate_not_holiday_verified,cftc_sugar_no11_selected_history_e1eadfec2053,https://publicreporting.cftc.gov/resource/72hh-3qpy.json?%24select=report_date_as_yyyy_mm_dd%2Ccftc_contract_market_code%2Cmarket_and_exchange_names%2Copen_interest_all%2Cm_money_positions_long_all%2Cm_money_positions_short_all%2Cm_money_positions_spread%2Ccontract_units%2Cfutonly_or_combined&%24where=cftc_contract_market_code%3D%27080732%27+AND+report_date_as_yyyy_mm_dd%3E%3D%272009-09-01T00%3A00%3A00.000%27+AND+report_date_as_yyyy_mm_dd%3C%3D%272026-08-11T00%3A00%3A00.000%27&%24order=report_date_as_yyyy_mm_dd&%24limit=5000,e1eadfec20535920e28d87b1a02245d9241765f4ae199f31c25d130fdaf7d93a,189978,38768,151210,789143,0.1916129269346620321031802854,348,-0.0665313635210484554390245219,0.1742714738818046475500032365,false,true,true,false,cftc_normalized_net_q10_reversal_v1
SUGAR NO. 11 - ICE FUTURES U.S.,080732,2016-05-10,2016-05-13T19:30:00Z,cftc_ordinary_rule_estimate_not_holiday_verified,cftc_sugar_no11_selected_history_e1eadfec2053,https://publicreporting.cftc.gov/resource/72hh-3qpy.json?%24select=report_date_as_yyyy_mm_dd%2Ccftc_contract_market_code%2Cmarket_and_exchange_names%2Copen_interest_all%2Cm_money_positions_long_all%2Cm_money_positions_short_all%2Cm_money_positions_spread%2Ccontract_units%2Cfutonly_or_combined&%24where=cftc_contract_market_code%3D%27080732%27+AND+report_date_as_yyyy_mm_dd%3E%3D%272009-09-01T00%3A00%3A00.000%27+AND+report_date_as_yyyy_mm_dd%3C%3D%272026-08-11T00%3A00%3A00.000%27&%24order=report_date_as_yyyy_mm_dd&%24limit=5000,e1eadfec20535920e28d87b1a02245d9241765f4ae199f31c25d130fdaf7d93a,219037,49288,169749,805306,0.2107881972815302506128105341,349,-0.0665313635210484554390245219,0.1916129269346620321031802854,false,true,true,false,cftc_normalized_net_q10_reversal_v1
SUGAR NO. 11 - ICE FUTURES U.S.,080732,2016-05-17,2016-05-20T19:30:00Z,cftc_ordinary_rule_estimate_not_holiday_verified,cftc_sugar_no11_selected_history_e1eadfec2053,https://publicreporting.cftc.gov/resource/72hh-3qpy.json?%24select=report_date_as_yyyy_mm_dd%2Ccftc_contract_market_code%2Cmarket_and_exchange_names%2Copen_interest_all%2Cm_money_positions_long_all%2Cm_money_positions_short_all%2Cm_money_positions_spread%2Ccontract_units%2Cfutonly_or_combined&%24where=cftc_contract_market_code%3D%27080732%27+AND+report_date_as_yyyy_mm_dd%3E%3D%272009-09-01T00%3A00%3A00.000%27+AND+report_date_as_yyyy_mm_dd%3C%3D%272026-08-11T00%3A00%3A00.000%27&%24order=report_date_as_yyyy_mm_dd&%24limit=5000,e1eadfec20535920e28d87b1a02245d9241765f4ae199f31c25d130fdaf7d93a,232140,42207,189933,848078,0.2239569945217303125420067494,350,-0.0665313635210484554390245219,0.2107881972815302506128105341,false,true,true,false,cftc_normalized_net_q10_reversal_v1
SUGAR NO. 11 - ICE FUTURES U.S.,080732,2016-05-24,2016-05-27T19:30:00Z,cftc_ordinary_rule_estimate_not_holiday_verified,cftc_sugar_no11_selected_history_e1eadfec2053,https://publicreporting.cftc.gov/resource/72hh-3qpy.json?%24select=report_date_as_yyyy_mm_dd%2Ccftc_contract_market_code%2Cmarket_and_exchange_names%2Copen_interest_all%2Cm_money_positions_long_all%2Cm_money_positions_short_all%2Cm_money_positions_spread%2Ccontract_units%2Cfutonly_or_combined&%24where=cftc_contract_market_code%3D%27080732%27+AND+report_date_as_yyyy_mm_dd%3E%3D%272009-09-01T00%3A00%3A00.000%27+AND+report_date_as_yyyy_mm_dd%3C%3D%272026-08-11T00%3A00%3A00.000%27&%24order=report_date_as_yyyy_mm_dd&%24limit=5000,e1eadfec20535920e28d87b1a02245d9241765f4ae199f31c25d130fdaf7d93a,229726,41420,188306,868549,0.2168052694781756699967416922,351,-0.06536967957000300003466175506,0.2239569945217303125420067494,false,false,true,false,cftc_normalized_net_q10_reversal_v1
SUGAR NO. 11 - ICE FUTURES U.S.,080732,2016-05-31,2016-06-03T19:30:00Z,cftc_ordinary_rule_estimate_not_holiday_verified,cftc_sugar_no11_selected_history_e1eadfec2053,https://publicreporting.cftc.gov/resource/72hh-3qpy.json?%24select=report_date_as_yyyy_mm_dd%2Ccftc_contract_market_code%2Cmarket_and_exchange_names%2Copen_interest_all%2Cm_money_positions_long_all%2Cm_money_positions_short_all%2Cm_money_positions_spread%2Ccontract_units%2Cfutonly_or_combined&%24where=cftc_contract_market_code%3D%27080732%27+AND+report_date_as_yyyy_mm_dd%3E%3D%272009-09-01T00%3A00%3A00.000%27+AND+report_date_as_yyyy_mm_dd%3C%3D%272026-08-11T00%3A00%3A00.000%27&%24order=report_date_as_yyyy_mm_dd&%24limit=5000,e1eadfec20535920e28d87b1a02245d9241765f4ae199f31c25d130fdaf7d93a,232047,37074,194973,895498,0.2177257793987256252945288543,352,-0.06536967957000300003466175506,0.2168052694781756699967416922,false,true,true,false,cftc_normalized_net_q10_reversal_v1
SUGAR NO. 11 - ICE FUTURES U.S.,080732,2016-06-07,2016-06-10T19:30:00Z,cftc_ordinary_rule_estimate_not_holiday_verified,cftc_sugar_no11_selected_history_e1eadfec2053,https://publicreporting.cftc.gov/resource/72hh-3qpy.json?%24select=report_date_as_yyyy_mm_dd%2Ccftc_contract_market_code%2Cmarket_and_exchange_names%2Copen_interest_all%2Cm_money_positions_long_all%2Cm_money_positions_short_all%2Cm_money_positions_spread%2Ccontract_units%2Cfutonly_or_combined&%24where=cftc_contract_market_code%3D%27080732%27+AND+report_date_as_yyyy_mm_dd%3E%3D%272009-09-01T00%3A00%3A00.000%27+AND+report_date_as_yyyy_mm_dd%3C%3D%272026-08-11T00%3A00%3A00.000%27&%24order=report_date_as_yyyy_mm_dd&%24limit=5000,e1eadfec20535920e28d87b1a02245d9241765f4ae199f31c25d130fdaf7d93a,240084,33274,206810,899793,0.2298417524919620401581252577,353,-0.06536967957000300003466175506,0.2177257793987256252945288543,false,true,true,false,cftc_normalized_net_q10_reversal_v1
SUGAR NO. 11 - ICE FUTURES U.S.,080732,2016-06-14,2016-06-17T19:30:00Z,cftc_ordinary_rule_estimate_not_holiday_verified,cftc_sugar_no11_selected_history_e1eadfec2053,https://publicreporting.cftc.gov/resource/72hh-3qpy.json?%24select=report_date_as_yyyy_mm_dd%2Ccftc_contract_market_code%2Cmarket_and_exchange_names%2Copen_interest_all%2Cm_money_positions_long_all%2Cm_money_positions_short_all%2Cm_money_positions_spread%2Ccontract_units%2Cfutonly_or_combined&%24where=cftc_contract_market_code%3D%27080732%27+AND+report_date_as_yyyy_mm_dd%3E%3D%272009-09-01T00%3A00%3A00.000%27+AND+report_date_as_yyyy_mm_dd%3C%3D%272026-08-11T00%3A00%3A00.000%27&%24order=report_date_as_yyyy_mm_dd&%24limit=5000,e1eadfec20535920e28d87b1a02245d9241765f4ae199f31c25d130fdaf7d93a,250079,30755,219324,940081,0.2333033004602794865548819729,354,-0.06536967957000300003466175506,0.2298417524919620401581252577,false,true,true,false,cftc_normalized_net_q10_reversal_v1
SUGAR NO. 11 - ICE FUTURES U.S.,080732,2016-06-21,2016-06-24T19:30:00Z,cftc_ordinary_rule_estimate_not_holiday_verified,cftc_sugar_no11_selected_history_e1eadfec2053,https://publicreporting.cftc.gov/resource/72hh-3qpy.json?%24select=report_date_as_yyyy_mm_dd%2Ccftc_contract_market_code%2Cmarket_and_exchange_names%2Copen_interest_all%2Cm_money_positions_long_all%2Cm_money_positions_short_all%2Cm_money_positions_spread%2Ccontract_units%2Cfutonly_or_combined&%24where=cftc_contract_market_code%3D%27080732%27+AND+report_date_as_yyyy_mm_dd%3E%3D%272009-09-01T00%3A00%3A00.000%27+AND+report_date_as_yyyy_mm_dd%3C%3D%272026-08-11T00%3A00%3A00.000%27&%24order=report_date_as_yyyy_mm_dd&%24limit=5000,e1eadfec20535920e28d87b1a02245d9241765f4ae199f31c25d130fdaf7d93a,262158,17181,244977,899424,0.2723709840964884192549898602,355,-0.06536967957000300003466175506,0.2333033004602794865548819729,false,true,true,false,cftc_normalized_net_q10_reversal_v1
SUGAR NO. 11 - ICE FUTURES U.S.,080732,2016-06-28,2016-07-01T19:30:00Z,cftc_ordinary_rule_estimate_not_holiday_verified,cftc_sugar_no11_selected_history_e1eadfec2053,https://publicreporting.cftc.gov/resource/72hh-3qpy.json?%24select=report_date_as_yyyy_mm_dd%2Ccftc_contract_market_code%2Cmarket_and_exchange_names%2Copen_interest_all%2Cm_money_positions_long_all%2Cm_money_positions_short_all%2Cm_money_positions_spread%2Ccontract_units%2Cfutonly_or_combined&%24where=cftc_contract_market_code%3D%27080732%27+AND+report_date_as_yyyy_mm_dd%3E%3D%272009-09-01T00%3A00%3A00.000%27+AND+report_date_as_yyyy_mm_dd%3C%3D%272026-08-11T00%3A00%3A00.000%27&%24order=report_date_as_yyyy_mm_dd&%24limit=5000,e1eadfec20535920e28d87b1a02245d9241765f4ae199f31c25d130fdaf7d93a,262530,17201,245329,855761,0.2866793415451276699919720576,356,-0.06536967957000300003466175506,0.2723709840964884192549898602,false,true,true,false,cftc_normalized_net_q10_reversal_v1
SUGAR NO. 11 - ICE FUTURES U.S.,080732,2016-07-05,2016-07-08T19:30:00Z,cftc_ordinary_rule_estimate_not_holiday_verified,cftc_sugar_no11_selected_history_e1eadfec2053,https://publicreporting.cftc.gov/resource/72hh-3qpy.json?%24select=report_date_as_yyyy_mm_dd%2Ccftc_contract_market_code%2Cmarket_and_exchange_names%2Copen_interest_all%2Cm_money_positions_long_all%2Cm_money_positions_short_all%2Cm_money_positions_spread%2Ccontract_units%2Cfutonly_or_combined&%24where=cftc_contract_market_code%3D%27080732%27+AND+report_date_as_yyyy_mm_dd%3E%3D%272009-09-01T00%3A00%3A00.000%27+AND+report_date_as_yyyy_mm_dd%3C%3D%272026-08-11T00%3A00%3A00.000%27&%24order=report_date_as_yyyy_mm_dd&%24limit=5000,e1eadfec20535920e28d87b1a02245d9241765f4ae199f31c25d130fdaf7d93a,259670,17849,241821,842090,0.287167642413518745027253619,357,-0.06536967957000300003466175506,0.2866793415451276699919720576,false,true,true,false,cftc_normalized_net_q10_reversal_v1
SUGAR NO. 11 - ICE FUTURES U.S.,080732,2016-07-12,2016-07-15T19:30:00Z,cftc_ordinary_rule_estimate_not_holiday_verified,cftc_sugar_no11_selected_history_e1eadfec2053,https://publicreporting.cftc.gov/resource/72hh-3qpy.json?%24select=report_date_as_yyyy_mm_dd%2Ccftc_contract_market_code%2Cmarket_and_exchange_names%2Copen_interest_all%2Cm_money_positions_long_all%2Cm_money_positions_short_all%2Cm_money_positions_spread%2Ccontract_units%2Cfutonly_or_combined&%24where=cftc_contract_market_code%3D%27080732%27+AND+report_date_as_yyyy_mm_dd%3E%3D%272009-09-01T00%3A00%3A00.000%27+AND+report_date_as_yyyy_mm_dd%3C%3D%272026-08-11T00%3A00%3A00.000%27&%24order=report_date_as_yyyy_mm_dd&%24limit=5000,e1eadfec20535920e28d87b1a02245d9241765f4ae199f31c25d130fdaf7d93a,255887,17432,238455,840414,0.2837351591001577793801626341,358,-0.06536967957000300003466175506,0.287167642413518745027253619,false,false,true,false,cftc_normalized_net_q10_reversal_v1
SUGAR NO. 11 - ICE FUTURES U.S.,080732,2016-07-19,2016-07-22T19:30:00Z,cftc_ordinary_rule_estimate_not_holiday_verified,cftc_sugar_no11_selected_history_e1eadfec2053,https://publicreporting.cftc.gov/resource/72hh-3qpy.json?%24select=report_date_as_yyyy_mm_dd%2Ccftc_contract_market_code%2Cmarket_and_exchange_names%2Copen_interest_all%2Cm_money_positions_long_all%2Cm_money_positions_short_all%2Cm_money_positions_spread%2Ccontract_units%2Cfutonly_or_combined&%24where=cftc_contract_market_code%3D%27080732%27+AND+report_date_as_yyyy_mm_dd%3E%3D%272009-09-01T00%3A00%3A00.000%27+AND+report_date_as_yyyy_mm_dd%3C%3D%272026-08-11T00%3A00%3A00.000%27&%24order=report_date_as_yyyy_mm_dd&%24limit=5000,e1eadfec20535920e28d87b1a02245d9241765f4ae199f31c25d130fdaf7d93a,244774,16049,228725,832463,0.2747569561650187455778815395,359,-0.06536967957000300003466175506,0.2837351591001577793801626341,false,false,true,false,cftc_normalized_net_q10_reversal_v1
SUGAR NO. 11 - ICE FUTURES U.S.,080732,2016-07-26,2016-07-29T19:30:00Z,cftc_ordinary_rule_estimate_not_holiday_verified,cftc_sugar_no11_selected_history_e1eadfec2053,https://publicreporting.cftc.gov/resource/72hh-3qpy.json?%24select=report_date_as_yyyy_mm_dd%2Ccftc_contract_market_code%2Cmarket_and_exchange_names%2Copen_interest_all%2Cm_money_positions_long_all%2Cm_money_positions_short_all%2Cm_money_positions_spread%2Ccontract_units%2Cfutonly_or_combined&%24where=cftc_contract_market_code%3D%27080732%27+AND+report_date_as_yyyy_mm_dd%3E%3D%272009-09-01T00%3A00%3A00.000%27+AND+report_date_as_yyyy_mm_dd%3C%3D%272026-08-11T00%3A00%3A00.000%27&%24order=report_date_as_yyyy_mm_dd&%24limit=5000,e1eadfec20535920e28d87b1a02245d9241765f4ae199f31c25d130fdaf7d93a,249210,12216,236994,830909,0.2852225694991870349219950681,360,-0.06536967957000300003466175506,0.2747569561650187455778815395,false,true,true,false,cftc_normalized_net_q10_reversal_v1
SUGAR NO. 11 - ICE FUTURES U.S.,080732,2016-08-02,2016-08-05T19:30:00Z,cftc_ordinary_rule_estimate_not_holiday_verified,cftc_sugar_no11_selected_history_e1eadfec2053,https://publicreporting.cftc.gov/resource/72hh-3qpy.json?%24select=report_date_as_yyyy_mm_dd%2Ccftc_contract_market_code%2Cmarket_and_exchange_names%2Copen_interest_all%2Cm_money_positions_long_all%2Cm_money_positions_short_all%2Cm_money_positions_spread%2Ccontract_units%2Cfutonly_or_combined&%24where=cftc_contract_market_code%3D%27080732%27+AND+report_date_as_yyyy_mm_dd%3E%3D%272009-09-01T00%3A00%3A00.000%27+AND+report_date_as_yyyy_mm_dd%3C%3D%272026-08-11T00%3A00%3A00.000%27&%24order=report_date_as_yyyy_mm_dd&%24limit=5000,e1eadfec20535920e28d87b1a02245d9241765f4ae199f31c25d130fdaf7d93a,255084,18239,236845,846754,0.2797093370683811354891739513,361,-0.0650515690039468637688689129,0.2852225694991870349219950681,false,false,true,false,cftc_normalized_net_q10_reversal_v1
SUGAR NO. 11 - ICE FUTURES U.S.,080732,2016-08-09,2016-08-12T19:30:00Z,cftc_ordinary_rule_estimate_not_holiday_verified,cftc_sugar_no11_selected_history_e1eadfec2053,https://publicreporting.cftc.gov/resource/72hh-3qpy.json?%24select=report_date_as_yyyy_mm_dd%2Ccftc_contract_market_code%2Cmarket_and_exchange_names%2Copen_interest_all%2Cm_money_positions_long_all%2Cm_money_positions_short_all%2Cm_money_positions_spread%2Ccontract_units%2Cfutonly_or_combined&%24where=cftc_contract_market_code%3D%27080732%27+AND+report_date_as_yyyy_mm_dd%3E%3D%272009-09-01T00%3A00%3A00.000%27+AND+report_date_as_yyyy_mm_dd%3C%3D%272026-08-11T00%3A00%3A00.000%27&%24order=report_date_as_yyyy_mm_dd&%24limit=5000,e1eadfec20535920e28d87b1a02245d9241765f4ae199f31c25d130fdaf7d93a,270779,14901,255878,866930,0.2951541646961115661010692905,362,-0.0650515690039468637688689129,0.2797093370683811354891739513,false,true,true,false,cftc_normalized_net_q10_reversal_v1
SUGAR NO. 11 - ICE FUTURES U.S.,080732,2016-08-16,2016-08-19T19:30:00Z,cftc_ordinary_rule_estimate_not_holiday_verified,cftc_sugar_no11_selected_history_e1eadfec2053,https://publicreporting.cftc.gov/resource/72hh-3qpy.json?%24select=report_date_as_yyyy_mm_dd%2Ccftc_contract_market_code%2Cmarket_and_exchange_names%2Copen_interest_all%2Cm_money_positions_long_all%2Cm_money_positions_short_all%2Cm_money_positions_spread%2Ccontract_units%2Cfutonly_or_combined&%24where=cftc_contract_market_code%3D%27080732%27+AND+report_date_as_yyyy_mm_dd%3E%3D%272009-09-01T00%3A00%3A00.000%27+AND+report_date_as_yyyy_mm_dd%3C%3D%272026-08-11T00%3A00%3A00.000%27&%24order=report_date_as_yyyy_mm_dd&%24limit=5000,e1eadfec20535920e28d87b1a02245d9241765f4ae199f31c25d130fdaf7d93a,268994,16727,252267,883140,0.2856478021604728582104762552,363,-0.0650515690039468637688689129,0.2951541646961115661010692905,false,false,true,false,cftc_normalized_net_q10_reversal_v1
SUGAR NO. 11 - ICE FUTURES U.S.,080732,2016-08-23,2016-08-26T19:30:00Z,cftc_ordinary_rule_estimate_not_holiday_verified,cftc_sugar_no11_selected_history_e1eadfec2053,https://publicreporting.cftc.gov/resource/72hh-3qpy.json?%24select=report_date_as_yyyy_mm_dd%2Ccftc_contract_market_code%2Cmarket_and_exchange_names%2Copen_interest_all%2Cm_money_positions_long_all%2Cm_money_positions_short_all%2Cm_money_positions_spread%2Ccontract_units%2Cfutonly_or_combined&%24where=cftc_contract_market_code%3D%27080732%27+AND+report_date_as_yyyy_mm_dd%3E%3D%272009-09-01T00%3A00%3A00.000%27+AND+report_date_as_yyyy_mm_dd%3C%3D%272026-08-11T00%3A00%3A00.000%27&%24order=report_date_as_yyyy_mm_dd&%24limit=5000,e1eadfec20535920e28d87b1a02245d9241765f4ae199f31c25d130fdaf7d93a,284901,19932,264969,903799,0.2931724863603522464618792453,364,-0.0650515690039468637688689129,0.2856478021604728582104762552,false,true,true,false,cftc_normalized_net_q10_reversal_v1
SUGAR NO. 11 - ICE FUTURES U.S.,080732,2016-08-30,2016-09-02T19:30:00Z,cftc_ordinary_rule_estimate_not_holiday_verified,cftc_sugar_no11_selected_history_e1eadfec2053,https://publicreporting.cftc.gov/resource/72hh-3qpy.json?%24select=report_date_as_yyyy_mm_dd%2Ccftc_contract_market_code%2Cmarket_and_exchange_names%2Copen_interest_all%2Cm_money_positions_long_all%2Cm_money_positions_short_all%2Cm_money_positions_spread%2Ccontract_units%2Cfutonly_or_combined&%24where=cftc_contract_market_code%3D%27080732%27+AND+report_date_as_yyyy_mm_dd%3E%3D%272009-09-01T00%3A00%3A00.000%27+AND+report_date_as_yyyy_mm_dd%3C%3D%272026-08-11T00%3A00%3A00.000%27&%24order=report_date_as_yyyy_mm_dd&%24limit=5000,e1eadfec20535920e28d87b1a02245d9241765f4ae199f31c25d130fdaf7d93a,286048,18113,267935,908026,0.2950741498591450024558768141,365,-0.0650515690039468637688689129,0.2931724863603522464618792453,false,true,true,false,cftc_normalized_net_q10_reversal_v1
SUGAR NO. 11 - ICE FUTURES U.S.,080732,2016-09-06,2016-09-09T19:30:00Z,cftc_ordinary_rule_estimate_not_holiday_verified,cftc_sugar_no11_selected_history_e1eadfec2053,https://publicreporting.cftc.gov/resource/72hh-3qpy.json?%24select=report_date_as_yyyy_mm_dd%2Ccftc_contract_market_code%2Cmarket_and_exchange_names%2Copen_interest_all%2Cm_money_positions_long_all%2Cm_money_positions_short_all%2Cm_money_positions_spread%2Ccontract_units%2Cfutonly_or_combined&%24where=cftc_contract_market_code%3D%27080732%27+AND+report_date_as_yyyy_mm_dd%3E%3D%272009-09-01T00%3A00%3A00.000%27+AND+report_date_as_yyyy_mm_dd%3C%3D%272026-08-11T00%3A00%3A00.000%27&%24order=report_date_as_yyyy_mm_dd&%24limit=5000,e1eadfec20535920e28d87b1a02245d9241765f4ae199f31c25d130fdaf7d93a,272216,17590,254626,913475,0.2787443553463422644297873505,366,-0.0650515690039468637688689129,0.2950741498591450024558768141,false,false,true,false,cftc_normalized_net_q10_reversal_v1
SUGAR NO. 11 - ICE FUTURES U.S.,080732,2016-09-13,2016-09-16T19:30:00Z,cftc_ordinary_rule_estimate_not_holiday_verified,cftc_sugar_no11_selected_history_e1eadfec2053,https://publicreporting.cftc.gov/resource/72hh-3qpy.json?%24select=report_date_as_yyyy_mm_dd%2Ccftc_contract_market_code%2Cmarket_and_exchange_names%2Copen_interest_all%2Cm_money_positions_long_all%2Cm_money_positions_short_all%2Cm_money_positions_spread%2Ccontract_units%2Cfutonly_or_combined&%24where=cftc_contract_market_code%3D%27080732%27+AND+report_date_as_yyyy_mm_dd%3E%3D%272009-09-01T00%3A00%3A00.000%27+AND+report_date_as_yyyy_mm_dd%3C%3D%272026-08-11T00%3A00%3A00.000%27&%24order=report_date_as_yyyy_mm_dd&%24limit=5000,e1eadfec20535920e28d87b1a02245d9241765f4ae199f31c25d130fdaf7d93a,263660,15862,247798,889291,0.2786466972003539898638353475,367,-0.0650515690039468637688689129,0.2787443553463422644297873505,false,false,true,false,cftc_normalized_net_q10_reversal_v1
SUGAR NO. 11 - ICE FUTURES U.S.,080732,2016-09-20,2016-09-23T19:30:00Z,cftc_ordinary_rule_estimate_not_holiday_verified,cftc_sugar_no11_selected_history_e1eadfec2053,https://publicreporting.cftc.gov/resource/72hh-3qpy.json?%24select=report_date_as_yyyy_mm_dd%2Ccftc_contract_market_code%2Cmarket_and_exchange_names%2Copen_interest_all%2Cm_money_positions_long_all%2Cm_money_positions_short_all%2Cm_money_positions_spread%2Ccontract_units%2Cfutonly_or_combined&%24where=cftc_contract_market_code%3D%27080732%27+AND+report_date_as_yyyy_mm_dd%3E%3D%272009-09-01T00%3A00%3A00.000%27+AND+report_date_as_yyyy_mm_dd%3C%3D%272026-08-11T00%3A00%3A00.000%27&%24order=report_date_as_yyyy_mm_dd&%24limit=5000,e1eadfec20535920e28d87b1a02245d9241765f4ae199f31c25d130fdaf7d93a,277315,14056,263259,896638,0.2936067844548190016483798367,368,-0.0650515690039468637688689129,0.2786466972003539898638353475,false,true,true,false,cftc_normalized_net_q10_reversal_v1
SUGAR NO. 11 - ICE FUTURES U.S.,080732,2016-09-27,2016-09-30T19:30:00Z,cftc_ordinary_rule_estimate_not_holiday_verified,cftc_sugar_no11_selected_history_e1eadfec2053,https://publicreporting.cftc.gov/resource/72hh-3qpy.json?%24select=report_date_as_yyyy_mm_dd%2Ccftc_contract_market_code%2Cmarket_and_exchange_names%2Copen_interest_all%2Cm_money_positions_long_all%2Cm_money_positions_short_all%2Cm_money_positions_spread%2Ccontract_units%2Cfutonly_or_combined&%24where=cftc_contract_market_code%3D%27080732%27+AND+report_date_as_yyyy_mm_dd%3E%3D%272009-09-01T00%3A00%3A00.000%27+AND+report_date_as_yyyy_mm_dd%3C%3D%272026-08-11T00%3A00%3A00.000%27&%24order=report_date_as_yyyy_mm_dd&%24limit=5000,e1eadfec20535920e28d87b1a02245d9241765f4ae199f31c25d130fdaf7d93a,282745,16121,266624,857858,0.3108020208472730918170606324,369,-0.0650515690039468637688689129,0.2936067844548190016483798367,false,true,true,false,cftc_normalized_net_q10_reversal_v1
SUGAR NO. 11 - ICE FUTURES U.S.,080732,2016-10-04,2016-10-07T19:30:00Z,cftc_ordinary_rule_estimate_not_holiday_verified,cftc_sugar_no11_selected_history_e1eadfec2053,https://publicreporting.cftc.gov/resource/72hh-3qpy.json?%24select=report_date_as_yyyy_mm_dd%2Ccftc_contract_market_code%2Cmarket_and_exchange_names%2Copen_interest_all%2Cm_money_positions_long_all%2Cm_money_positions_short_all%2Cm_money_positions_spread%2Ccontract_units%2Cfutonly_or_combined&%24where=cftc_contract_market_code%3D%27080732%27+AND+report_date_as_yyyy_mm_dd%3E%3D%272009-09-01T00%3A00%3A00.000%27+AND+report_date_as_yyyy_mm_dd%3C%3D%272026-08-11T00%3A00%3A00.000%27&%24order=report_date_as_yyyy_mm_dd&%24limit=5000,e1eadfec20535920e28d87b1a02245d9241765f4ae199f31c25d130fdaf7d93a,281794,13493,268301,830713,0.3229767681497701372194729106,370,-0.0650515690039468637688689129,0.3108020208472730918170606324,false,true,true,false,cftc_normalized_net_q10_reversal_v1
SUGAR NO. 11 - ICE FUTURES U.S.,080732,2016-10-11,2016-10-14T19:30:00Z,cftc_ordinary_rule_estimate_not_holiday_verified,cftc_sugar_no11_selected_history_e1eadfec2053,https://publicreporting.cftc.gov/resource/72hh-3qpy.json?%24select=report_date_as_yyyy_mm_dd%2Ccftc_contract_market_code%2Cmarket_and_exchange_names%2Copen_interest_all%2Cm_money_positions_long_all%2Cm_money_positions_short_all%2Cm_money_positions_spread%2Ccontract_units%2Cfutonly_or_combined&%24where=cftc_contract_market_code%3D%27080732%27+AND+report_date_as_yyyy_mm_dd%3E%3D%272009-09-01T00%3A00%3A00.000%27+AND+report_date_as_yyyy_mm_dd%3C%3D%272026-08-11T00%3A00%3A00.000%27&%24order=report_date_as_yyyy_mm_dd&%24limit=5000,e1eadfec20535920e28d87b1a02245d9241765f4ae199f31c25d130fdaf7d93a,266454,15628,250826,833715,0.3008534091386145145523350306,371,-0.06411986663067740819099096274,0.3229767681497701372194729106,false,false,true,false,cftc_normalized_net_q10_reversal_v1
SUGAR NO. 11 - ICE FUTURES U.S.,080732,2016-10-18,2016-10-21T19:30:00Z,cftc_ordinary_rule_estimate_not_holiday_verified,cftc_sugar_no11_selected_history_e1eadfec2053,https://publicreporting.cftc.gov/resource/72hh-3qpy.json?%24select=report_date_as_yyyy_mm_dd%2Ccftc_contract_market_code%2Cmarket_and_exchange_names%2Copen_interest_all%2Cm_money_positions_long_all%2Cm_money_positions_short_all%2Cm_money_positions_spread%2Ccontract_units%2Cfutonly_or_combined&%24where=cftc_contract_market_code%3D%27080732%27+AND+report_date_as_yyyy_mm_dd%3E%3D%272009-09-01T00%3A00%3A00.000%27+AND+report_date_as_yyyy_mm_dd%3C%3D%272026-08-11T00%3A00%3A00.000%27&%24order=report_date_as_yyyy_mm_dd&%24limit=5000,e1eadfec20535920e28d87b1a02245d9241765f4ae199f31c25d130fdaf7d93a,256126,13453,242673,843124,0.2878259900085871117415706349,372,-0.06411986663067740819099096274,0.3008534091386145145523350306,false,false,true,false,cftc_normalized_net_q10_reversal_v1
SUGAR NO. 11 - ICE FUTURES U.S.,080732,2016-10-25,2016-10-28T19:30:00Z,cftc_ordinary_rule_estimate_not_holiday_verified,cftc_sugar_no11_selected_history_e1eadfec2053,https://publicreporting.cftc.gov/resource/72hh-3qpy.json?%24select=report_date_as_yyyy_mm_dd%2Ccftc_contract_market_code%2Cmarket_and_exchange_names%2Copen_interest_all%2Cm_money_positions_long_all%2Cm_money_positions_short_all%2Cm_money_positions_spread%2Ccontract_units%2Cfutonly_or_combined&%24where=cftc_contract_market_code%3D%27080732%27+AND+report_date_as_yyyy_mm_dd%3E%3D%272009-09-01T00%3A00%3A00.000%27+AND+report_date_as_yyyy_mm_dd%3C%3D%272026-08-11T00%3A00%3A00.000%27&%24order=report_date_as_yyyy_mm_dd&%24limit=5000,e1eadfec20535920e28d87b1a02245d9241765f4ae199f31c25d130fdaf7d93a,253865,10841,243024,852696,0.2850066143150665653409890512,373,-0.06411986663067740819099096274,0.2878259900085871117415706349,false,false,true,false,cftc_normalized_net_q10_reversal_v1
SUGAR NO. 11 - ICE FUTURES U.S.,080732,2016-11-01,2016-11-04T19:30:00Z,cftc_ordinary_rule_estimate_not_holiday_verified,cftc_sugar_no11_selected_history_e1eadfec2053,https://publicreporting.cftc.gov/resource/72hh-3qpy.json?%24select=report_date_as_yyyy_mm_dd%2Ccftc_contract_market_code%2Cmarket_and_exchange_names%2Copen_interest_all%2Cm_money_positions_long_all%2Cm_money_positions_short_all%2Cm_money_positions_spread%2Ccontract_units%2Cfutonly_or_combined&%24where=cftc_contract_market_code%3D%27080732%27+AND+report_date_as_yyyy_mm_dd%3E%3D%272009-09-01T00%3A00%3A00.000%27+AND+report_date_as_yyyy_mm_dd%3C%3D%272026-08-11T00%3A00%3A00.000%27&%24order=report_date_as_yyyy_mm_dd&%24limit=5000,e1eadfec20535920e28d87b1a02245d9241765f4ae199f31c25d130fdaf7d93a,233566,13829,219737,844926,0.2600665620421196649174010505,374,-0.06411986663067740819099096274,0.2850066143150665653409890512,false,false,true,false,cftc_normalized_net_q10_reversal_v1
SUGAR NO. 11 - ICE FUTURES U.S.,080732,2016-11-08,2016-11-11T20:30:00Z,cftc_ordinary_rule_estimate_not_holiday_verified,cftc_sugar_no11_selected_history_e1eadfec2053,https://publicreporting.cftc.gov/resource/72hh-3qpy.json?%24select=report_date_as_yyyy_mm_dd%2Ccftc_contract_market_code%2Cmarket_and_exchange_names%2Copen_interest_all%2Cm_money_positions_long_all%2Cm_money_positions_short_all%2Cm_money_positions_spread%2Ccontract_units%2Cfutonly_or_combined&%24where=cftc_contract_market_code%3D%27080732%27+AND+report_date_as_yyyy_mm_dd%3E%3D%272009-09-01T00%3A00%3A00.000%27+AND+report_date_as_yyyy_mm_dd%3C%3D%272026-08-11T00%3A00%3A00.000%27&%24order=report_date_as_yyyy_mm_dd&%24limit=5000,e1eadfec20535920e28d87b1a02245d9241765f4ae199f31c25d130fdaf7d93a,230347,10249,220098,845628,0.2602775688600661283685024621,375,-0.06411986663067740819099096274,0.2600665620421196649174010505,false,true,true,false,cftc_normalized_net_q10_reversal_v1
SUGAR NO. 11 - ICE FUTURES U.S.,080732,2016-11-15,2016-11-18T20:30:00Z,cftc_ordinary_rule_estimate_not_holiday_verified,cftc_sugar_no11_selected_history_e1eadfec2053,https://publicreporting.cftc.gov/resource/72hh-3qpy.json?%24select=report_date_as_yyyy_mm_dd%2Ccftc_contract_market_code%2Cmarket_and_exchange_names%2Copen_interest_all%2Cm_money_positions_long_all%2Cm_money_positions_short_all%2Cm_money_positions_spread%2Ccontract_units%2Cfutonly_or_combined&%24where=cftc_contract_market_code%3D%27080732%27+AND+report_date_as_yyyy_mm_dd%3E%3D%272009-09-01T00%3A00%3A00.000%27+AND+report_date_as_yyyy_mm_dd%3C%3D%272026-08-11T00%3A00%3A00.000%27&%24order=report_date_as_yyyy_mm_dd&%24limit=5000,e1eadfec20535920e28d87b1a02245d9241765f4ae199f31c25d130fdaf7d93a,218496,10137,208359,847421,0.2458742466849417231812758947,376,-0.06411986663067740819099096274,0.2602775688600661283685024621,false,false,true,false,cftc_normalized_net_q10_reversal_v1
SUGAR NO. 11 - ICE FUTURES U.S.,080732,2016-11-22,2016-11-25T20:30:00Z,cftc_ordinary_rule_estimate_not_holiday_verified,cftc_sugar_no11_selected_history_e1eadfec2053,https://publicreporting.cftc.gov/resource/72hh-3qpy.json?%24select=report_date_as_yyyy_mm_dd%2Ccftc_contract_market_code%2Cmarket_and_exchange_names%2Copen_interest_all%2Cm_money_positions_long_all%2Cm_money_positions_short_all%2Cm_money_positions_spread%2Ccontract_units%2Cfutonly_or_combined&%24where=cftc_contract_market_code%3D%27080732%27+AND+report_date_as_yyyy_mm_dd%3E%3D%272009-09-01T00%3A00%3A00.000%27+AND+report_date_as_yyyy_mm_dd%3C%3D%272026-08-11T00%3A00%3A00.000%27&%24order=report_date_as_yyyy_mm_dd&%24limit=5000,e1eadfec20535920e28d87b1a02245d9241765f4ae199f31c25d130fdaf7d93a,193448,14428,179020,819282,0.2185084012586630732763566147,377,-0.06411986663067740819099096274,0.2458742466849417231812758947,false,false,true,false,cftc_normalized_net_q10_reversal_v1
SUGAR NO. 11 - ICE FUTURES U.S.,080732,2016-11-29,2016-12-02T20:30:00Z,cftc_ordinary_rule_estimate_not_holiday_verified,cftc_sugar_no11_selected_history_e1eadfec2053,https://publicreporting.cftc.gov/resource/72hh-3qpy.json?%24select=report_date_as_yyyy_mm_dd%2Ccftc_contract_market_code%2Cmarket_and_exchange_names%2Copen_interest_all%2Cm_money_positions_long_all%2Cm_money_positions_short_all%2Cm_money_positions_spread%2Ccontract_units%2Cfutonly_or_combined&%24where=cftc_contract_market_code%3D%27080732%27+AND+report_date_as_yyyy_mm_dd%3E%3D%272009-09-01T00%3A00%3A00.000%27+AND+report_date_as_yyyy_mm_dd%3C%3D%272026-08-11T00%3A00%3A00.000%27&%24order=report_date_as_yyyy_mm_dd&%24limit=5000,e1eadfec20535920e28d87b1a02245d9241765f4ae199f31c25d130fdaf7d93a,182611,11337,171274,822246,0.208300192399841409991656998,378,-0.06411986663067740819099096274,0.2185084012586630732763566147,false,false,true,false,cftc_normalized_net_q10_reversal_v1
SUGAR NO. 11 - ICE FUTURES U.S.,080732,2016-12-06,2016-12-09T20:30:00Z,cftc_ordinary_rule_estimate_not_holiday_verified,cftc_sugar_no11_selected_history_e1eadfec2053,https://publicreporting.cftc.gov/resource/72hh-3qpy.json?%24select=report_date_as_yyyy_mm_dd%2Ccftc_contract_market_code%2Cmarket_and_exchange_names%2Copen_interest_all%2Cm_money_positions_long_all%2Cm_money_positions_short_all%2Cm_money_positions_spread%2Ccontract_units%2Cfutonly_or_combined&%24where=cftc_contract_market_code%3D%27080732%27+AND+report_date_as_yyyy_mm_dd%3E%3D%272009-09-01T00%3A00%3A00.000%27+AND+report_date_as_yyyy_mm_dd%3C%3D%272026-08-11T00%3A00%3A00.000%27&%24order=report_date_as_yyyy_mm_dd&%24limit=5000,e1eadfec20535920e28d87b1a02245d9241765f4ae199f31c25d130fdaf7d93a,185867,11408,174459,835875,0.2087142216240466576940331987,379,-0.06411986663067740819099096274,0.208300192399841409991656998,false,true,true,false,cftc_normalized_net_q10_reversal_v1
SUGAR NO. 11 - ICE FUTURES U.S.,080732,2016-12-13,2016-12-16T20:30:00Z,cftc_ordinary_rule_estimate_not_holiday_verified,cftc_sugar_no11_selected_history_e1eadfec2053,https://publicreporting.cftc.gov/resource/72hh-3qpy.json?%24select=report_date_as_yyyy_mm_dd%2Ccftc_contract_market_code%2Cmarket_and_exchange_names%2Copen_interest_all%2Cm_money_positions_long_all%2Cm_money_positions_short_all%2Cm_money_positions_spread%2Ccontract_units%2Cfutonly_or_combined&%24where=cftc_contract_market_code%3D%27080732%27+AND+report_date_as_yyyy_mm_dd%3E%3D%272009-09-01T00%3A00%3A00.000%27+AND+report_date_as_yyyy_mm_dd%3C%3D%272026-08-11T00%3A00%3A00.000%27&%24order=report_date_as_yyyy_mm_dd&%24limit=5000,e1eadfec20535920e28d87b1a02245d9241765f4ae199f31c25d130fdaf7d93a,181644,13994,167650,821766,0.2040118476549285319665208831,380,-0.06411986663067740819099096274,0.2087142216240466576940331987,false,false,true,false,cftc_normalized_net_q10_reversal_v1
SUGAR NO. 11 - ICE FUTURES U.S.,080732,2016-12-20,2016-12-23T20:30:00Z,cftc_ordinary_rule_estimate_not_holiday_verified,cftc_sugar_no11_selected_history_e1eadfec2053,https://publicreporting.cftc.gov/resource/72hh-3qpy.json?%24select=report_date_as_yyyy_mm_dd%2Ccftc_contract_market_code%2Cmarket_and_exchange_names%2Copen_interest_all%2Cm_money_positions_long_all%2Cm_money_positions_short_all%2Cm_money_positions_spread%2Ccontract_units%2Cfutonly_or_combined&%24where=cftc_contract_market_code%3D%27080732%27+AND+report_date_as_yyyy_mm_dd%3E%3D%272009-09-01T00%3A00%3A00.000%27+AND+report_date_as_yyyy_mm_dd%3C%3D%272026-08-11T00%3A00%3A00.000%27&%24order=report_date_as_yyyy_mm_dd&%24limit=5000,e1eadfec20535920e28d87b1a02245d9241765f4ae199f31c25d130fdaf7d93a,159025,18180,140845,812810,0.1732815787207342429350032603,381,-0.06242018749709319708455972733,0.2040118476549285319665208831,false,false,true,false,cftc_normalized_net_q10_reversal_v1
SUGAR NO. 11 - ICE FUTURES U.S.,080732,2016-12-27,2016-12-30T20:30:00Z,cftc_ordinary_rule_estimate_not_holiday_verified,cftc_sugar_no11_selected_history_e1eadfec2053,https://publicreporting.cftc.gov/resource/72hh-3qpy.json?%24select=report_date_as_yyyy_mm_dd%2Ccftc_contract_market_code%2Cmarket_and_exchange_names%2Copen_interest_all%2Cm_money_positions_long_all%2Cm_money_positions_short_all%2Cm_money_positions_spread%2Ccontract_units%2Cfutonly_or_combined&%24where=cftc_contract_market_code%3D%27080732%27+AND+report_date_as_yyyy_mm_dd%3E%3D%272009-09-01T00%3A00%3A00.000%27+AND+report_date_as_yyyy_mm_dd%3C%3D%272026-08-11T00%3A00%3A00.000%27&%24order=report_date_as_yyyy_mm_dd&%24limit=5000,e1eadfec20535920e28d87b1a02245d9241765f4ae199f31c25d130fdaf7d93a,153881,22859,131022,808168,0.162122232011165995189119094,382,-0.06242018749709319708455972733,0.1732815787207342429350032603,false,false,true,false,cftc_normalized_net_q10_reversal_v1
SUGAR NO. 11 - ICE FUTURES U.S.,080732,2017-01-03,2017-01-06T20:30:00Z,cftc_ordinary_rule_estimate_not_holiday_verified,cftc_sugar_no11_selected_history_e1eadfec2053,https://publicreporting.cftc.gov/resource/72hh-3qpy.json?%24select=report_date_as_yyyy_mm_dd%2Ccftc_contract_market_code%2Cmarket_and_exchange_names%2Copen_interest_all%2Cm_money_positions_long_all%2Cm_money_positions_short_all%2Cm_money_positions_spread%2Ccontract_units%2Cfutonly_or_combined&%24where=cftc_contract_market_code%3D%27080732%27+AND+report_date_as_yyyy_mm_dd%3E%3D%272009-09-01T00%3A00%3A00.000%27+AND+report_date_as_yyyy_mm_dd%3C%3D%272026-08-11T00%3A00%3A00.000%27&%24order=report_date_as_yyyy_mm_dd&%24limit=5000,e1eadfec20535920e28d87b1a02245d9241765f4ae199f31c25d130fdaf7d93a,154834,23121,131713,810483,0.1625117368285331092694109562,383,-0.06242018749709319708455972733,0.162122232011165995189119094,false,true,true,false,cftc_normalized_net_q10_reversal_v1
SUGAR NO. 11 - ICE FUTURES U.S.,080732,2017-01-10,2017-01-13T20:30:00Z,cftc_ordinary_rule_estimate_not_holiday_verified,cftc_sugar_no11_selected_history_e1eadfec2053,https://publicreporting.cftc.gov/resource/72hh-3qpy.json?%24select=report_date_as_yyyy_mm_dd%2Ccftc_contract_market_code%2Cmarket_and_exchange_names%2Copen_interest_all%2Cm_money_positions_long_all%2Cm_money_positions_short_all%2Cm_money_positions_spread%2Ccontract_units%2Cfutonly_or_combined&%24where=cftc_contract_market_code%3D%27080732%27+AND+report_date_as_yyyy_mm_dd%3E%3D%272009-09-01T00%3A00%3A00.000%27+AND+report_date_as_yyyy_mm_dd%3C%3D%272026-08-11T00%3A00%3A00.000%27&%24order=report_date_as_yyyy_mm_dd&%24limit=5000,e1eadfec20535920e28d87b1a02245d9241765f4ae199f31c25d130fdaf7d93a,158202,15129,143073,819121,0.1746665022627914557189963388,384,-0.06242018749709319708455972733,0.1625117368285331092694109562,false,true,true,false,cftc_normalized_net_q10_reversal_v1
SUGAR NO. 11 - ICE FUTURES U.S.,080732,2017-01-17,2017-01-20T20:30:00Z,cftc_ordinary_rule_estimate_not_holiday_verified,cftc_sugar_no11_selected_history_e1eadfec2053,https://publicreporting.cftc.gov/resource/72hh-3qpy.json?%24select=report_date_as_yyyy_mm_dd%2Ccftc_contract_market_code%2Cmarket_and_exchange_names%2Copen_interest_all%2Cm_money_positions_long_all%2Cm_money_positions_short_all%2Cm_money_positions_spread%2Ccontract_units%2Cfutonly_or_combined&%24where=cftc_contract_market_code%3D%27080732%27+AND+report_date_as_yyyy_mm_dd%3E%3D%272009-09-01T00%3A00%3A00.000%27+AND+report_date_as_yyyy_mm_dd%3C%3D%272026-08-11T00%3A00%3A00.000%27&%24order=report_date_as_yyyy_mm_dd&%24limit=5000,e1eadfec20535920e28d87b1a02245d9241765f4ae199f31c25d130fdaf7d93a,157162,13553,143609,828260,0.1733863762586627387535314998,385,-0.06242018749709319708455972733,0.1746665022627914557189963388,false,false,true,false,cftc_normalized_net_q10_reversal_v1
SUGAR NO. 11 - ICE FUTURES U.S.,080732,2017-01-24,2017-01-27T20:30:00Z,cftc_ordinary_rule_estimate_not_holiday_verified,cftc_sugar_no11_selected_history_e1eadfec2053,https://publicreporting.cftc.gov/resource/72hh-3qpy.json?%24select=report_date_as_yyyy_mm_dd%2Ccftc_contract_market_code%2Cmarket_and_exchange_names%2Copen_interest_all%2Cm_money_positions_long_all%2Cm_money_positions_short_all%2Cm_money_positions_spread%2Ccontract_units%2Cfutonly_or_combined&%24where=cftc_contract_market_code%3D%27080732%27+AND+report_date_as_yyyy_mm_dd%3E%3D%272009-09-01T00%3A00%3A00.000%27+AND+report_date_as_yyyy_mm_dd%3C%3D%272026-08-11T00%3A00%3A00.000%27&%24order=report_date_as_yyyy_mm_dd&%24limit=5000,e1eadfec20535920e28d87b1a02245d9241765f4ae199f31c25d130fdaf7d93a,160067,13563,146504,834634,0.1755308314782287805193653745,386,-0.06242018749709319708455972733,0.1733863762586627387535314998,false,true,true,false,cftc_normalized_net_q10_reversal_v1
SUGAR NO. 11 - ICE FUTURES U.S.,080732,2017-01-31,2017-02-03T20:30:00Z,cftc_ordinary_rule_estimate_not_holiday_verified,cftc_sugar_no11_selected_history_e1eadfec2053,https://publicreporting.cftc.gov/resource/72hh-3qpy.json?%24select=report_date_as_yyyy_mm_dd%2Ccftc_contract_market_code%2Cmarket_and_exchange_names%2Copen_interest_all%2Cm_money_positions_long_all%2Cm_money_positions_short_all%2Cm_money_positions_spread%2Ccontract_units%2Cfutonly_or_combined&%24where=cftc_contract_market_code%3D%27080732%27+AND+report_date_as_yyyy_mm_dd%3E%3D%272009-09-01T00%3A00%3A00.000%27+AND+report_date_as_yyyy_mm_dd%3C%3D%272026-08-11T00%3A00%3A00.000%27&%24order=report_date_as_yyyy_mm_dd&%24limit=5000,e1eadfec20535920e28d87b1a02245d9241765f4ae199f31c25d130fdaf7d93a,161246,15155,146091,831344,0.1757286995515695067264573991,387,-0.06242018749709319708455972733,0.1755308314782287805193653745,false,true,true,false,cftc_normalized_net_q10_reversal_v1
SUGAR NO. 11 - ICE FUTURES U.S.,080732,2017-02-07,2017-02-10T20:30:00Z,cftc_ordinary_rule_estimate_not_holiday_verified,cftc_sugar_no11_selected_history_e1eadfec2053,https://publicreporting.cftc.gov/resource/72hh-3qpy.json?%24select=report_date_as_yyyy_mm_dd%2Ccftc_contract_market_code%2Cmarket_and_exchange_names%2Copen_interest_all%2Cm_money_positions_long_all%2Cm_money_positions_short_all%2Cm_money_positions_spread%2Ccontract_units%2Cfutonly_or_combined&%24where=cftc_contract_market_code%3D%27080732%27+AND+report_date_as_yyyy_mm_dd%3E%3D%272009-09-01T00%3A00%3A00.000%27+AND+report_date_as_yyyy_mm_dd%3C%3D%272026-08-11T00%3A00%3A00.000%27&%24order=report_date_as_yyyy_mm_dd&%24limit=5000,e1eadfec20535920e28d87b1a02245d9241765f4ae199f31c25d130fdaf7d93a,168189,13083,155106,859366,0.1804888720289143391756248211,388,-0.06242018749709319708455972733,0.1757286995515695067264573991,false,true,true,false,cftc_normalized_net_q10_reversal_v1
SUGAR NO. 11 - ICE FUTURES U.S.,080732,2017-02-14,2017-02-17T20:30:00Z,cftc_ordinary_rule_estimate_not_holiday_verified,cftc_sugar_no11_selected_history_e1eadfec2053,https://publicreporting.cftc.gov/resource/72hh-3qpy.json?%24select=report_date_as_yyyy_mm_dd%2Ccftc_contract_market_code%2Cmarket_and_exchange_names%2Copen_interest_all%2Cm_money_positions_long_all%2Cm_money_positions_short_all%2Cm_money_positions_spread%2Ccontract_units%2Cfutonly_or_combined&%24where=cftc_contract_market_code%3D%27080732%27+AND+report_date_as_yyyy_mm_dd%3E%3D%272009-09-01T00%3A00%3A00.000%27+AND+report_date_as_yyyy_mm_dd%3C%3D%272026-08-11T00%3A00%3A00.000%27&%24order=report_date_as_yyyy_mm_dd&%24limit=5000,e1eadfec20535920e28d87b1a02245d9241765f4ae199f31c25d130fdaf7d93a,163905,20560,143345,858862,0.1669010853897366515225961796,389,-0.06242018749709319708455972733,0.1804888720289143391756248211,false,false,true,false,cftc_normalized_net_q10_reversal_v1
SUGAR NO. 11 - ICE FUTURES U.S.,080732,2017-02-21,2017-02-24T20:30:00Z,cftc_ordinary_rule_estimate_not_holiday_verified,cftc_sugar_no11_selected_history_e1eadfec2053,https://publicreporting.cftc.gov/resource/72hh-3qpy.json?%24select=report_date_as_yyyy_mm_dd%2Ccftc_contract_market_code%2Cmarket_and_exchange_names%2Copen_interest_all%2Cm_money_positions_long_all%2Cm_money_positions_short_all%2Cm_money_positions_spread%2Ccontract_units%2Cfutonly_or_combined&%24where=cftc_contract_market_code%3D%27080732%27+AND+report_date_as_yyyy_mm_dd%3E%3D%272009-09-01T00%3A00%3A00.000%27+AND+report_date_as_yyyy_mm_dd%3C%3D%272026-08-11T00%3A00%3A00.000%27&%24order=report_date_as_yyyy_mm_dd&%24limit=5000,e1eadfec20535920e28d87b1a02245d9241765f4ae199f31c25d130fdaf7d93a,163753,14845,148908,802571,0.1855387249227794176465384371,390,-0.06242018749709319708455972733,0.1669010853897366515225961796,false,true,true,false,cftc_normalized_net_q10_reversal_v1
SUGAR NO. 11 - ICE FUTURES U.S.,080732,2017-02-28,2017-03-03T20:30:00Z,cftc_ordinary_rule_estimate_not_holiday_verified,cftc_sugar_no11_selected_history_e1eadfec2053,https://publicreporting.cftc.gov/resource/72hh-3qpy.json?%24select=report_date_as_yyyy_mm_dd%2Ccftc_contract_market_code%2Cmarket_and_exchange_names%2Copen_interest_all%2Cm_money_positions_long_all%2Cm_money_positions_short_all%2Cm_money_positions_spread%2Ccontract_units%2Cfutonly_or_combined&%24where=cftc_contract_market_code%3D%27080732%27+AND+report_date_as_yyyy_mm_dd%3E%3D%272009-09-01T00%3A00%3A00.000%27+AND+report_date_as_yyyy_mm_dd%3C%3D%272026-08-11T00%3A00%3A00.000%27&%24order=report_date_as_yyyy_mm_dd&%24limit=5000,e1eadfec20535920e28d87b1a02245d9241765f4ae199f31c25d130fdaf7d93a,158698,30149,128549,765789,0.167864777373401811726206566,391,-0.0606297040003062839701267514,0.1855387249227794176465384371,false,false,true,false,cftc_normalized_net_q10_reversal_v1
SUGAR NO. 11 - ICE FUTURES U.S.,080732,2017-03-07,2017-03-10T20:30:00Z,cftc_ordinary_rule_estimate_not_holiday_verified,cftc_sugar_no11_selected_history_e1eadfec2053,https://publicreporting.cftc.gov/resource/72hh-3qpy.json?%24select=report_date_as_yyyy_mm_dd%2Ccftc_contract_market_code%2Cmarket_and_exchange_names%2Copen_interest_all%2Cm_money_positions_long_all%2Cm_money_positions_short_all%2Cm_money_positions_spread%2Ccontract_units%2Cfutonly_or_combined&%24where=cftc_contract_market_code%3D%27080732%27+AND+report_date_as_yyyy_mm_dd%3E%3D%272009-09-01T00%3A00%3A00.000%27+AND+report_date_as_yyyy_mm_dd%3C%3D%272026-08-11T00%3A00%3A00.000%27&%24order=report_date_as_yyyy_mm_dd&%24limit=5000,e1eadfec20535920e28d87b1a02245d9241765f4ae199f31c25d130fdaf7d93a,152197,35413,116784,765590,0.152541177392599171880510456,392,-0.0606297040003062839701267514,0.167864777373401811726206566,false,false,true,false,cftc_normalized_net_q10_reversal_v1
SUGAR NO. 11 - ICE FUTURES U.S.,080732,2017-03-14,2017-03-17T19:30:00Z,cftc_ordinary_rule_estimate_not_holiday_verified,cftc_sugar_no11_selected_history_e1eadfec2053,https://publicreporting.cftc.gov/resource/72hh-3qpy.json?%24select=report_date_as_yyyy_mm_dd%2Ccftc_contract_market_code%2Cmarket_and_exchange_names%2Copen_interest_all%2Cm_money_positions_long_all%2Cm_money_positions_short_all%2Cm_money_positions_spread%2Ccontract_units%2Cfutonly_or_combined&%24where=cftc_contract_market_code%3D%27080732%27+AND+report_date_as_yyyy_mm_dd%3E%3D%272009-09-01T00%3A00%3A00.000%27+AND+report_date_as_yyyy_mm_dd%3C%3D%272026-08-11T00%3A00%3A00.000%27&%24order=report_date_as_yyyy_mm_dd&%24limit=5000,e1eadfec20535920e28d87b1a02245d9241765f4ae199f31c25d130fdaf7d93a,147788,57654,90134,769600,0.1171179833679833679833679834,393,-0.0606297040003062839701267514,0.152541177392599171880510456,false,false,true,false,cftc_normalized_net_q10_reversal_v1
SUGAR NO. 11 - ICE FUTURES U.S.,080732,2017-03-21,2017-03-24T19:30:00Z,cftc_ordinary_rule_estimate_not_holiday_verified,cftc_sugar_no11_selected_history_e1eadfec2053,https://publicreporting.cftc.gov/resource/72hh-3qpy.json?%24select=report_date_as_yyyy_mm_dd%2Ccftc_contract_market_code%2Cmarket_and_exchange_names%2Copen_interest_all%2Cm_money_positions_long_all%2Cm_money_positions_short_all%2Cm_money_positions_spread%2Ccontract_units%2Cfutonly_or_combined&%24where=cftc_contract_market_code%3D%27080732%27+AND+report_date_as_yyyy_mm_dd%3E%3D%272009-09-01T00%3A00%3A00.000%27+AND+report_date_as_yyyy_mm_dd%3C%3D%272026-08-11T00%3A00%3A00.000%27&%24order=report_date_as_yyyy_mm_dd&%24limit=5000,e1eadfec20535920e28d87b1a02245d9241765f4ae199f31c25d130fdaf7d93a,143292,73503,69789,788422,0.08851731686837759473987280923,394,-0.0606297040003062839701267514,0.1171179833679833679833679834,false,false,true,false,cftc_normalized_net_q10_reversal_v1
SUGAR NO. 11 - ICE FUTURES U.S.,080732,2017-03-28,2017-04-05T03:59:59Z,cftc_current_snapshot_correction_conservative_eod,cftc_sugar_no11_selected_history_e1eadfec2053,https://publicreporting.cftc.gov/resource/72hh-3qpy.json?%24select=report_date_as_yyyy_mm_dd%2Ccftc_contract_market_code%2Cmarket_and_exchange_names%2Copen_interest_all%2Cm_money_positions_long_all%2Cm_money_positions_short_all%2Cm_money_positions_spread%2Ccontract_units%2Cfutonly_or_combined&%24where=cftc_contract_market_code%3D%27080732%27+AND+report_date_as_yyyy_mm_dd%3E%3D%272009-09-01T00%3A00%3A00.000%27+AND+report_date_as_yyyy_mm_dd%3C%3D%272026-08-11T00%3A00%3A00.000%27&%24order=report_date_as_yyyy_mm_dd&%24limit=5000,e1eadfec20535920e28d87b1a02245d9241765f4ae199f31c25d130fdaf7d93a,149174,90443,58731,806906,0.07278542977744619571548606653,395,-0.0606297040003062839701267514,0.08851731686837759473987280923,false,false,true,false,cftc_normalized_net_q10_reversal_v1
SUGAR NO. 11 - ICE FUTURES U.S.,080732,2017-04-04,2017-04-07T19:30:00Z,cftc_ordinary_rule_estimate_not_holiday_verified,cftc_sugar_no11_selected_history_e1eadfec2053,https://publicreporting.cftc.gov/resource/72hh-3qpy.json?%24select=report_date_as_yyyy_mm_dd%2Ccftc_contract_market_code%2Cmarket_and_exchange_names%2Copen_interest_all%2Cm_money_positions_long_all%2Cm_money_positions_short_all%2Cm_money_positions_spread%2Ccontract_units%2Cfutonly_or_combined&%24where=cftc_contract_market_code%3D%27080732%27+AND+report_date_as_yyyy_mm_dd%3E%3D%272009-09-01T00%3A00%3A00.000%27+AND+report_date_as_yyyy_mm_dd%3C%3D%272026-08-11T00%3A00%3A00.000%27&%24order=report_date_as_yyyy_mm_dd&%24limit=5000,e1eadfec20535920e28d87b1a02245d9241765f4ae199f31c25d130fdaf7d93a,155903,106569,49334,801818,0.06152767835094747187017502725,396,-0.0606297040003062839701267514,0.07278542977744619571548606653,false,false,true,false,cftc_normalized_net_q10_reversal_v1
SUGAR NO. 11 - ICE FUTURES U.S.,080732,2017-04-11,2017-04-14T19:30:00Z,cftc_ordinary_rule_estimate_not_holiday_verified,cftc_sugar_no11_selected_history_e1eadfec2053,https://publicreporting.cftc.gov/resource/72hh-3qpy.json?%24select=report_date_as_yyyy_mm_dd%2Ccftc_contract_market_code%2Cmarket_and_exchange_names%2Copen_interest_all%2Cm_money_positions_long_all%2Cm_money_positions_short_all%2Cm_money_positions_spread%2Ccontract_units%2Cfutonly_or_combined&%24where=cftc_contract_market_code%3D%27080732%27+AND+report_date_as_yyyy_mm_dd%3E%3D%272009-09-01T00%3A00%3A00.000%27+AND+report_date_as_yyyy_mm_dd%3C%3D%272026-08-11T00%3A00%3A00.000%27&%24order=report_date_as_yyyy_mm_dd&%24limit=5000,e1eadfec20535920e28d87b1a02245d9241765f4ae199f31c25d130fdaf7d93a,159273,117500,41773,801536,0.05211618692111146598530820824,397,-0.0606297040003062839701267514,0.06152767835094747187017502725,false,false,true,false,cftc_normalized_net_q10_reversal_v1
SUGAR NO. 11 - ICE FUTURES U.S.,080732,2017-04-18,2017-04-21T19:30:00Z,cftc_ordinary_rule_estimate_not_holiday_verified,cftc_sugar_no11_selected_history_e1eadfec2053,https://publicreporting.cftc.gov/resource/72hh-3qpy.json?%24select=report_date_as_yyyy_mm_dd%2Ccftc_contract_market_code%2Cmarket_and_exchange_names%2Copen_interest_all%2Cm_money_positions_long_all%2Cm_money_positions_short_all%2Cm_money_positions_spread%2Ccontract_units%2Cfutonly_or_combined&%24where=cftc_contract_market_code%3D%27080732%27+AND+report_date_as_yyyy_mm_dd%3E%3D%272009-09-01T00%3A00%3A00.000%27+AND+report_date_as_yyyy_mm_dd%3C%3D%272026-08-11T00%3A00%3A00.000%27&%24order=report_date_as_yyyy_mm_dd&%24limit=5000,e1eadfec20535920e28d87b1a02245d9241765f4ae199f31c25d130fdaf7d93a,151204,122846,28358,790120,0.03589075077203462765149597529,398,-0.0606297040003062839701267514,0.05211618692111146598530820824,false,false,true,false,cftc_normalized_net_q10_reversal_v1
SUGAR NO. 11 - ICE FUTURES U.S.,080732,2017-04-25,2017-04-28T19:30:00Z,cftc_ordinary_rule_estimate_not_holiday_verified,cftc_sugar_no11_selected_history_e1eadfec2053,https://publicreporting.cftc.gov/resource/72hh-3qpy.json?%24select=report_date_as_yyyy_mm_dd%2Ccftc_contract_market_code%2Cmarket_and_exchange_names%2Copen_interest_all%2Cm_money_positions_long_all%2Cm_money_positions_short_all%2Cm_money_positions_spread%2Ccontract_units%2Cfutonly_or_combined&%24where=cftc_contract_market_code%3D%27080732%27+AND+report_date_as_yyyy_mm_dd%3E%3D%272009-09-01T00%3A00%3A00.000%27+AND+report_date_as_yyyy_mm_dd%3C%3D%272026-08-11T00%3A00%3A00.000%27&%24order=report_date_as_yyyy_mm_dd&%24limit=5000,e1eadfec20535920e28d87b1a02245d9241765f4ae199f31c25d130fdaf7d93a,138003,125201,12802,775917,0.01649918741308670901655718331,399,-0.0606297040003062839701267514,0.03589075077203462765149597529,false,false,true,false,cftc_normalized_net_q10_reversal_v1
SUGAR NO. 11 - ICE FUTURES U.S.,080732,2017-05-02,2017-05-05T19:30:00Z,cftc_ordinary_rule_estimate_not_holiday_verified,cftc_sugar_no11_selected_history_e1eadfec2053,https://publicreporting.cftc.gov/resource/72hh-3qpy.json?%24select=report_date_as_yyyy_mm_dd%2Ccftc_contract_market_code%2Cmarket_and_exchange_names%2Copen_interest_all%2Cm_money_positions_long_all%2Cm_money_positions_short_all%2Cm_money_positions_spread%2Ccontract_units%2Cfutonly_or_combined&%24where=cftc_contract_market_code%3D%27080732%27+AND+report_date_as_yyyy_mm_dd%3E%3D%272009-09-01T00%3A00%3A00.000%27+AND+report_date_as_yyyy_mm_dd%3C%3D%272026-08-11T00%3A00%3A00.000%27&%24order=report_date_as_yyyy_mm_dd&%24limit=5000,e1eadfec20535920e28d87b1a02245d9241765f4ae199f31c25d130fdaf7d93a,131791,139292,-7501,765024,-0.009804921152800435019032082654,400,-0.0606297040003062839701267514,0.01649918741308670901655718331,false,false,true,false,cftc_normalized_net_q10_reversal_v1
SUGAR NO. 11 - ICE FUTURES U.S.,080732,2017-05-09,2017-05-12T19:30:00Z,cftc_ordinary_rule_estimate_not_holiday_verified,cftc_sugar_no11_selected_history_e1eadfec2053,https://publicreporting.cftc.gov/resource/72hh-3qpy.json?%24select=report_date_as_yyyy_mm_dd%2Ccftc_contract_market_code%2Cmarket_and_exchange_names%2Copen_interest_all%2Cm_money_positions_long_all%2Cm_money_positions_short_all%2Cm_money_positions_spread%2Ccontract_units%2Cfutonly_or_combined&%24where=cftc_contract_market_code%3D%27080732%27+AND+report_date_as_yyyy_mm_dd%3E%3D%272009-09-01T00%3A00%3A00.000%27+AND+report_date_as_yyyy_mm_dd%3C%3D%272026-08-11T00%3A00%3A00.000%27&%24order=report_date_as_yyyy_mm_dd&%24limit=5000,e1eadfec20535920e28d87b1a02245d9241765f4ae199f31c25d130fdaf7d93a,135644,152145,-16501,777908,-0.02121201993037737110300961039,401,-0.06029272996187945087997054046,-0.009804921152800435019032082654,false,false,true,false,cftc_normalized_net_q10_reversal_v1
SUGAR NO. 11 - ICE FUTURES U.S.,080732,2017-05-16,2017-05-19T19:30:00Z,cftc_ordinary_rule_estimate_not_holiday_verified,cftc_sugar_no11_selected_history_e1eadfec2053,https://publicreporting.cftc.gov/resource/72hh-3qpy.json?%24select=report_date_as_yyyy_mm_dd%2Ccftc_contract_market_code%2Cmarket_and_exchange_names%2Copen_interest_all%2Cm_money_positions_long_all%2Cm_money_positions_short_all%2Cm_money_positions_spread%2Ccontract_units%2Cfutonly_or_combined&%24where=cftc_contract_market_code%3D%27080732%27+AND+report_date_as_yyyy_mm_dd%3E%3D%272009-09-01T00%3A00%3A00.000%27+AND+report_date_as_yyyy_mm_dd%3C%3D%272026-08-11T00%3A00%3A00.000%27&%24order=report_date_as_yyyy_mm_dd&%24limit=5000,e1eadfec20535920e28d87b1a02245d9241765f4ae199f31c25d130fdaf7d93a,135586,162465,-26879,792922,-0.03389866846928197224947724997,402,-0.06029272996187945087997054046,-0.02121201993037737110300961039,false,false,true,false,cftc_normalized_net_q10_reversal_v1
SUGAR NO. 11 - ICE FUTURES U.S.,080732,2017-05-23,2017-05-26T19:30:00Z,cftc_ordinary_rule_estimate_not_holiday_verified,cftc_sugar_no11_selected_history_e1eadfec2053,https://publicreporting.cftc.gov/resource/72hh-3qpy.json?%24select=report_date_as_yyyy_mm_dd%2Ccftc_contract_market_code%2Cmarket_and_exchange_names%2Copen_interest_all%2Cm_money_positions_long_all%2Cm_money_positions_short_all%2Cm_money_positions_spread%2Ccontract_units%2Cfutonly_or_combined&%24where=cftc_contract_market_code%3D%27080732%27+AND+report_date_as_yyyy_mm_dd%3E%3D%272009-09-01T00%3A00%3A00.000%27+AND+report_date_as_yyyy_mm_dd%3C%3D%272026-08-11T00%3A00%3A00.000%27&%24order=report_date_as_yyyy_mm_dd&%24limit=5000,e1eadfec20535920e28d87b1a02245d9241765f4ae199f31c25d130fdaf7d93a,135632,147755,-12123,798742,-0.01517761680242180829354159416,403,-0.06029272996187945087997054046,-0.03389866846928197224947724997,false,true,true,false,cftc_normalized_net_q10_reversal_v1
SUGAR NO. 11 - ICE FUTURES U.S.,080732,2017-05-30,2017-06-02T19:30:00Z,cftc_ordinary_rule_estimate_not_holiday_verified,cftc_sugar_no11_selected_history_e1eadfec2053,https://publicreporting.cftc.gov/resource/72hh-3qpy.json?%24select=report_date_as_yyyy_mm_dd%2Ccftc_contract_market_code%2Cmarket_and_exchange_names%2Copen_interest_all%2Cm_money_positions_long_all%2Cm_money_positions_short_all%2Cm_money_positions_spread%2Ccontract_units%2Cfutonly_or_combined&%24where=cftc_contract_market_code%3D%27080732%27+AND+report_date_as_yyyy_mm_dd%3E%3D%272009-09-01T00%3A00%3A00.000%27+AND+report_date_as_yyyy_mm_dd%3C%3D%272026-08-11T00%3A00%3A00.000%27&%24order=report_date_as_yyyy_mm_dd&%24limit=5000,e1eadfec20535920e28d87b1a02245d9241765f4ae199f31c25d130fdaf7d93a,131910,154824,-22914,814153,-0.02814458707392836481594982761,404,-0.06029272996187945087997054046,-0.01517761680242180829354159416,false,false,true,false,cftc_normalized_net_q10_reversal_v1
SUGAR NO. 11 - ICE FUTURES U.S.,080732,2017-06-06,2017-06-09T19:30:00Z,cftc_ordinary_rule_estimate_not_holiday_verified,cftc_sugar_no11_selected_history_e1eadfec2053,https://publicreporting.cftc.gov/resource/72hh-3qpy.json?%24select=report_date_as_yyyy_mm_dd%2Ccftc_contract_market_code%2Cmarket_and_exchange_names%2Copen_interest_all%2Cm_money_positions_long_all%2Cm_money_positions_short_all%2Cm_money_positions_spread%2Ccontract_units%2Cfutonly_or_combined&%24where=cftc_contract_market_code%3D%27080732%27+AND+report_date_as_yyyy_mm_dd%3E%3D%272009-09-01T00%3A00%3A00.000%27+AND+report_date_as_yyyy_mm_dd%3C%3D%272026-08-11T00%3A00%3A00.000%27&%24order=report_date_as_yyyy_mm_dd&%24limit=5000,e1eadfec20535920e28d87b1a02245d9241765f4ae199f31c25d130fdaf7d93a,131911,183682,-51771,842105,-0.06147808171190053496891717779,405,-0.06029272996187945087997054046,-0.02814458707392836481594982761,false,false,true,false,cftc_normalized_net_q10_reversal_v1
SUGAR NO. 11 - ICE FUTURES U.S.,080732,2017-06-13,2017-06-16T19:30:00Z,cftc_ordinary_rule_estimate_not_holiday_verified,cftc_sugar_no11_selected_history_e1eadfec2053,https://publicreporting.cftc.gov/resource/72hh-3qpy.json?%24select=report_date_as_yyyy_mm_dd%2Ccftc_contract_market_code%2Cmarket_and_exchange_names%2Copen_interest_all%2Cm_money_positions_long_all%2Cm_money_positions_short_all%2Cm_money_positions_spread%2Ccontract_units%2Cfutonly_or_combined&%24where=cftc_contract_market_code%3D%27080732%27+AND+report_date_as_yyyy_mm_dd%3E%3D%272009-09-01T00%3A00%3A00.000%27+AND+report_date_as_yyyy_mm_dd%3C%3D%272026-08-11T00%3A00%3A00.000%27&%24order=report_date_as_yyyy_mm_dd&%24limit=5000,e1eadfec20535920e28d87b1a02245d9241765f4ae199f31c25d130fdaf7d93a,128944,196401,-67457,854313,-0.07896052149504923839389076369,406,-0.0606297040003062839701267514,-0.06147808171190053496891717779,true,false,true,false,cftc_normalized_net_q10_reversal_v1
SUGAR NO. 11 - ICE FUTURES U.S.,080732,2017-06-20,2017-06-23T19:30:00Z,cftc_ordinary_rule_estimate_not_holiday_verified,cftc_sugar_no11_selected_history_e1eadfec2053,https://publicreporting.cftc.gov/resource/72hh-3qpy.json?%24select=report_date_as_yyyy_mm_dd%2Ccftc_contract_market_code%2Cmarket_and_exchange_names%2Copen_interest_all%2Cm_money_positions_long_all%2Cm_money_positions_short_all%2Cm_money_positions_spread%2Ccontract_units%2Cfutonly_or_combined&%24where=cftc_contract_market_code%3D%27080732%27+AND+report_date_as_yyyy_mm_dd%3E%3D%272009-09-01T00%3A00%3A00.000%27+AND+report_date_as_yyyy_mm_dd%3C%3D%272026-08-11T00%3A00%3A00.000%27&%24order=report_date_as_yyyy_mm_dd&%24limit=5000,e1eadfec20535920e28d87b1a02245d9241765f4ae199f31c25d130fdaf7d93a,122264,212836,-90572,831702,-0.1088995818213735208043265497,407,-0.06147808171190053496891717779,-0.07896052149504923839389076369,true,false,true,false,cftc_normalized_net_q10_reversal_v1
SUGAR NO. 11 - ICE FUTURES U.S.,080732,2017-06-27,2017-06-30T19:30:00Z,cftc_ordinary_rule_estimate_not_holiday_verified,cftc_sugar_no11_selected_history_e1eadfec2053,https://publicreporting.cftc.gov/resource/72hh-3qpy.json?%24select=report_date_as_yyyy_mm_dd%2Ccftc_contract_market_code%2Cmarket_and_exchange_names%2Copen_interest_all%2Cm_money_positions_long_all%2Cm_money_positions_short_all%2Cm_money_positions_spread%2Ccontract_units%2Cfutonly_or_combined&%24where=cftc_contract_market_code%3D%27080732%27+AND+report_date_as_yyyy_mm_dd%3E%3D%272009-09-01T00%3A00%3A00.000%27+AND+report_date_as_yyyy_mm_dd%3C%3D%272026-08-11T00%3A00%3A00.000%27&%24order=report_date_as_yyyy_mm_dd&%24limit=5000,e1eadfec20535920e28d87b1a02245d9241765f4ae199f31c25d130fdaf7d93a,120629,233036,-112407,821489,-0.1368332381809129519689247208,408,-0.06242018749709319708455972733,-0.1088995818213735208043265497,true,false,true,false,cftc_normalized_net_q10_reversal_v1
SUGAR NO. 11 - ICE FUTURES U.S.,080732,2017-07-03,2017-07-07T19:30:00Z,cftc_ordinary_rule_estimate_not_holiday_verified,cftc_sugar_no11_selected_history_e1eadfec2053,https://publicreporting.cftc.gov/resource/72hh-3qpy.json?%24select=report_date_as_yyyy_mm_dd%2Ccftc_contract_market_code%2Cmarket_and_exchange_names%2Copen_interest_all%2Cm_money_positions_long_all%2Cm_money_positions_short_all%2Cm_money_positions_spread%2Ccontract_units%2Cfutonly_or_combined&%24where=cftc_contract_market_code%3D%27080732%27+AND+report_date_as_yyyy_mm_dd%3E%3D%272009-09-01T00%3A00%3A00.000%27+AND+report_date_as_yyyy_mm_dd%3C%3D%272026-08-11T00%3A00%3A00.000%27&%24order=report_date_as_yyyy_mm_dd&%24limit=5000,e1eadfec20535920e28d87b1a02245d9241765f4ae199f31c25d130fdaf7d93a,115483,228124,-112641,776748,-0.1450161442321061657062522208,409,-0.06411986663067740819099096274,-0.1368332381809129519689247208,true,false,true,false,cftc_normalized_net_q10_reversal_v1
SUGAR NO. 11 - ICE FUTURES U.S.,080732,2017-07-11,2017-07-14T19:30:00Z,cftc_ordinary_rule_estimate_not_holiday_verified,cftc_sugar_no11_selected_history_e1eadfec2053,https://publicreporting.cftc.gov/resource/72hh-3qpy.json?%24select=report_date_as_yyyy_mm_dd%2Ccftc_contract_market_code%2Cmarket_and_exchange_names%2Copen_interest_all%2Cm_money_positions_long_all%2Cm_money_positions_short_all%2Cm_money_positions_spread%2Ccontract_units%2Cfutonly_or_combined&%24where=cftc_contract_market_code%3D%27080732%27+AND+report_date_as_yyyy_mm_dd%3E%3D%272009-09-01T00%3A00%3A00.000%27+AND+report_date_as_yyyy_mm_dd%3C%3D%272026-08-11T00%3A00%3A00.000%27&%24order=report_date_as_yyyy_mm_dd&%24limit=5000,e1eadfec20535920e28d87b1a02245d9241765f4ae199f31c25d130fdaf7d93a,100129,217680,-117551,762211,-0.15422369921189801774049443,410,-0.0650515690039468637688689129,-0.1450161442321061657062522208,true,false,true,false,cftc_normalized_net_q10_reversal_v1
SUGAR NO. 11 - ICE FUTURES U.S.,080732,2017-07-18,2017-07-21T19:30:00Z,cftc_official_event_weekly_page_verified,cftc_sugar_no11_selected_history_e1eadfec2053,https://publicreporting.cftc.gov/resource/72hh-3qpy.json?%24select=report_date_as_yyyy_mm_dd%2Ccftc_contract_market_code%2Cmarket_and_exchange_names%2Copen_interest_all%2Cm_money_positions_long_all%2Cm_money_positions_short_all%2Cm_money_positions_spread%2Ccontract_units%2Cfutonly_or_combined&%24where=cftc_contract_market_code%3D%27080732%27+AND+report_date_as_yyyy_mm_dd%3E%3D%272009-09-01T00%3A00%3A00.000%27+AND+report_date_as_yyyy_mm_dd%3C%3D%272026-08-11T00%3A00%3A00.000%27&%24order=report_date_as_yyyy_mm_dd&%24limit=5000,e1eadfec20535920e28d87b1a02245d9241765f4ae199f31c25d130fdaf7d93a,101623,213244,-111621,772209,-0.1445476548447376293205595894,411,-0.0650515690039468637688689129,-0.15422369921189801774049443,true,true,true,true,cftc_normalized_net_q10_reversal_v1
SUGAR NO. 11 - ICE FUTURES U.S.,080732,2017-07-25,2017-07-28T19:30:00Z,cftc_ordinary_rule_estimate_not_holiday_verified,cftc_sugar_no11_selected_history_e1eadfec2053,https://publicreporting.cftc.gov/resource/72hh-3qpy.json?%24select=report_date_as_yyyy_mm_dd%2Ccftc_contract_market_code%2Cmarket_and_exchange_names%2Copen_interest_all%2Cm_money_positions_long_all%2Cm_money_positions_short_all%2Cm_money_positions_spread%2Ccontract_units%2Cfutonly_or_combined&%24where=cftc_contract_market_code%3D%27080732%27+AND+report_date_as_yyyy_mm_dd%3E%3D%272009-09-01T00%3A00%3A00.000%27+AND+report_date_as_yyyy_mm_dd%3C%3D%272026-08-11T00%3A00%3A00.000%27&%24order=report_date_as_yyyy_mm_dd&%24limit=5000,e1eadfec20535920e28d87b1a02245d9241765f4ae199f31c25d130fdaf7d93a,101859,201937,-100078,771060,-0.1297927528337613155915233575,412,-0.06536967957000300003466175506,-0.1445476548447376293205595894,true,true,false,false,cftc_normalized_net_q10_reversal_v1
SUGAR NO. 11 - ICE FUTURES U.S.,080732,2017-08-01,2017-08-04T19:30:00Z,cftc_ordinary_rule_estimate_not_holiday_verified,cftc_sugar_no11_selected_history_e1eadfec2053,https://publicreporting.cftc.gov/resource/72hh-3qpy.json?%24select=report_date_as_yyyy_mm_dd%2Ccftc_contract_market_code%2Cmarket_and_exchange_names%2Copen_interest_all%2Cm_money_positions_long_all%2Cm_money_positions_short_all%2Cm_money_positions_spread%2Ccontract_units%2Cfutonly_or_combined&%24where=cftc_contract_market_code%3D%27080732%27+AND+report_date_as_yyyy_mm_dd%3E%3D%272009-09-01T00%3A00%3A00.000%27+AND+report_date_as_yyyy_mm_dd%3C%3D%272026-08-11T00%3A00%3A00.000%27&%24order=report_date_as_yyyy_mm_dd&%24limit=5000,e1eadfec20535920e28d87b1a02245d9241765f4ae199f31c25d130fdaf7d93a,99958,181683,-81725,762626,-0.1071626196851405538232370782,413,-0.0665313635210484554390245219,-0.1297927528337613155915233575,true,true,false,false,cftc_normalized_net_q10_reversal_v1
SUGAR NO. 11 - ICE FUTURES U.S.,080732,2017-08-08,2017-08-11T19:30:00Z,cftc_ordinary_rule_estimate_not_holiday_verified,cftc_sugar_no11_selected_history_e1eadfec2053,https://publicreporting.cftc.gov/resource/72hh-3qpy.json?%24select=report_date_as_yyyy_mm_dd%2Ccftc_contract_market_code%2Cmarket_and_exchange_names%2Copen_interest_all%2Cm_money_positions_long_all%2Cm_money_positions_short_all%2Cm_money_positions_spread%2Ccontract_units%2Cfutonly_or_combined&%24where=cftc_contract_market_code%3D%27080732%27+AND+report_date_as_yyyy_mm_dd%3E%3D%272009-09-01T00%3A00%3A00.000%27+AND+report_date_as_yyyy_mm_dd%3C%3D%272026-08-11T00%3A00%3A00.000%27&%24order=report_date_as_yyyy_mm_dd&%24limit=5000,e1eadfec20535920e28d87b1a02245d9241765f4ae199f31c25d130fdaf7d93a,95970,183645,-87675,779185,-0.1125214166083792680813927373,414,-0.06659943146826795381015040116,-0.1071626196851405538232370782,true,false,false,false,cftc_normalized_net_q10_reversal_v1
SUGAR NO. 11 - ICE FUTURES U.S.,080732,2017-08-15,2017-08-18T19:30:00Z,cftc_ordinary_rule_estimate_not_holiday_verified,cftc_sugar_no11_selected_history_e1eadfec2053,https://publicreporting.cftc.gov/resource/72hh-3qpy.json?%24select=report_date_as_yyyy_mm_dd%2Ccftc_contract_market_code%2Cmarket_and_exchange_names%2Copen_interest_all%2Cm_money_positions_long_all%2Cm_money_positions_short_all%2Cm_money_positions_spread%2Ccontract_units%2Cfutonly_or_combined&%24where=cftc_contract_market_code%3D%27080732%27+AND+report_date_as_yyyy_mm_dd%3E%3D%272009-09-01T00%3A00%3A00.000%27+AND+report_date_as_yyyy_mm_dd%3C%3D%272026-08-11T00%3A00%3A00.000%27&%24order=report_date_as_yyyy_mm_dd&%24limit=5000,e1eadfec20535920e28d87b1a02245d9241765f4ae199f31c25d130fdaf7d93a,95766,215387,-119621,815068,-0.1467619879568330495124333184,415,-0.06683982683982683982683982684,-0.1125214166083792680813927373,true,false,false,false,cftc_normalized_net_q10_reversal_v1
SUGAR NO. 11 - ICE FUTURES U.S.,080732,2017-08-22,2017-08-25T19:30:00Z,cftc_ordinary_rule_estimate_not_holiday_verified,cftc_sugar_no11_selected_history_e1eadfec2053,https://publicreporting.cftc.gov/resource/72hh-3qpy.json?%24select=report_date_as_yyyy_mm_dd%2Ccftc_contract_market_code%2Cmarket_and_exchange_names%2Copen_interest_all%2Cm_money_positions_long_all%2Cm_money_positions_short_all%2Cm_money_positions_spread%2Ccontract_units%2Cfutonly_or_combined&%24where=cftc_contract_market_code%3D%27080732%27+AND+report_date_as_yyyy_mm_dd%3E%3D%272009-09-01T00%3A00%3A00.000%27+AND+report_date_as_yyyy_mm_dd%3C%3D%272026-08-11T00%3A00%3A00.000%27&%24order=report_date_as_yyyy_mm_dd&%24limit=5000,e1eadfec20535920e28d87b1a02245d9241765f4ae199f31c25d130fdaf7d93a,100894,237217,-136323,840614,-0.1621707466209223258237431211,416,-0.06703489158611746553680441382,-0.1467619879568330495124333184,true,false,false,false,cftc_normalized_net_q10_reversal_v1
SUGAR NO. 11 - ICE FUTURES U.S.,080732,2017-08-29,2017-09-01T19:30:00Z,cftc_ordinary_rule_estimate_not_holiday_verified,cftc_sugar_no11_selected_history_e1eadfec2053,https://publicreporting.cftc.gov/resource/72hh-3qpy.json?%24select=report_date_as_yyyy_mm_dd%2Ccftc_contract_market_code%2Cmarket_and_exchange_names%2Copen_interest_all%2Cm_money_positions_long_all%2Cm_money_positions_short_all%2Cm_money_positions_spread%2Ccontract_units%2Cfutonly_or_combined&%24where=cftc_contract_market_code%3D%27080732%27+AND+report_date_as_yyyy_mm_dd%3E%3D%272009-09-01T00%3A00%3A00.000%27+AND+report_date_as_yyyy_mm_dd%3C%3D%272026-08-11T00%3A00%3A00.000%27&%24order=report_date_as_yyyy_mm_dd&%24limit=5000,e1eadfec20535920e28d87b1a02245d9241765f4ae199f31c25d130fdaf7d93a,104302,231367,-127065,835201,-0.1521370304872719261590922425,417,-0.06728274554996915970184884255,-0.1621707466209223258237431211,true,true,false,false,cftc_normalized_net_q10_reversal_v1
SUGAR NO. 11 - ICE FUTURES U.S.,080732,2017-09-05,2017-09-08T19:30:00Z,cftc_ordinary_rule_estimate_not_holiday_verified,cftc_sugar_no11_selected_history_e1eadfec2053,https://publicreporting.cftc.gov/resource/72hh-3qpy.json?%24select=report_date_as_yyyy_mm_dd%2Ccftc_contract_market_code%2Cmarket_and_exchange_names%2Copen_interest_all%2Cm_money_positions_long_all%2Cm_money_positions_short_all%2Cm_money_positions_spread%2Ccontract_units%2Cfutonly_or_combined&%24where=cftc_contract_market_code%3D%27080732%27+AND+report_date_as_yyyy_mm_dd%3E%3D%272009-09-01T00%3A00%3A00.000%27+AND+report_date_as_yyyy_mm_dd%3C%3D%272026-08-11T00%3A00%3A00.000%27&%24order=report_date_as_yyyy_mm_dd&%24limit=5000,e1eadfec20535920e28d87b1a02245d9241765f4ae199f31c25d130fdaf7d93a,102853,219071,-116218,824467,-0.1409613726201291258473656314,418,-0.06790082614970725345313083489,-0.1521370304872719261590922425,true,true,false,false,cftc_normalized_net_q10_reversal_v1
SUGAR NO. 11 - ICE FUTURES U.S.,080732,2017-09-12,2017-09-15T19:30:00Z,cftc_ordinary_rule_estimate_not_holiday_verified,cftc_sugar_no11_selected_history_e1eadfec2053,https://publicreporting.cftc.gov/resource/72hh-3qpy.json?%24select=report_date_as_yyyy_mm_dd%2Ccftc_contract_market_code%2Cmarket_and_exchange_names%2Copen_interest_all%2Cm_money_positions_long_all%2Cm_money_positions_short_all%2Cm_money_positions_spread%2Ccontract_units%2Cfutonly_or_combined&%24where=cftc_contract_market_code%3D%27080732%27+AND+report_date_as_yyyy_mm_dd%3E%3D%272009-09-01T00%3A00%3A00.000%27+AND+report_date_as_yyyy_mm_dd%3C%3D%272026-08-11T00%3A00%3A00.000%27&%24order=report_date_as_yyyy_mm_dd&%24limit=5000,e1eadfec20535920e28d87b1a02245d9241765f4ae199f31c25d130fdaf7d93a,104562,196205,-91643,801502,-0.1143390783803409099415846748,419,-0.06818882106397735803265192496,-0.1409613726201291258473656314,true,true,false,false,cftc_normalized_net_q10_reversal_v1
SUGAR NO. 11 - ICE FUTURES U.S.,080732,2017-09-19,2017-09-22T19:30:00Z,cftc_ordinary_rule_estimate_not_holiday_verified,cftc_sugar_no11_selected_history_e1eadfec2053,https://publicreporting.cftc.gov/resource/72hh-3qpy.json?%24select=report_date_as_yyyy_mm_dd%2Ccftc_contract_market_code%2Cmarket_and_exchange_names%2Copen_interest_all%2Cm_money_positions_long_all%2Cm_money_positions_short_all%2Cm_money_positions_spread%2Ccontract_units%2Cfutonly_or_combined&%24where=cftc_contract_market_code%3D%27080732%27+AND+report_date_as_yyyy_mm_dd%3E%3D%272009-09-01T00%3A00%3A00.000%27+AND+report_date_as_yyyy_mm_dd%3C%3D%272026-08-11T00%3A00%3A00.000%27&%24order=report_date_as_yyyy_mm_dd&%24limit=5000,e1eadfec20535920e28d87b1a02245d9241765f4ae199f31c25d130fdaf7d93a,109789,175551,-65762,767416,-0.08569276637443055656905772098,420,-0.06913727257247505783061912644,-0.1143390783803409099415846748,true,true,false,false,cftc_normalized_net_q10_reversal_v1
SUGAR NO. 11 - ICE FUTURES U.S.,080732,2017-09-26,2017-09-29T19:30:00Z,cftc_ordinary_rule_estimate_not_holiday_verified,cftc_sugar_no11_selected_history_e1eadfec2053,https://publicreporting.cftc.gov/resource/72hh-3qpy.json?%24select=report_date_as_yyyy_mm_dd%2Ccftc_contract_market_code%2Cmarket_and_exchange_names%2Copen_interest_all%2Cm_money_positions_long_all%2Cm_money_positions_short_all%2Cm_money_positions_spread%2Ccontract_units%2Cfutonly_or_combined&%24where=cftc_contract_market_code%3D%27080732%27+AND+report_date_as_yyyy_mm_dd%3E%3D%272009-09-01T00%3A00%3A00.000%27+AND+report_date_as_yyyy_mm_dd%3C%3D%272026-08-11T00%3A00%3A00.000%27&%24order=report_date_as_yyyy_mm_dd&%24limit=5000,e1eadfec20535920e28d87b1a02245d9241765f4ae199f31c25d130fdaf7d93a,119995,188894,-68899,711181,-0.09687969729225049600593941627,421,-0.06913727257247505783061912644,-0.08569276637443055656905772098,true,false,false,false,cftc_normalized_net_q10_reversal_v1
SUGAR NO. 11 - ICE FUTURES U.S.,080732,2017-10-03,2017-10-06T19:30:00Z,cftc_ordinary_rule_estimate_not_holiday_verified,cftc_sugar_no11_selected_history_e1eadfec2053,https://publicreporting.cftc.gov/resource/72hh-3qpy.json?%24select=report_date_as_yyyy_mm_dd%2Ccftc_contract_market_code%2Cmarket_and_exchange_names%2Copen_interest_all%2Cm_money_positions_long_all%2Cm_money_positions_short_all%2Cm_money_positions_spread%2Ccontract_units%2Cfutonly_or_combined&%24where=cftc_contract_market_code%3D%27080732%27+AND+report_date_as_yyyy_mm_dd%3E%3D%272009-09-01T00%3A00%3A00.000%27+AND+report_date_as_yyyy_mm_dd%3C%3D%272026-08-11T00%3A00%3A00.000%27&%24order=report_date_as_yyyy_mm_dd&%24limit=5000,e1eadfec20535920e28d87b1a02245d9241765f4ae199f31c25d130fdaf7d93a,117032,206637,-89605,683879,-0.1310246403237999704626110759,422,-0.06921342985585369647424210357,-0.09687969729225049600593941627,true,false,false,false,cftc_normalized_net_q10_reversal_v1
SUGAR NO. 11 - ICE FUTURES U.S.,080732,2017-10-10,2017-10-13T19:30:00Z,cftc_ordinary_rule_estimate_not_holiday_verified,cftc_sugar_no11_selected_history_e1eadfec2053,https://publicreporting.cftc.gov/resource/72hh-3qpy.json?%24select=report_date_as_yyyy_mm_dd%2Ccftc_contract_market_code%2Cmarket_and_exchange_names%2Copen_interest_all%2Cm_money_positions_long_all%2Cm_money_positions_short_all%2Cm_money_positions_spread%2Ccontract_units%2Cfutonly_or_combined&%24where=cftc_contract_market_code%3D%27080732%27+AND+report_date_as_yyyy_mm_dd%3E%3D%272009-09-01T00%3A00%3A00.000%27+AND+report_date_as_yyyy_mm_dd%3C%3D%272026-08-11T00%3A00%3A00.000%27&%24order=report_date_as_yyyy_mm_dd&%24limit=5000,e1eadfec20535920e28d87b1a02245d9241765f4ae199f31c25d130fdaf7d93a,114437,205103,-90666,694059,-0.130631545733143724092620368,423,-0.06937033472849045132463069192,-0.1310246403237999704626110759,true,true,false,false,cftc_normalized_net_q10_reversal_v1
SUGAR NO. 11 - ICE FUTURES U.S.,080732,2017-10-17,2017-10-20T19:30:00Z,cftc_ordinary_rule_estimate_not_holiday_verified,cftc_sugar_no11_selected_history_e1eadfec2053,https://publicreporting.cftc.gov/resource/72hh-3qpy.json?%24select=report_date_as_yyyy_mm_dd%2Ccftc_contract_market_code%2Cmarket_and_exchange_names%2Copen_interest_all%2Cm_money_positions_long_all%2Cm_money_positions_short_all%2Cm_money_positions_spread%2Ccontract_units%2Cfutonly_or_combined&%24where=cftc_contract_market_code%3D%27080732%27+AND+report_date_as_yyyy_mm_dd%3E%3D%272009-09-01T00%3A00%3A00.000%27+AND+report_date_as_yyyy_mm_dd%3C%3D%272026-08-11T00%3A00%3A00.000%27&%24order=report_date_as_yyyy_mm_dd&%24limit=5000,e1eadfec20535920e28d87b1a02245d9241765f4ae199f31c25d130fdaf7d93a,109806,212661,-102855,700150,-0.1469042348068271084767549811,424,-0.06969228264408987300553565614,-0.130631545733143724092620368,true,false,true,false,cftc_normalized_net_q10_reversal_v1
SUGAR NO. 11 - ICE FUTURES U.S.,080732,2017-10-24,2017-10-27T19:30:00Z,cftc_ordinary_rule_estimate_not_holiday_verified,cftc_sugar_no11_selected_history_e1eadfec2053,https://publicreporting.cftc.gov/resource/72hh-3qpy.json?%24select=report_date_as_yyyy_mm_dd%2Ccftc_contract_market_code%2Cmarket_and_exchange_names%2Copen_interest_all%2Cm_money_positions_long_all%2Cm_money_positions_short_all%2Cm_money_positions_spread%2Ccontract_units%2Cfutonly_or_combined&%24where=cftc_contract_market_code%3D%27080732%27+AND+report_date_as_yyyy_mm_dd%3E%3D%272009-09-01T00%3A00%3A00.000%27+AND+report_date_as_yyyy_mm_dd%3C%3D%272026-08-11T00%3A00%3A00.000%27&%24order=report_date_as_yyyy_mm_dd&%24limit=5000,e1eadfec20535920e28d87b1a02245d9241765f4ae199f31c25d130fdaf7d93a,108063,217655,-109592,717017,-0.1528443537600921596001210571,425,-0.07080336250974954502123234249,-0.1469042348068271084767549811,true,false,true,false,cftc_normalized_net_q10_reversal_v1
SUGAR NO. 11 - ICE FUTURES U.S.,080732,2017-10-31,2017-11-03T19:30:00Z,cftc_official_event_weekly_page_verified,cftc_sugar_no11_selected_history_e1eadfec2053,https://publicreporting.cftc.gov/resource/72hh-3qpy.json?%24select=report_date_as_yyyy_mm_dd%2Ccftc_contract_market_code%2Cmarket_and_exchange_names%2Copen_interest_all%2Cm_money_positions_long_all%2Cm_money_positions_short_all%2Cm_money_positions_spread%2Ccontract_units%2Cfutonly_or_combined&%24where=cftc_contract_market_code%3D%27080732%27+AND+report_date_as_yyyy_mm_dd%3E%3D%272009-09-01T00%3A00%3A00.000%27+AND+report_date_as_yyyy_mm_dd%3C%3D%272026-08-11T00%3A00%3A00.000%27&%24order=report_date_as_yyyy_mm_dd&%24limit=5000,e1eadfec20535920e28d87b1a02245d9241765f4ae199f31c25d130fdaf7d93a,116014,193586,-77572,712697,-0.108842888352273125886596969,426,-0.07108983403797202968100253773,-0.1528443537600921596001210571,true,true,true,true,cftc_normalized_net_q10_reversal_v1
SUGAR NO. 11 - ICE FUTURES U.S.,080732,2017-11-07,2017-11-10T20:30:00Z,cftc_ordinary_rule_estimate_not_holiday_verified,cftc_sugar_no11_selected_history_e1eadfec2053,https://publicreporting.cftc.gov/resource/72hh-3qpy.json?%24select=report_date_as_yyyy_mm_dd%2Ccftc_contract_market_code%2Cmarket_and_exchange_names%2Copen_interest_all%2Cm_money_positions_long_all%2Cm_money_positions_short_all%2Cm_money_positions_spread%2Ccontract_units%2Cfutonly_or_combined&%24where=cftc_contract_market_code%3D%27080732%27+AND+report_date_as_yyyy_mm_dd%3E%3D%272009-09-01T00%3A00%3A00.000%27+AND+report_date_as_yyyy_mm_dd%3C%3D%272026-08-11T00%3A00%3A00.000%27&%24order=report_date_as_yyyy_mm_dd&%24limit=5000,e1eadfec20535920e28d87b1a02245d9241765f4ae199f31c25d130fdaf7d93a,111872,186017,-74145,711780,-0.1041684228272780915451403524,427,-0.07202980628876138914891042059,-0.108842888352273125886596969,true,true,false,false,cftc_normalized_net_q10_reversal_v1
SUGAR NO. 11 - ICE FUTURES U.S.,080732,2017-11-14,2017-11-17T20:30:00Z,cftc_ordinary_rule_estimate_not_holiday_verified,cftc_sugar_no11_selected_history_e1eadfec2053,https://publicreporting.cftc.gov/resource/72hh-3qpy.json?%24select=report_date_as_yyyy_mm_dd%2Ccftc_contract_market_code%2Cmarket_and_exchange_names%2Copen_interest_all%2Cm_money_positions_long_all%2Cm_money_positions_short_all%2Cm_money_positions_spread%2Ccontract_units%2Cfutonly_or_combined&%24where=cftc_contract_market_code%3D%27080732%27+AND+report_date_as_yyyy_mm_dd%3E%3D%272009-09-01T00%3A00%3A00.000%27+AND+report_date_as_yyyy_mm_dd%3C%3D%272026-08-11T00%3A00%3A00.000%27&%24order=report_date_as_yyyy_mm_dd&%24limit=5000,e1eadfec20535920e28d87b1a02245d9241765f4ae199f31c25d130fdaf7d93a,124885,149382,-24497,708272,-0.03458699482684618338717328936,428,-0.07240039552607766863496860978,-0.1041684228272780915451403524,true,true,false,false,cftc_normalized_net_q10_reversal_v1
SUGAR NO. 11 - ICE FUTURES U.S.,080732,2017-11-21,2017-11-24T20:30:00Z,cftc_ordinary_rule_estimate_not_holiday_verified,cftc_sugar_no11_selected_history_e1eadfec2053,https://publicreporting.cftc.gov/resource/72hh-3qpy.json?%24select=report_date_as_yyyy_mm_dd%2Ccftc_contract_market_code%2Cmarket_and_exchange_names%2Copen_interest_all%2Cm_money_positions_long_all%2Cm_money_positions_short_all%2Cm_money_positions_spread%2Ccontract_units%2Cfutonly_or_combined&%24where=cftc_contract_market_code%3D%27080732%27+AND+report_date_as_yyyy_mm_dd%3E%3D%272009-09-01T00%3A00%3A00.000%27+AND+report_date_as_yyyy_mm_dd%3C%3D%272026-08-11T00%3A00%3A00.000%27&%24order=report_date_as_yyyy_mm_dd&%24limit=5000,e1eadfec20535920e28d87b1a02245d9241765f4ae199f31c25d130fdaf7d93a,125211,126853,-1642,695563,-0.0023606776093610499695929772,429,-0.07240039552607766863496860978,-0.03458699482684618338717328936,false,true,false,false,cftc_normalized_net_q10_reversal_v1
SUGAR NO. 11 - ICE FUTURES U.S.,080732,2017-11-28,2017-12-01T20:30:00Z,cftc_ordinary_rule_estimate_not_holiday_verified,cftc_sugar_no11_selected_history_e1eadfec2053,https://publicreporting.cftc.gov/resource/72hh-3qpy.json?%24select=report_date_as_yyyy_mm_dd%2Ccftc_contract_market_code%2Cmarket_and_exchange_names%2Copen_interest_all%2Cm_money_positions_long_all%2Cm_money_positions_short_all%2Cm_money_positions_spread%2Ccontract_units%2Cfutonly_or_combined&%24where=cftc_contract_market_code%3D%27080732%27+AND+report_date_as_yyyy_mm_dd%3E%3D%272009-09-01T00%3A00%3A00.000%27+AND+report_date_as_yyyy_mm_dd%3C%3D%272026-08-11T00%3A00%3A00.000%27&%24order=report_date_as_yyyy_mm_dd&%24limit=5000,e1eadfec20535920e28d87b1a02245d9241765f4ae199f31c25d130fdaf7d93a,129519,118978,10541,704408,0.01496433884907610362176465912,430,-0.07240039552607766863496860978,-0.0023606776093610499695929772,false,true,false,false,cftc_normalized_net_q10_reversal_v1
SUGAR NO. 11 - ICE FUTURES U.S.,080732,2017-12-05,2017-12-08T20:30:00Z,cftc_ordinary_rule_estimate_not_holiday_verified,cftc_sugar_no11_selected_history_e1eadfec2053,https://publicreporting.cftc.gov/resource/72hh-3qpy.json?%24select=report_date_as_yyyy_mm_dd%2Ccftc_contract_market_code%2Cmarket_and_exchange_names%2Copen_interest_all%2Cm_money_positions_long_all%2Cm_money_positions_short_all%2Cm_money_positions_spread%2Ccontract_units%2Cfutonly_or_combined&%24where=cftc_contract_market_code%3D%27080732%27+AND+report_date_as_yyyy_mm_dd%3E%3D%272009-09-01T00%3A00%3A00.000%27+AND+report_date_as_yyyy_mm_dd%3C%3D%272026-08-11T00%3A00%3A00.000%27&%24order=report_date_as_yyyy_mm_dd&%24limit=5000,e1eadfec20535920e28d87b1a02245d9241765f4ae199f31c25d130fdaf7d93a,124523,116502,8021,707756,0.01133300176897122737214520258,431,-0.07202980628876138914891042059,0.01496433884907610362176465912,false,false,false,false,cftc_normalized_net_q10_reversal_v1
SUGAR NO. 11 - ICE FUTURES U.S.,080732,2017-12-12,2017-12-15T20:30:00Z,cftc_ordinary_rule_estimate_not_holiday_verified,cftc_sugar_no11_selected_history_e1eadfec2053,https://publicreporting.cftc.gov/resource/72hh-3qpy.json?%24select=report_date_as_yyyy_mm_dd%2Ccftc_contract_market_code%2Cmarket_and_exchange_names%2Copen_interest_all%2Cm_money_positions_long_all%2Cm_money_positions_short_all%2Cm_money_positions_spread%2Ccontract_units%2Cfutonly_or_combined&%24where=cftc_contract_market_code%3D%27080732%27+AND+report_date_as_yyyy_mm_dd%3E%3D%272009-09-01T00%3A00%3A00.000%27+AND+report_date_as_yyyy_mm_dd%3C%3D%272026-08-11T00%3A00%3A00.000%27&%24order=report_date_as_yyyy_mm_dd&%24limit=5000,e1eadfec20535920e28d87b1a02245d9241765f4ae199f31c25d130fdaf7d93a,102382,178823,-76441,759712,-0.1006183922328461311654942926,432,-0.07202980628876138914891042059,0.01133300176897122737214520258,false,false,false,false,cftc_normalized_net_q10_reversal_v1
SUGAR NO. 11 - ICE FUTURES U.S.,080732,2017-12-19,2017-12-22T20:30:00Z,cftc_ordinary_rule_estimate_not_holiday_verified,cftc_sugar_no11_selected_history_e1eadfec2053,https://publicreporting.cftc.gov/resource/72hh-3qpy.json?%24select=report_date_as_yyyy_mm_dd%2Ccftc_contract_market_code%2Cmarket_and_exchange_names%2Copen_interest_all%2Cm_money_positions_long_all%2Cm_money_positions_short_all%2Cm_money_positions_spread%2Ccontract_units%2Cfutonly_or_combined&%24where=cftc_contract_market_code%3D%27080732%27+AND+report_date_as_yyyy_mm_dd%3E%3D%272009-09-01T00%3A00%3A00.000%27+AND+report_date_as_yyyy_mm_dd%3C%3D%272026-08-11T00%3A00%3A00.000%27&%24order=report_date_as_yyyy_mm_dd&%24limit=5000,e1eadfec20535920e28d87b1a02245d9241765f4ae199f31c25d130fdaf7d93a,100304,203601,-103297,787027,-0.1312496267599459738992436092,433,-0.07240039552607766863496860978,-0.1006183922328461311654942926,true,false,false,false,cftc_normalized_net_q10_reversal_v1
SUGAR NO. 11 - ICE FUTURES U.S.,080732,2017-12-26,2017-12-29T20:30:00Z,cftc_ordinary_rule_estimate_not_holiday_verified,cftc_sugar_no11_selected_history_e1eadfec2053,https://publicreporting.cftc.gov/resource/72hh-3qpy.json?%24select=report_date_as_yyyy_mm_dd%2Ccftc_contract_market_code%2Cmarket_and_exchange_names%2Copen_interest_all%2Cm_money_positions_long_all%2Cm_money_positions_short_all%2Cm_money_positions_spread%2Ccontract_units%2Cfutonly_or_combined&%24where=cftc_contract_market_code%3D%27080732%27+AND+report_date_as_yyyy_mm_dd%3E%3D%272009-09-01T00%3A00%3A00.000%27+AND+report_date_as_yyyy_mm_dd%3C%3D%272026-08-11T00%3A00%3A00.000%27&%24order=report_date_as_yyyy_mm_dd&%24limit=5000,e1eadfec20535920e28d87b1a02245d9241765f4ae199f31c25d130fdaf7d93a,103432,179064,-75632,756189,-0.100017323711400192279972335,434,-0.07246605142126535336213635179,-0.1312496267599459738992436092,true,true,false,false,cftc_normalized_net_q10_reversal_v1
SUGAR NO. 11 - ICE FUTURES U.S.,080732,2018-01-02,2018-01-05T20:30:00Z,cftc_ordinary_rule_estimate_not_holiday_verified,cftc_sugar_no11_selected_history_e1eadfec2053,https://publicreporting.cftc.gov/resource/72hh-3qpy.json?%24select=report_date_as_yyyy_mm_dd%2Ccftc_contract_market_code%2Cmarket_and_exchange_names%2Copen_interest_all%2Cm_money_positions_long_all%2Cm_money_positions_short_all%2Cm_money_positions_spread%2Ccontract_units%2Cfutonly_or_combined&%24where=cftc_contract_market_code%3D%27080732%27+AND+report_date_as_yyyy_mm_dd%3E%3D%272009-09-01T00%3A00%3A00.000%27+AND+report_date_as_yyyy_mm_dd%3C%3D%272026-08-11T00%3A00%3A00.000%27&%24order=report_date_as_yyyy_mm_dd&%24limit=5000,e1eadfec20535920e28d87b1a02245d9241765f4ae199f31c25d130fdaf7d93a,114734,153305,-38571,757204,-0.05093871664703303204948732442,435,-0.07377528463787407002448242257,-0.100017323711400192279972335,true,true,false,false,cftc_normalized_net_q10_reversal_v1
SUGAR NO. 11 - ICE FUTURES U.S.,080732,2018-01-09,2018-01-12T20:30:00Z,cftc_ordinary_rule_estimate_not_holiday_verified,cftc_sugar_no11_selected_history_e1eadfec2053,https://publicreporting.cftc.gov/resource/72hh-3qpy.json?%24select=report_date_as_yyyy_mm_dd%2Ccftc_contract_market_code%2Cmarket_and_exchange_names%2Copen_interest_all%2Cm_money_positions_long_all%2Cm_money_positions_short_all%2Cm_money_positions_spread%2Ccontract_units%2Cfutonly_or_combined&%24where=cftc_contract_market_code%3D%27080732%27+AND+report_date_as_yyyy_mm_dd%3E%3D%272009-09-01T00%3A00%3A00.000%27+AND+report_date_as_yyyy_mm_dd%3C%3D%272026-08-11T00%3A00%3A00.000%27&%24order=report_date_as_yyyy_mm_dd&%24limit=5000,e1eadfec20535920e28d87b1a02245d9241765f4ae199f31c25d130fdaf7d93a,129427,135439,-6012,769647,-0.00781137326592580754553710987,436,-0.07377528463787407002448242257,-0.05093871664703303204948732442,false,true,false,false,cftc_normalized_net_q10_reversal_v1
SUGAR NO. 11 - ICE FUTURES U.S.,080732,2018-01-16,2018-01-19T20:30:00Z,cftc_ordinary_rule_estimate_not_holiday_verified,cftc_sugar_no11_selected_history_e1eadfec2053,https://publicreporting.cftc.gov/resource/72hh-3qpy.json?%24select=report_date_as_yyyy_mm_dd%2Ccftc_contract_market_code%2Cmarket_and_exchange_names%2Copen_interest_all%2Cm_money_positions_long_all%2Cm_money_positions_short_all%2Cm_money_positions_spread%2Ccontract_units%2Cfutonly_or_combined&%24where=cftc_contract_market_code%3D%27080732%27+AND+report_date_as_yyyy_mm_dd%3E%3D%272009-09-01T00%3A00%3A00.000%27+AND+report_date_as_yyyy_mm_dd%3C%3D%272026-08-11T00%3A00%3A00.000%27&%24order=report_date_as_yyyy_mm_dd&%24limit=5000,e1eadfec20535920e28d87b1a02245d9241765f4ae199f31c25d130fdaf7d93a,134089,195309,-61220,823655,-0.07432723652500136586313444343,437,-0.07377528463787407002448242257,-0.00781137326592580754553710987,false,false,false,false,cftc_normalized_net_q10_reversal_v1
SUGAR NO. 11 - ICE FUTURES U.S.,080732,2018-01-23,2018-01-26T20:30:00Z,cftc_ordinary_rule_estimate_not_holiday_verified,cftc_sugar_no11_selected_history_e1eadfec2053,https://publicreporting.cftc.gov/resource/72hh-3qpy.json?%24select=report_date_as_yyyy_mm_dd%2Ccftc_contract_market_code%2Cmarket_and_exchange_names%2Copen_interest_all%2Cm_money_positions_long_all%2Cm_money_positions_short_all%2Cm_money_positions_spread%2Ccontract_units%2Cfutonly_or_combined&%24where=cftc_contract_market_code%3D%27080732%27+AND+report_date_as_yyyy_mm_dd%3E%3D%272009-09-01T00%3A00%3A00.000%27+AND+report_date_as_yyyy_mm_dd%3C%3D%272026-08-11T00%3A00%3A00.000%27&%24order=report_date_as_yyyy_mm_dd&%24limit=5000,e1eadfec20535920e28d87b1a02245d9241765f4ae199f31c25d130fdaf7d93a,124651,256476,-131825,912141,-0.1445226121838619248559159165,438,-0.07432723652500136586313444343,-0.07432723652500136586313444343,true,false,false,false,cftc_normalized_net_q10_reversal_v1
SUGAR NO. 11 - ICE FUTURES U.S.,080732,2018-01-30,2018-02-02T20:30:00Z,cftc_ordinary_rule_estimate_not_holiday_verified,cftc_sugar_no11_selected_history_e1eadfec2053,https://publicreporting.cftc.gov/resource/72hh-3qpy.json?%24select=report_date_as_yyyy_mm_dd%2Ccftc_contract_market_code%2Cmarket_and_exchange_names%2Copen_interest_all%2Cm_money_positions_long_all%2Cm_money_positions_short_all%2Cm_money_positions_spread%2Ccontract_units%2Cfutonly_or_combined&%24where=cftc_contract_market_code%3D%27080732%27+AND+report_date_as_yyyy_mm_dd%3E%3D%272009-09-01T00%3A00%3A00.000%27+AND+report_date_as_yyyy_mm_dd%3C%3D%272026-08-11T00%3A00%3A00.000%27&%24order=report_date_as_yyyy_mm_dd&%24limit=5000,e1eadfec20535920e28d87b1a02245d9241765f4ae199f31c25d130fdaf7d93a,125435,278467,-153032,925960,-0.1652684781200051838092358201,439,-0.07463234814921018986014358892,-0.1445226121838619248559159165,true,false,true,false,cftc_normalized_net_q10_reversal_v1
SUGAR NO. 11 - ICE FUTURES U.S.,080732,2018-02-06,2018-02-09T20:30:00Z,cftc_official_event_weekly_page_verified,cftc_sugar_no11_selected_history_e1eadfec2053,https://publicreporting.cftc.gov/resource/72hh-3qpy.json?%24select=report_date_as_yyyy_mm_dd%2Ccftc_contract_market_code%2Cmarket_and_exchange_names%2Copen_interest_all%2Cm_money_positions_long_all%2Cm_money_positions_short_all%2Cm_money_positions_spread%2Ccontract_units%2Cfutonly_or_combined&%24where=cftc_contract_market_code%3D%27080732%27+AND+report_date_as_yyyy_mm_dd%3E%3D%272009-09-01T00%3A00%3A00.000%27+AND+report_date_as_yyyy_mm_dd%3C%3D%272026-08-11T00%3A00%3A00.000%27&%24order=report_date_as_yyyy_mm_dd&%24limit=5000,e1eadfec20535920e28d87b1a02245d9241765f4ae199f31c25d130fdaf7d93a,132095,268351,-136256,928370,-0.1467690683671381022652606181,440,-0.07571875411957863451697566003,-0.1652684781200051838092358201,true,true,true,true,cftc_normalized_net_q10_reversal_v1
SUGAR NO. 11 - ICE FUTURES U.S.,080732,2018-02-13,2018-02-16T20:30:00Z,cftc_ordinary_rule_estimate_not_holiday_verified,cftc_sugar_no11_selected_history_e1eadfec2053,https://publicreporting.cftc.gov/resource/72hh-3qpy.json?%24select=report_date_as_yyyy_mm_dd%2Ccftc_contract_market_code%2Cmarket_and_exchange_names%2Copen_interest_all%2Cm_money_positions_long_all%2Cm_money_positions_short_all%2Cm_money_positions_spread%2Ccontract_units%2Cfutonly_or_combined&%24where=cftc_contract_market_code%3D%27080732%27+AND+report_date_as_yyyy_mm_dd%3E%3D%272009-09-01T00%3A00%3A00.000%27+AND+report_date_as_yyyy_mm_dd%3C%3D%272026-08-11T00%3A00%3A00.000%27&%24order=report_date_as_yyyy_mm_dd&%24limit=5000,e1eadfec20535920e28d87b1a02245d9241765f4ae199f31c25d130fdaf7d93a,125748,248321,-122573,893480,-0.1371860590052379460088642163,441,-0.07571875411957863451697566003,-0.1467690683671381022652606181,true,true,false,false,cftc_normalized_net_q10_reversal_v1
SUGAR NO. 11 - ICE FUTURES U.S.,080732,2018-02-20,2018-02-23T20:30:00Z,cftc_ordinary_rule_estimate_not_holiday_verified,cftc_sugar_no11_selected_history_e1eadfec2053,https://publicreporting.cftc.gov/resource/72hh-3qpy.json?%24select=report_date_as_yyyy_mm_dd%2Ccftc_contract_market_code%2Cmarket_and_exchange_names%2Copen_interest_all%2Cm_money_positions_long_all%2Cm_money_positions_short_all%2Cm_money_positions_spread%2Ccontract_units%2Cfutonly_or_combined&%24where=cftc_contract_market_code%3D%27080732%27+AND+report_date_as_yyyy_mm_dd%3E%3D%272009-09-01T00%3A00%3A00.000%27+AND+report_date_as_yyyy_mm_dd%3C%3D%272026-08-11T00%3A00%3A00.000%27&%24order=report_date_as_yyyy_mm_dd&%24limit=5000,e1eadfec20535920e28d87b1a02245d9241765f4ae199f31c25d130fdaf7d93a,126204,255773,-129569,870968,-0.1487643633290775321251756666,442,-0.07638335713033240650284311515,-0.1371860590052379460088642163,true,false,false,false,cftc_normalized_net_q10_reversal_v1
SUGAR NO. 11 - ICE FUTURES U.S.,080732,2018-02-27,2018-03-02T20:30:00Z,cftc_ordinary_rule_estimate_not_holiday_verified,cftc_sugar_no11_selected_history_e1eadfec2053,https://publicreporting.cftc.gov/resource/72hh-3qpy.json?%24select=report_date_as_yyyy_mm_dd%2Ccftc_contract_market_code%2Cmarket_and_exchange_names%2Copen_interest_all%2Cm_money_positions_long_all%2Cm_money_positions_short_all%2Cm_money_positions_spread%2Ccontract_units%2Cfutonly_or_combined&%24where=cftc_contract_market_code%3D%27080732%27+AND+report_date_as_yyyy_mm_dd%3E%3D%272009-09-01T00%3A00%3A00.000%27+AND+report_date_as_yyyy_mm_dd%3C%3D%272026-08-11T00%3A00%3A00.000%27&%24order=report_date_as_yyyy_mm_dd&%24limit=5000,e1eadfec20535920e28d87b1a02245d9241765f4ae199f31c25d130fdaf7d93a,125615,264999,-139384,864508,-0.1612292772305172421770533066,443,-0.07689243354645801771782010589,-0.1487643633290775321251756666,true,false,false,false,cftc_normalized_net_q10_reversal_v1
SUGAR NO. 11 - ICE FUTURES U.S.,080732,2018-03-06,2018-03-09T20:30:00Z,cftc_ordinary_rule_estimate_not_holiday_verified,cftc_sugar_no11_selected_history_e1eadfec2053,https://publicreporting.cftc.gov/resource/72hh-3qpy.json?%24select=report_date_as_yyyy_mm_dd%2Ccftc_contract_market_code%2Cmarket_and_exchange_names%2Copen_interest_all%2Cm_money_positions_long_all%2Cm_money_positions_short_all%2Cm_money_positions_spread%2Ccontract_units%2Cfutonly_or_combined&%24where=cftc_contract_market_code%3D%27080732%27+AND+report_date_as_yyyy_mm_dd%3E%3D%272009-09-01T00%3A00%3A00.000%27+AND+report_date_as_yyyy_mm_dd%3C%3D%272026-08-11T00%3A00%3A00.000%27&%24order=report_date_as_yyyy_mm_dd&%24limit=5000,e1eadfec20535920e28d87b1a02245d9241765f4ae199f31c25d130fdaf7d93a,124400,233736,-109336,841282,-0.1299635556210640427347785879,444,-0.07751457872511562437160667605,-0.1612292772305172421770533066,true,true,false,false,cftc_normalized_net_q10_reversal_v1
SUGAR NO. 11 - ICE FUTURES U.S.,080732,2018-03-13,2018-03-16T19:30:00Z,cftc_ordinary_rule_estimate_not_holiday_verified,cftc_sugar_no11_selected_history_e1eadfec2053,https://publicreporting.cftc.gov/resource/72hh-3qpy.json?%24select=report_date_as_yyyy_mm_dd%2Ccftc_contract_market_code%2Cmarket_and_exchange_names%2Copen_interest_all%2Cm_money_positions_long_all%2Cm_money_positions_short_all%2Cm_money_positions_spread%2Ccontract_units%2Cfutonly_or_combined&%24where=cftc_contract_market_code%3D%27080732%27+AND+report_date_as_yyyy_mm_dd%3E%3D%272009-09-01T00%3A00%3A00.000%27+AND+report_date_as_yyyy_mm_dd%3C%3D%272026-08-11T00%3A00%3A00.000%27&%24order=report_date_as_yyyy_mm_dd&%24limit=5000,e1eadfec20535920e28d87b1a02245d9241765f4ae199f31c25d130fdaf7d93a,121066,267651,-146585,908031,-0.1614317132344600569804334874,445,-0.07896052149504923839389076369,-0.1299635556210640427347785879,true,false,false,false,cftc_normalized_net_q10_reversal_v1
SUGAR NO. 11 - ICE FUTURES U.S.,080732,2018-03-20,2018-03-23T19:30:00Z,cftc_ordinary_rule_estimate_not_holiday_verified,cftc_sugar_no11_selected_history_e1eadfec2053,https://publicreporting.cftc.gov/resource/72hh-3qpy.json?%24select=report_date_as_yyyy_mm_dd%2Ccftc_contract_market_code%2Cmarket_and_exchange_names%2Copen_interest_all%2Cm_money_positions_long_all%2Cm_money_positions_short_all%2Cm_money_positions_spread%2Ccontract_units%2Cfutonly_or_combined&%24where=cftc_contract_market_code%3D%27080732%27+AND+report_date_as_yyyy_mm_dd%3E%3D%272009-09-01T00%3A00%3A00.000%27+AND+report_date_as_yyyy_mm_dd%3C%3D%272026-08-11T00%3A00%3A00.000%27&%24order=report_date_as_yyyy_mm_dd&%24limit=5000,e1eadfec20535920e28d87b1a02245d9241765f4ae199f31c25d130fdaf7d93a,126110,277211,-151101,945319,-0.1598412810913564627390330671,446,-0.07949814138594192022509030523,-0.1614317132344600569804334874,true,true,false,false,cftc_normalized_net_q10_reversal_v1
SUGAR NO. 11 - ICE FUTURES U.S.,080732,2018-03-27,2018-03-30T19:30:00Z,cftc_ordinary_rule_estimate_not_holiday_verified,cftc_sugar_no11_selected_history_e1eadfec2053,https://publicreporting.cftc.gov/resource/72hh-3qpy.json?%24select=report_date_as_yyyy_mm_dd%2Ccftc_contract_market_code%2Cmarket_and_exchange_names%2Copen_interest_all%2Cm_money_positions_long_all%2Cm_money_positions_short_all%2Cm_money_positions_spread%2Ccontract_units%2Cfutonly_or_combined&%24where=cftc_contract_market_code%3D%27080732%27+AND+report_date_as_yyyy_mm_dd%3E%3D%272009-09-01T00%3A00%3A00.000%27+AND+report_date_as_yyyy_mm_dd%3C%3D%272026-08-11T00%3A00%3A00.000%27&%24order=report_date_as_yyyy_mm_dd&%24limit=5000,e1eadfec20535920e28d87b1a02245d9241765f4ae199f31c25d130fdaf7d93a,122500,282800,-160300,974778,-0.1644476998865382682005543826,447,-0.08282761524944318321449405724,-0.1598412810913564627390330671,true,false,false,false,cftc_normalized_net_q10_reversal_v1
SUGAR NO. 11 - ICE FUTURES U.S.,080732,2018-04-03,2018-04-06T19:30:00Z,cftc_ordinary_rule_estimate_not_holiday_verified,cftc_sugar_no11_selected_history_e1eadfec2053,https://publicreporting.cftc.gov/resource/72hh-3qpy.json?%24select=report_date_as_yyyy_mm_dd%2Ccftc_contract_market_code%2Cmarket_and_exchange_names%2Copen_interest_all%2Cm_money_positions_long_all%2Cm_money_positions_short_all%2Cm_money_positions_spread%2Ccontract_units%2Cfutonly_or_combined&%24where=cftc_contract_market_code%3D%27080732%27+AND+report_date_as_yyyy_mm_dd%3E%3D%272009-09-01T00%3A00%3A00.000%27+AND+report_date_as_yyyy_mm_dd%3C%3D%272026-08-11T00%3A00%3A00.000%27&%24order=report_date_as_yyyy_mm_dd&%24limit=5000,e1eadfec20535920e28d87b1a02245d9241765f4ae199f31c25d130fdaf7d93a,124358,286458,-162100,990051,-0.1637289392162625965733078397,448,-0.08440961089526163736740139034,-0.1644476998865382682005543826,true,true,false,false,cftc_normalized_net_q10_reversal_v1
SUGAR NO. 11 - ICE FUTURES U.S.,080732,2018-04-10,2018-04-13T19:30:00Z,cftc_ordinary_rule_estimate_not_holiday_verified,cftc_sugar_no11_selected_history_e1eadfec2053,https://publicreporting.cftc.gov/resource/72hh-3qpy.json?%24select=report_date_as_yyyy_mm_dd%2Ccftc_contract_market_code%2Cmarket_and_exchange_names%2Copen_interest_all%2Cm_money_positions_long_all%2Cm_money_positions_short_all%2Cm_money_positions_spread%2Ccontract_units%2Cfutonly_or_combined&%24where=cftc_contract_market_code%3D%27080732%27+AND+report_date_as_yyyy_mm_dd%3E%3D%272009-09-01T00%3A00%3A00.000%27+AND+report_date_as_yyyy_mm_dd%3C%3D%272026-08-11T00%3A00%3A00.000%27&%24order=report_date_as_yyyy_mm_dd&%24limit=5000,e1eadfec20535920e28d87b1a02245d9241765f4ae199f31c25d130fdaf7d93a,122638,292608,-169970,999540,-0.1700482221822038137543269904,449,-0.08569276637443055656905772098,-0.1637289392162625965733078397,true,false,false,false,cftc_normalized_net_q10_reversal_v1
SUGAR NO. 11 - ICE FUTURES U.S.,080732,2018-04-17,2018-04-20T19:30:00Z,cftc_ordinary_rule_estimate_not_holiday_verified,cftc_sugar_no11_selected_history_e1eadfec2053,https://publicreporting.cftc.gov/resource/72hh-3qpy.json?%24select=report_date_as_yyyy_mm_dd%2Ccftc_contract_market_code%2Cmarket_and_exchange_names%2Copen_interest_all%2Cm_money_positions_long_all%2Cm_money_positions_short_all%2Cm_money_positions_spread%2Ccontract_units%2Cfutonly_or_combined&%24where=cftc_contract_market_code%3D%27080732%27+AND+report_date_as_yyyy_mm_dd%3E%3D%272009-09-01T00%3A00%3A00.000%27+AND+report_date_as_yyyy_mm_dd%3C%3D%272026-08-11T00%3A00%3A00.000%27&%24order=report_date_as_yyyy_mm_dd&%24limit=5000,e1eadfec20535920e28d87b1a02245d9241765f4ae199f31c25d130fdaf7d93a,126973,288550,-161577,1021576,-0.158164443957179886763197256,450,-0.08696879582955532322620930216,-0.1700482221822038137543269904,true,true,false,false,cftc_normalized_net_q10_reversal_v1
SUGAR NO. 11 - ICE FUTURES U.S.,080732,2018-04-24,2018-04-27T19:30:00Z,cftc_ordinary_rule_estimate_not_holiday_verified,cftc_sugar_no11_selected_history_e1eadfec2053,https://publicreporting.cftc.gov/resource/72hh-3qpy.json?%24select=report_date_as_yyyy_mm_dd%2Ccftc_contract_market_code%2Cmarket_and_exchange_names%2Copen_interest_all%2Cm_money_positions_long_all%2Cm_money_positions_short_all%2Cm_money_positions_spread%2Ccontract_units%2Cfutonly_or_combined&%24where=cftc_contract_market_code%3D%27080732%27+AND+report_date_as_yyyy_mm_dd%3E%3D%272009-09-01T00%3A00%3A00.000%27+AND+report_date_as_yyyy_mm_dd%3C%3D%272026-08-11T00%3A00%3A00.000%27&%24order=report_date_as_yyyy_mm_dd&%24limit=5000,e1eadfec20535920e28d87b1a02245d9241765f4ae199f31c25d130fdaf7d93a,133695,300392,-166697,1010242,-0.1650069983231740513659103462,451,-0.08696879582955532322620930216,-0.158164443957179886763197256,true,false,false,false,cftc_normalized_net_q10_reversal_v1
SUGAR NO. 11 - ICE FUTURES U.S.,080732,2018-05-01,2018-05-04T19:30:00Z,cftc_ordinary_rule_estimate_not_holiday_verified,cftc_sugar_no11_selected_history_e1eadfec2053,https://publicreporting.cftc.gov/resource/72hh-3qpy.json?%24select=report_date_as_yyyy_mm_dd%2Ccftc_contract_market_code%2Cmarket_and_exchange_names%2Copen_interest_all%2Cm_money_positions_long_all%2Cm_money_positions_short_all%2Cm_money_positions_spread%2Ccontract_units%2Cfutonly_or_combined&%24where=cftc_contract_market_code%3D%27080732%27+AND+report_date_as_yyyy_mm_dd%3E%3D%272009-09-01T00%3A00%3A00.000%27+AND+report_date_as_yyyy_mm_dd%3C%3D%272026-08-11T00%3A00%3A00.000%27&%24order=report_date_as_yyyy_mm_dd&%24limit=5000,e1eadfec20535920e28d87b1a02245d9241765f4ae199f31c25d130fdaf7d93a,140684,300706,-160022,977547,-0.1636974999667535167107054699,452,-0.09158549707811875412192961732,-0.1650069983231740513659103462,true,true,false,false,cftc_normalized_net_q10_reversal_v1
SUGAR NO. 11 - ICE FUTURES U.S.,080732,2018-05-08,2018-05-11T19:30:00Z,cftc_ordinary_rule_estimate_not_holiday_verified,cftc_sugar_no11_selected_history_e1eadfec2053,https://publicreporting.cftc.gov/resource/72hh-3qpy.json?%24select=report_date_as_yyyy_mm_dd%2Ccftc_contract_market_code%2Cmarket_and_exchange_names%2Copen_interest_all%2Cm_money_positions_long_all%2Cm_money_positions_short_all%2Cm_money_positions_spread%2Ccontract_units%2Cfutonly_or_combined&%24where=cftc_contract_market_code%3D%27080732%27+AND+report_date_as_yyyy_mm_dd%3E%3D%272009-09-01T00%3A00%3A00.000%27+AND+report_date_as_yyyy_mm_dd%3C%3D%272026-08-11T00%3A00%3A00.000%27&%24order=report_date_as_yyyy_mm_dd&%24limit=5000,e1eadfec20535920e28d87b1a02245d9241765f4ae199f31c25d130fdaf7d93a,141525,291537,-150012,1000067,-0.1500019498693587529635514421,453,-0.0961404681049712125511446329,-0.1636974999667535167107054699,true,true,false,false,cftc_normalized_net_q10_reversal_v1
SUGAR NO. 11 - ICE FUTURES U.S.,080732,2018-05-15,2018-05-18T19:30:00Z,cftc_official_event_weekly_page_verified,cftc_sugar_no11_selected_history_e1eadfec2053,https://publicreporting.cftc.gov/resource/72hh-3qpy.json?%24select=report_date_as_yyyy_mm_dd%2Ccftc_contract_market_code%2Cmarket_and_exchange_names%2Copen_interest_all%2Cm_money_positions_long_all%2Cm_money_positions_short_all%2Cm_money_positions_spread%2Ccontract_units%2Cfutonly_or_combined&%24where=cftc_contract_market_code%3D%27080732%27+AND+report_date_as_yyyy_mm_dd%3E%3D%272009-09-01T00%3A00%3A00.000%27+AND+report_date_as_yyyy_mm_dd%3C%3D%272026-08-11T00%3A00%3A00.000%27&%24order=report_date_as_yyyy_mm_dd&%24limit=5000,e1eadfec20535920e28d87b1a02245d9241765f4ae199f31c25d130fdaf7d93a,144705,288181,-143476,1028716,-0.1394709521383938813044610952,454,-0.09687969729225049600593941627,-0.1500019498693587529635514421,true,true,true,true,cftc_normalized_net_q10_reversal_v1
SUGAR NO. 11 - ICE FUTURES U.S.,080732,2018-05-22,2018-05-25T19:30:00Z,cftc_ordinary_rule_estimate_not_holiday_verified,cftc_sugar_no11_selected_history_e1eadfec2053,https://publicreporting.cftc.gov/resource/72hh-3qpy.json?%24select=report_date_as_yyyy_mm_dd%2Ccftc_contract_market_code%2Cmarket_and_exchange_names%2Copen_interest_all%2Cm_money_positions_long_all%2Cm_money_positions_short_all%2Cm_money_positions_spread%2Ccontract_units%2Cfutonly_or_combined&%24where=cftc_contract_market_code%3D%27080732%27+AND+report_date_as_yyyy_mm_dd%3E%3D%272009-09-01T00%3A00%3A00.000%27+AND+report_date_as_yyyy_mm_dd%3C%3D%272026-08-11T00%3A00%3A00.000%27&%24order=report_date_as_yyyy_mm_dd&%24limit=5000,e1eadfec20535920e28d87b1a02245d9241765f4ae199f31c25d130fdaf7d93a,154671,265268,-110597,1032703,-0.1070946825950926839565683454,455,-0.100017323711400192279972335,-0.1394709521383938813044610952,true,true,false,false,cftc_normalized_net_q10_reversal_v1
SUGAR NO. 11 - ICE FUTURES U.S.,080732,2018-05-29,2018-06-01T19:30:00Z,cftc_ordinary_rule_estimate_not_holiday_verified,cftc_sugar_no11_selected_history_e1eadfec2053,https://publicreporting.cftc.gov/resource/72hh-3qpy.json?%24select=report_date_as_yyyy_mm_dd%2Ccftc_contract_market_code%2Cmarket_and_exchange_names%2Copen_interest_all%2Cm_money_positions_long_all%2Cm_money_positions_short_all%2Cm_money_positions_spread%2Ccontract_units%2Cfutonly_or_combined&%24where=cftc_contract_market_code%3D%27080732%27+AND+report_date_as_yyyy_mm_dd%3E%3D%272009-09-01T00%3A00%3A00.000%27+AND+report_date_as_yyyy_mm_dd%3C%3D%272026-08-11T00%3A00%3A00.000%27&%24order=report_date_as_yyyy_mm_dd&%24limit=5000,e1eadfec20535920e28d87b1a02245d9241765f4ae199f31c25d130fdaf7d93a,160440,224567,-64127,1006973,-0.06368293886727846724788052907,456,-0.1006183922328461311654942926,-0.1070946825950926839565683454,true,true,false,false,cftc_normalized_net_q10_reversal_v1
SUGAR NO. 11 - ICE FUTURES U.S.,080732,2018-06-05,2018-06-08T19:30:00Z,cftc_ordinary_rule_estimate_not_holiday_verified,cftc_sugar_no11_selected_history_e1eadfec2053,https://publicreporting.cftc.gov/resource/72hh-3qpy.json?%24select=report_date_as_yyyy_mm_dd%2Ccftc_contract_market_code%2Cmarket_and_exchange_names%2Copen_interest_all%2Cm_money_positions_long_all%2Cm_money_positions_short_all%2Cm_money_positions_spread%2Ccontract_units%2Cfutonly_or_combined&%24where=cftc_contract_market_code%3D%27080732%27+AND+report_date_as_yyyy_mm_dd%3E%3D%272009-09-01T00%3A00%3A00.000%27+AND+report_date_as_yyyy_mm_dd%3C%3D%272026-08-11T00%3A00%3A00.000%27&%24order=report_date_as_yyyy_mm_dd&%24limit=5000,e1eadfec20535920e28d87b1a02245d9241765f4ae199f31c25d130fdaf7d93a,162717,184221,-21504,997686,-0.02155387566829643795743350112,457,-0.1006183922328461311654942926,-0.06368293886727846724788052907,false,true,false,false,cftc_normalized_net_q10_reversal_v1
SUGAR NO. 11 - ICE FUTURES U.S.,080732,2018-06-12,2018-06-15T19:30:00Z,cftc_ordinary_rule_estimate_not_holiday_verified,cftc_sugar_no11_selected_history_e1eadfec2053,https://publicreporting.cftc.gov/resource/72hh-3qpy.json?%24select=report_date_as_yyyy_mm_dd%2Ccftc_contract_market_code%2Cmarket_and_exchange_names%2Copen_interest_all%2Cm_money_positions_long_all%2Cm_money_positions_short_all%2Cm_money_positions_spread%2Ccontract_units%2Cfutonly_or_combined&%24where=cftc_contract_market_code%3D%27080732%27+AND+report_date_as_yyyy_mm_dd%3E%3D%272009-09-01T00%3A00%3A00.000%27+AND+report_date_as_yyyy_mm_dd%3C%3D%272026-08-11T00%3A00%3A00.000%27&%24order=report_date_as_yyyy_mm_dd&%24limit=5000,e1eadfec20535920e28d87b1a02245d9241765f4ae199f31c25d130fdaf7d93a,165328,188808,-23480,986065,-0.0238118176793619081906365199,458,-0.1006183922328461311654942926,-0.02155387566829643795743350112,false,false,false,false,cftc_normalized_net_q10_reversal_v1
SUGAR NO. 11 - ICE FUTURES U.S.,080732,2018-06-19,2018-06-22T19:30:00Z,cftc_ordinary_rule_estimate_not_holiday_verified,cftc_sugar_no11_selected_history_e1eadfec2053,https://publicreporting.cftc.gov/resource/72hh-3qpy.json?%24select=report_date_as_yyyy_mm_dd%2Ccftc_contract_market_code%2Cmarket_and_exchange_names%2Copen_interest_all%2Cm_money_positions_long_all%2Cm_money_positions_short_all%2Cm_money_positions_spread%2Ccontract_units%2Cfutonly_or_combined&%24where=cftc_contract_market_code%3D%27080732%27+AND+report_date_as_yyyy_mm_dd%3E%3D%272009-09-01T00%3A00%3A00.000%27+AND+report_date_as_yyyy_mm_dd%3C%3D%272026-08-11T00%3A00%3A00.000%27&%24order=report_date_as_yyyy_mm_dd&%24limit=5000,e1eadfec20535920e28d87b1a02245d9241765f4ae199f31c25d130fdaf7d93a,165862,191118,-25256,963032,-0.02622550444845031110077339071,459,-0.1006183922328461311654942926,-0.0238118176793619081906365199,false,false,false,false,cftc_normalized_net_q10_reversal_v1
SUGAR NO. 11 - ICE FUTURES U.S.,080732,2018-06-26,2018-06-29T19:30:00Z,cftc_ordinary_rule_estimate_not_holiday_verified,cftc_sugar_no11_selected_history_e1eadfec2053,https://publicreporting.cftc.gov/resource/72hh-3qpy.json?%24select=report_date_as_yyyy_mm_dd%2Ccftc_contract_market_code%2Cmarket_and_exchange_names%2Copen_interest_all%2Cm_money_positions_long_all%2Cm_money_positions_short_all%2Cm_money_positions_spread%2Ccontract_units%2Cfutonly_or_combined&%24where=cftc_contract_market_code%3D%27080732%27+AND+report_date_as_yyyy_mm_dd%3E%3D%272009-09-01T00%3A00%3A00.000%27+AND+report_date_as_yyyy_mm_dd%3C%3D%272026-08-11T00%3A00%3A00.000%27&%24order=report_date_as_yyyy_mm_dd&%24limit=5000,e1eadfec20535920e28d87b1a02245d9241765f4ae199f31c25d130fdaf7d93a,176393,189492,-13099,965073,-0.01357306649341552400699221717,460,-0.1006183922328461311654942926,-0.02622550444845031110077339071,false,true,false,false,cftc_normalized_net_q10_reversal_v1
SUGAR NO. 11 - ICE FUTURES U.S.,080732,2018-07-03,2018-07-06T19:30:00Z,cftc_ordinary_rule_estimate_not_holiday_verified,cftc_sugar_no11_selected_history_e1eadfec2053,https://publicreporting.cftc.gov/resource/72hh-3qpy.json?%24select=report_date_as_yyyy_mm_dd%2Ccftc_contract_market_code%2Cmarket_and_exchange_names%2Copen_interest_all%2Cm_money_positions_long_all%2Cm_money_positions_short_all%2Cm_money_positions_spread%2Ccontract_units%2Cfutonly_or_combined&%24where=cftc_contract_market_code%3D%27080732%27+AND+report_date_as_yyyy_mm_dd%3E%3D%272009-09-01T00%3A00%3A00.000%27+AND+report_date_as_yyyy_mm_dd%3C%3D%272026-08-11T00%3A00%3A00.000%27&%24order=report_date_as_yyyy_mm_dd&%24limit=5000,e1eadfec20535920e28d87b1a02245d9241765f4ae199f31c25d130fdaf7d93a,162309,219507,-57198,946405,-0.06043712786809029960746192169,461,-0.100017323711400192279972335,-0.01357306649341552400699221717,false,false,false,false,cftc_normalized_net_q10_reversal_v1
SUGAR NO. 11 - ICE FUTURES U.S.,080732,2018-07-10,2018-07-13T19:30:00Z,cftc_ordinary_rule_estimate_not_holiday_verified,cftc_sugar_no11_selected_history_e1eadfec2053,https://publicreporting.cftc.gov/resource/72hh-3qpy.json?%24select=report_date_as_yyyy_mm_dd%2Ccftc_contract_market_code%2Cmarket_and_exchange_names%2Copen_interest_all%2Cm_money_positions_long_all%2Cm_money_positions_short_all%2Cm_money_positions_spread%2Ccontract_units%2Cfutonly_or_combined&%24where=cftc_contract_market_code%3D%27080732%27+AND+report_date_as_yyyy_mm_dd%3E%3D%272009-09-01T00%3A00%3A00.000%27+AND+report_date_as_yyyy_mm_dd%3C%3D%272026-08-11T00%3A00%3A00.000%27&%24order=report_date_as_yyyy_mm_dd&%24limit=5000,e1eadfec20535920e28d87b1a02245d9241765f4ae199f31c25d130fdaf7d93a,161616,230800,-69184,962201,-0.07190181677217130308532208967,462,-0.100017323711400192279972335,-0.06043712786809029960746192169,false,false,false,false,cftc_normalized_net_q10_reversal_v1
SUGAR NO. 11 - ICE FUTURES U.S.,080732,2018-07-17,2018-07-20T19:30:00Z,cftc_ordinary_rule_estimate_not_holiday_verified,cftc_sugar_no11_selected_history_e1eadfec2053,https://publicreporting.cftc.gov/resource/72hh-3qpy.json?%24select=report_date_as_yyyy_mm_dd%2Ccftc_contract_market_code%2Cmarket_and_exchange_names%2Copen_interest_all%2Cm_money_positions_long_all%2Cm_money_positions_short_all%2Cm_money_positions_spread%2Ccontract_units%2Cfutonly_or_combined&%24where=cftc_contract_market_code%3D%27080732%27+AND+report_date_as_yyyy_mm_dd%3E%3D%272009-09-01T00%3A00%3A00.000%27+AND+report_date_as_yyyy_mm_dd%3C%3D%272026-08-11T00%3A00%3A00.000%27&%24order=report_date_as_yyyy_mm_dd&%24limit=5000,e1eadfec20535920e28d87b1a02245d9241765f4ae199f31c25d130fdaf7d93a,160677,247485,-86808,972560,-0.08925721806366702311425516164,463,-0.100017323711400192279972335,-0.07190181677217130308532208967,false,false,false,false,cftc_normalized_net_q10_reversal_v1
SUGAR NO. 11 - ICE FUTURES U.S.,080732,2018-07-24,2018-07-27T19:30:00Z,cftc_ordinary_rule_estimate_not_holiday_verified,cftc_sugar_no11_selected_history_e1eadfec2053,https://publicreporting.cftc.gov/resource/72hh-3qpy.json?%24select=report_date_as_yyyy_mm_dd%2Ccftc_contract_market_code%2Cmarket_and_exchange_names%2Copen_interest_all%2Cm_money_positions_long_all%2Cm_money_positions_short_all%2Cm_money_positions_spread%2Ccontract_units%2Cfutonly_or_combined&%24where=cftc_contract_market_code%3D%27080732%27+AND+report_date_as_yyyy_mm_dd%3E%3D%272009-09-01T00%3A00%3A00.000%27+AND+report_date_as_yyyy_mm_dd%3C%3D%272026-08-11T00%3A00%3A00.000%27&%24order=report_date_as_yyyy_mm_dd&%24limit=5000,e1eadfec20535920e28d87b1a02245d9241765f4ae199f31c25d130fdaf7d93a,177400,260071,-82671,976927,-0.08462351844098893776095859773,464,-0.100017323711400192279972335,-0.08925721806366702311425516164,false,true,false,false,cftc_normalized_net_q10_reversal_v1
SUGAR NO. 11 - ICE FUTURES U.S.,080732,2018-07-31,2018-08-03T19:30:00Z,cftc_ordinary_rule_estimate_not_holiday_verified,cftc_sugar_no11_selected_history_e1eadfec2053,https://publicreporting.cftc.gov/resource/72hh-3qpy.json?%24select=report_date_as_yyyy_mm_dd%2Ccftc_contract_market_code%2Cmarket_and_exchange_names%2Copen_interest_all%2Cm_money_positions_long_all%2Cm_money_positions_short_all%2Cm_money_positions_spread%2Ccontract_units%2Cfutonly_or_combined&%24where=cftc_contract_market_code%3D%27080732%27+AND+report_date_as_yyyy_mm_dd%3E%3D%272009-09-01T00%3A00%3A00.000%27+AND+report_date_as_yyyy_mm_dd%3C%3D%272026-08-11T00%3A00%3A00.000%27&%24order=report_date_as_yyyy_mm_dd&%24limit=5000,e1eadfec20535920e28d87b1a02245d9241765f4ae199f31c25d130fdaf7d93a,162458,286267,-123809,1030191,-0.1201806266993208055593574395,465,-0.100017323711400192279972335,-0.08462351844098893776095859773,false,false,false,false,cftc_normalized_net_q10_reversal_v1
SUGAR NO. 11 - ICE FUTURES U.S.,080732,2018-08-07,2018-08-10T19:30:00Z,cftc_ordinary_rule_estimate_not_holiday_verified,cftc_sugar_no11_selected_history_e1eadfec2053,https://publicreporting.cftc.gov/resource/72hh-3qpy.json?%24select=report_date_as_yyyy_mm_dd%2Ccftc_contract_market_code%2Cmarket_and_exchange_names%2Copen_interest_all%2Cm_money_positions_long_all%2Cm_money_positions_short_all%2Cm_money_positions_spread%2Ccontract_units%2Cfutonly_or_combined&%24where=cftc_contract_market_code%3D%27080732%27+AND+report_date_as_yyyy_mm_dd%3E%3D%272009-09-01T00%3A00%3A00.000%27+AND+report_date_as_yyyy_mm_dd%3C%3D%272026-08-11T00%3A00%3A00.000%27&%24order=report_date_as_yyyy_mm_dd&%24limit=5000,e1eadfec20535920e28d87b1a02245d9241765f4ae199f31c25d130fdaf7d93a,163697,287626,-123929,1035639,-0.1196642845624778518383336278,466,-0.1006183922328461311654942926,-0.1201806266993208055593574395,true,true,false,false,cftc_normalized_net_q10_reversal_v1
SUGAR NO. 11 - ICE FUTURES U.S.,080732,2018-08-14,2018-08-17T19:30:00Z,cftc_ordinary_rule_estimate_not_holiday_verified,cftc_sugar_no11_selected_history_e1eadfec2053,https://publicreporting.cftc.gov/resource/72hh-3qpy.json?%24select=report_date_as_yyyy_mm_dd%2Ccftc_contract_market_code%2Cmarket_and_exchange_names%2Copen_interest_all%2Cm_money_positions_long_all%2Cm_money_positions_short_all%2Cm_money_positions_spread%2Ccontract_units%2Cfutonly_or_combined&%24where=cftc_contract_market_code%3D%27080732%27+AND+report_date_as_yyyy_mm_dd%3E%3D%272009-09-01T00%3A00%3A00.000%27+AND+report_date_as_yyyy_mm_dd%3C%3D%272026-08-11T00%3A00%3A00.000%27&%24order=report_date_as_yyyy_mm_dd&%24limit=5000,e1eadfec20535920e28d87b1a02245d9241765f4ae199f31c25d130fdaf7d93a,158014,298036,-140022,1034096,-0.1354052234995590351379369033,467,-0.1041684228272780915451403524,-0.1196642845624778518383336278,true,false,true,false,cftc_normalized_net_q10_reversal_v1
SUGAR NO. 11 - ICE FUTURES U.S.,080732,2018-08-21,2018-08-24T19:30:00Z,cftc_ordinary_rule_estimate_not_holiday_verified,cftc_sugar_no11_selected_history_e1eadfec2053,https://publicreporting.cftc.gov/resource/72hh-3qpy.json?%24select=report_date_as_yyyy_mm_dd%2Ccftc_contract_market_code%2Cmarket_and_exchange_names%2Copen_interest_all%2Cm_money_positions_long_all%2Cm_money_positions_short_all%2Cm_money_positions_spread%2Ccontract_units%2Cfutonly_or_combined&%24where=cftc_contract_market_code%3D%27080732%27+AND+report_date_as_yyyy_mm_dd%3E%3D%272009-09-01T00%3A00%3A00.000%27+AND+report_date_as_yyyy_mm_dd%3C%3D%272026-08-11T00%3A00%3A00.000%27&%24order=report_date_as_yyyy_mm_dd&%24limit=5000,e1eadfec20535920e28d87b1a02245d9241765f4ae199f31c25d130fdaf7d93a,155218,310184,-154966,1056652,-0.1466575561301166325337007832,468,-0.1070946825950926839565683454,-0.1354052234995590351379369033,true,false,true,false,cftc_normalized_net_q10_reversal_v1
SUGAR NO. 11 - ICE FUTURES U.S.,080732,2018-08-28,2018-08-31T19:30:00Z,cftc_ordinary_rule_estimate_not_holiday_verified,cftc_sugar_no11_selected_history_e1eadfec2053,https://publicreporting.cftc.gov/resource/72hh-3qpy.json?%24select=report_date_as_yyyy_mm_dd%2Ccftc_contract_market_code%2Cmarket_and_exchange_names%2Copen_interest_all%2Cm_money_positions_long_all%2Cm_money_positions_short_all%2Cm_money_positions_spread%2Ccontract_units%2Cfutonly_or_combined&%24where=cftc_contract_market_code%3D%27080732%27+AND+report_date_as_yyyy_mm_dd%3E%3D%272009-09-01T00%3A00%3A00.000%27+AND+report_date_as_yyyy_mm_dd%3C%3D%272026-08-11T00%3A00%3A00.000%27&%24order=report_date_as_yyyy_mm_dd&%24limit=5000,e1eadfec20535920e28d87b1a02245d9241765f4ae199f31c25d130fdaf7d93a,152109,310507,-158398,1049962,-0.1508606978157304740552515234,469,-0.1071626196851405538232370782,-0.1466575561301166325337007832,true,false,true,false,cftc_normalized_net_q10_reversal_v1
SUGAR NO. 11 - ICE FUTURES U.S.,080732,2018-09-04,2018-09-07T19:30:00Z,cftc_ordinary_rule_estimate_not_holiday_verified,cftc_sugar_no11_selected_history_e1eadfec2053,https://publicreporting.cftc.gov/resource/72hh-3qpy.json?%24select=report_date_as_yyyy_mm_dd%2Ccftc_contract_market_code%2Cmarket_and_exchange_names%2Copen_interest_all%2Cm_money_positions_long_all%2Cm_money_positions_short_all%2Cm_money_positions_spread%2Ccontract_units%2Cfutonly_or_combined&%24where=cftc_contract_market_code%3D%27080732%27+AND+report_date_as_yyyy_mm_dd%3E%3D%272009-09-01T00%3A00%3A00.000%27+AND+report_date_as_yyyy_mm_dd%3C%3D%272026-08-11T00%3A00%3A00.000%27&%24order=report_date_as_yyyy_mm_dd&%24limit=5000,e1eadfec20535920e28d87b1a02245d9241765f4ae199f31c25d130fdaf7d93a,150164,312097,-161933,1010628,-0.1602300747653933989558967296,470,-0.1074114885811837868056421842,-0.1508606978157304740552515234,true,false,true,false,cftc_normalized_net_q10_reversal_v1
SUGAR NO. 11 - ICE FUTURES U.S.,080732,2018-09-11,2018-09-14T19:30:00Z,cftc_official_event_weekly_page_verified,cftc_sugar_no11_selected_history_e1eadfec2053,https://publicreporting.cftc.gov/resource/72hh-3qpy.json?%24select=report_date_as_yyyy_mm_dd%2Ccftc_contract_market_code%2Cmarket_and_exchange_names%2Copen_interest_all%2Cm_money_positions_long_all%2Cm_money_positions_short_all%2Cm_money_positions_spread%2Ccontract_units%2Cfutonly_or_combined&%24where=cftc_contract_market_code%3D%27080732%27+AND+report_date_as_yyyy_mm_dd%3E%3D%272009-09-01T00%3A00%3A00.000%27+AND+report_date_as_yyyy_mm_dd%3C%3D%272026-08-11T00%3A00%3A00.000%27&%24order=report_date_as_yyyy_mm_dd&%24limit=5000,e1eadfec20535920e28d87b1a02245d9241765f4ae199f31c25d130fdaf7d93a,145646,274669,-129023,907199,-0.1422212766989381602052030481,471,-0.1074114885811837868056421842,-0.1602300747653933989558967296,true,true,true,true,cftc_normalized_net_q10_reversal_v1
SUGAR NO. 11 - ICE FUTURES U.S.,080732,2018-09-18,2018-09-21T19:30:00Z,cftc_ordinary_rule_estimate_not_holiday_verified,cftc_sugar_no11_selected_history_e1eadfec2053,https://publicreporting.cftc.gov/resource/72hh-3qpy.json?%24select=report_date_as_yyyy_mm_dd%2Ccftc_contract_market_code%2Cmarket_and_exchange_names%2Copen_interest_all%2Cm_money_positions_long_all%2Cm_money_positions_short_all%2Cm_money_positions_spread%2Ccontract_units%2Cfutonly_or_combined&%24where=cftc_contract_market_code%3D%27080732%27+AND+report_date_as_yyyy_mm_dd%3E%3D%272009-09-01T00%3A00%3A00.000%27+AND+report_date_as_yyyy_mm_dd%3C%3D%272026-08-11T00%3A00%3A00.000%27&%24order=report_date_as_yyyy_mm_dd&%24limit=5000,e1eadfec20535920e28d87b1a02245d9241765f4ae199f31c25d130fdaf7d93a,151649,210772,-59123,811721,-0.07283660272433508557743362559,472,-0.108842888352273125886596969,-0.1422212766989381602052030481,true,true,false,false,cftc_normalized_net_q10_reversal_v1
SUGAR NO. 11 - ICE FUTURES U.S.,080732,2018-09-25,2018-09-28T19:30:00Z,cftc_ordinary_rule_estimate_not_holiday_verified,cftc_sugar_no11_selected_history_e1eadfec2053,https://publicreporting.cftc.gov/resource/72hh-3qpy.json?%24select=report_date_as_yyyy_mm_dd%2Ccftc_contract_market_code%2Cmarket_and_exchange_names%2Copen_interest_all%2Cm_money_positions_long_all%2Cm_money_positions_short_all%2Cm_money_positions_spread%2Ccontract_units%2Cfutonly_or_combined&%24where=cftc_contract_market_code%3D%27080732%27+AND+report_date_as_yyyy_mm_dd%3E%3D%272009-09-01T00%3A00%3A00.000%27+AND+report_date_as_yyyy_mm_dd%3C%3D%272026-08-11T00%3A00%3A00.000%27&%24order=report_date_as_yyyy_mm_dd&%24limit=5000,e1eadfec20535920e28d87b1a02245d9241765f4ae199f31c25d130fdaf7d93a,147115,236830,-89715,817701,-0.1097161431868127836458558813,473,-0.108842888352273125886596969,-0.07283660272433508557743362559,false,false,false,false,cftc_normalized_net_q10_reversal_v1
SUGAR NO. 11 - ICE FUTURES U.S.,080732,2018-10-02,2018-10-05T19:30:00Z,cftc_ordinary_rule_estimate_not_holiday_verified,cftc_sugar_no11_selected_history_e1eadfec2053,https://publicreporting.cftc.gov/resource/72hh-3qpy.json?%24select=report_date_as_yyyy_mm_dd%2Ccftc_contract_market_code%2Cmarket_and_exchange_names%2Copen_interest_all%2Cm_money_positions_long_all%2Cm_money_positions_short_all%2Cm_money_positions_spread%2Ccontract_units%2Cfutonly_or_combined&%24where=cftc_contract_market_code%3D%27080732%27+AND+report_date_as_yyyy_mm_dd%3E%3D%272009-09-01T00%3A00%3A00.000%27+AND+report_date_as_yyyy_mm_dd%3C%3D%272026-08-11T00%3A00%3A00.000%27&%24order=report_date_as_yyyy_mm_dd&%24limit=5000,e1eadfec20535920e28d87b1a02245d9241765f4ae199f31c25d130fdaf7d93a,145096,247535,-102439,812368,-0.1260992555098182104661926615,474,-0.1088995818213735208043265497,-0.1097161431868127836458558813,true,false,false,false,cftc_normalized_net_q10_reversal_v1
SUGAR NO. 11 - ICE FUTURES U.S.,080732,2018-10-09,2018-10-12T19:30:00Z,cftc_ordinary_rule_estimate_not_holiday_verified,cftc_sugar_no11_selected_history_e1eadfec2053,https://publicreporting.cftc.gov/resource/72hh-3qpy.json?%24select=report_date_as_yyyy_mm_dd%2Ccftc_contract_market_code%2Cmarket_and_exchange_names%2Copen_interest_all%2Cm_money_positions_long_all%2Cm_money_positions_short_all%2Cm_money_positions_spread%2Ccontract_units%2Cfutonly_or_combined&%24where=cftc_contract_market_code%3D%27080732%27+AND+report_date_as_yyyy_mm_dd%3E%3D%272009-09-01T00%3A00%3A00.000%27+AND+report_date_as_yyyy_mm_dd%3C%3D%272026-08-11T00%3A00%3A00.000%27&%24order=report_date_as_yyyy_mm_dd&%24limit=5000,e1eadfec20535920e28d87b1a02245d9241765f4ae199f31c25d130fdaf7d93a,140840,178235,-37395,748480,-0.04996125480974775545104745618,475,-0.1097161431868127836458558813,-0.1260992555098182104661926615,true,true,false,false,cftc_normalized_net_q10_reversal_v1
SUGAR NO. 11 - ICE FUTURES U.S.,080732,2018-10-16,2018-10-19T19:30:00Z,cftc_ordinary_rule_estimate_not_holiday_verified,cftc_sugar_no11_selected_history_e1eadfec2053,https://publicreporting.cftc.gov/resource/72hh-3qpy.json?%24select=report_date_as_yyyy_mm_dd%2Ccftc_contract_market_code%2Cmarket_and_exchange_names%2Copen_interest_all%2Cm_money_positions_long_all%2Cm_money_positions_short_all%2Cm_money_positions_spread%2Ccontract_units%2Cfutonly_or_combined&%24where=cftc_contract_market_code%3D%27080732%27+AND+report_date_as_yyyy_mm_dd%3E%3D%272009-09-01T00%3A00%3A00.000%27+AND+report_date_as_yyyy_mm_dd%3C%3D%272026-08-11T00%3A00%3A00.000%27&%24order=report_date_as_yyyy_mm_dd&%24limit=5000,e1eadfec20535920e28d87b1a02245d9241765f4ae199f31c25d130fdaf7d93a,140611,124241,16370,744792,0.0219792908624152783595956992,476,-0.1097161431868127836458558813,-0.04996125480974775545104745618,false,true,false,false,cftc_normalized_net_q10_reversal_v1
SUGAR NO. 11 - ICE FUTURES U.S.,080732,2018-10-23,2018-10-26T19:30:00Z,cftc_ordinary_rule_estimate_not_holiday_verified,cftc_sugar_no11_selected_history_e1eadfec2053,https://publicreporting.cftc.gov/resource/72hh-3qpy.json?%24select=report_date_as_yyyy_mm_dd%2Ccftc_contract_market_code%2Cmarket_and_exchange_names%2Copen_interest_all%2Cm_money_positions_long_all%2Cm_money_positions_short_all%2Cm_money_positions_spread%2Ccontract_units%2Cfutonly_or_combined&%24where=cftc_contract_market_code%3D%27080732%27+AND+report_date_as_yyyy_mm_dd%3E%3D%272009-09-01T00%3A00%3A00.000%27+AND+report_date_as_yyyy_mm_dd%3C%3D%272026-08-11T00%3A00%3A00.000%27&%24order=report_date_as_yyyy_mm_dd&%24limit=5000,e1eadfec20535920e28d87b1a02245d9241765f4ae199f31c25d130fdaf7d93a,163144,93497,69647,778533,0.08945927789830360434304005097,477,-0.1097161431868127836458558813,0.0219792908624152783595956992,false,true,false,false,cftc_normalized_net_q10_reversal_v1
SUGAR NO. 11 - ICE FUTURES U.S.,080732,2018-10-30,2018-11-02T19:30:00Z,cftc_ordinary_rule_estimate_not_holiday_verified,cftc_sugar_no11_selected_history_e1eadfec2053,https://publicreporting.cftc.gov/resource/72hh-3qpy.json?%24select=report_date_as_yyyy_mm_dd%2Ccftc_contract_market_code%2Cmarket_and_exchange_names%2Copen_interest_all%2Cm_money_positions_long_all%2Cm_money_positions_short_all%2Cm_money_positions_spread%2Ccontract_units%2Cfutonly_or_combined&%24where=cftc_contract_market_code%3D%27080732%27+AND+report_date_as_yyyy_mm_dd%3E%3D%272009-09-01T00%3A00%3A00.000%27+AND+report_date_as_yyyy_mm_dd%3C%3D%272026-08-11T00%3A00%3A00.000%27&%24order=report_date_as_yyyy_mm_dd&%24limit=5000,e1eadfec20535920e28d87b1a02245d9241765f4ae199f31c25d130fdaf7d93a,173417,86556,86861,801819,0.1083299348107241160411514319,478,-0.1097161431868127836458558813,0.08945927789830360434304005097,false,true,false,false,cftc_normalized_net_q10_reversal_v1
SUGAR NO. 11 - ICE FUTURES U.S.,080732,2018-11-06,2018-11-09T20:30:00Z,cftc_ordinary_rule_estimate_not_holiday_verified,cftc_sugar_no11_selected_history_e1eadfec2053,https://publicreporting.cftc.gov/resource/72hh-3qpy.json?%24select=report_date_as_yyyy_mm_dd%2Ccftc_contract_market_code%2Cmarket_and_exchange_names%2Copen_interest_all%2Cm_money_positions_long_all%2Cm_money_positions_short_all%2Cm_money_positions_spread%2Ccontract_units%2Cfutonly_or_combined&%24where=cftc_contract_market_code%3D%27080732%27+AND+report_date_as_yyyy_mm_dd%3E%3D%272009-09-01T00%3A00%3A00.000%27+AND+report_date_as_yyyy_mm_dd%3C%3D%272026-08-11T00%3A00%3A00.000%27&%24order=report_date_as_yyyy_mm_dd&%24limit=5000,e1eadfec20535920e28d87b1a02245d9241765f4ae199f31c25d130fdaf7d93a,158390,85963,72427,773056,0.09368920233463035019455252918,479,-0.1097161431868127836458558813,0.1083299348107241160411514319,false,false,false,false,cftc_normalized_net_q10_reversal_v1
SUGAR NO. 11 - ICE FUTURES U.S.,080732,2018-11-13,2018-11-16T20:30:00Z,cftc_ordinary_rule_estimate_not_holiday_verified,cftc_sugar_no11_selected_history_e1eadfec2053,https://publicreporting.cftc.gov/resource/72hh-3qpy.json?%24select=report_date_as_yyyy_mm_dd%2Ccftc_contract_market_code%2Cmarket_and_exchange_names%2Copen_interest_all%2Cm_money_positions_long_all%2Cm_money_positions_short_all%2Cm_money_positions_spread%2Ccontract_units%2Cfutonly_or_combined&%24where=cftc_contract_market_code%3D%27080732%27+AND+report_date_as_yyyy_mm_dd%3E%3D%272009-09-01T00%3A00%3A00.000%27+AND+report_date_as_yyyy_mm_dd%3C%3D%272026-08-11T00%3A00%3A00.000%27&%24order=report_date_as_yyyy_mm_dd&%24limit=5000,e1eadfec20535920e28d87b1a02245d9241765f4ae199f31c25d130fdaf7d93a,141237,101631,39606,789728,0.05015144454799627213420316869,480,-0.1097161431868127836458558813,0.09368920233463035019455252918,false,false,false,false,cftc_normalized_net_q10_reversal_v1
SUGAR NO. 11 - ICE FUTURES U.S.,080732,2018-11-20,2018-11-23T20:30:00Z,cftc_ordinary_rule_estimate_not_holiday_verified,cftc_sugar_no11_selected_history_e1eadfec2053,https://publicreporting.cftc.gov/resource/72hh-3qpy.json?%24select=report_date_as_yyyy_mm_dd%2Ccftc_contract_market_code%2Cmarket_and_exchange_names%2Copen_interest_all%2Cm_money_positions_long_all%2Cm_money_positions_short_all%2Cm_money_positions_spread%2Ccontract_units%2Cfutonly_or_combined&%24where=cftc_contract_market_code%3D%27080732%27+AND+report_date_as_yyyy_mm_dd%3E%3D%272009-09-01T00%3A00%3A00.000%27+AND+report_date_as_yyyy_mm_dd%3C%3D%272026-08-11T00%3A00%3A00.000%27&%24order=report_date_as_yyyy_mm_dd&%24limit=5000,e1eadfec20535920e28d87b1a02245d9241765f4ae199f31c25d130fdaf7d93a,129370,113385,15985,796564,0.02006743965331097061880777941,481,-0.1088995818213735208043265497,0.05015144454799627213420316869,false,false,false,false,cftc_normalized_net_q10_reversal_v1
SUGAR NO. 11 - ICE FUTURES U.S.,080732,2018-11-27,2018-11-30T20:30:00Z,cftc_ordinary_rule_estimate_not_holiday_verified,cftc_sugar_no11_selected_history_e1eadfec2053,https://publicreporting.cftc.gov/resource/72hh-3qpy.json?%24select=report_date_as_yyyy_mm_dd%2Ccftc_contract_market_code%2Cmarket_and_exchange_names%2Copen_interest_all%2Cm_money_positions_long_all%2Cm_money_positions_short_all%2Cm_money_positions_spread%2Ccontract_units%2Cfutonly_or_combined&%24where=cftc_contract_market_code%3D%27080732%27+AND+report_date_as_yyyy_mm_dd%3E%3D%272009-09-01T00%3A00%3A00.000%27+AND+report_date_as_yyyy_mm_dd%3C%3D%272026-08-11T00%3A00%3A00.000%27&%24order=report_date_as_yyyy_mm_dd&%24limit=5000,e1eadfec20535920e28d87b1a02245d9241765f4ae199f31c25d130fdaf7d93a,125465,120091,5374,812476,0.006614349223853996918062810471,482,-0.1088995818213735208043265497,0.02006743965331097061880777941,false,false,false,false,cftc_normalized_net_q10_reversal_v1
SUGAR NO. 11 - ICE FUTURES U.S.,080732,2018-12-04,2018-12-10T20:30:00Z,cftc_official_historical_release_verified,cftc_sugar_no11_selected_history_e1eadfec2053,https://publicreporting.cftc.gov/resource/72hh-3qpy.json?%24select=report_date_as_yyyy_mm_dd%2Ccftc_contract_market_code%2Cmarket_and_exchange_names%2Copen_interest_all%2Cm_money_positions_long_all%2Cm_money_positions_short_all%2Cm_money_positions_spread%2Ccontract_units%2Cfutonly_or_combined&%24where=cftc_contract_market_code%3D%27080732%27+AND+report_date_as_yyyy_mm_dd%3E%3D%272009-09-01T00%3A00%3A00.000%27+AND+report_date_as_yyyy_mm_dd%3C%3D%272026-08-11T00%3A00%3A00.000%27&%24order=report_date_as_yyyy_mm_dd&%24limit=5000,e1eadfec20535920e28d87b1a02245d9241765f4ae199f31c25d130fdaf7d93a,116641,118136,-1495,818050,-0.001827516655461157630951653322,483,-0.1088995818213735208043265497,0.006614349223853996918062810471,false,false,false,false,cftc_normalized_net_q10_reversal_v1
SUGAR NO. 11 - ICE FUTURES U.S.,080732,2018-12-11,2018-12-14T20:30:00Z,cftc_ordinary_rule_estimate_not_holiday_verified,cftc_sugar_no11_selected_history_e1eadfec2053,https://publicreporting.cftc.gov/resource/72hh-3qpy.json?%24select=report_date_as_yyyy_mm_dd%2Ccftc_contract_market_code%2Cmarket_and_exchange_names%2Copen_interest_all%2Cm_money_positions_long_all%2Cm_money_positions_short_all%2Cm_money_positions_spread%2Ccontract_units%2Cfutonly_or_combined&%24where=cftc_contract_market_code%3D%27080732%27+AND+report_date_as_yyyy_mm_dd%3E%3D%272009-09-01T00%3A00%3A00.000%27+AND+report_date_as_yyyy_mm_dd%3C%3D%272026-08-11T00%3A00%3A00.000%27&%24order=report_date_as_yyyy_mm_dd&%24limit=5000,e1eadfec20535920e28d87b1a02245d9241765f4ae199f31c25d130fdaf7d93a,116580,115726,854,816921,0.001045388721798068601492677995,484,-0.1088995818213735208043265497,-0.001827516655461157630951653322,false,true,true,false,cftc_normalized_net_q10_reversal_v1
SUGAR NO. 11 - ICE FUTURES U.S.,080732,2018-12-18,2018-12-21T20:30:00Z,cftc_ordinary_rule_estimate_not_holiday_verified,cftc_sugar_no11_selected_history_e1eadfec2053,https://publicreporting.cftc.gov/resource/72hh-3qpy.json?%24select=report_date_as_yyyy_mm_dd%2Ccftc_contract_market_code%2Cmarket_and_exchange_names%2Copen_interest_all%2Cm_money_positions_long_all%2Cm_money_positions_short_all%2Cm_money_positions_spread%2Ccontract_units%2Cfutonly_or_combined&%24where=cftc_contract_market_code%3D%27080732%27+AND+report_date_as_yyyy_mm_dd%3E%3D%272009-09-01T00%3A00%3A00.000%27+AND+report_date_as_yyyy_mm_dd%3C%3D%272026-08-11T00%3A00%3A00.000%27&%24order=report_date_as_yyyy_mm_dd&%24limit=5000,e1eadfec20535920e28d87b1a02245d9241765f4ae199f31c25d130fdaf7d93a,114706,143888,-29182,853309,-0.03419863144534980880314165209,485,-0.1088995818213735208043265497,0.001045388721798068601492677995,false,false,true,false,cftc_normalized_net_q10_reversal_v1
SUGAR NO. 11 - ICE FUTURES U.S.,080732,2018-12-24,2019-02-01T20:30:00Z,cftc_official_shutdown_catch_up_verified,cftc_sugar_no11_selected_history_e1eadfec2053,https://publicreporting.cftc.gov/resource/72hh-3qpy.json?%24select=report_date_as_yyyy_mm_dd%2Ccftc_contract_market_code%2Cmarket_and_exchange_names%2Copen_interest_all%2Cm_money_positions_long_all%2Cm_money_positions_short_all%2Cm_money_positions_spread%2Ccontract_units%2Cfutonly_or_combined&%24where=cftc_contract_market_code%3D%27080732%27+AND+report_date_as_yyyy_mm_dd%3E%3D%272009-09-01T00%3A00%3A00.000%27+AND+report_date_as_yyyy_mm_dd%3C%3D%272026-08-11T00%3A00%3A00.000%27&%24order=report_date_as_yyyy_mm_dd&%24limit=5000,e1eadfec20535920e28d87b1a02245d9241765f4ae199f31c25d130fdaf7d93a,113088,148376,-35288,868536,-0.04062928882625475512816970166,486,-0.1088995818213735208043265497,-0.03419863144534980880314165209,false,false,true,false,cftc_normalized_net_q10_reversal_v1
SUGAR NO. 11 - ICE FUTURES U.S.,080732,2018-12-31,2019-02-05T20:30:00Z,cftc_official_shutdown_catch_up_verified,cftc_sugar_no11_selected_history_e1eadfec2053,https://publicreporting.cftc.gov/resource/72hh-3qpy.json?%24select=report_date_as_yyyy_mm_dd%2Ccftc_contract_market_code%2Cmarket_and_exchange_names%2Copen_interest_all%2Cm_money_positions_long_all%2Cm_money_positions_short_all%2Cm_money_positions_spread%2Ccontract_units%2Cfutonly_or_combined&%24where=cftc_contract_market_code%3D%27080732%27+AND+report_date_as_yyyy_mm_dd%3E%3D%272009-09-01T00%3A00%3A00.000%27+AND+report_date_as_yyyy_mm_dd%3C%3D%272026-08-11T00%3A00%3A00.000%27&%24order=report_date_as_yyyy_mm_dd&%24limit=5000,e1eadfec20535920e28d87b1a02245d9241765f4ae199f31c25d130fdaf7d93a,110402,164800,-54398,879349,-0.06186167266921324752743222543,487,-0.1088995818213735208043265497,-0.04062928882625475512816970166,false,false,true,false,cftc_normalized_net_q10_reversal_v1
SUGAR NO. 11 - ICE FUTURES U.S.,080732,2019-01-08,2019-02-08T20:30:00Z,cftc_official_shutdown_catch_up_verified,cftc_sugar_no11_selected_history_e1eadfec2053,https://publicreporting.cftc.gov/resource/72hh-3qpy.json?%24select=report_date_as_yyyy_mm_dd%2Ccftc_contract_market_code%2Cmarket_and_exchange_names%2Copen_interest_all%2Cm_money_positions_long_all%2Cm_money_positions_short_all%2Cm_money_positions_spread%2Ccontract_units%2Cfutonly_or_combined&%24where=cftc_contract_market_code%3D%27080732%27+AND+report_date_as_yyyy_mm_dd%3E%3D%272009-09-01T00%3A00%3A00.000%27+AND+report_date_as_yyyy_mm_dd%3C%3D%272026-08-11T00%3A00%3A00.000%27&%24order=report_date_as_yyyy_mm_dd&%24limit=5000,e1eadfec20535920e28d87b1a02245d9241765f4ae199f31c25d130fdaf7d93a,107774,176336,-68562,901214,-0.07607738006733139964536724907,488,-0.1088995818213735208043265497,-0.06186167266921324752743222543,false,false,true,false,cftc_normalized_net_q10_reversal_v1
SUGAR NO. 11 - ICE FUTURES U.S.,080732,2019-01-15,2019-02-12T20:30:00Z,cftc_official_shutdown_catch_up_verified,cftc_sugar_no11_selected_history_e1eadfec2053,https://publicreporting.cftc.gov/resource/72hh-3qpy.json?%24select=report_date_as_yyyy_mm_dd%2Ccftc_contract_market_code%2Cmarket_and_exchange_names%2Copen_interest_all%2Cm_money_positions_long_all%2Cm_money_positions_short_all%2Cm_money_positions_spread%2Ccontract_units%2Cfutonly_or_combined&%24where=cftc_contract_market_code%3D%27080732%27+AND+report_date_as_yyyy_mm_dd%3E%3D%272009-09-01T00%3A00%3A00.000%27+AND+report_date_as_yyyy_mm_dd%3C%3D%272026-08-11T00%3A00%3A00.000%27&%24order=report_date_as_yyyy_mm_dd&%24limit=5000,e1eadfec20535920e28d87b1a02245d9241765f4ae199f31c25d130fdaf7d93a,109238,151950,-42712,890199,-0.04798028306030449371432679659,489,-0.1088995818213735208043265497,-0.07607738006733139964536724907,false,true,true,false,cftc_normalized_net_q10_reversal_v1
SUGAR NO. 11 - ICE FUTURES U.S.,080732,2019-01-22,2019-02-15T20:30:00Z,cftc_official_shutdown_catch_up_verified,cftc_sugar_no11_selected_history_e1eadfec2053,https://publicreporting.cftc.gov/resource/72hh-3qpy.json?%24select=report_date_as_yyyy_mm_dd%2Ccftc_contract_market_code%2Cmarket_and_exchange_names%2Copen_interest_all%2Cm_money_positions_long_all%2Cm_money_positions_short_all%2Cm_money_positions_spread%2Ccontract_units%2Cfutonly_or_combined&%24where=cftc_contract_market_code%3D%27080732%27+AND+report_date_as_yyyy_mm_dd%3E%3D%272009-09-01T00%3A00%3A00.000%27+AND+report_date_as_yyyy_mm_dd%3C%3D%272026-08-11T00%3A00%3A00.000%27&%24order=report_date_as_yyyy_mm_dd&%24limit=5000,e1eadfec20535920e28d87b1a02245d9241765f4ae199f31c25d130fdaf7d93a,103909,133462,-29553,905783,-0.03262701993744638616533982201,490,-0.1088995818213735208043265497,-0.04798028306030449371432679659,false,true,true,false,cftc_normalized_net_q10_reversal_v1
SUGAR NO. 11 - ICE FUTURES U.S.,080732,2019-01-29,2019-02-19T20:30:00Z,cftc_official_shutdown_catch_up_verified,cftc_sugar_no11_selected_history_e1eadfec2053,https://publicreporting.cftc.gov/resource/72hh-3qpy.json?%24select=report_date_as_yyyy_mm_dd%2Ccftc_contract_market_code%2Cmarket_and_exchange_names%2Copen_interest_all%2Cm_money_positions_long_all%2Cm_money_positions_short_all%2Cm_money_positions_spread%2Ccontract_units%2Cfutonly_or_combined&%24where=cftc_contract_market_code%3D%27080732%27+AND+report_date_as_yyyy_mm_dd%3E%3D%272009-09-01T00%3A00%3A00.000%27+AND+report_date_as_yyyy_mm_dd%3C%3D%272026-08-11T00%3A00%3A00.000%27&%24order=report_date_as_yyyy_mm_dd&%24limit=5000,e1eadfec20535920e28d87b1a02245d9241765f4ae199f31c25d130fdaf7d93a,103561,142811,-39250,913025,-0.04298896525286821280906875496,491,-0.108842888352273125886596969,-0.03262701993744638616533982201,false,false,true,false,cftc_normalized_net_q10_reversal_v1
SUGAR NO. 11 - ICE FUTURES U.S.,080732,2019-02-05,2019-02-22T20:30:00Z,cftc_official_shutdown_catch_up_verified,cftc_sugar_no11_selected_history_e1eadfec2053,https://publicreporting.cftc.gov/resource/72hh-3qpy.json?%24select=report_date_as_yyyy_mm_dd%2Ccftc_contract_market_code%2Cmarket_and_exchange_names%2Copen_interest_all%2Cm_money_positions_long_all%2Cm_money_positions_short_all%2Cm_money_positions_spread%2Ccontract_units%2Cfutonly_or_combined&%24where=cftc_contract_market_code%3D%27080732%27+AND+report_date_as_yyyy_mm_dd%3E%3D%272009-09-01T00%3A00%3A00.000%27+AND+report_date_as_yyyy_mm_dd%3C%3D%272026-08-11T00%3A00%3A00.000%27&%24order=report_date_as_yyyy_mm_dd&%24limit=5000,e1eadfec20535920e28d87b1a02245d9241765f4ae199f31c25d130fdaf7d93a,111615,151020,-39405,937769,-0.04201994307766624829782174501,492,-0.108842888352273125886596969,-0.04298896525286821280906875496,false,true,true,false,cftc_normalized_net_q10_reversal_v1
SUGAR NO. 11 - ICE FUTURES U.S.,080732,2019-02-12,2019-02-26T20:30:00Z,cftc_official_shutdown_catch_up_verified,cftc_sugar_no11_selected_history_e1eadfec2053,https://publicreporting.cftc.gov/resource/72hh-3qpy.json?%24select=report_date_as_yyyy_mm_dd%2Ccftc_contract_market_code%2Cmarket_and_exchange_names%2Copen_interest_all%2Cm_money_positions_long_all%2Cm_money_positions_short_all%2Cm_money_positions_spread%2Ccontract_units%2Cfutonly_or_combined&%24where=cftc_contract_market_code%3D%27080732%27+AND+report_date_as_yyyy_mm_dd%3E%3D%272009-09-01T00%3A00%3A00.000%27+AND+report_date_as_yyyy_mm_dd%3C%3D%272026-08-11T00%3A00%3A00.000%27&%24order=report_date_as_yyyy_mm_dd&%24limit=5000,e1eadfec20535920e28d87b1a02245d9241765f4ae199f31c25d130fdaf7d93a,118133,157419,-39286,904601,-0.0434290919421932984818721182,493,-0.108842888352273125886596969,-0.04201994307766624829782174501,false,false,true,false,cftc_normalized_net_q10_reversal_v1
SUGAR NO. 11 - ICE FUTURES U.S.,080732,2019-02-19,2019-03-01T20:30:00Z,cftc_official_shutdown_catch_up_verified,cftc_sugar_no11_selected_history_e1eadfec2053,https://publicreporting.cftc.gov/resource/72hh-3qpy.json?%24select=report_date_as_yyyy_mm_dd%2Ccftc_contract_market_code%2Cmarket_and_exchange_names%2Copen_interest_all%2Cm_money_positions_long_all%2Cm_money_positions_short_all%2Cm_money_positions_spread%2Ccontract_units%2Cfutonly_or_combined&%24where=cftc_contract_market_code%3D%27080732%27+AND+report_date_as_yyyy_mm_dd%3E%3D%272009-09-01T00%3A00%3A00.000%27+AND+report_date_as_yyyy_mm_dd%3C%3D%272026-08-11T00%3A00%3A00.000%27&%24order=report_date_as_yyyy_mm_dd&%24limit=5000,e1eadfec20535920e28d87b1a02245d9241765f4ae199f31c25d130fdaf7d93a,116875,157939,-41064,871056,-0.04714277842067559376205433405,494,-0.108842888352273125886596969,-0.0434290919421932984818721182,false,false,true,false,cftc_normalized_net_q10_reversal_v1
SUGAR NO. 11 - ICE FUTURES U.S.,080732,2019-02-26,2019-03-05T20:30:00Z,cftc_official_shutdown_catch_up_verified,cftc_sugar_no11_selected_history_e1eadfec2053,https://publicreporting.cftc.gov/resource/72hh-3qpy.json?%24select=report_date_as_yyyy_mm_dd%2Ccftc_contract_market_code%2Cmarket_and_exchange_names%2Copen_interest_all%2Cm_money_positions_long_all%2Cm_money_positions_short_all%2Cm_money_positions_spread%2Ccontract_units%2Cfutonly_or_combined&%24where=cftc_contract_market_code%3D%27080732%27+AND+report_date_as_yyyy_mm_dd%3E%3D%272009-09-01T00%3A00%3A00.000%27+AND+report_date_as_yyyy_mm_dd%3C%3D%272026-08-11T00%3A00%3A00.000%27&%24order=report_date_as_yyyy_mm_dd&%24limit=5000,e1eadfec20535920e28d87b1a02245d9241765f4ae199f31c25d130fdaf7d93a,119377,150630,-31253,839602,-0.03722358927205985693221312003,495,-0.108842888352273125886596969,-0.04714277842067559376205433405,false,true,true,false,cftc_normalized_net_q10_reversal_v1
SUGAR NO. 11 - ICE FUTURES U.S.,080732,2019-03-05,2019-03-08T20:30:00Z,cftc_official_shutdown_catch_up_verified,cftc_sugar_no11_selected_history_e1eadfec2053,https://publicreporting.cftc.gov/resource/72hh-3qpy.json?%24select=report_date_as_yyyy_mm_dd%2Ccftc_contract_market_code%2Cmarket_and_exchange_names%2Copen_interest_all%2Cm_money_positions_long_all%2Cm_money_positions_short_all%2Cm_money_positions_spread%2Ccontract_units%2Cfutonly_or_combined&%24where=cftc_contract_market_code%3D%27080732%27+AND+report_date_as_yyyy_mm_dd%3E%3D%272009-09-01T00%3A00%3A00.000%27+AND+report_date_as_yyyy_mm_dd%3C%3D%272026-08-11T00%3A00%3A00.000%27&%24order=report_date_as_yyyy_mm_dd&%24limit=5000,e1eadfec20535920e28d87b1a02245d9241765f4ae199f31c25d130fdaf7d93a,112251,182590,-70339,825365,-0.08522168979784701313964124963,496,-0.108842888352273125886596969,-0.03722358927205985693221312003,false,false,true,false,cftc_normalized_net_q10_reversal_v1
SUGAR NO. 11 - ICE FUTURES U.S.,080732,2019-03-12,2019-03-15T19:30:00Z,cftc_ordinary_rule_estimate_not_holiday_verified,cftc_sugar_no11_selected_history_e1eadfec2053,https://publicreporting.cftc.gov/resource/72hh-3qpy.json?%24select=report_date_as_yyyy_mm_dd%2Ccftc_contract_market_code%2Cmarket_and_exchange_names%2Copen_interest_all%2Cm_money_positions_long_all%2Cm_money_positions_short_all%2Cm_money_positions_spread%2Ccontract_units%2Cfutonly_or_combined&%24where=cftc_contract_market_code%3D%27080732%27+AND+report_date_as_yyyy_mm_dd%3E%3D%272009-09-01T00%3A00%3A00.000%27+AND+report_date_as_yyyy_mm_dd%3C%3D%272026-08-11T00%3A00%3A00.000%27&%24order=report_date_as_yyyy_mm_dd&%24limit=5000,e1eadfec20535920e28d87b1a02245d9241765f4ae199f31c25d130fdaf7d93a,112290,229481,-117191,881080,-0.1330083533844826803468470513,497,-0.108842888352273125886596969,-0.08522168979784701313964124963,false,false,true,false,cftc_normalized_net_q10_reversal_v1
SUGAR NO. 11 - ICE FUTURES U.S.,080732,2019-03-19,2019-03-22T19:30:00Z,cftc_official_event_weekly_page_verified,cftc_sugar_no11_selected_history_e1eadfec2053,https://publicreporting.cftc.gov/resource/72hh-3qpy.json?%24select=report_date_as_yyyy_mm_dd%2Ccftc_contract_market_code%2Cmarket_and_exchange_names%2Copen_interest_all%2Cm_money_positions_long_all%2Cm_money_positions_short_all%2Cm_money_positions_spread%2Ccontract_units%2Cfutonly_or_combined&%24where=cftc_contract_market_code%3D%27080732%27+AND+report_date_as_yyyy_mm_dd%3E%3D%272009-09-01T00%3A00%3A00.000%27+AND+report_date_as_yyyy_mm_dd%3C%3D%272026-08-11T00%3A00%3A00.000%27&%24order=report_date_as_yyyy_mm_dd&%24limit=5000,e1eadfec20535920e28d87b1a02245d9241765f4ae199f31c25d130fdaf7d93a,116812,217274,-100462,920560,-0.1091313982793082471539063179,498,-0.1088995818213735208043265497,-0.1330083533844826803468470513,true,true,true,true,cftc_normalized_net_q10_reversal_v1
SUGAR NO. 11 - ICE FUTURES U.S.,080732,2019-03-26,2019-04-04T03:59:59Z,cftc_current_snapshot_correction_conservative_eod,cftc_sugar_no11_selected_history_e1eadfec2053,https://publicreporting.cftc.gov/resource/72hh-3qpy.json?%24select=report_date_as_yyyy_mm_dd%2Ccftc_contract_market_code%2Cmarket_and_exchange_names%2Copen_interest_all%2Cm_money_positions_long_all%2Cm_money_positions_short_all%2Cm_money_positions_spread%2Ccontract_units%2Cfutonly_or_combined&%24where=cftc_contract_market_code%3D%27080732%27+AND+report_date_as_yyyy_mm_dd%3E%3D%272009-09-01T00%3A00%3A00.000%27+AND+report_date_as_yyyy_mm_dd%3C%3D%272026-08-11T00%3A00%3A00.000%27&%24order=report_date_as_yyyy_mm_dd&%24limit=5000,e1eadfec20535920e28d87b1a02245d9241765f4ae199f31c25d130fdaf7d93a,118259,210548,-92289,926204,-0.09964219545586069591580256617,499,-0.1091313982793082471539063179,-0.1091313982793082471539063179,true,true,false,false,cftc_normalized_net_q10_reversal_v1
SUGAR NO. 11 - ICE FUTURES U.S.,080732,2019-04-02,2019-04-05T19:30:00Z,cftc_ordinary_rule_estimate_not_holiday_verified,cftc_sugar_no11_selected_history_e1eadfec2053,https://publicreporting.cftc.gov/resource/72hh-3qpy.json?%24select=report_date_as_yyyy_mm_dd%2Ccftc_contract_market_code%2Cmarket_and_exchange_names%2Copen_interest_all%2Cm_money_positions_long_all%2Cm_money_positions_short_all%2Cm_money_positions_spread%2Ccontract_units%2Cfutonly_or_combined&%24where=cftc_contract_market_code%3D%27080732%27+AND+report_date_as_yyyy_mm_dd%3E%3D%272009-09-01T00%3A00%3A00.000%27+AND+report_date_as_yyyy_mm_dd%3C%3D%272026-08-11T00%3A00%3A00.000%27&%24order=report_date_as_yyyy_mm_dd&%24limit=5000,e1eadfec20535920e28d87b1a02245d9241765f4ae199f31c25d130fdaf7d93a,128119,202015,-73896,911127,-0.08110395147987053396507841388,500,-0.1091313982793082471539063179,-0.09964219545586069591580256617,false,true,false,false,cftc_normalized_net_q10_reversal_v1
SUGAR NO. 11 - ICE FUTURES U.S.,080732,2019-04-09,2019-04-12T19:30:00Z,cftc_ordinary_rule_estimate_not_holiday_verified,cftc_sugar_no11_selected_history_e1eadfec2053,https://publicreporting.cftc.gov/resource/72hh-3qpy.json?%24select=report_date_as_yyyy_mm_dd%2Ccftc_contract_market_code%2Cmarket_and_exchange_names%2Copen_interest_all%2Cm_money_positions_long_all%2Cm_money_positions_short_all%2Cm_money_positions_spread%2Ccontract_units%2Cfutonly_or_combined&%24where=cftc_contract_market_code%3D%27080732%27+AND+report_date_as_yyyy_mm_dd%3E%3D%272009-09-01T00%3A00%3A00.000%27+AND+report_date_as_yyyy_mm_dd%3C%3D%272026-08-11T00%3A00%3A00.000%27&%24order=report_date_as_yyyy_mm_dd&%24limit=5000,e1eadfec20535920e28d87b1a02245d9241765f4ae199f31c25d130fdaf7d93a,142146,188373,-46227,915486,-0.05049449145044271567233141741,501,-0.1088995818213735208043265497,-0.08110395147987053396507841388,false,true,false,false,cftc_normalized_net_q10_reversal_v1
SUGAR NO. 11 - ICE FUTURES U.S.,080732,2019-04-16,2019-04-19T19:30:00Z,cftc_ordinary_rule_estimate_not_holiday_verified,cftc_sugar_no11_selected_history_e1eadfec2053,https://publicreporting.cftc.gov/resource/72hh-3qpy.json?%24select=report_date_as_yyyy_mm_dd%2Ccftc_contract_market_code%2Cmarket_and_exchange_names%2Copen_interest_all%2Cm_money_positions_long_all%2Cm_money_positions_short_all%2Cm_money_positions_spread%2Ccontract_units%2Cfutonly_or_combined&%24where=cftc_contract_market_code%3D%27080732%27+AND+report_date_as_yyyy_mm_dd%3E%3D%272009-09-01T00%3A00%3A00.000%27+AND+report_date_as_yyyy_mm_dd%3C%3D%272026-08-11T00%3A00%3A00.000%27&%24order=report_date_as_yyyy_mm_dd&%24limit=5000,e1eadfec20535920e28d87b1a02245d9241765f4ae199f31c25d130fdaf7d93a,148538,191884,-43346,887198,-0.04885718858698960096844221921,502,-0.1088995818213735208043265497,-0.05049449145044271567233141741,false,true,false,false,cftc_normalized_net_q10_reversal_v1
SUGAR NO. 11 - ICE FUTURES U.S.,080732,2019-04-23,2019-04-26T19:30:00Z,cftc_ordinary_rule_estimate_not_holiday_verified,cftc_sugar_no11_selected_history_e1eadfec2053,https://publicreporting.cftc.gov/resource/72hh-3qpy.json?%24select=report_date_as_yyyy_mm_dd%2Ccftc_contract_market_code%2Cmarket_and_exchange_names%2Copen_interest_all%2Cm_money_positions_long_all%2Cm_money_positions_short_all%2Cm_money_positions_spread%2Ccontract_units%2Cfutonly_or_combined&%24where=cftc_contract_market_code%3D%27080732%27+AND+report_date_as_yyyy_mm_dd%3E%3D%272009-09-01T00%3A00%3A00.000%27+AND+report_date_as_yyyy_mm_dd%3C%3D%272026-08-11T00%3A00%3A00.000%27&%24order=report_date_as_yyyy_mm_dd&%24limit=5000,e1eadfec20535920e28d87b1a02245d9241765f4ae199f31c25d130fdaf7d93a,154675,183646,-28971,880933,-0.0328867235079171741778319123,503,-0.1088995818213735208043265497,-0.04885718858698960096844221921,false,true,false,false,cftc_normalized_net_q10_reversal_v1
SUGAR NO. 11 - ICE FUTURES U.S.,080732,2019-04-30,2019-05-03T19:30:00Z,cftc_ordinary_rule_estimate_not_holiday_verified,cftc_sugar_no11_selected_history_e1eadfec2053,https://publicreporting.cftc.gov/resource/72hh-3qpy.json?%24select=report_date_as_yyyy_mm_dd%2Ccftc_contract_market_code%2Cmarket_and_exchange_names%2Copen_interest_all%2Cm_money_positions_long_all%2Cm_money_positions_short_all%2Cm_money_positions_spread%2Ccontract_units%2Cfutonly_or_combined&%24where=cftc_contract_market_code%3D%27080732%27+AND+report_date_as_yyyy_mm_dd%3E%3D%272009-09-01T00%3A00%3A00.000%27+AND+report_date_as_yyyy_mm_dd%3C%3D%272026-08-11T00%3A00%3A00.000%27&%24order=report_date_as_yyyy_mm_dd&%24limit=5000,e1eadfec20535920e28d87b1a02245d9241765f4ae199f31c25d130fdaf7d93a,149347,201097,-51750,865062,-0.05982230175409392621569321043,504,-0.1088995818213735208043265497,-0.0328867235079171741778319123,false,false,false,false,cftc_normalized_net_q10_reversal_v1
SUGAR NO. 11 - ICE FUTURES U.S.,080732,2019-05-07,2019-05-10T19:30:00Z,cftc_ordinary_rule_estimate_not_holiday_verified,cftc_sugar_no11_selected_history_e1eadfec2053,https://publicreporting.cftc.gov/resource/72hh-3qpy.json?%24select=report_date_as_yyyy_mm_dd%2Ccftc_contract_market_code%2Cmarket_and_exchange_names%2Copen_interest_all%2Cm_money_positions_long_all%2Cm_money_positions_short_all%2Cm_money_positions_spread%2Ccontract_units%2Cfutonly_or_combined&%24where=cftc_contract_market_code%3D%27080732%27+AND+report_date_as_yyyy_mm_dd%3E%3D%272009-09-01T00%3A00%3A00.000%27+AND+report_date_as_yyyy_mm_dd%3C%3D%272026-08-11T00%3A00%3A00.000%27&%24order=report_date_as_yyyy_mm_dd&%24limit=5000,e1eadfec20535920e28d87b1a02245d9241765f4ae199f31c25d130fdaf7d93a,148159,250272,-102113,960539,-0.1063080208091498627333195216,505,-0.1088995818213735208043265497,-0.05982230175409392621569321043,false,false,false,false,cftc_normalized_net_q10_reversal_v1
SUGAR NO. 11 - ICE FUTURES U.S.,080732,2019-05-14,2019-05-17T19:30:00Z,cftc_ordinary_rule_estimate_not_holiday_verified,cftc_sugar_no11_selected_history_e1eadfec2053,https://publicreporting.cftc.gov/resource/72hh-3qpy.json?%24select=report_date_as_yyyy_mm_dd%2Ccftc_contract_market_code%2Cmarket_and_exchange_names%2Copen_interest_all%2Cm_money_positions_long_all%2Cm_money_positions_short_all%2Cm_money_positions_spread%2Ccontract_units%2Cfutonly_or_combined&%24where=cftc_contract_market_code%3D%27080732%27+AND+report_date_as_yyyy_mm_dd%3E%3D%272009-09-01T00%3A00%3A00.000%27+AND+report_date_as_yyyy_mm_dd%3C%3D%272026-08-11T00%3A00%3A00.000%27&%24order=report_date_as_yyyy_mm_dd&%24limit=5000,e1eadfec20535920e28d87b1a02245d9241765f4ae199f31c25d130fdaf7d93a,142267,277799,-135532,1006144,-0.1347043763119394440557216462,506,-0.1088995818213735208043265497,-0.1063080208091498627333195216,false,false,false,false,cftc_normalized_net_q10_reversal_v1
SUGAR NO. 11 - ICE FUTURES U.S.,080732,2019-05-21,2019-05-24T19:30:00Z,cftc_ordinary_rule_estimate_not_holiday_verified,cftc_sugar_no11_selected_history_e1eadfec2053,https://publicreporting.cftc.gov/resource/72hh-3qpy.json?%24select=report_date_as_yyyy_mm_dd%2Ccftc_contract_market_code%2Cmarket_and_exchange_names%2Copen_interest_all%2Cm_money_positions_long_all%2Cm_money_positions_short_all%2Cm_money_positions_spread%2Ccontract_units%2Cfutonly_or_combined&%24where=cftc_contract_market_code%3D%27080732%27+AND+report_date_as_yyyy_mm_dd%3E%3D%272009-09-01T00%3A00%3A00.000%27+AND+report_date_as_yyyy_mm_dd%3C%3D%272026-08-11T00%3A00%3A00.000%27&%24order=report_date_as_yyyy_mm_dd&%24limit=5000,e1eadfec20535920e28d87b1a02245d9241765f4ae199f31c25d130fdaf7d93a,144096,308075,-163979,1030604,-0.1591096095105394506522388813,507,-0.1091313982793082471539063179,-0.1347043763119394440557216462,true,false,false,false,cftc_normalized_net_q10_reversal_v1
SUGAR NO. 11 - ICE FUTURES U.S.,080732,2019-05-28,2019-05-31T19:30:00Z,cftc_ordinary_rule_estimate_not_holiday_verified,cftc_sugar_no11_selected_history_e1eadfec2053,https://publicreporting.cftc.gov/resource/72hh-3qpy.json?%24select=report_date_as_yyyy_mm_dd%2Ccftc_contract_market_code%2Cmarket_and_exchange_names%2Copen_interest_all%2Cm_money_positions_long_all%2Cm_money_positions_short_all%2Cm_money_positions_spread%2Ccontract_units%2Cfutonly_or_combined&%24where=cftc_contract_market_code%3D%27080732%27+AND+report_date_as_yyyy_mm_dd%3E%3D%272009-09-01T00%3A00%3A00.000%27+AND+report_date_as_yyyy_mm_dd%3C%3D%272026-08-11T00%3A00%3A00.000%27&%24order=report_date_as_yyyy_mm_dd&%24limit=5000,e1eadfec20535920e28d87b1a02245d9241765f4ae199f31c25d130fdaf7d93a,144870,318696,-173826,1039476,-0.1672246401071309005691329093,508,-0.1097161431868127836458558813,-0.1591096095105394506522388813,true,false,false,false,cftc_normalized_net_q10_reversal_v1
SUGAR NO. 11 - ICE FUTURES U.S.,080732,2019-06-04,2019-06-07T19:30:00Z,cftc_ordinary_rule_estimate_not_holiday_verified,cftc_sugar_no11_selected_history_e1eadfec2053,https://publicreporting.cftc.gov/resource/72hh-3qpy.json?%24select=report_date_as_yyyy_mm_dd%2Ccftc_contract_market_code%2Cmarket_and_exchange_names%2Copen_interest_all%2Cm_money_positions_long_all%2Cm_money_positions_short_all%2Cm_money_positions_spread%2Ccontract_units%2Cfutonly_or_combined&%24where=cftc_contract_market_code%3D%27080732%27+AND+report_date_as_yyyy_mm_dd%3E%3D%272009-09-01T00%3A00%3A00.000%27+AND+report_date_as_yyyy_mm_dd%3C%3D%272026-08-11T00%3A00%3A00.000%27&%24order=report_date_as_yyyy_mm_dd&%24limit=5000,e1eadfec20535920e28d87b1a02245d9241765f4ae199f31c25d130fdaf7d93a,153375,302815,-149440,1025985,-0.1456551509037656495952669873,509,-0.1106106576642023845134823298,-0.1672246401071309005691329093,true,true,false,false,cftc_normalized_net_q10_reversal_v1
SUGAR NO. 11 - ICE FUTURES U.S.,080732,2019-06-11,2019-06-14T19:30:00Z,cftc_ordinary_rule_estimate_not_holiday_verified,cftc_sugar_no11_selected_history_e1eadfec2053,https://publicreporting.cftc.gov/resource/72hh-3qpy.json?%24select=report_date_as_yyyy_mm_dd%2Ccftc_contract_market_code%2Cmarket_and_exchange_names%2Copen_interest_all%2Cm_money_positions_long_all%2Cm_money_positions_short_all%2Cm_money_positions_spread%2Ccontract_units%2Cfutonly_or_combined&%24where=cftc_contract_market_code%3D%27080732%27+AND+report_date_as_yyyy_mm_dd%3E%3D%272009-09-01T00%3A00%3A00.000%27+AND+report_date_as_yyyy_mm_dd%3C%3D%272026-08-11T00%3A00%3A00.000%27&%24order=report_date_as_yyyy_mm_dd&%24limit=5000,e1eadfec20535920e28d87b1a02245d9241765f4ae199f31c25d130fdaf7d93a,153389,267174,-113785,993278,-0.1145550389719695795134896776,510,-0.1125214166083792680813927373,-0.1456551509037656495952669873,true,true,false,false,cftc_normalized_net_q10_reversal_v1
SUGAR NO. 11 - ICE FUTURES U.S.,080732,2019-06-18,2019-06-21T19:30:00Z,cftc_official_event_weekly_page_verified,cftc_sugar_no11_selected_history_e1eadfec2053,https://publicreporting.cftc.gov/resource/72hh-3qpy.json?%24select=report_date_as_yyyy_mm_dd%2Ccftc_contract_market_code%2Cmarket_and_exchange_names%2Copen_interest_all%2Cm_money_positions_long_all%2Cm_money_positions_short_all%2Cm_money_positions_spread%2Ccontract_units%2Cfutonly_or_combined&%24where=cftc_contract_market_code%3D%27080732%27+AND+report_date_as_yyyy_mm_dd%3E%3D%272009-09-01T00%3A00%3A00.000%27+AND+report_date_as_yyyy_mm_dd%3C%3D%272026-08-11T00%3A00%3A00.000%27&%24order=report_date_as_yyyy_mm_dd&%24limit=5000,e1eadfec20535920e28d87b1a02245d9241765f4ae199f31c25d130fdaf7d93a,157197,212599,-55402,936818,-0.05913848794536398745540756049,511,-0.1125214166083792680813927373,-0.1145550389719695795134896776,true,true,true,true,cftc_normalized_net_q10_reversal_v1
SUGAR NO. 11 - ICE FUTURES U.S.,080732,2019-06-25,2019-06-28T19:30:00Z,cftc_ordinary_rule_estimate_not_holiday_verified,cftc_sugar_no11_selected_history_e1eadfec2053,https://publicreporting.cftc.gov/resource/72hh-3qpy.json?%24select=report_date_as_yyyy_mm_dd%2Ccftc_contract_market_code%2Cmarket_and_exchange_names%2Copen_interest_all%2Cm_money_positions_long_all%2Cm_money_positions_short_all%2Cm_money_positions_spread%2Ccontract_units%2Cfutonly_or_combined&%24where=cftc_contract_market_code%3D%27080732%27+AND+report_date_as_yyyy_mm_dd%3E%3D%272009-09-01T00%3A00%3A00.000%27+AND+report_date_as_yyyy_mm_dd%3C%3D%272026-08-11T00%3A00%3A00.000%27&%24order=report_date_as_yyyy_mm_dd&%24limit=5000,e1eadfec20535920e28d87b1a02245d9241765f4ae199f31c25d130fdaf7d93a,159219,196904,-37685,888259,-0.04242568890379945488872051958,512,-0.1125214166083792680813927373,-0.05913848794536398745540756049,false,true,false,false,cftc_normalized_net_q10_reversal_v1
SUGAR NO. 11 - ICE FUTURES U.S.,080732,2019-07-02,2019-07-08T19:30:00Z,cftc_official_historical_release_verified,cftc_sugar_no11_selected_history_e1eadfec2053,https://publicreporting.cftc.gov/resource/72hh-3qpy.json?%24select=report_date_as_yyyy_mm_dd%2Ccftc_contract_market_code%2Cmarket_and_exchange_names%2Copen_interest_all%2Cm_money_positions_long_all%2Cm_money_positions_short_all%2Cm_money_positions_spread%2Ccontract_units%2Cfutonly_or_combined&%24where=cftc_contract_market_code%3D%27080732%27+AND+report_date_as_yyyy_mm_dd%3E%3D%272009-09-01T00%3A00%3A00.000%27+AND+report_date_as_yyyy_mm_dd%3C%3D%272026-08-11T00%3A00%3A00.000%27&%24order=report_date_as_yyyy_mm_dd&%24limit=5000,e1eadfec20535920e28d87b1a02245d9241765f4ae199f31c25d130fdaf7d93a,166931,199055,-32124,851542,-0.03772450448715389258545086443,513,-0.1125214166083792680813927373,-0.04242568890379945488872051958,false,true,false,false,cftc_normalized_net_q10_reversal_v1
SUGAR NO. 11 - ICE FUTURES U.S.,080732,2019-07-09,2019-07-12T19:30:00Z,cftc_ordinary_rule_estimate_not_holiday_verified,cftc_sugar_no11_selected_history_e1eadfec2053,https://publicreporting.cftc.gov/resource/72hh-3qpy.json?%24select=report_date_as_yyyy_mm_dd%2Ccftc_contract_market_code%2Cmarket_and_exchange_names%2Copen_interest_all%2Cm_money_positions_long_all%2Cm_money_positions_short_all%2Cm_money_positions_spread%2Ccontract_units%2Cfutonly_or_combined&%24where=cftc_contract_market_code%3D%27080732%27+AND+report_date_as_yyyy_mm_dd%3E%3D%272009-09-01T00%3A00%3A00.000%27+AND+report_date_as_yyyy_mm_dd%3C%3D%272026-08-11T00%3A00%3A00.000%27&%24order=report_date_as_yyyy_mm_dd&%24limit=5000,e1eadfec20535920e28d87b1a02245d9241765f4ae199f31c25d130fdaf7d93a,166924,197252,-30328,868182,-0.0349327675533471092466786918,514,-0.1125214166083792680813927373,-0.03772450448715389258545086443,false,true,false,false,cftc_normalized_net_q10_reversal_v1
SUGAR NO. 11 - ICE FUTURES U.S.,080732,2019-07-16,2019-07-19T19:30:00Z,cftc_ordinary_rule_estimate_not_holiday_verified,cftc_sugar_no11_selected_history_e1eadfec2053,https://publicreporting.cftc.gov/resource/72hh-3qpy.json?%24select=report_date_as_yyyy_mm_dd%2Ccftc_contract_market_code%2Cmarket_and_exchange_names%2Copen_interest_all%2Cm_money_positions_long_all%2Cm_money_positions_short_all%2Cm_money_positions_spread%2Ccontract_units%2Cfutonly_or_combined&%24where=cftc_contract_market_code%3D%27080732%27+AND+report_date_as_yyyy_mm_dd%3E%3D%272009-09-01T00%3A00%3A00.000%27+AND+report_date_as_yyyy_mm_dd%3C%3D%272026-08-11T00%3A00%3A00.000%27&%24order=report_date_as_yyyy_mm_dd&%24limit=5000,e1eadfec20535920e28d87b1a02245d9241765f4ae199f31c25d130fdaf7d93a,155681,220907,-65226,891873,-0.07313373092357319932322202825,515,-0.1125214166083792680813927373,-0.0349327675533471092466786918,false,false,false,false,cftc_normalized_net_q10_reversal_v1
SUGAR NO. 11 - ICE FUTURES U.S.,080732,2019-07-23,2019-07-26T19:30:00Z,cftc_ordinary_rule_estimate_not_holiday_verified,cftc_sugar_no11_selected_history_e1eadfec2053,https://publicreporting.cftc.gov/resource/72hh-3qpy.json?%24select=report_date_as_yyyy_mm_dd%2Ccftc_contract_market_code%2Cmarket_and_exchange_names%2Copen_interest_all%2Cm_money_positions_long_all%2Cm_money_positions_short_all%2Cm_money_positions_spread%2Ccontract_units%2Cfutonly_or_combined&%24where=cftc_contract_market_code%3D%27080732%27+AND+report_date_as_yyyy_mm_dd%3E%3D%272009-09-01T00%3A00%3A00.000%27+AND+report_date_as_yyyy_mm_dd%3C%3D%272026-08-11T00%3A00%3A00.000%27&%24order=report_date_as_yyyy_mm_dd&%24limit=5000,e1eadfec20535920e28d87b1a02245d9241765f4ae199f31c25d130fdaf7d93a,150521,292576,-142055,947290,-0.1499593577468357102893517297,516,-0.1125214166083792680813927373,-0.07313373092357319932322202825,false,false,false,false,cftc_normalized_net_q10_reversal_v1
SUGAR NO. 11 - ICE FUTURES U.S.,080732,2019-07-30,2019-08-02T19:30:00Z,cftc_ordinary_rule_estimate_not_holiday_verified,cftc_sugar_no11_selected_history_e1eadfec2053,https://publicreporting.cftc.gov/resource/72hh-3qpy.json?%24select=report_date_as_yyyy_mm_dd%2Ccftc_contract_market_code%2Cmarket_and_exchange_names%2Copen_interest_all%2Cm_money_positions_long_all%2Cm_money_positions_short_all%2Cm_money_positions_spread%2Ccontract_units%2Cfutonly_or_combined&%24where=cftc_contract_market_code%3D%27080732%27+AND+report_date_as_yyyy_mm_dd%3E%3D%272009-09-01T00%3A00%3A00.000%27+AND+report_date_as_yyyy_mm_dd%3C%3D%272026-08-11T00%3A00%3A00.000%27&%24order=report_date_as_yyyy_mm_dd&%24limit=5000,e1eadfec20535920e28d87b1a02245d9241765f4ae199f31c25d130fdaf7d93a,155765,283724,-127959,949627,-0.1347465899769067223236070584,517,-0.1143390783803409099415846748,-0.1499593577468357102893517297,true,true,false,false,cftc_normalized_net_q10_reversal_v1
SUGAR NO. 11 - ICE FUTURES U.S.,080732,2019-08-06,2019-08-09T19:30:00Z,cftc_ordinary_rule_estimate_not_holiday_verified,cftc_sugar_no11_selected_history_e1eadfec2053,https://publicreporting.cftc.gov/resource/72hh-3qpy.json?%24select=report_date_as_yyyy_mm_dd%2Ccftc_contract_market_code%2Cmarket_and_exchange_names%2Copen_interest_all%2Cm_money_positions_long_all%2Cm_money_positions_short_all%2Cm_money_positions_spread%2Ccontract_units%2Cfutonly_or_combined&%24where=cftc_contract_market_code%3D%27080732%27+AND+report_date_as_yyyy_mm_dd%3E%3D%272009-09-01T00%3A00%3A00.000%27+AND+report_date_as_yyyy_mm_dd%3C%3D%272026-08-11T00%3A00%3A00.000%27&%24order=report_date_as_yyyy_mm_dd&%24limit=5000,e1eadfec20535920e28d87b1a02245d9241765f4ae199f31c25d130fdaf7d93a,152342,289282,-136940,985687,-0.1389284833826559546793251813,518,-0.1145550389719695795134896776,-0.1347465899769067223236070584,true,false,false,false,cftc_normalized_net_q10_reversal_v1
SUGAR NO. 11 - ICE FUTURES U.S.,080732,2019-08-13,2019-08-16T19:30:00Z,cftc_ordinary_rule_estimate_not_holiday_verified,cftc_sugar_no11_selected_history_e1eadfec2053,https://publicreporting.cftc.gov/resource/72hh-3qpy.json?%24select=report_date_as_yyyy_mm_dd%2Ccftc_contract_market_code%2Cmarket_and_exchange_names%2Copen_interest_all%2Cm_money_positions_long_all%2Cm_money_positions_short_all%2Cm_money_positions_spread%2Ccontract_units%2Cfutonly_or_combined&%24where=cftc_contract_market_code%3D%27080732%27+AND+report_date_as_yyyy_mm_dd%3E%3D%272009-09-01T00%3A00%3A00.000%27+AND+report_date_as_yyyy_mm_dd%3C%3D%272026-08-11T00%3A00%3A00.000%27&%24order=report_date_as_yyyy_mm_dd&%24limit=5000,e1eadfec20535920e28d87b1a02245d9241765f4ae199f31c25d130fdaf7d93a,151071,299942,-148871,1047548,-0.1421137742614180925360938115,519,-0.1145626667776590775605717959,-0.1389284833826559546793251813,true,false,false,false,cftc_normalized_net_q10_reversal_v1
SUGAR NO. 11 - ICE FUTURES U.S.,080732,2019-08-20,2019-08-23T19:30:00Z,cftc_ordinary_rule_estimate_not_holiday_verified,cftc_sugar_no11_selected_history_e1eadfec2053,https://publicreporting.cftc.gov/resource/72hh-3qpy.json?%24select=report_date_as_yyyy_mm_dd%2Ccftc_contract_market_code%2Cmarket_and_exchange_names%2Copen_interest_all%2Cm_money_positions_long_all%2Cm_money_positions_short_all%2Cm_money_positions_spread%2Ccontract_units%2Cfutonly_or_combined&%24where=cftc_contract_market_code%3D%27080732%27+AND+report_date_as_yyyy_mm_dd%3E%3D%272009-09-01T00%3A00%3A00.000%27+AND+report_date_as_yyyy_mm_dd%3C%3D%272026-08-11T00%3A00%3A00.000%27&%24order=report_date_as_yyyy_mm_dd&%24limit=5000,e1eadfec20535920e28d87b1a02245d9241765f4ae199f31c25d130fdaf7d93a,150893,301262,-150369,1045587,-0.1438129969098697669347457457,520,-0.1147031232654793955725580085,-0.1421137742614180925360938115,true,false,false,false,cftc_normalized_net_q10_reversal_v1
SUGAR NO. 11 - ICE FUTURES U.S.,080732,2019-08-27,2019-08-30T19:30:00Z,cftc_ordinary_rule_estimate_not_holiday_verified,cftc_sugar_no11_selected_history_e1eadfec2053,https://publicreporting.cftc.gov/resource/72hh-3qpy.json?%24select=report_date_as_yyyy_mm_dd%2Ccftc_contract_market_code%2Cmarket_and_exchange_names%2Copen_interest_all%2Cm_money_positions_long_all%2Cm_money_positions_short_all%2Cm_money_positions_spread%2Ccontract_units%2Cfutonly_or_combined&%24where=cftc_contract_market_code%3D%27080732%27+AND+report_date_as_yyyy_mm_dd%3E%3D%272009-09-01T00%3A00%3A00.000%27+AND+report_date_as_yyyy_mm_dd%3C%3D%272026-08-11T00%3A00%3A00.000%27&%24order=report_date_as_yyyy_mm_dd&%24limit=5000,e1eadfec20535920e28d87b1a02245d9241765f4ae199f31c25d130fdaf7d93a,148521,315475,-166954,1075205,-0.1552764356564562106761036268,521,-0.1147031232654793955725580085,-0.1438129969098697669347457457,true,false,false,false,cftc_normalized_net_q10_reversal_v1
SUGAR NO. 11 - ICE FUTURES U.S.,080732,2019-09-03,2019-09-06T19:30:00Z,cftc_ordinary_rule_estimate_not_holiday_verified,cftc_sugar_no11_selected_history_e1eadfec2053,https://publicreporting.cftc.gov/resource/72hh-3qpy.json?%24select=report_date_as_yyyy_mm_dd%2Ccftc_contract_market_code%2Cmarket_and_exchange_names%2Copen_interest_all%2Cm_money_positions_long_all%2Cm_money_positions_short_all%2Cm_money_positions_spread%2Ccontract_units%2Cfutonly_or_combined&%24where=cftc_contract_market_code%3D%27080732%27+AND+report_date_as_yyyy_mm_dd%3E%3D%272009-09-01T00%3A00%3A00.000%27+AND+report_date_as_yyyy_mm_dd%3C%3D%272026-08-11T00%3A00%3A00.000%27&%24order=report_date_as_yyyy_mm_dd&%24limit=5000,e1eadfec20535920e28d87b1a02245d9241765f4ae199f31c25d130fdaf7d93a,147228,331740,-184512,1088400,-0.169525909592061742006615215,522,-0.1174092270934018325750725404,-0.1552764356564562106761036268,true,false,false,false,cftc_normalized_net_q10_reversal_v1
SUGAR NO. 11 - ICE FUTURES U.S.,080732,2019-09-10,2019-09-13T19:30:00Z,cftc_ordinary_rule_estimate_not_holiday_verified,cftc_sugar_no11_selected_history_e1eadfec2053,https://publicreporting.cftc.gov/resource/72hh-3qpy.json?%24select=report_date_as_yyyy_mm_dd%2Ccftc_contract_market_code%2Cmarket_and_exchange_names%2Copen_interest_all%2Cm_money_positions_long_all%2Cm_money_positions_short_all%2Cm_money_positions_spread%2Ccontract_units%2Cfutonly_or_combined&%24where=cftc_contract_market_code%3D%27080732%27+AND+report_date_as_yyyy_mm_dd%3E%3D%272009-09-01T00%3A00%3A00.000%27+AND+report_date_as_yyyy_mm_dd%3C%3D%272026-08-11T00%3A00%3A00.000%27&%24order=report_date_as_yyyy_mm_dd&%24limit=5000,e1eadfec20535920e28d87b1a02245d9241765f4ae199f31c25d130fdaf7d93a,138190,347365,-209175,1064916,-0.1964239432969360963681642496,523,-0.1196642845624778518383336278,-0.169525909592061742006615215,true,false,false,false,cftc_normalized_net_q10_reversal_v1
SUGAR NO. 11 - ICE FUTURES U.S.,080732,2019-09-17,2019-09-20T19:30:00Z,cftc_ordinary_rule_estimate_not_holiday_verified,cftc_sugar_no11_selected_history_e1eadfec2053,https://publicreporting.cftc.gov/resource/72hh-3qpy.json?%24select=report_date_as_yyyy_mm_dd%2Ccftc_contract_market_code%2Cmarket_and_exchange_names%2Copen_interest_all%2Cm_money_positions_long_all%2Cm_money_positions_short_all%2Cm_money_positions_spread%2Ccontract_units%2Cfutonly_or_combined&%24where=cftc_contract_market_code%3D%27080732%27+AND+report_date_as_yyyy_mm_dd%3E%3D%272009-09-01T00%3A00%3A00.000%27+AND+report_date_as_yyyy_mm_dd%3C%3D%272026-08-11T00%3A00%3A00.000%27&%24order=report_date_as_yyyy_mm_dd&%24limit=5000,e1eadfec20535920e28d87b1a02245d9241765f4ae199f31c25d130fdaf7d93a,129791,361678,-231887,985311,-0.2353439675391830599678680132,524,-0.1201806266993208055593574395,-0.1964239432969360963681642496,true,false,true,false,cftc_normalized_net_q10_reversal_v1
SUGAR NO. 11 - ICE FUTURES U.S.,080732,2019-09-24,2019-09-27T19:30:00Z,cftc_official_event_weekly_page_verified,cftc_sugar_no11_selected_history_e1eadfec2053,https://publicreporting.cftc.gov/resource/72hh-3qpy.json?%24select=report_date_as_yyyy_mm_dd%2Ccftc_contract_market_code%2Cmarket_and_exchange_names%2Copen_interest_all%2Cm_money_positions_long_all%2Cm_money_positions_short_all%2Cm_money_positions_spread%2Ccontract_units%2Cfutonly_or_combined&%24where=cftc_contract_market_code%3D%27080732%27+AND+report_date_as_yyyy_mm_dd%3E%3D%272009-09-01T00%3A00%3A00.000%27+AND+report_date_as_yyyy_mm_dd%3C%3D%272026-08-11T00%3A00%3A00.000%27&%24order=report_date_as_yyyy_mm_dd&%24limit=5000,e1eadfec20535920e28d87b1a02245d9241765f4ae199f31c25d130fdaf7d93a,138322,348816,-210494,979004,-0.2150083145727698763232836638,525,-0.121897554124364569279518683,-0.2353439675391830599678680132,true,true,true,true,cftc_normalized_net_q10_reversal_v1
SUGAR NO. 11 - ICE FUTURES U.S.,080732,2019-10-01,2019-10-04T19:30:00Z,cftc_ordinary_rule_estimate_not_holiday_verified,cftc_sugar_no11_selected_history_e1eadfec2053,https://publicreporting.cftc.gov/resource/72hh-3qpy.json?%24select=report_date_as_yyyy_mm_dd%2Ccftc_contract_market_code%2Cmarket_and_exchange_names%2Copen_interest_all%2Cm_money_positions_long_all%2Cm_money_positions_short_all%2Cm_money_positions_spread%2Ccontract_units%2Cfutonly_or_combined&%24where=cftc_contract_market_code%3D%27080732%27+AND+report_date_as_yyyy_mm_dd%3E%3D%272009-09-01T00%3A00%3A00.000%27+AND+report_date_as_yyyy_mm_dd%3C%3D%272026-08-11T00%3A00%3A00.000%27&%24order=report_date_as_yyyy_mm_dd&%24limit=5000,e1eadfec20535920e28d87b1a02245d9241765f4ae199f31c25d130fdaf7d93a,133808,307383,-173575,880474,-0.1971381324150400806838134914,526,-0.1240221705493052458073616548,-0.2150083145727698763232836638,true,true,false,false,cftc_normalized_net_q10_reversal_v1
SUGAR NO. 11 - ICE FUTURES U.S.,080732,2019-10-08,2019-10-11T19:30:00Z,cftc_ordinary_rule_estimate_not_holiday_verified,cftc_sugar_no11_selected_history_e1eadfec2053,https://publicreporting.cftc.gov/resource/72hh-3qpy.json?%24select=report_date_as_yyyy_mm_dd%2Ccftc_contract_market_code%2Cmarket_and_exchange_names%2Copen_interest_all%2Cm_money_positions_long_all%2Cm_money_positions_short_all%2Cm_money_positions_spread%2Ccontract_units%2Cfutonly_or_combined&%24where=cftc_contract_market_code%3D%27080732%27+AND+report_date_as_yyyy_mm_dd%3E%3D%272009-09-01T00%3A00%3A00.000%27+AND+report_date_as_yyyy_mm_dd%3C%3D%272026-08-11T00%3A00%3A00.000%27&%24order=report_date_as_yyyy_mm_dd&%24limit=5000,e1eadfec20535920e28d87b1a02245d9241765f4ae199f31c25d130fdaf7d93a,120819,303918,-183099,878343,-0.2084595653406471048326223355,527,-0.1260992555098182104661926615,-0.1971381324150400806838134914,true,false,false,false,cftc_normalized_net_q10_reversal_v1
SUGAR NO. 11 - ICE FUTURES U.S.,080732,2019-10-15,2019-10-18T19:30:00Z,cftc_ordinary_rule_estimate_not_holiday_verified,cftc_sugar_no11_selected_history_e1eadfec2053,https://publicreporting.cftc.gov/resource/72hh-3qpy.json?%24select=report_date_as_yyyy_mm_dd%2Ccftc_contract_market_code%2Cmarket_and_exchange_names%2Copen_interest_all%2Cm_money_positions_long_all%2Cm_money_positions_short_all%2Cm_money_positions_spread%2Ccontract_units%2Cfutonly_or_combined&%24where=cftc_contract_market_code%3D%27080732%27+AND+report_date_as_yyyy_mm_dd%3E%3D%272009-09-01T00%3A00%3A00.000%27+AND+report_date_as_yyyy_mm_dd%3C%3D%272026-08-11T00%3A00%3A00.000%27&%24order=report_date_as_yyyy_mm_dd&%24limit=5000,e1eadfec20535920e28d87b1a02245d9241765f4ae199f31c25d130fdaf7d93a,122720,309271,-186551,902099,-0.2067965932785647694986913853,528,-0.1297927528337613155915233575,-0.2084595653406471048326223355,true,true,false,false,cftc_normalized_net_q10_reversal_v1
SUGAR NO. 11 - ICE FUTURES U.S.,080732,2019-10-22,2019-10-25T19:30:00Z,cftc_ordinary_rule_estimate_not_holiday_verified,cftc_sugar_no11_selected_history_e1eadfec2053,https://publicreporting.cftc.gov/resource/72hh-3qpy.json?%24select=report_date_as_yyyy_mm_dd%2Ccftc_contract_market_code%2Cmarket_and_exchange_names%2Copen_interest_all%2Cm_money_positions_long_all%2Cm_money_positions_short_all%2Cm_money_positions_spread%2Ccontract_units%2Cfutonly_or_combined&%24where=cftc_contract_market_code%3D%27080732%27+AND+report_date_as_yyyy_mm_dd%3E%3D%272009-09-01T00%3A00%3A00.000%27+AND+report_date_as_yyyy_mm_dd%3C%3D%272026-08-11T00%3A00%3A00.000%27&%24order=report_date_as_yyyy_mm_dd&%24limit=5000,e1eadfec20535920e28d87b1a02245d9241765f4ae199f31c25d130fdaf7d93a,118328,336422,-218094,931054,-0.2342442006586084158383939063,529,-0.1299635556210640427347785879,-0.2067965932785647694986913853,true,false,false,false,cftc_normalized_net_q10_reversal_v1
SUGAR NO. 11 - ICE FUTURES U.S.,080732,2019-10-29,2019-11-01T19:30:00Z,cftc_ordinary_rule_estimate_not_holiday_verified,cftc_sugar_no11_selected_history_e1eadfec2053,https://publicreporting.cftc.gov/resource/72hh-3qpy.json?%24select=report_date_as_yyyy_mm_dd%2Ccftc_contract_market_code%2Cmarket_and_exchange_names%2Copen_interest_all%2Cm_money_positions_long_all%2Cm_money_positions_short_all%2Cm_money_positions_spread%2Ccontract_units%2Cfutonly_or_combined&%24where=cftc_contract_market_code%3D%27080732%27+AND+report_date_as_yyyy_mm_dd%3E%3D%272009-09-01T00%3A00%3A00.000%27+AND+report_date_as_yyyy_mm_dd%3C%3D%272026-08-11T00%3A00%3A00.000%27&%24order=report_date_as_yyyy_mm_dd&%24limit=5000,e1eadfec20535920e28d87b1a02245d9241765f4ae199f31c25d130fdaf7d93a,122016,340336,-218320,967769,-0.2255910243043536215770498952,530,-0.130631545733143724092620368,-0.2342442006586084158383939063,true,true,false,false,cftc_normalized_net_q10_reversal_v1
SUGAR NO. 11 - ICE FUTURES U.S.,080732,2019-11-05,2019-11-08T20:30:00Z,cftc_ordinary_rule_estimate_not_holiday_verified,cftc_sugar_no11_selected_history_e1eadfec2053,https://publicreporting.cftc.gov/resource/72hh-3qpy.json?%24select=report_date_as_yyyy_mm_dd%2Ccftc_contract_market_code%2Cmarket_and_exchange_names%2Copen_interest_all%2Cm_money_positions_long_all%2Cm_money_positions_short_all%2Cm_money_positions_spread%2Ccontract_units%2Cfutonly_or_combined&%24where=cftc_contract_market_code%3D%27080732%27+AND+report_date_as_yyyy_mm_dd%3E%3D%272009-09-01T00%3A00%3A00.000%27+AND+report_date_as_yyyy_mm_dd%3C%3D%272026-08-11T00%3A00%3A00.000%27&%24order=report_date_as_yyyy_mm_dd&%24limit=5000,e1eadfec20535920e28d87b1a02245d9241765f4ae199f31c25d130fdaf7d93a,123636,334777,-211141,978065,-0.2158762454438099717298952524,531,-0.130631545733143724092620368,-0.2255910243043536215770498952,true,true,false,false,cftc_normalized_net_q10_reversal_v1
SUGAR NO. 11 - ICE FUTURES U.S.,080732,2019-11-12,2019-11-15T20:30:00Z,cftc_ordinary_rule_estimate_not_holiday_verified,cftc_sugar_no11_selected_history_e1eadfec2053,https://publicreporting.cftc.gov/resource/72hh-3qpy.json?%24select=report_date_as_yyyy_mm_dd%2Ccftc_contract_market_code%2Cmarket_and_exchange_names%2Copen_interest_all%2Cm_money_positions_long_all%2Cm_money_positions_short_all%2Cm_money_positions_spread%2Ccontract_units%2Cfutonly_or_combined&%24where=cftc_contract_market_code%3D%27080732%27+AND+report_date_as_yyyy_mm_dd%3E%3D%272009-09-01T00%3A00%3A00.000%27+AND+report_date_as_yyyy_mm_dd%3C%3D%272026-08-11T00%3A00%3A00.000%27&%24order=report_date_as_yyyy_mm_dd&%24limit=5000,e1eadfec20535920e28d87b1a02245d9241765f4ae199f31c25d130fdaf7d93a,128892,320406,-191514,969252,-0.1975894813732651570489408327,532,-0.1310246403237999704626110759,-0.2158762454438099717298952524,true,true,false,false,cftc_normalized_net_q10_reversal_v1
SUGAR NO. 11 - ICE FUTURES U.S.,080732,2019-11-19,2019-11-22T20:30:00Z,cftc_ordinary_rule_estimate_not_holiday_verified,cftc_sugar_no11_selected_history_e1eadfec2053,https://publicreporting.cftc.gov/resource/72hh-3qpy.json?%24select=report_date_as_yyyy_mm_dd%2Ccftc_contract_market_code%2Cmarket_and_exchange_names%2Copen_interest_all%2Cm_money_positions_long_all%2Cm_money_positions_short_all%2Cm_money_positions_spread%2Ccontract_units%2Cfutonly_or_combined&%24where=cftc_contract_market_code%3D%27080732%27+AND+report_date_as_yyyy_mm_dd%3E%3D%272009-09-01T00%3A00%3A00.000%27+AND+report_date_as_yyyy_mm_dd%3C%3D%272026-08-11T00%3A00%3A00.000%27&%24order=report_date_as_yyyy_mm_dd&%24limit=5000,e1eadfec20535920e28d87b1a02245d9241765f4ae199f31c25d130fdaf7d93a,138397,272756,-134359,952863,-0.1410055800256700071258932291,533,-0.1312496267599459738992436092,-0.1975894813732651570489408327,true,true,false,false,cftc_normalized_net_q10_reversal_v1
SUGAR NO. 11 - ICE FUTURES U.S.,080732,2019-11-26,2019-12-02T20:30:00Z,cftc_official_historical_release_verified,cftc_sugar_no11_selected_history_e1eadfec2053,https://publicreporting.cftc.gov/resource/72hh-3qpy.json?%24select=report_date_as_yyyy_mm_dd%2Ccftc_contract_market_code%2Cmarket_and_exchange_names%2Copen_interest_all%2Cm_money_positions_long_all%2Cm_money_positions_short_all%2Cm_money_positions_spread%2Ccontract_units%2Cfutonly_or_combined&%24where=cftc_contract_market_code%3D%27080732%27+AND+report_date_as_yyyy_mm_dd%3E%3D%272009-09-01T00%3A00%3A00.000%27+AND+report_date_as_yyyy_mm_dd%3C%3D%272026-08-11T00%3A00%3A00.000%27&%24order=report_date_as_yyyy_mm_dd&%24limit=5000,e1eadfec20535920e28d87b1a02245d9241765f4ae199f31c25d130fdaf7d93a,142246,264061,-121815,978753,-0.1244593886302264207619286991,534,-0.1330083533844826803468470513,-0.1410055800256700071258932291,true,true,false,false,cftc_normalized_net_q10_reversal_v1
SUGAR NO. 11 - ICE FUTURES U.S.,080732,2019-12-03,2019-12-06T20:30:00Z,cftc_ordinary_rule_estimate_not_holiday_verified,cftc_sugar_no11_selected_history_e1eadfec2053,https://publicreporting.cftc.gov/resource/72hh-3qpy.json?%24select=report_date_as_yyyy_mm_dd%2Ccftc_contract_market_code%2Cmarket_and_exchange_names%2Copen_interest_all%2Cm_money_positions_long_all%2Cm_money_positions_short_all%2Cm_money_positions_spread%2Ccontract_units%2Cfutonly_or_combined&%24where=cftc_contract_market_code%3D%27080732%27+AND+report_date_as_yyyy_mm_dd%3E%3D%272009-09-01T00%3A00%3A00.000%27+AND+report_date_as_yyyy_mm_dd%3C%3D%272026-08-11T00%3A00%3A00.000%27&%24order=report_date_as_yyyy_mm_dd&%24limit=5000,e1eadfec20535920e28d87b1a02245d9241765f4ae199f31c25d130fdaf7d93a,154030,245671,-91641,1004980,-0.09118688929132918068021254154,535,-0.1330083533844826803468470513,-0.1244593886302264207619286991,false,true,false,false,cftc_normalized_net_q10_reversal_v1
SUGAR NO. 11 - ICE FUTURES U.S.,080732,2019-12-10,2019-12-13T20:30:00Z,cftc_ordinary_rule_estimate_not_holiday_verified,cftc_sugar_no11_selected_history_e1eadfec2053,https://publicreporting.cftc.gov/resource/72hh-3qpy.json?%24select=report_date_as_yyyy_mm_dd%2Ccftc_contract_market_code%2Cmarket_and_exchange_names%2Copen_interest_all%2Cm_money_positions_long_all%2Cm_money_positions_short_all%2Cm_money_positions_spread%2Ccontract_units%2Cfutonly_or_combined&%24where=cftc_contract_market_code%3D%27080732%27+AND+report_date_as_yyyy_mm_dd%3E%3D%272009-09-01T00%3A00%3A00.000%27+AND+report_date_as_yyyy_mm_dd%3C%3D%272026-08-11T00%3A00%3A00.000%27&%24order=report_date_as_yyyy_mm_dd&%24limit=5000,e1eadfec20535920e28d87b1a02245d9241765f4ae199f31c25d130fdaf7d93a,181375,194509,-13134,1010184,-0.01300159178921859780000475161,536,-0.1330083533844826803468470513,-0.09118688929132918068021254154,false,true,false,false,cftc_normalized_net_q10_reversal_v1
SUGAR NO. 11 - ICE FUTURES U.S.,080732,2019-12-17,2019-12-20T20:30:00Z,cftc_ordinary_rule_estimate_not_holiday_verified,cftc_sugar_no11_selected_history_e1eadfec2053,https://publicreporting.cftc.gov/resource/72hh-3qpy.json?%24select=report_date_as_yyyy_mm_dd%2Ccftc_contract_market_code%2Cmarket_and_exchange_names%2Copen_interest_all%2Cm_money_positions_long_all%2Cm_money_positions_short_all%2Cm_money_positions_spread%2Ccontract_units%2Cfutonly_or_combined&%24where=cftc_contract_market_code%3D%27080732%27+AND+report_date_as_yyyy_mm_dd%3E%3D%272009-09-01T00%3A00%3A00.000%27+AND+report_date_as_yyyy_mm_dd%3C%3D%272026-08-11T00%3A00%3A00.000%27&%24order=report_date_as_yyyy_mm_dd&%24limit=5000,e1eadfec20535920e28d87b1a02245d9241765f4ae199f31c25d130fdaf7d93a,193321,174561,18760,1003578,0.01869311603084164858137583725,537,-0.1330083533844826803468470513,-0.01300159178921859780000475161,false,true,false,false,cftc_normalized_net_q10_reversal_v1
SUGAR NO. 11 - ICE FUTURES U.S.,080732,2019-12-24,2019-12-30T20:30:00Z,cftc_official_historical_release_verified,cftc_sugar_no11_selected_history_e1eadfec2053,https://publicreporting.cftc.gov/resource/72hh-3qpy.json?%24select=report_date_as_yyyy_mm_dd%2Ccftc_contract_market_code%2Cmarket_and_exchange_names%2Copen_interest_all%2Cm_money_positions_long_all%2Cm_money_positions_short_all%2Cm_money_positions_spread%2Ccontract_units%2Cfutonly_or_combined&%24where=cftc_contract_market_code%3D%27080732%27+AND+report_date_as_yyyy_mm_dd%3E%3D%272009-09-01T00%3A00%3A00.000%27+AND+report_date_as_yyyy_mm_dd%3C%3D%272026-08-11T00%3A00%3A00.000%27&%24order=report_date_as_yyyy_mm_dd&%24limit=5000,e1eadfec20535920e28d87b1a02245d9241765f4ae199f31c25d130fdaf7d93a,188138,159193,28945,995824,0.02906638120792429184273526246,538,-0.1330083533844826803468470513,0.01869311603084164858137583725,false,true,true,false,cftc_normalized_net_q10_reversal_v1
SUGAR NO. 11 - ICE FUTURES U.S.,080732,2019-12-31,2020-01-06T20:30:00Z,cftc_official_historical_release_verified,cftc_sugar_no11_selected_history_e1eadfec2053,https://publicreporting.cftc.gov/resource/72hh-3qpy.json?%24select=report_date_as_yyyy_mm_dd%2Ccftc_contract_market_code%2Cmarket_and_exchange_names%2Copen_interest_all%2Cm_money_positions_long_all%2Cm_money_positions_short_all%2Cm_money_positions_spread%2Ccontract_units%2Cfutonly_or_combined&%24where=cftc_contract_market_code%3D%27080732%27+AND+report_date_as_yyyy_mm_dd%3E%3D%272009-09-01T00%3A00%3A00.000%27+AND+report_date_as_yyyy_mm_dd%3C%3D%272026-08-11T00%3A00%3A00.000%27&%24order=report_date_as_yyyy_mm_dd&%24limit=5000,e1eadfec20535920e28d87b1a02245d9241765f4ae199f31c25d130fdaf7d93a,183360,160136,23224,989858,0.02346195110813874313285339917,539,-0.1330083533844826803468470513,0.02906638120792429184273526246,false,false,true,false,cftc_normalized_net_q10_reversal_v1
SUGAR NO. 11 - ICE FUTURES U.S.,080732,2020-01-07,2020-01-10T20:30:00Z,cftc_ordinary_rule_estimate_not_holiday_verified,cftc_sugar_no11_selected_history_e1eadfec2053,https://publicreporting.cftc.gov/resource/72hh-3qpy.json?%24select=report_date_as_yyyy_mm_dd%2Ccftc_contract_market_code%2Cmarket_and_exchange_names%2Copen_interest_all%2Cm_money_positions_long_all%2Cm_money_positions_short_all%2Cm_money_positions_spread%2Ccontract_units%2Cfutonly_or_combined&%24where=cftc_contract_market_code%3D%27080732%27+AND+report_date_as_yyyy_mm_dd%3E%3D%272009-09-01T00%3A00%3A00.000%27+AND+report_date_as_yyyy_mm_dd%3C%3D%272026-08-11T00%3A00%3A00.000%27&%24order=report_date_as_yyyy_mm_dd&%24limit=5000,e1eadfec20535920e28d87b1a02245d9241765f4ae199f31c25d130fdaf7d93a,175717,160473,15244,990792,0.01538567126097102116286768565,540,-0.1330083533844826803468470513,0.02346195110813874313285339917,false,false,true,false,cftc_normalized_net_q10_reversal_v1
SUGAR NO. 11 - ICE FUTURES U.S.,080732,2020-01-14,2020-01-17T20:30:00Z,cftc_ordinary_rule_estimate_not_holiday_verified,cftc_sugar_no11_selected_history_e1eadfec2053,https://publicreporting.cftc.gov/resource/72hh-3qpy.json?%24select=report_date_as_yyyy_mm_dd%2Ccftc_contract_market_code%2Cmarket_and_exchange_names%2Copen_interest_all%2Cm_money_positions_long_all%2Cm_money_positions_short_all%2Cm_money_positions_spread%2Ccontract_units%2Cfutonly_or_combined&%24where=cftc_contract_market_code%3D%27080732%27+AND+report_date_as_yyyy_mm_dd%3E%3D%272009-09-01T00%3A00%3A00.000%27+AND+report_date_as_yyyy_mm_dd%3C%3D%272026-08-11T00%3A00%3A00.000%27&%24order=report_date_as_yyyy_mm_dd&%24limit=5000,e1eadfec20535920e28d87b1a02245d9241765f4ae199f31c25d130fdaf7d93a,210836,130509,80327,1073646,0.07481702535100023657704681059,541,-0.1312496267599459738992436092,0.01538567126097102116286768565,false,true,true,false,cftc_normalized_net_q10_reversal_v1
SUGAR NO. 11 - ICE FUTURES U.S.,080732,2020-01-21,2020-01-24T20:30:00Z,cftc_ordinary_rule_estimate_not_holiday_verified,cftc_sugar_no11_selected_history_e1eadfec2053,https://publicreporting.cftc.gov/resource/72hh-3qpy.json?%24select=report_date_as_yyyy_mm_dd%2Ccftc_contract_market_code%2Cmarket_and_exchange_names%2Copen_interest_all%2Cm_money_positions_long_all%2Cm_money_positions_short_all%2Cm_money_positions_spread%2Ccontract_units%2Cfutonly_or_combined&%24where=cftc_contract_market_code%3D%27080732%27+AND+report_date_as_yyyy_mm_dd%3E%3D%272009-09-01T00%3A00%3A00.000%27+AND+report_date_as_yyyy_mm_dd%3C%3D%272026-08-11T00%3A00%3A00.000%27&%24order=report_date_as_yyyy_mm_dd&%24limit=5000,e1eadfec20535920e28d87b1a02245d9241765f4ae199f31c25d130fdaf7d93a,235431,113491,121940,1121428,0.1087363611395470774762178223,542,-0.1312496267599459738992436092,0.07481702535100023657704681059,false,true,true,false,cftc_normalized_net_q10_reversal_v1
SUGAR NO. 11 - ICE FUTURES U.S.,080732,2020-01-28,2020-01-31T20:30:00Z,cftc_ordinary_rule_estimate_not_holiday_verified,cftc_sugar_no11_selected_history_e1eadfec2053,https://publicreporting.cftc.gov/resource/72hh-3qpy.json?%24select=report_date_as_yyyy_mm_dd%2Ccftc_contract_market_code%2Cmarket_and_exchange_names%2Copen_interest_all%2Cm_money_positions_long_all%2Cm_money_positions_short_all%2Cm_money_positions_spread%2Ccontract_units%2Cfutonly_or_combined&%24where=cftc_contract_market_code%3D%27080732%27+AND+report_date_as_yyyy_mm_dd%3E%3D%272009-09-01T00%3A00%3A00.000%27+AND+report_date_as_yyyy_mm_dd%3C%3D%272026-08-11T00%3A00%3A00.000%27&%24order=report_date_as_yyyy_mm_dd&%24limit=5000,e1eadfec20535920e28d87b1a02245d9241765f4ae199f31c25d130fdaf7d93a,255100,107944,147156,1172016,0.1255580128598926977106114592,543,-0.1312496267599459738992436092,0.1087363611395470774762178223,false,true,true,false,cftc_normalized_net_q10_reversal_v1
SUGAR NO. 11 - ICE FUTURES U.S.,080732,2020-02-04,2020-02-07T20:30:00Z,cftc_ordinary_rule_estimate_not_holiday_verified,cftc_sugar_no11_selected_history_e1eadfec2053,https://publicreporting.cftc.gov/resource/72hh-3qpy.json?%24select=report_date_as_yyyy_mm_dd%2Ccftc_contract_market_code%2Cmarket_and_exchange_names%2Copen_interest_all%2Cm_money_positions_long_all%2Cm_money_positions_short_all%2Cm_money_positions_spread%2Ccontract_units%2Cfutonly_or_combined&%24where=cftc_contract_market_code%3D%27080732%27+AND+report_date_as_yyyy_mm_dd%3E%3D%272009-09-01T00%3A00%3A00.000%27+AND+report_date_as_yyyy_mm_dd%3C%3D%272026-08-11T00%3A00%3A00.000%27&%24order=report_date_as_yyyy_mm_dd&%24limit=5000,e1eadfec20535920e28d87b1a02245d9241765f4ae199f31c25d130fdaf7d93a,243116,105414,137702,1199329,0.1148158678727855325769659535,544,-0.1312496267599459738992436092,0.1255580128598926977106114592,false,false,true,false,cftc_normalized_net_q10_reversal_v1
SUGAR NO. 11 - ICE FUTURES U.S.,080732,2020-02-11,2020-02-14T20:30:00Z,cftc_ordinary_rule_estimate_not_holiday_verified,cftc_sugar_no11_selected_history_e1eadfec2053,https://publicreporting.cftc.gov/resource/72hh-3qpy.json?%24select=report_date_as_yyyy_mm_dd%2Ccftc_contract_market_code%2Cmarket_and_exchange_names%2Copen_interest_all%2Cm_money_positions_long_all%2Cm_money_positions_short_all%2Cm_money_positions_spread%2Ccontract_units%2Cfutonly_or_combined&%24where=cftc_contract_market_code%3D%27080732%27+AND+report_date_as_yyyy_mm_dd%3E%3D%272009-09-01T00%3A00%3A00.000%27+AND+report_date_as_yyyy_mm_dd%3C%3D%272026-08-11T00%3A00%3A00.000%27&%24order=report_date_as_yyyy_mm_dd&%24limit=5000,e1eadfec20535920e28d87b1a02245d9241765f4ae199f31c25d130fdaf7d93a,252725,101745,150980,1251740,0.1206161023854794126575806477,545,-0.1312496267599459738992436092,0.1148158678727855325769659535,false,true,true,false,cftc_normalized_net_q10_reversal_v1
SUGAR NO. 11 - ICE FUTURES U.S.,080732,2020-02-18,2020-02-21T20:30:00Z,cftc_ordinary_rule_estimate_not_holiday_verified,cftc_sugar_no11_selected_history_e1eadfec2053,https://publicreporting.cftc.gov/resource/72hh-3qpy.json?%24select=report_date_as_yyyy_mm_dd%2Ccftc_contract_market_code%2Cmarket_and_exchange_names%2Copen_interest_all%2Cm_money_positions_long_all%2Cm_money_positions_short_all%2Cm_money_positions_spread%2Ccontract_units%2Cfutonly_or_combined&%24where=cftc_contract_market_code%3D%27080732%27+AND+report_date_as_yyyy_mm_dd%3E%3D%272009-09-01T00%3A00%3A00.000%27+AND+report_date_as_yyyy_mm_dd%3C%3D%272026-08-11T00%3A00%3A00.000%27&%24order=report_date_as_yyyy_mm_dd&%24limit=5000,e1eadfec20535920e28d87b1a02245d9241765f4ae199f31c25d130fdaf7d93a,264856,98033,166823,1241072,0.1344184704835819356169505073,546,-0.1312496267599459738992436092,0.1206161023854794126575806477,false,true,true,false,cftc_normalized_net_q10_reversal_v1
SUGAR NO. 11 - ICE FUTURES U.S.,080732,2020-02-25,2020-02-28T20:30:00Z,cftc_ordinary_rule_estimate_not_holiday_verified,cftc_sugar_no11_selected_history_e1eadfec2053,https://publicreporting.cftc.gov/resource/72hh-3qpy.json?%24select=report_date_as_yyyy_mm_dd%2Ccftc_contract_market_code%2Cmarket_and_exchange_names%2Copen_interest_all%2Cm_money_positions_long_all%2Cm_money_positions_short_all%2Cm_money_positions_spread%2Ccontract_units%2Cfutonly_or_combined&%24where=cftc_contract_market_code%3D%27080732%27+AND+report_date_as_yyyy_mm_dd%3E%3D%272009-09-01T00%3A00%3A00.000%27+AND+report_date_as_yyyy_mm_dd%3C%3D%272026-08-11T00%3A00%3A00.000%27&%24order=report_date_as_yyyy_mm_dd&%24limit=5000,e1eadfec20535920e28d87b1a02245d9241765f4ae199f31c25d130fdaf7d93a,285910,95778,190132,1206094,0.1576427707956427940110803967,547,-0.1312496267599459738992436092,0.1344184704835819356169505073,false,true,true,false,cftc_normalized_net_q10_reversal_v1
SUGAR NO. 11 - ICE FUTURES U.S.,080732,2020-03-03,2020-03-06T20:30:00Z,cftc_ordinary_rule_estimate_not_holiday_verified,cftc_sugar_no11_selected_history_e1eadfec2053,https://publicreporting.cftc.gov/resource/72hh-3qpy.json?%24select=report_date_as_yyyy_mm_dd%2Ccftc_contract_market_code%2Cmarket_and_exchange_names%2Copen_interest_all%2Cm_money_positions_long_all%2Cm_money_positions_short_all%2Cm_money_positions_spread%2Ccontract_units%2Cfutonly_or_combined&%24where=cftc_contract_market_code%3D%27080732%27+AND+report_date_as_yyyy_mm_dd%3E%3D%272009-09-01T00%3A00%3A00.000%27+AND+report_date_as_yyyy_mm_dd%3C%3D%272026-08-11T00%3A00%3A00.000%27&%24order=report_date_as_yyyy_mm_dd&%24limit=5000,e1eadfec20535920e28d87b1a02245d9241765f4ae199f31c25d130fdaf7d93a,252258,106261,145997,1142524,0.1277846242179595352045121153,548,-0.1312496267599459738992436092,0.1576427707956427940110803967,false,false,true,false,cftc_normalized_net_q10_reversal_v1
SUGAR NO. 11 - ICE FUTURES U.S.,080732,2020-03-10,2020-03-13T19:30:00Z,cftc_ordinary_rule_estimate_not_holiday_verified,cftc_sugar_no11_selected_history_e1eadfec2053,https://publicreporting.cftc.gov/resource/72hh-3qpy.json?%24select=report_date_as_yyyy_mm_dd%2Ccftc_contract_market_code%2Cmarket_and_exchange_names%2Copen_interest_all%2Cm_money_positions_long_all%2Cm_money_positions_short_all%2Cm_money_positions_spread%2Ccontract_units%2Cfutonly_or_combined&%24where=cftc_contract_market_code%3D%27080732%27+AND+report_date_as_yyyy_mm_dd%3E%3D%272009-09-01T00%3A00%3A00.000%27+AND+report_date_as_yyyy_mm_dd%3C%3D%272026-08-11T00%3A00%3A00.000%27&%24order=report_date_as_yyyy_mm_dd&%24limit=5000,e1eadfec20535920e28d87b1a02245d9241765f4ae199f31c25d130fdaf7d93a,182563,106933,75630,1127748,0.06706285446748741740175996765,549,-0.1312496267599459738992436092,0.1277846242179595352045121153,false,false,true,false,cftc_normalized_net_q10_reversal_v1
SUGAR NO. 11 - ICE FUTURES U.S.,080732,2020-03-17,2020-03-20T19:30:00Z,cftc_ordinary_rule_estimate_not_holiday_verified,cftc_sugar_no11_selected_history_e1eadfec2053,https://publicreporting.cftc.gov/resource/72hh-3qpy.json?%24select=report_date_as_yyyy_mm_dd%2Ccftc_contract_market_code%2Cmarket_and_exchange_names%2Copen_interest_all%2Cm_money_positions_long_all%2Cm_money_positions_short_all%2Cm_money_positions_spread%2Ccontract_units%2Cfutonly_or_combined&%24where=cftc_contract_market_code%3D%27080732%27+AND+report_date_as_yyyy_mm_dd%3E%3D%272009-09-01T00%3A00%3A00.000%27+AND+report_date_as_yyyy_mm_dd%3C%3D%272026-08-11T00%3A00%3A00.000%27&%24order=report_date_as_yyyy_mm_dd&%24limit=5000,e1eadfec20535920e28d87b1a02245d9241765f4ae199f31c25d130fdaf7d93a,108372,98781,9591,1048963,0.009143315827155009280594263096,550,-0.1312496267599459738992436092,0.06706285446748741740175996765,false,false,true,false,cftc_normalized_net_q10_reversal_v1
SUGAR NO. 11 - ICE FUTURES U.S.,080732,2020-03-24,2020-03-27T19:30:00Z,cftc_ordinary_rule_estimate_not_holiday_verified,cftc_sugar_no11_selected_history_e1eadfec2053,https://publicreporting.cftc.gov/resource/72hh-3qpy.json?%24select=report_date_as_yyyy_mm_dd%2Ccftc_contract_market_code%2Cmarket_and_exchange_names%2Copen_interest_all%2Cm_money_positions_long_all%2Cm_money_positions_short_all%2Cm_money_positions_spread%2Ccontract_units%2Cfutonly_or_combined&%24where=cftc_contract_market_code%3D%27080732%27+AND+report_date_as_yyyy_mm_dd%3E%3D%272009-09-01T00%3A00%3A00.000%27+AND+report_date_as_yyyy_mm_dd%3C%3D%272026-08-11T00%3A00%3A00.000%27&%24order=report_date_as_yyyy_mm_dd&%24limit=5000,e1eadfec20535920e28d87b1a02245d9241765f4ae199f31c25d130fdaf7d93a,94273,96623,-2350,1014018,-0.002317513101345341009725665619,551,-0.1310246403237999704626110759,0.009143315827155009280594263096,false,false,true,false,cftc_normalized_net_q10_reversal_v1
SUGAR NO. 11 - ICE FUTURES U.S.,080732,2020-03-31,2020-04-03T19:30:00Z,cftc_ordinary_rule_estimate_not_holiday_verified,cftc_sugar_no11_selected_history_e1eadfec2053,https://publicreporting.cftc.gov/resource/72hh-3qpy.json?%24select=report_date_as_yyyy_mm_dd%2Ccftc_contract_market_code%2Cmarket_and_exchange_names%2Copen_interest_all%2Cm_money_positions_long_all%2Cm_money_positions_short_all%2Cm_money_positions_spread%2Ccontract_units%2Cfutonly_or_combined&%24where=cftc_contract_market_code%3D%27080732%27+AND+report_date_as_yyyy_mm_dd%3E%3D%272009-09-01T00%3A00%3A00.000%27+AND+report_date_as_yyyy_mm_dd%3C%3D%272026-08-11T00%3A00%3A00.000%27&%24order=report_date_as_yyyy_mm_dd&%24limit=5000,e1eadfec20535920e28d87b1a02245d9241765f4ae199f31c25d130fdaf7d93a,92139,102819,-10680,1015678,-0.01051514357896892519085773247,552,-0.1310246403237999704626110759,-0.002317513101345341009725665619,false,false,true,false,cftc_normalized_net_q10_reversal_v1
SUGAR NO. 11 - ICE FUTURES U.S.,080732,2020-04-07,2020-04-10T19:30:00Z,cftc_ordinary_rule_estimate_not_holiday_verified,cftc_sugar_no11_selected_history_e1eadfec2053,https://publicreporting.cftc.gov/resource/72hh-3qpy.json?%24select=report_date_as_yyyy_mm_dd%2Ccftc_contract_market_code%2Cmarket_and_exchange_names%2Copen_interest_all%2Cm_money_positions_long_all%2Cm_money_positions_short_all%2Cm_money_positions_spread%2Ccontract_units%2Cfutonly_or_combined&%24where=cftc_contract_market_code%3D%27080732%27+AND+report_date_as_yyyy_mm_dd%3E%3D%272009-09-01T00%3A00%3A00.000%27+AND+report_date_as_yyyy_mm_dd%3C%3D%272026-08-11T00%3A00%3A00.000%27&%24order=report_date_as_yyyy_mm_dd&%24limit=5000,e1eadfec20535920e28d87b1a02245d9241765f4ae199f31c25d130fdaf7d93a,88899,118964,-30065,1019129,-0.02950068146426997956097805087,553,-0.1310246403237999704626110759,-0.01051514357896892519085773247,false,false,true,false,cftc_normalized_net_q10_reversal_v1
SUGAR NO. 11 - ICE FUTURES U.S.,080732,2020-04-14,2020-04-17T19:30:00Z,cftc_ordinary_rule_estimate_not_holiday_verified,cftc_sugar_no11_selected_history_e1eadfec2053,https://publicreporting.cftc.gov/resource/72hh-3qpy.json?%24select=report_date_as_yyyy_mm_dd%2Ccftc_contract_market_code%2Cmarket_and_exchange_names%2Copen_interest_all%2Cm_money_positions_long_all%2Cm_money_positions_short_all%2Cm_money_positions_spread%2Ccontract_units%2Cfutonly_or_combined&%24where=cftc_contract_market_code%3D%27080732%27+AND+report_date_as_yyyy_mm_dd%3E%3D%272009-09-01T00%3A00%3A00.000%27+AND+report_date_as_yyyy_mm_dd%3C%3D%272026-08-11T00%3A00%3A00.000%27&%24order=report_date_as_yyyy_mm_dd&%24limit=5000,e1eadfec20535920e28d87b1a02245d9241765f4ae199f31c25d130fdaf7d93a,87840,136786,-48946,1040411,-0.04704486976781291239711998431,554,-0.1310246403237999704626110759,-0.02950068146426997956097805087,false,false,true,false,cftc_normalized_net_q10_reversal_v1
SUGAR NO. 11 - ICE FUTURES U.S.,080732,2020-04-21,2020-04-24T19:30:00Z,cftc_ordinary_rule_estimate_not_holiday_verified,cftc_sugar_no11_selected_history_e1eadfec2053,https://publicreporting.cftc.gov/resource/72hh-3qpy.json?%24select=report_date_as_yyyy_mm_dd%2Ccftc_contract_market_code%2Cmarket_and_exchange_names%2Copen_interest_all%2Cm_money_positions_long_all%2Cm_money_positions_short_all%2Cm_money_positions_spread%2Ccontract_units%2Cfutonly_or_combined&%24where=cftc_contract_market_code%3D%27080732%27+AND+report_date_as_yyyy_mm_dd%3E%3D%272009-09-01T00%3A00%3A00.000%27+AND+report_date_as_yyyy_mm_dd%3C%3D%272026-08-11T00%3A00%3A00.000%27&%24order=report_date_as_yyyy_mm_dd&%24limit=5000,e1eadfec20535920e28d87b1a02245d9241765f4ae199f31c25d130fdaf7d93a,85983,144867,-58884,965724,-0.06097394286566348149160629745,555,-0.1310246403237999704626110759,-0.04704486976781291239711998431,false,false,true,false,cftc_normalized_net_q10_reversal_v1
SUGAR NO. 11 - ICE FUTURES U.S.,080732,2020-04-28,2020-05-01T19:30:00Z,cftc_ordinary_rule_estimate_not_holiday_verified,cftc_sugar_no11_selected_history_e1eadfec2053,https://publicreporting.cftc.gov/resource/72hh-3qpy.json?%24select=report_date_as_yyyy_mm_dd%2Ccftc_contract_market_code%2Cmarket_and_exchange_names%2Copen_interest_all%2Cm_money_positions_long_all%2Cm_money_positions_short_all%2Cm_money_positions_spread%2Ccontract_units%2Cfutonly_or_combined&%24where=cftc_contract_market_code%3D%27080732%27+AND+report_date_as_yyyy_mm_dd%3E%3D%272009-09-01T00%3A00%3A00.000%27+AND+report_date_as_yyyy_mm_dd%3C%3D%272026-08-11T00%3A00%3A00.000%27&%24order=report_date_as_yyyy_mm_dd&%24limit=5000,e1eadfec20535920e28d87b1a02245d9241765f4ae199f31c25d130fdaf7d93a,93715,157783,-64068,950948,-0.06737276906834022470208675974,556,-0.1310246403237999704626110759,-0.06097394286566348149160629745,false,false,true,false,cftc_normalized_net_q10_reversal_v1
SUGAR NO. 11 - ICE FUTURES U.S.,080732,2020-05-05,2020-05-08T19:30:00Z,cftc_ordinary_rule_estimate_not_holiday_verified,cftc_sugar_no11_selected_history_e1eadfec2053,https://publicreporting.cftc.gov/resource/72hh-3qpy.json?%24select=report_date_as_yyyy_mm_dd%2Ccftc_contract_market_code%2Cmarket_and_exchange_names%2Copen_interest_all%2Cm_money_positions_long_all%2Cm_money_positions_short_all%2Cm_money_positions_spread%2Ccontract_units%2Cfutonly_or_combined&%24where=cftc_contract_market_code%3D%27080732%27+AND+report_date_as_yyyy_mm_dd%3E%3D%272009-09-01T00%3A00%3A00.000%27+AND+report_date_as_yyyy_mm_dd%3C%3D%272026-08-11T00%3A00%3A00.000%27&%24order=report_date_as_yyyy_mm_dd&%24limit=5000,e1eadfec20535920e28d87b1a02245d9241765f4ae199f31c25d130fdaf7d93a,89089,137539,-48450,923784,-0.0524473253487828323504195786,557,-0.1310246403237999704626110759,-0.06737276906834022470208675974,false,true,true,false,cftc_normalized_net_q10_reversal_v1
SUGAR NO. 11 - ICE FUTURES U.S.,080732,2020-05-12,2020-05-15T19:30:00Z,cftc_ordinary_rule_estimate_not_holiday_verified,cftc_sugar_no11_selected_history_e1eadfec2053,https://publicreporting.cftc.gov/resource/72hh-3qpy.json?%24select=report_date_as_yyyy_mm_dd%2Ccftc_contract_market_code%2Cmarket_and_exchange_names%2Copen_interest_all%2Cm_money_positions_long_all%2Cm_money_positions_short_all%2Cm_money_positions_spread%2Ccontract_units%2Cfutonly_or_combined&%24where=cftc_contract_market_code%3D%27080732%27+AND+report_date_as_yyyy_mm_dd%3E%3D%272009-09-01T00%3A00%3A00.000%27+AND+report_date_as_yyyy_mm_dd%3C%3D%272026-08-11T00%3A00%3A00.000%27&%24order=report_date_as_yyyy_mm_dd&%24limit=5000,e1eadfec20535920e28d87b1a02245d9241765f4ae199f31c25d130fdaf7d93a,90592,135362,-44770,953051,-0.04697545042185570341985895823,558,-0.1310246403237999704626110759,-0.0524473253487828323504195786,false,true,true,false,cftc_normalized_net_q10_reversal_v1
SUGAR NO. 11 - ICE FUTURES U.S.,080732,2020-05-19,2020-05-22T19:30:00Z,cftc_ordinary_rule_estimate_not_holiday_verified,cftc_sugar_no11_selected_history_e1eadfec2053,https://publicreporting.cftc.gov/resource/72hh-3qpy.json?%24select=report_date_as_yyyy_mm_dd%2Ccftc_contract_market_code%2Cmarket_and_exchange_names%2Copen_interest_all%2Cm_money_positions_long_all%2Cm_money_positions_short_all%2Cm_money_positions_spread%2Ccontract_units%2Cfutonly_or_combined&%24where=cftc_contract_market_code%3D%27080732%27+AND+report_date_as_yyyy_mm_dd%3E%3D%272009-09-01T00%3A00%3A00.000%27+AND+report_date_as_yyyy_mm_dd%3C%3D%272026-08-11T00%3A00%3A00.000%27&%24order=report_date_as_yyyy_mm_dd&%24limit=5000,e1eadfec20535920e28d87b1a02245d9241765f4ae199f31c25d130fdaf7d93a,102186,131101,-28915,970769,-0.02978566476679828053841851151,559,-0.1310246403237999704626110759,-0.04697545042185570341985895823,false,true,true,false,cftc_normalized_net_q10_reversal_v1
SUGAR NO. 11 - ICE FUTURES U.S.,080732,2020-05-26,2020-05-29T19:30:00Z,cftc_ordinary_rule_estimate_not_holiday_verified,cftc_sugar_no11_selected_history_e1eadfec2053,https://publicreporting.cftc.gov/resource/72hh-3qpy.json?%24select=report_date_as_yyyy_mm_dd%2Ccftc_contract_market_code%2Cmarket_and_exchange_names%2Copen_interest_all%2Cm_money_positions_long_all%2Cm_money_positions_short_all%2Cm_money_positions_spread%2Ccontract_units%2Cfutonly_or_combined&%24where=cftc_contract_market_code%3D%27080732%27+AND+report_date_as_yyyy_mm_dd%3E%3D%272009-09-01T00%3A00%3A00.000%27+AND+report_date_as_yyyy_mm_dd%3C%3D%272026-08-11T00%3A00%3A00.000%27&%24order=report_date_as_yyyy_mm_dd&%24limit=5000,e1eadfec20535920e28d87b1a02245d9241765f4ae199f31c25d130fdaf7d93a,110982,123077,-12095,979826,-0.01234402842953748930932634978,560,-0.1310246403237999704626110759,-0.02978566476679828053841851151,false,true,true,false,cftc_normalized_net_q10_reversal_v1
SUGAR NO. 11 - ICE FUTURES U.S.,080732,2020-06-02,2020-06-05T19:30:00Z,cftc_ordinary_rule_estimate_not_holiday_verified,cftc_sugar_no11_selected_history_e1eadfec2053,https://publicreporting.cftc.gov/resource/72hh-3qpy.json?%24select=report_date_as_yyyy_mm_dd%2Ccftc_contract_market_code%2Cmarket_and_exchange_names%2Copen_interest_all%2Cm_money_positions_long_all%2Cm_money_positions_short_all%2Cm_money_positions_spread%2Ccontract_units%2Cfutonly_or_combined&%24where=cftc_contract_market_code%3D%27080732%27+AND+report_date_as_yyyy_mm_dd%3E%3D%272009-09-01T00%3A00%3A00.000%27+AND+report_date_as_yyyy_mm_dd%3C%3D%272026-08-11T00%3A00%3A00.000%27&%24order=report_date_as_yyyy_mm_dd&%24limit=5000,e1eadfec20535920e28d87b1a02245d9241765f4ae199f31c25d130fdaf7d93a,113204,119611,-6407,996216,-0.00643133617609032579279995503,561,-0.130631545733143724092620368,-0.01234402842953748930932634978,false,true,true,false,cftc_normalized_net_q10_reversal_v1
SUGAR NO. 11 - ICE FUTURES U.S.,080732,2020-06-09,2020-06-12T19:30:00Z,cftc_ordinary_rule_estimate_not_holiday_verified,cftc_sugar_no11_selected_history_e1eadfec2053,https://publicreporting.cftc.gov/resource/72hh-3qpy.json?%24select=report_date_as_yyyy_mm_dd%2Ccftc_contract_market_code%2Cmarket_and_exchange_names%2Copen_interest_all%2Cm_money_positions_long_all%2Cm_money_positions_short_all%2Cm_money_positions_spread%2Ccontract_units%2Cfutonly_or_combined&%24where=cftc_contract_market_code%3D%27080732%27+AND+report_date_as_yyyy_mm_dd%3E%3D%272009-09-01T00%3A00%3A00.000%27+AND+report_date_as_yyyy_mm_dd%3C%3D%272026-08-11T00%3A00%3A00.000%27&%24order=report_date_as_yyyy_mm_dd&%24limit=5000,e1eadfec20535920e28d87b1a02245d9241765f4ae199f31c25d130fdaf7d93a,117915,98090,19825,983915,0.02014909824527525243542379169,562,-0.130631545733143724092620368,-0.00643133617609032579279995503,false,true,true,false,cftc_normalized_net_q10_reversal_v1
SUGAR NO. 11 - ICE FUTURES U.S.,080732,2020-06-16,2020-06-19T19:30:00Z,cftc_ordinary_rule_estimate_not_holiday_verified,cftc_sugar_no11_selected_history_e1eadfec2053,https://publicreporting.cftc.gov/resource/72hh-3qpy.json?%24select=report_date_as_yyyy_mm_dd%2Ccftc_contract_market_code%2Cmarket_and_exchange_names%2Copen_interest_all%2Cm_money_positions_long_all%2Cm_money_positions_short_all%2Cm_money_positions_spread%2Ccontract_units%2Cfutonly_or_combined&%24where=cftc_contract_market_code%3D%27080732%27+AND+report_date_as_yyyy_mm_dd%3E%3D%272009-09-01T00%3A00%3A00.000%27+AND+report_date_as_yyyy_mm_dd%3C%3D%272026-08-11T00%3A00%3A00.000%27&%24order=report_date_as_yyyy_mm_dd&%24limit=5000,e1eadfec20535920e28d87b1a02245d9241765f4ae199f31c25d130fdaf7d93a,120189,86427,33762,960972,0.03513317765762165807120290706,563,-0.130631545733143724092620368,0.02014909824527525243542379169,false,true,true,false,cftc_normalized_net_q10_reversal_v1
SUGAR NO. 11 - ICE FUTURES U.S.,080732,2020-06-23,2020-06-26T19:30:00Z,cftc_ordinary_rule_estimate_not_holiday_verified,cftc_sugar_no11_selected_history_e1eadfec2053,https://publicreporting.cftc.gov/resource/72hh-3qpy.json?%24select=report_date_as_yyyy_mm_dd%2Ccftc_contract_market_code%2Cmarket_and_exchange_names%2Copen_interest_all%2Cm_money_positions_long_all%2Cm_money_positions_short_all%2Cm_money_positions_spread%2Ccontract_units%2Cfutonly_or_combined&%24where=cftc_contract_market_code%3D%27080732%27+AND+report_date_as_yyyy_mm_dd%3E%3D%272009-09-01T00%3A00%3A00.000%27+AND+report_date_as_yyyy_mm_dd%3C%3D%272026-08-11T00%3A00%3A00.000%27&%24order=report_date_as_yyyy_mm_dd&%24limit=5000,e1eadfec20535920e28d87b1a02245d9241765f4ae199f31c25d130fdaf7d93a,136283,78796,57487,958619,0.05996855893738805510844245733,564,-0.130631545733143724092620368,0.03513317765762165807120290706,false,true,true,false,cftc_normalized_net_q10_reversal_v1
SUGAR NO. 11 - ICE FUTURES U.S.,080732,2020-06-30,2020-07-06T19:30:00Z,cftc_official_historical_release_verified,cftc_sugar_no11_selected_history_e1eadfec2053,https://publicreporting.cftc.gov/resource/72hh-3qpy.json?%24select=report_date_as_yyyy_mm_dd%2Ccftc_contract_market_code%2Cmarket_and_exchange_names%2Copen_interest_all%2Cm_money_positions_long_all%2Cm_money_positions_short_all%2Cm_money_positions_spread%2Ccontract_units%2Cfutonly_or_combined&%24where=cftc_contract_market_code%3D%27080732%27+AND+report_date_as_yyyy_mm_dd%3E%3D%272009-09-01T00%3A00%3A00.000%27+AND+report_date_as_yyyy_mm_dd%3C%3D%272026-08-11T00%3A00%3A00.000%27&%24order=report_date_as_yyyy_mm_dd&%24limit=5000,e1eadfec20535920e28d87b1a02245d9241765f4ae199f31c25d130fdaf7d93a,129441,66841,62600,918143,0.06818110032968720558780059315,565,-0.130631545733143724092620368,0.05996855893738805510844245733,false,true,true,false,cftc_normalized_net_q10_reversal_v1
SUGAR NO. 11 - ICE FUTURES U.S.,080732,2020-07-07,2020-07-10T19:30:00Z,cftc_ordinary_rule_estimate_not_holiday_verified,cftc_sugar_no11_selected_history_e1eadfec2053,https://publicreporting.cftc.gov/resource/72hh-3qpy.json?%24select=report_date_as_yyyy_mm_dd%2Ccftc_contract_market_code%2Cmarket_and_exchange_names%2Copen_interest_all%2Cm_money_positions_long_all%2Cm_money_positions_short_all%2Cm_money_positions_spread%2Ccontract_units%2Cfutonly_or_combined&%24where=cftc_contract_market_code%3D%27080732%27+AND+report_date_as_yyyy_mm_dd%3E%3D%272009-09-01T00%3A00%3A00.000%27+AND+report_date_as_yyyy_mm_dd%3C%3D%272026-08-11T00%3A00%3A00.000%27&%24order=report_date_as_yyyy_mm_dd&%24limit=5000,e1eadfec20535920e28d87b1a02245d9241765f4ae199f31c25d130fdaf7d93a,142573,58123,84450,924622,0.09133462106677106969118191001,566,-0.130631545733143724092620368,0.06818110032968720558780059315,false,true,true,false,cftc_normalized_net_q10_reversal_v1
SUGAR NO. 11 - ICE FUTURES U.S.,080732,2020-07-14,2020-07-17T19:30:00Z,cftc_ordinary_rule_estimate_not_holiday_verified,cftc_sugar_no11_selected_history_e1eadfec2053,https://publicreporting.cftc.gov/resource/72hh-3qpy.json?%24select=report_date_as_yyyy_mm_dd%2Ccftc_contract_market_code%2Cmarket_and_exchange_names%2Copen_interest_all%2Cm_money_positions_long_all%2Cm_money_positions_short_all%2Cm_money_positions_spread%2Ccontract_units%2Cfutonly_or_combined&%24where=cftc_contract_market_code%3D%27080732%27+AND+report_date_as_yyyy_mm_dd%3E%3D%272009-09-01T00%3A00%3A00.000%27+AND+report_date_as_yyyy_mm_dd%3C%3D%272026-08-11T00%3A00%3A00.000%27&%24order=report_date_as_yyyy_mm_dd&%24limit=5000,e1eadfec20535920e28d87b1a02245d9241765f4ae199f31c25d130fdaf7d93a,145297,63235,82062,938702,0.08742071498729096134875604825,567,-0.130631545733143724092620368,0.09133462106677106969118191001,false,false,true,false,cftc_normalized_net_q10_reversal_v1
SUGAR NO. 11 - ICE FUTURES U.S.,080732,2020-07-21,2020-07-24T19:30:00Z,cftc_ordinary_rule_estimate_not_holiday_verified,cftc_sugar_no11_selected_history_e1eadfec2053,https://publicreporting.cftc.gov/resource/72hh-3qpy.json?%24select=report_date_as_yyyy_mm_dd%2Ccftc_contract_market_code%2Cmarket_and_exchange_names%2Copen_interest_all%2Cm_money_positions_long_all%2Cm_money_positions_short_all%2Cm_money_positions_spread%2Ccontract_units%2Cfutonly_or_combined&%24where=cftc_contract_market_code%3D%27080732%27+AND+report_date_as_yyyy_mm_dd%3E%3D%272009-09-01T00%3A00%3A00.000%27+AND+report_date_as_yyyy_mm_dd%3C%3D%272026-08-11T00%3A00%3A00.000%27&%24order=report_date_as_yyyy_mm_dd&%24limit=5000,e1eadfec20535920e28d87b1a02245d9241765f4ae199f31c25d130fdaf7d93a,147030,64178,82852,944754,0.08769690310916915937905528847,568,-0.130631545733143724092620368,0.08742071498729096134875604825,false,true,true,false,cftc_normalized_net_q10_reversal_v1
SUGAR NO. 11 - ICE FUTURES U.S.,080732,2020-07-28,2020-07-31T19:30:00Z,cftc_ordinary_rule_estimate_not_holiday_verified,cftc_sugar_no11_selected_history_e1eadfec2053,https://publicreporting.cftc.gov/resource/72hh-3qpy.json?%24select=report_date_as_yyyy_mm_dd%2Ccftc_contract_market_code%2Cmarket_and_exchange_names%2Copen_interest_all%2Cm_money_positions_long_all%2Cm_money_positions_short_all%2Cm_money_positions_spread%2Ccontract_units%2Cfutonly_or_combined&%24where=cftc_contract_market_code%3D%27080732%27+AND+report_date_as_yyyy_mm_dd%3E%3D%272009-09-01T00%3A00%3A00.000%27+AND+report_date_as_yyyy_mm_dd%3C%3D%272026-08-11T00%3A00%3A00.000%27&%24order=report_date_as_yyyy_mm_dd&%24limit=5000,e1eadfec20535920e28d87b1a02245d9241765f4ae199f31c25d130fdaf7d93a,146783,54359,92424,963358,0.09593941193201281351273358398,569,-0.130631545733143724092620368,0.08769690310916915937905528847,false,true,true,false,cftc_normalized_net_q10_reversal_v1
SUGAR NO. 11 - ICE FUTURES U.S.,080732,2020-08-04,2020-08-07T19:30:00Z,cftc_ordinary_rule_estimate_not_holiday_verified,cftc_sugar_no11_selected_history_e1eadfec2053,https://publicreporting.cftc.gov/resource/72hh-3qpy.json?%24select=report_date_as_yyyy_mm_dd%2Ccftc_contract_market_code%2Cmarket_and_exchange_names%2Copen_interest_all%2Cm_money_positions_long_all%2Cm_money_positions_short_all%2Cm_money_positions_spread%2Ccontract_units%2Cfutonly_or_combined&%24where=cftc_contract_market_code%3D%27080732%27+AND+report_date_as_yyyy_mm_dd%3E%3D%272009-09-01T00%3A00%3A00.000%27+AND+report_date_as_yyyy_mm_dd%3C%3D%272026-08-11T00%3A00%3A00.000%27&%24order=report_date_as_yyyy_mm_dd&%24limit=5000,e1eadfec20535920e28d87b1a02245d9241765f4ae199f31c25d130fdaf7d93a,166726,44393,122333,989827,0.1235902839587119769414251177,570,-0.130631545733143724092620368,0.09593941193201281351273358398,false,true,true,false,cftc_normalized_net_q10_reversal_v1
SUGAR NO. 11 - ICE FUTURES U.S.,080732,2020-08-11,2020-08-14T19:30:00Z,cftc_ordinary_rule_estimate_not_holiday_verified,cftc_sugar_no11_selected_history_e1eadfec2053,https://publicreporting.cftc.gov/resource/72hh-3qpy.json?%24select=report_date_as_yyyy_mm_dd%2Ccftc_contract_market_code%2Cmarket_and_exchange_names%2Copen_interest_all%2Cm_money_positions_long_all%2Cm_money_positions_short_all%2Cm_money_positions_spread%2Ccontract_units%2Cfutonly_or_combined&%24where=cftc_contract_market_code%3D%27080732%27+AND+report_date_as_yyyy_mm_dd%3E%3D%272009-09-01T00%3A00%3A00.000%27+AND+report_date_as_yyyy_mm_dd%3C%3D%272026-08-11T00%3A00%3A00.000%27&%24order=report_date_as_yyyy_mm_dd&%24limit=5000,e1eadfec20535920e28d87b1a02245d9241765f4ae199f31c25d130fdaf7d93a,186256,36528,149728,1002453,0.1493616159560597853465449253,571,-0.1299635556210640427347785879,0.1235902839587119769414251177,false,true,true,false,cftc_normalized_net_q10_reversal_v1
SUGAR NO. 11 - ICE FUTURES U.S.,080732,2020-08-18,2020-08-21T19:30:00Z,cftc_ordinary_rule_estimate_not_holiday_verified,cftc_sugar_no11_selected_history_e1eadfec2053,https://publicreporting.cftc.gov/resource/72hh-3qpy.json?%24select=report_date_as_yyyy_mm_dd%2Ccftc_contract_market_code%2Cmarket_and_exchange_names%2Copen_interest_all%2Cm_money_positions_long_all%2Cm_money_positions_short_all%2Cm_money_positions_spread%2Ccontract_units%2Cfutonly_or_combined&%24where=cftc_contract_market_code%3D%27080732%27+AND+report_date_as_yyyy_mm_dd%3E%3D%272009-09-01T00%3A00%3A00.000%27+AND+report_date_as_yyyy_mm_dd%3C%3D%272026-08-11T00%3A00%3A00.000%27&%24order=report_date_as_yyyy_mm_dd&%24limit=5000,e1eadfec20535920e28d87b1a02245d9241765f4ae199f31c25d130fdaf7d93a,206832,32900,173932,1018436,0.1707834365635150367818890927,572,-0.1299635556210640427347785879,0.1493616159560597853465449253,false,true,true,false,cftc_normalized_net_q10_reversal_v1
SUGAR NO. 11 - ICE FUTURES U.S.,080732,2020-08-25,2020-08-28T19:30:00Z,cftc_ordinary_rule_estimate_not_holiday_verified,cftc_sugar_no11_selected_history_e1eadfec2053,https://publicreporting.cftc.gov/resource/72hh-3qpy.json?%24select=report_date_as_yyyy_mm_dd%2Ccftc_contract_market_code%2Cmarket_and_exchange_names%2Copen_interest_all%2Cm_money_positions_long_all%2Cm_money_positions_short_all%2Cm_money_positions_spread%2Ccontract_units%2Cfutonly_or_combined&%24where=cftc_contract_market_code%3D%27080732%27+AND+report_date_as_yyyy_mm_dd%3E%3D%272009-09-01T00%3A00%3A00.000%27+AND+report_date_as_yyyy_mm_dd%3C%3D%272026-08-11T00%3A00%3A00.000%27&%24order=report_date_as_yyyy_mm_dd&%24limit=5000,e1eadfec20535920e28d87b1a02245d9241765f4ae199f31c25d130fdaf7d93a,223621,32875,190746,1062658,0.1794989545084119255677743921,573,-0.1299635556210640427347785879,0.1707834365635150367818890927,false,true,true,false,cftc_normalized_net_q10_reversal_v1
SUGAR NO. 11 - ICE FUTURES U.S.,080732,2020-09-01,2020-09-04T19:30:00Z,cftc_ordinary_rule_estimate_not_holiday_verified,cftc_sugar_no11_selected_history_e1eadfec2053,https://publicreporting.cftc.gov/resource/72hh-3qpy.json?%24select=report_date_as_yyyy_mm_dd%2Ccftc_contract_market_code%2Cmarket_and_exchange_names%2Copen_interest_all%2Cm_money_positions_long_all%2Cm_money_positions_short_all%2Cm_money_positions_spread%2Ccontract_units%2Cfutonly_or_combined&%24where=cftc_contract_market_code%3D%27080732%27+AND+report_date_as_yyyy_mm_dd%3E%3D%272009-09-01T00%3A00%3A00.000%27+AND+report_date_as_yyyy_mm_dd%3C%3D%272026-08-11T00%3A00%3A00.000%27&%24order=report_date_as_yyyy_mm_dd&%24limit=5000,e1eadfec20535920e28d87b1a02245d9241765f4ae199f31c25d130fdaf7d93a,225638,33225,192413,1075405,0.1789214296009410408171805041,574,-0.1299635556210640427347785879,0.1794989545084119255677743921,false,false,true,false,cftc_normalized_net_q10_reversal_v1
SUGAR NO. 11 - ICE FUTURES U.S.,080732,2020-09-08,2020-09-11T19:30:00Z,cftc_ordinary_rule_estimate_not_holiday_verified,cftc_sugar_no11_selected_history_e1eadfec2053,https://publicreporting.cftc.gov/resource/72hh-3qpy.json?%24select=report_date_as_yyyy_mm_dd%2Ccftc_contract_market_code%2Cmarket_and_exchange_names%2Copen_interest_all%2Cm_money_positions_long_all%2Cm_money_positions_short_all%2Cm_money_positions_spread%2Ccontract_units%2Cfutonly_or_combined&%24where=cftc_contract_market_code%3D%27080732%27+AND+report_date_as_yyyy_mm_dd%3E%3D%272009-09-01T00%3A00%3A00.000%27+AND+report_date_as_yyyy_mm_dd%3C%3D%272026-08-11T00%3A00%3A00.000%27&%24order=report_date_as_yyyy_mm_dd&%24limit=5000,e1eadfec20535920e28d87b1a02245d9241765f4ae199f31c25d130fdaf7d93a,206166,38833,167333,1047751,0.1597068387431746664999603914,575,-0.1299635556210640427347785879,0.1789214296009410408171805041,false,false,true,false,cftc_normalized_net_q10_reversal_v1
SUGAR NO. 11 - ICE FUTURES U.S.,080732,2020-09-15,2020-09-18T19:30:00Z,cftc_ordinary_rule_estimate_not_holiday_verified,cftc_sugar_no11_selected_history_e1eadfec2053,https://publicreporting.cftc.gov/resource/72hh-3qpy.json?%24select=report_date_as_yyyy_mm_dd%2Ccftc_contract_market_code%2Cmarket_and_exchange_names%2Copen_interest_all%2Cm_money_positions_long_all%2Cm_money_positions_short_all%2Cm_money_positions_spread%2Ccontract_units%2Cfutonly_or_combined&%24where=cftc_contract_market_code%3D%27080732%27+AND+report_date_as_yyyy_mm_dd%3E%3D%272009-09-01T00%3A00%3A00.000%27+AND+report_date_as_yyyy_mm_dd%3C%3D%272026-08-11T00%3A00%3A00.000%27&%24order=report_date_as_yyyy_mm_dd&%24limit=5000,e1eadfec20535920e28d87b1a02245d9241765f4ae199f31c25d130fdaf7d93a,188279,37579,150700,992063,0.1519056753452149712266257284,576,-0.1299635556210640427347785879,0.1597068387431746664999603914,false,false,true,false,cftc_normalized_net_q10_reversal_v1
SUGAR NO. 11 - ICE FUTURES U.S.,080732,2020-09-22,2020-09-25T19:30:00Z,cftc_ordinary_rule_estimate_not_holiday_verified,cftc_sugar_no11_selected_history_e1eadfec2053,https://publicreporting.cftc.gov/resource/72hh-3qpy.json?%24select=report_date_as_yyyy_mm_dd%2Ccftc_contract_market_code%2Cmarket_and_exchange_names%2Copen_interest_all%2Cm_money_positions_long_all%2Cm_money_positions_short_all%2Cm_money_positions_spread%2Ccontract_units%2Cfutonly_or_combined&%24where=cftc_contract_market_code%3D%27080732%27+AND+report_date_as_yyyy_mm_dd%3E%3D%272009-09-01T00%3A00%3A00.000%27+AND+report_date_as_yyyy_mm_dd%3C%3D%272026-08-11T00%3A00%3A00.000%27&%24order=report_date_as_yyyy_mm_dd&%24limit=5000,e1eadfec20535920e28d87b1a02245d9241765f4ae199f31c25d130fdaf7d93a,211394,28619,182775,981798,0.1861635489173944131073805406,577,-0.1299635556210640427347785879,0.1519056753452149712266257284,false,true,true,false,cftc_normalized_net_q10_reversal_v1
SUGAR NO. 11 - ICE FUTURES U.S.,080732,2020-09-29,2020-10-02T19:30:00Z,cftc_ordinary_rule_estimate_not_holiday_verified,cftc_sugar_no11_selected_history_e1eadfec2053,https://publicreporting.cftc.gov/resource/72hh-3qpy.json?%24select=report_date_as_yyyy_mm_dd%2Ccftc_contract_market_code%2Cmarket_and_exchange_names%2Copen_interest_all%2Cm_money_positions_long_all%2Cm_money_positions_short_all%2Cm_money_positions_spread%2Ccontract_units%2Cfutonly_or_combined&%24where=cftc_contract_market_code%3D%27080732%27+AND+report_date_as_yyyy_mm_dd%3E%3D%272009-09-01T00%3A00%3A00.000%27+AND+report_date_as_yyyy_mm_dd%3C%3D%272026-08-11T00%3A00%3A00.000%27&%24order=report_date_as_yyyy_mm_dd&%24limit=5000,e1eadfec20535920e28d87b1a02245d9241765f4ae199f31c25d130fdaf7d93a,227317,24942,202375,971839,0.2082392248098707707758178052,578,-0.1299635556210640427347785879,0.1861635489173944131073805406,false,true,true,false,cftc_normalized_net_q10_reversal_v1
SUGAR NO. 11 - ICE FUTURES U.S.,080732,2020-10-06,2020-10-09T19:30:00Z,cftc_ordinary_rule_estimate_not_holiday_verified,cftc_sugar_no11_selected_history_e1eadfec2053,https://publicreporting.cftc.gov/resource/72hh-3qpy.json?%24select=report_date_as_yyyy_mm_dd%2Ccftc_contract_market_code%2Cmarket_and_exchange_names%2Copen_interest_all%2Cm_money_positions_long_all%2Cm_money_positions_short_all%2Cm_money_positions_spread%2Ccontract_units%2Cfutonly_or_combined&%24where=cftc_contract_market_code%3D%27080732%27+AND+report_date_as_yyyy_mm_dd%3E%3D%272009-09-01T00%3A00%3A00.000%27+AND+report_date_as_yyyy_mm_dd%3C%3D%272026-08-11T00%3A00%3A00.000%27&%24order=report_date_as_yyyy_mm_dd&%24limit=5000,e1eadfec20535920e28d87b1a02245d9241765f4ae199f31c25d130fdaf7d93a,238371,26809,211562,946439,0.223534744447344202848783704,579,-0.1299635556210640427347785879,0.2082392248098707707758178052,false,true,true,false,cftc_normalized_net_q10_reversal_v1
SUGAR NO. 11 - ICE FUTURES U.S.,080732,2020-10-13,2020-10-16T19:30:00Z,cftc_ordinary_rule_estimate_not_holiday_verified,cftc_sugar_no11_selected_history_e1eadfec2053,https://publicreporting.cftc.gov/resource/72hh-3qpy.json?%24select=report_date_as_yyyy_mm_dd%2Ccftc_contract_market_code%2Cmarket_and_exchange_names%2Copen_interest_all%2Cm_money_positions_long_all%2Cm_money_positions_short_all%2Cm_money_positions_spread%2Ccontract_units%2Cfutonly_or_combined&%24where=cftc_contract_market_code%3D%27080732%27+AND+report_date_as_yyyy_mm_dd%3E%3D%272009-09-01T00%3A00%3A00.000%27+AND+report_date_as_yyyy_mm_dd%3C%3D%272026-08-11T00%3A00%3A00.000%27&%24order=report_date_as_yyyy_mm_dd&%24limit=5000,e1eadfec20535920e28d87b1a02245d9241765f4ae199f31c25d130fdaf7d93a,266336,25281,241055,978938,0.2462413349977220212107406189,580,-0.1299635556210640427347785879,0.223534744447344202848783704,false,true,true,false,cftc_normalized_net_q10_reversal_v1
SUGAR NO. 11 - ICE FUTURES U.S.,080732,2020-10-20,2020-10-23T19:30:00Z,cftc_ordinary_rule_estimate_not_holiday_verified,cftc_sugar_no11_selected_history_e1eadfec2053,https://publicreporting.cftc.gov/resource/72hh-3qpy.json?%24select=report_date_as_yyyy_mm_dd%2Ccftc_contract_market_code%2Cmarket_and_exchange_names%2Copen_interest_all%2Cm_money_positions_long_all%2Cm_money_positions_short_all%2Cm_money_positions_spread%2Ccontract_units%2Cfutonly_or_combined&%24where=cftc_contract_market_code%3D%27080732%27+AND+report_date_as_yyyy_mm_dd%3E%3D%272009-09-01T00%3A00%3A00.000%27+AND+report_date_as_yyyy_mm_dd%3C%3D%272026-08-11T00%3A00%3A00.000%27&%24order=report_date_as_yyyy_mm_dd&%24limit=5000,e1eadfec20535920e28d87b1a02245d9241765f4ae199f31c25d130fdaf7d93a,282213,28734,253479,1008665,0.251301472738718999866159726,581,-0.1297927528337613155915233575,0.2462413349977220212107406189,false,true,true,false,cftc_normalized_net_q10_reversal_v1
SUGAR NO. 11 - ICE FUTURES U.S.,080732,2020-10-27,2020-10-30T19:30:00Z,cftc_ordinary_rule_estimate_not_holiday_verified,cftc_sugar_no11_selected_history_e1eadfec2053,https://publicreporting.cftc.gov/resource/72hh-3qpy.json?%24select=report_date_as_yyyy_mm_dd%2Ccftc_contract_market_code%2Cmarket_and_exchange_names%2Copen_interest_all%2Cm_money_positions_long_all%2Cm_money_positions_short_all%2Cm_money_positions_spread%2Ccontract_units%2Cfutonly_or_combined&%24where=cftc_contract_market_code%3D%27080732%27+AND+report_date_as_yyyy_mm_dd%3E%3D%272009-09-01T00%3A00%3A00.000%27+AND+report_date_as_yyyy_mm_dd%3C%3D%272026-08-11T00%3A00%3A00.000%27&%24order=report_date_as_yyyy_mm_dd&%24limit=5000,e1eadfec20535920e28d87b1a02245d9241765f4ae199f31c25d130fdaf7d93a,289772,27875,261897,1036579,0.2526551280703159141753788182,582,-0.1297927528337613155915233575,0.251301472738718999866159726,false,true,true,false,cftc_normalized_net_q10_reversal_v1
SUGAR NO. 11 - ICE FUTURES U.S.,080732,2020-11-03,2020-11-06T20:30:00Z,cftc_ordinary_rule_estimate_not_holiday_verified,cftc_sugar_no11_selected_history_e1eadfec2053,https://publicreporting.cftc.gov/resource/72hh-3qpy.json?%24select=report_date_as_yyyy_mm_dd%2Ccftc_contract_market_code%2Cmarket_and_exchange_names%2Copen_interest_all%2Cm_money_positions_long_all%2Cm_money_positions_short_all%2Cm_money_positions_spread%2Ccontract_units%2Cfutonly_or_combined&%24where=cftc_contract_market_code%3D%27080732%27+AND+report_date_as_yyyy_mm_dd%3E%3D%272009-09-01T00%3A00%3A00.000%27+AND+report_date_as_yyyy_mm_dd%3C%3D%272026-08-11T00%3A00%3A00.000%27&%24order=report_date_as_yyyy_mm_dd&%24limit=5000,e1eadfec20535920e28d87b1a02245d9241765f4ae199f31c25d130fdaf7d93a,272078,25828,246250,1035002,0.2379222455608781432306411002,583,-0.1297927528337613155915233575,0.2526551280703159141753788182,false,false,true,false,cftc_normalized_net_q10_reversal_v1
SUGAR NO. 11 - ICE FUTURES U.S.,080732,2020-11-10,2020-11-16T20:30:00Z,cftc_official_historical_release_verified,cftc_sugar_no11_selected_history_e1eadfec2053,https://publicreporting.cftc.gov/resource/72hh-3qpy.json?%24select=report_date_as_yyyy_mm_dd%2Ccftc_contract_market_code%2Cmarket_and_exchange_names%2Copen_interest_all%2Cm_money_positions_long_all%2Cm_money_positions_short_all%2Cm_money_positions_spread%2Ccontract_units%2Cfutonly_or_combined&%24where=cftc_contract_market_code%3D%27080732%27+AND+report_date_as_yyyy_mm_dd%3E%3D%272009-09-01T00%3A00%3A00.000%27+AND+report_date_as_yyyy_mm_dd%3C%3D%272026-08-11T00%3A00%3A00.000%27&%24order=report_date_as_yyyy_mm_dd&%24limit=5000,e1eadfec20535920e28d87b1a02245d9241765f4ae199f31c25d130fdaf7d93a,273844,29116,244728,1056385,0.2316655386057166657989274744,584,-0.1297927528337613155915233575,0.2379222455608781432306411002,false,false,true,false,cftc_normalized_net_q10_reversal_v1
SUGAR NO. 11 - ICE FUTURES U.S.,080732,2020-11-17,2020-11-20T20:30:00Z,cftc_ordinary_rule_estimate_not_holiday_verified,cftc_sugar_no11_selected_history_e1eadfec2053,https://publicreporting.cftc.gov/resource/72hh-3qpy.json?%24select=report_date_as_yyyy_mm_dd%2Ccftc_contract_market_code%2Cmarket_and_exchange_names%2Copen_interest_all%2Cm_money_positions_long_all%2Cm_money_positions_short_all%2Cm_money_positions_spread%2Ccontract_units%2Cfutonly_or_combined&%24where=cftc_contract_market_code%3D%27080732%27+AND+report_date_as_yyyy_mm_dd%3E%3D%272009-09-01T00%3A00%3A00.000%27+AND+report_date_as_yyyy_mm_dd%3C%3D%272026-08-11T00%3A00%3A00.000%27&%24order=report_date_as_yyyy_mm_dd&%24limit=5000,e1eadfec20535920e28d87b1a02245d9241765f4ae199f31c25d130fdaf7d93a,279879,28790,251089,1079515,0.2325942668698443282399966652,585,-0.1297927528337613155915233575,0.2316655386057166657989274744,false,true,true,false,cftc_normalized_net_q10_reversal_v1
SUGAR NO. 11 - ICE FUTURES U.S.,080732,2020-11-24,2020-11-30T20:30:00Z,cftc_official_historical_release_verified,cftc_sugar_no11_selected_history_e1eadfec2053,https://publicreporting.cftc.gov/resource/72hh-3qpy.json?%24select=report_date_as_yyyy_mm_dd%2Ccftc_contract_market_code%2Cmarket_and_exchange_names%2Copen_interest_all%2Cm_money_positions_long_all%2Cm_money_positions_short_all%2Cm_money_positions_spread%2Ccontract_units%2Cfutonly_or_combined&%24where=cftc_contract_market_code%3D%27080732%27+AND+report_date_as_yyyy_mm_dd%3E%3D%272009-09-01T00%3A00%3A00.000%27+AND+report_date_as_yyyy_mm_dd%3C%3D%272026-08-11T00%3A00%3A00.000%27&%24order=report_date_as_yyyy_mm_dd&%24limit=5000,e1eadfec20535920e28d87b1a02245d9241765f4ae199f31c25d130fdaf7d93a,278246,31816,246430,1085716,0.2269746416189869173890778067,586,-0.1297927528337613155915233575,0.2325942668698443282399966652,false,false,true,false,cftc_normalized_net_q10_reversal_v1
SUGAR NO. 11 - ICE FUTURES U.S.,080732,2020-12-01,2020-12-04T20:30:00Z,cftc_ordinary_rule_estimate_not_holiday_verified,cftc_sugar_no11_selected_history_e1eadfec2053,https://publicreporting.cftc.gov/resource/72hh-3qpy.json?%24select=report_date_as_yyyy_mm_dd%2Ccftc_contract_market_code%2Cmarket_and_exchange_names%2Copen_interest_all%2Cm_money_positions_long_all%2Cm_money_positions_short_all%2Cm_money_positions_spread%2Ccontract_units%2Cfutonly_or_combined&%24where=cftc_contract_market_code%3D%27080732%27+AND+report_date_as_yyyy_mm_dd%3E%3D%272009-09-01T00%3A00%3A00.000%27+AND+report_date_as_yyyy_mm_dd%3C%3D%272026-08-11T00%3A00%3A00.000%27&%24order=report_date_as_yyyy_mm_dd&%24limit=5000,e1eadfec20535920e28d87b1a02245d9241765f4ae199f31c25d130fdaf7d93a,262603,34642,227961,1081320,0.2108173343691044279214293641,587,-0.1297927528337613155915233575,0.2269746416189869173890778067,false,false,true,false,cftc_normalized_net_q10_reversal_v1
SUGAR NO. 11 - ICE FUTURES U.S.,080732,2020-12-08,2020-12-11T20:30:00Z,cftc_ordinary_rule_estimate_not_holiday_verified,cftc_sugar_no11_selected_history_e1eadfec2053,https://publicreporting.cftc.gov/resource/72hh-3qpy.json?%24select=report_date_as_yyyy_mm_dd%2Ccftc_contract_market_code%2Cmarket_and_exchange_names%2Copen_interest_all%2Cm_money_positions_long_all%2Cm_money_positions_short_all%2Cm_money_positions_spread%2Ccontract_units%2Cfutonly_or_combined&%24where=cftc_contract_market_code%3D%27080732%27+AND+report_date_as_yyyy_mm_dd%3E%3D%272009-09-01T00%3A00%3A00.000%27+AND+report_date_as_yyyy_mm_dd%3C%3D%272026-08-11T00%3A00%3A00.000%27&%24order=report_date_as_yyyy_mm_dd&%24limit=5000,e1eadfec20535920e28d87b1a02245d9241765f4ae199f31c25d130fdaf7d93a,248834,35005,213829,1067538,0.2003010665662486955967843768,588,-0.1297927528337613155915233575,0.2108173343691044279214293641,false,false,true,false,cftc_normalized_net_q10_reversal_v1
SUGAR NO. 11 - ICE FUTURES U.S.,080732,2020-12-15,2020-12-18T20:30:00Z,cftc_ordinary_rule_estimate_not_holiday_verified,cftc_sugar_no11_selected_history_e1eadfec2053,https://publicreporting.cftc.gov/resource/72hh-3qpy.json?%24select=report_date_as_yyyy_mm_dd%2Ccftc_contract_market_code%2Cmarket_and_exchange_names%2Copen_interest_all%2Cm_money_positions_long_all%2Cm_money_positions_short_all%2Cm_money_positions_spread%2Ccontract_units%2Cfutonly_or_combined&%24where=cftc_contract_market_code%3D%27080732%27+AND+report_date_as_yyyy_mm_dd%3E%3D%272009-09-01T00%3A00%3A00.000%27+AND+report_date_as_yyyy_mm_dd%3C%3D%272026-08-11T00%3A00%3A00.000%27&%24order=report_date_as_yyyy_mm_dd&%24limit=5000,e1eadfec20535920e28d87b1a02245d9241765f4ae199f31c25d130fdaf7d93a,234490,35050,199440,1053378,0.1893337434425249055894465235,589,-0.1297927528337613155915233575,0.2003010665662486955967843768,false,false,true,false,cftc_normalized_net_q10_reversal_v1
SUGAR NO. 11 - ICE FUTURES U.S.,080732,2020-12-21,2020-12-28T20:30:00Z,cftc_official_historical_release_verified,cftc_sugar_no11_selected_history_e1eadfec2053,https://publicreporting.cftc.gov/resource/72hh-3qpy.json?%24select=report_date_as_yyyy_mm_dd%2Ccftc_contract_market_code%2Cmarket_and_exchange_names%2Copen_interest_all%2Cm_money_positions_long_all%2Cm_money_positions_short_all%2Cm_money_positions_spread%2Ccontract_units%2Cfutonly_or_combined&%24where=cftc_contract_market_code%3D%27080732%27+AND+report_date_as_yyyy_mm_dd%3E%3D%272009-09-01T00%3A00%3A00.000%27+AND+report_date_as_yyyy_mm_dd%3C%3D%272026-08-11T00%3A00%3A00.000%27&%24order=report_date_as_yyyy_mm_dd&%24limit=5000,e1eadfec20535920e28d87b1a02245d9241765f4ae199f31c25d130fdaf7d93a,228125,36522,191603,1047207,0.182965736478079310012251637,590,-0.1297927528337613155915233575,0.1893337434425249055894465235,false,false,true,false,cftc_normalized_net_q10_reversal_v1
SUGAR NO. 11 - ICE FUTURES U.S.,080732,2020-12-29,2021-01-04T20:30:00Z,cftc_official_historical_release_verified,cftc_sugar_no11_selected_history_e1eadfec2053,https://publicreporting.cftc.gov/resource/72hh-3qpy.json?%24select=report_date_as_yyyy_mm_dd%2Ccftc_contract_market_code%2Cmarket_and_exchange_names%2Copen_interest_all%2Cm_money_positions_long_all%2Cm_money_positions_short_all%2Cm_money_positions_spread%2Ccontract_units%2Cfutonly_or_combined&%24where=cftc_contract_market_code%3D%27080732%27+AND+report_date_as_yyyy_mm_dd%3E%3D%272009-09-01T00%3A00%3A00.000%27+AND+report_date_as_yyyy_mm_dd%3C%3D%272026-08-11T00%3A00%3A00.000%27&%24order=report_date_as_yyyy_mm_dd&%24limit=5000,e1eadfec20535920e28d87b1a02245d9241765f4ae199f31c25d130fdaf7d93a,235658,34304,201354,1052268,0.1913523931165824675843036185,591,-0.1260992555098182104661926615,0.182965736478079310012251637,false,true,true,false,cftc_normalized_net_q10_reversal_v1
SUGAR NO. 11 - ICE FUTURES U.S.,080732,2021-01-05,2021-01-08T20:30:00Z,cftc_ordinary_rule_estimate_not_holiday_verified,cftc_sugar_no11_selected_history_e1eadfec2053,https://publicreporting.cftc.gov/resource/72hh-3qpy.json?%24select=report_date_as_yyyy_mm_dd%2Ccftc_contract_market_code%2Cmarket_and_exchange_names%2Copen_interest_all%2Cm_money_positions_long_all%2Cm_money_positions_short_all%2Cm_money_positions_spread%2Ccontract_units%2Cfutonly_or_combined&%24where=cftc_contract_market_code%3D%27080732%27+AND+report_date_as_yyyy_mm_dd%3E%3D%272009-09-01T00%3A00%3A00.000%27+AND+report_date_as_yyyy_mm_dd%3C%3D%272026-08-11T00%3A00%3A00.000%27&%24order=report_date_as_yyyy_mm_dd&%24limit=5000,e1eadfec20535920e28d87b1a02245d9241765f4ae199f31c25d130fdaf7d93a,260673,31855,228818,1089003,0.2101169601920288557515452207,592,-0.1260992555098182104661926615,0.1913523931165824675843036185,false,true,true,false,cftc_normalized_net_q10_reversal_v1
SUGAR NO. 11 - ICE FUTURES U.S.,080732,2021-01-12,2021-01-15T20:30:00Z,cftc_ordinary_rule_estimate_not_holiday_verified,cftc_sugar_no11_selected_history_e1eadfec2053,https://publicreporting.cftc.gov/resource/72hh-3qpy.json?%24select=report_date_as_yyyy_mm_dd%2Ccftc_contract_market_code%2Cmarket_and_exchange_names%2Copen_interest_all%2Cm_money_positions_long_all%2Cm_money_positions_short_all%2Cm_money_positions_spread%2Ccontract_units%2Cfutonly_or_combined&%24where=cftc_contract_market_code%3D%27080732%27+AND+report_date_as_yyyy_mm_dd%3E%3D%272009-09-01T00%3A00%3A00.000%27+AND+report_date_as_yyyy_mm_dd%3C%3D%272026-08-11T00%3A00%3A00.000%27&%24order=report_date_as_yyyy_mm_dd&%24limit=5000,e1eadfec20535920e28d87b1a02245d9241765f4ae199f31c25d130fdaf7d93a,252903,33345,219558,1095452,0.200426855763648247481404936,593,-0.1260992555098182104661926615,0.2101169601920288557515452207,false,false,true,false,cftc_normalized_net_q10_reversal_v1
SUGAR NO. 11 - ICE FUTURES U.S.,080732,2021-01-19,2021-01-22T20:30:00Z,cftc_ordinary_rule_estimate_not_holiday_verified,cftc_sugar_no11_selected_history_e1eadfec2053,https://publicreporting.cftc.gov/resource/72hh-3qpy.json?%24select=report_date_as_yyyy_mm_dd%2Ccftc_contract_market_code%2Cmarket_and_exchange_names%2Copen_interest_all%2Cm_money_positions_long_all%2Cm_money_positions_short_all%2Cm_money_positions_spread%2Ccontract_units%2Cfutonly_or_combined&%24where=cftc_contract_market_code%3D%27080732%27+AND+report_date_as_yyyy_mm_dd%3E%3D%272009-09-01T00%3A00%3A00.000%27+AND+report_date_as_yyyy_mm_dd%3C%3D%272026-08-11T00%3A00%3A00.000%27&%24order=report_date_as_yyyy_mm_dd&%24limit=5000,e1eadfec20535920e28d87b1a02245d9241765f4ae199f31c25d130fdaf7d93a,251914,33827,218087,1101665,0.1979612677175003290473964408,594,-0.1260992555098182104661926615,0.200426855763648247481404936,false,false,true,false,cftc_normalized_net_q10_reversal_v1
SUGAR NO. 11 - ICE FUTURES U.S.,080732,2021-01-26,2021-01-29T20:30:00Z,cftc_ordinary_rule_estimate_not_holiday_verified,cftc_sugar_no11_selected_history_e1eadfec2053,https://publicreporting.cftc.gov/resource/72hh-3qpy.json?%24select=report_date_as_yyyy_mm_dd%2Ccftc_contract_market_code%2Cmarket_and_exchange_names%2Copen_interest_all%2Cm_money_positions_long_all%2Cm_money_positions_short_all%2Cm_money_positions_spread%2Ccontract_units%2Cfutonly_or_combined&%24where=cftc_contract_market_code%3D%27080732%27+AND+report_date_as_yyyy_mm_dd%3E%3D%272009-09-01T00%3A00%3A00.000%27+AND+report_date_as_yyyy_mm_dd%3C%3D%272026-08-11T00%3A00%3A00.000%27&%24order=report_date_as_yyyy_mm_dd&%24limit=5000,e1eadfec20535920e28d87b1a02245d9241765f4ae199f31c25d130fdaf7d93a,241795,37799,203996,1104626,0.1846742698433678005044241218,595,-0.1260992555098182104661926615,0.1979612677175003290473964408,false,false,true,false,cftc_normalized_net_q10_reversal_v1
SUGAR NO. 11 - ICE FUTURES U.S.,080732,2021-02-02,2021-02-05T20:30:00Z,cftc_ordinary_rule_estimate_not_holiday_verified,cftc_sugar_no11_selected_history_e1eadfec2053,https://publicreporting.cftc.gov/resource/72hh-3qpy.json?%24select=report_date_as_yyyy_mm_dd%2Ccftc_contract_market_code%2Cmarket_and_exchange_names%2Copen_interest_all%2Cm_money_positions_long_all%2Cm_money_positions_short_all%2Cm_money_positions_spread%2Ccontract_units%2Cfutonly_or_combined&%24where=cftc_contract_market_code%3D%27080732%27+AND+report_date_as_yyyy_mm_dd%3E%3D%272009-09-01T00%3A00%3A00.000%27+AND+report_date_as_yyyy_mm_dd%3C%3D%272026-08-11T00%3A00%3A00.000%27&%24order=report_date_as_yyyy_mm_dd&%24limit=5000,e1eadfec20535920e28d87b1a02245d9241765f4ae199f31c25d130fdaf7d93a,230959,36425,194534,1107089,0.1757166767983423193618579897,596,-0.1260992555098182104661926615,0.1846742698433678005044241218,false,false,true,false,cftc_normalized_net_q10_reversal_v1
SUGAR NO. 11 - ICE FUTURES U.S.,080732,2021-02-09,2021-02-12T20:30:00Z,cftc_ordinary_rule_estimate_not_holiday_verified,cftc_sugar_no11_selected_history_e1eadfec2053,https://publicreporting.cftc.gov/resource/72hh-3qpy.json?%24select=report_date_as_yyyy_mm_dd%2Ccftc_contract_market_code%2Cmarket_and_exchange_names%2Copen_interest_all%2Cm_money_positions_long_all%2Cm_money_positions_short_all%2Cm_money_positions_spread%2Ccontract_units%2Cfutonly_or_combined&%24where=cftc_contract_market_code%3D%27080732%27+AND+report_date_as_yyyy_mm_dd%3E%3D%272009-09-01T00%3A00%3A00.000%27+AND+report_date_as_yyyy_mm_dd%3C%3D%272026-08-11T00%3A00%3A00.000%27&%24order=report_date_as_yyyy_mm_dd&%24limit=5000,e1eadfec20535920e28d87b1a02245d9241765f4ae199f31c25d130fdaf7d93a,228890,37621,191269,1130449,0.1691973720176673162610608705,597,-0.1260992555098182104661926615,0.1757166767983423193618579897,false,false,true,false,cftc_normalized_net_q10_reversal_v1
SUGAR NO. 11 - ICE FUTURES U.S.,080732,2021-02-16,2021-02-19T20:30:00Z,cftc_ordinary_rule_estimate_not_holiday_verified,cftc_sugar_no11_selected_history_e1eadfec2053,https://publicreporting.cftc.gov/resource/72hh-3qpy.json?%24select=report_date_as_yyyy_mm_dd%2Ccftc_contract_market_code%2Cmarket_and_exchange_names%2Copen_interest_all%2Cm_money_positions_long_all%2Cm_money_positions_short_all%2Cm_money_positions_spread%2Ccontract_units%2Cfutonly_or_combined&%24where=cftc_contract_market_code%3D%27080732%27+AND+report_date_as_yyyy_mm_dd%3E%3D%272009-09-01T00%3A00%3A00.000%27+AND+report_date_as_yyyy_mm_dd%3C%3D%272026-08-11T00%3A00%3A00.000%27&%24order=report_date_as_yyyy_mm_dd&%24limit=5000,e1eadfec20535920e28d87b1a02245d9241765f4ae199f31c25d130fdaf7d93a,233004,38175,194829,1124674,0.1732315319817120338871530772,598,-0.1260992555098182104661926615,0.1691973720176673162610608705,false,true,true,false,cftc_normalized_net_q10_reversal_v1
SUGAR NO. 11 - ICE FUTURES U.S.,080732,2021-02-23,2021-02-26T20:30:00Z,cftc_ordinary_rule_estimate_not_holiday_verified,cftc_sugar_no11_selected_history_e1eadfec2053,https://publicreporting.cftc.gov/resource/72hh-3qpy.json?%24select=report_date_as_yyyy_mm_dd%2Ccftc_contract_market_code%2Cmarket_and_exchange_names%2Copen_interest_all%2Cm_money_positions_long_all%2Cm_money_positions_short_all%2Cm_money_positions_spread%2Ccontract_units%2Cfutonly_or_combined&%24where=cftc_contract_market_code%3D%27080732%27+AND+report_date_as_yyyy_mm_dd%3E%3D%272009-09-01T00%3A00%3A00.000%27+AND+report_date_as_yyyy_mm_dd%3C%3D%272026-08-11T00%3A00%3A00.000%27&%24order=report_date_as_yyyy_mm_dd&%24limit=5000,e1eadfec20535920e28d87b1a02245d9241765f4ae199f31c25d130fdaf7d93a,242108,25554,216554,1065425,0.2032559776614965858694887017,599,-0.1260992555098182104661926615,0.1732315319817120338871530772,false,true,true,false,cftc_normalized_net_q10_reversal_v1
SUGAR NO. 11 - ICE FUTURES U.S.,080732,2021-03-02,2021-03-05T20:30:00Z,cftc_ordinary_rule_estimate_not_holiday_verified,cftc_sugar_no11_selected_history_e1eadfec2053,https://publicreporting.cftc.gov/resource/72hh-3qpy.json?%24select=report_date_as_yyyy_mm_dd%2Ccftc_contract_market_code%2Cmarket_and_exchange_names%2Copen_interest_all%2Cm_money_positions_long_all%2Cm_money_positions_short_all%2Cm_money_positions_spread%2Ccontract_units%2Cfutonly_or_combined&%24where=cftc_contract_market_code%3D%27080732%27+AND+report_date_as_yyyy_mm_dd%3E%3D%272009-09-01T00%3A00%3A00.000%27+AND+report_date_as_yyyy_mm_dd%3C%3D%272026-08-11T00%3A00%3A00.000%27&%24order=report_date_as_yyyy_mm_dd&%24limit=5000,e1eadfec20535920e28d87b1a02245d9241765f4ae199f31c25d130fdaf7d93a,233305,27188,206117,1009386,0.2042003752776440331052738992,600,-0.1260992555098182104661926615,0.2032559776614965858694887017,false,true,true,false,cftc_normalized_net_q10_reversal_v1
SUGAR NO. 11 - ICE FUTURES U.S.,080732,2021-03-09,2021-03-12T20:30:00Z,cftc_ordinary_rule_estimate_not_holiday_verified,cftc_sugar_no11_selected_history_e1eadfec2053,https://publicreporting.cftc.gov/resource/72hh-3qpy.json?%24select=report_date_as_yyyy_mm_dd%2Ccftc_contract_market_code%2Cmarket_and_exchange_names%2Copen_interest_all%2Cm_money_positions_long_all%2Cm_money_positions_short_all%2Cm_money_positions_spread%2Ccontract_units%2Cfutonly_or_combined&%24where=cftc_contract_market_code%3D%27080732%27+AND+report_date_as_yyyy_mm_dd%3E%3D%272009-09-01T00%3A00%3A00.000%27+AND+report_date_as_yyyy_mm_dd%3C%3D%272026-08-11T00%3A00%3A00.000%27&%24order=report_date_as_yyyy_mm_dd&%24limit=5000,e1eadfec20535920e28d87b1a02245d9241765f4ae199f31c25d130fdaf7d93a,225761,34039,191722,1031790,0.1858149429631998759437482433,601,-0.1244593886302264207619286991,0.2042003752776440331052738992,false,false,true,false,cftc_normalized_net_q10_reversal_v1
SUGAR NO. 11 - ICE FUTURES U.S.,080732,2021-03-16,2021-03-19T19:30:00Z,cftc_ordinary_rule_estimate_not_holiday_verified,cftc_sugar_no11_selected_history_e1eadfec2053,https://publicreporting.cftc.gov/resource/72hh-3qpy.json?%24select=report_date_as_yyyy_mm_dd%2Ccftc_contract_market_code%2Cmarket_and_exchange_names%2Copen_interest_all%2Cm_money_positions_long_all%2Cm_money_positions_short_all%2Cm_money_positions_spread%2Ccontract_units%2Cfutonly_or_combined&%24where=cftc_contract_market_code%3D%27080732%27+AND+report_date_as_yyyy_mm_dd%3E%3D%272009-09-01T00%3A00%3A00.000%27+AND+report_date_as_yyyy_mm_dd%3C%3D%272026-08-11T00%3A00%3A00.000%27&%24order=report_date_as_yyyy_mm_dd&%24limit=5000,e1eadfec20535920e28d87b1a02245d9241765f4ae199f31c25d130fdaf7d93a,228525,39104,189421,1047853,0.1807705851870443659559117548,602,-0.1244593886302264207619286991,0.1858149429631998759437482433,false,false,true,false,cftc_normalized_net_q10_reversal_v1
SUGAR NO. 11 - ICE FUTURES U.S.,080732,2021-03-23,2021-03-26T19:30:00Z,cftc_ordinary_rule_estimate_not_holiday_verified,cftc_sugar_no11_selected_history_e1eadfec2053,https://publicreporting.cftc.gov/resource/72hh-3qpy.json?%24select=report_date_as_yyyy_mm_dd%2Ccftc_contract_market_code%2Cmarket_and_exchange_names%2Copen_interest_all%2Cm_money_positions_long_all%2Cm_money_positions_short_all%2Cm_money_positions_spread%2Ccontract_units%2Cfutonly_or_combined&%24where=cftc_contract_market_code%3D%27080732%27+AND+report_date_as_yyyy_mm_dd%3E%3D%272009-09-01T00%3A00%3A00.000%27+AND+report_date_as_yyyy_mm_dd%3C%3D%272026-08-11T00%3A00%3A00.000%27&%24order=report_date_as_yyyy_mm_dd&%24limit=5000,e1eadfec20535920e28d87b1a02245d9241765f4ae199f31c25d130fdaf7d93a,221120,45936,175184,1048979,0.1670042965588443619939007359,603,-0.1244593886302264207619286991,0.1807705851870443659559117548,false,false,true,false,cftc_normalized_net_q10_reversal_v1
SUGAR NO. 11 - ICE FUTURES U.S.,080732,2021-03-30,2021-04-02T19:30:00Z,cftc_ordinary_rule_estimate_not_holiday_verified,cftc_sugar_no11_selected_history_e1eadfec2053,https://publicreporting.cftc.gov/resource/72hh-3qpy.json?%24select=report_date_as_yyyy_mm_dd%2Ccftc_contract_market_code%2Cmarket_and_exchange_names%2Copen_interest_all%2Cm_money_positions_long_all%2Cm_money_positions_short_all%2Cm_money_positions_spread%2Ccontract_units%2Cfutonly_or_combined&%24where=cftc_contract_market_code%3D%27080732%27+AND+report_date_as_yyyy_mm_dd%3E%3D%272009-09-01T00%3A00%3A00.000%27+AND+report_date_as_yyyy_mm_dd%3C%3D%272026-08-11T00%3A00%3A00.000%27&%24order=report_date_as_yyyy_mm_dd&%24limit=5000,e1eadfec20535920e28d87b1a02245d9241765f4ae199f31c25d130fdaf7d93a,206475,43246,163229,1049454,0.1555370697524617563037541426,604,-0.1244593886302264207619286991,0.1670042965588443619939007359,false,false,true,false,cftc_normalized_net_q10_reversal_v1
SUGAR NO. 11 - ICE FUTURES U.S.,080732,2021-04-06,2021-04-09T19:30:00Z,cftc_ordinary_rule_estimate_not_holiday_verified,cftc_sugar_no11_selected_history_e1eadfec2053,https://publicreporting.cftc.gov/resource/72hh-3qpy.json?%24select=report_date_as_yyyy_mm_dd%2Ccftc_contract_market_code%2Cmarket_and_exchange_names%2Copen_interest_all%2Cm_money_positions_long_all%2Cm_money_positions_short_all%2Cm_money_positions_spread%2Ccontract_units%2Cfutonly_or_combined&%24where=cftc_contract_market_code%3D%27080732%27+AND+report_date_as_yyyy_mm_dd%3E%3D%272009-09-01T00%3A00%3A00.000%27+AND+report_date_as_yyyy_mm_dd%3C%3D%272026-08-11T00%3A00%3A00.000%27&%24order=report_date_as_yyyy_mm_dd&%24limit=5000,e1eadfec20535920e28d87b1a02245d9241765f4ae199f31c25d130fdaf7d93a,203490,42617,160873,1044032,0.1540881888677741678415987249,605,-0.1244593886302264207619286991,0.1555370697524617563037541426,false,false,true,false,cftc_normalized_net_q10_reversal_v1
SUGAR NO. 11 - ICE FUTURES U.S.,080732,2021-04-13,2021-04-16T19:30:00Z,cftc_ordinary_rule_estimate_not_holiday_verified,cftc_sugar_no11_selected_history_e1eadfec2053,https://publicreporting.cftc.gov/resource/72hh-3qpy.json?%24select=report_date_as_yyyy_mm_dd%2Ccftc_contract_market_code%2Cmarket_and_exchange_names%2Copen_interest_all%2Cm_money_positions_long_all%2Cm_money_positions_short_all%2Cm_money_positions_spread%2Ccontract_units%2Cfutonly_or_combined&%24where=cftc_contract_market_code%3D%27080732%27+AND+report_date_as_yyyy_mm_dd%3E%3D%272009-09-01T00%3A00%3A00.000%27+AND+report_date_as_yyyy_mm_dd%3C%3D%272026-08-11T00%3A00%3A00.000%27&%24order=report_date_as_yyyy_mm_dd&%24limit=5000,e1eadfec20535920e28d87b1a02245d9241765f4ae199f31c25d130fdaf7d93a,211529,34413,177116,1052839,0.1682270508596281102808691547,606,-0.1244593886302264207619286991,0.1540881888677741678415987249,false,true,true,false,cftc_normalized_net_q10_reversal_v1
SUGAR NO. 11 - ICE FUTURES U.S.,080732,2021-04-20,2021-04-23T19:30:00Z,cftc_ordinary_rule_estimate_not_holiday_verified,cftc_sugar_no11_selected_history_e1eadfec2053,https://publicreporting.cftc.gov/resource/72hh-3qpy.json?%24select=report_date_as_yyyy_mm_dd%2Ccftc_contract_market_code%2Cmarket_and_exchange_names%2Copen_interest_all%2Cm_money_positions_long_all%2Cm_money_positions_short_all%2Cm_money_positions_spread%2Ccontract_units%2Cfutonly_or_combined&%24where=cftc_contract_market_code%3D%27080732%27+AND+report_date_as_yyyy_mm_dd%3E%3D%272009-09-01T00%3A00%3A00.000%27+AND+report_date_as_yyyy_mm_dd%3C%3D%272026-08-11T00%3A00%3A00.000%27&%24order=report_date_as_yyyy_mm_dd&%24limit=5000,e1eadfec20535920e28d87b1a02245d9241765f4ae199f31c25d130fdaf7d93a,245048,25368,219680,1014761,0.2164844726984974787166633325,607,-0.1244593886302264207619286991,0.1682270508596281102808691547,false,true,true,false,cftc_normalized_net_q10_reversal_v1
SUGAR NO. 11 - ICE FUTURES U.S.,080732,2021-04-27,2021-04-30T19:30:00Z,cftc_ordinary_rule_estimate_not_holiday_verified,cftc_sugar_no11_selected_history_e1eadfec2053,https://publicreporting.cftc.gov/resource/72hh-3qpy.json?%24select=report_date_as_yyyy_mm_dd%2Ccftc_contract_market_code%2Cmarket_and_exchange_names%2Copen_interest_all%2Cm_money_positions_long_all%2Cm_money_positions_short_all%2Cm_money_positions_spread%2Ccontract_units%2Cfutonly_or_combined&%24where=cftc_contract_market_code%3D%27080732%27+AND+report_date_as_yyyy_mm_dd%3E%3D%272009-09-01T00%3A00%3A00.000%27+AND+report_date_as_yyyy_mm_dd%3C%3D%272026-08-11T00%3A00%3A00.000%27&%24order=report_date_as_yyyy_mm_dd&%24limit=5000,e1eadfec20535920e28d87b1a02245d9241765f4ae199f31c25d130fdaf7d93a,273317,20788,252529,1021800,0.2471413192405558817772558231,608,-0.1244593886302264207619286991,0.2164844726984974787166633325,false,true,true,false,cftc_normalized_net_q10_reversal_v1
SUGAR NO. 11 - ICE FUTURES U.S.,080732,2021-05-04,2021-05-07T19:30:00Z,cftc_ordinary_rule_estimate_not_holiday_verified,cftc_sugar_no11_selected_history_e1eadfec2053,https://publicreporting.cftc.gov/resource/72hh-3qpy.json?%24select=report_date_as_yyyy_mm_dd%2Ccftc_contract_market_code%2Cmarket_and_exchange_names%2Copen_interest_all%2Cm_money_positions_long_all%2Cm_money_positions_short_all%2Cm_money_positions_spread%2Ccontract_units%2Cfutonly_or_combined&%24where=cftc_contract_market_code%3D%27080732%27+AND+report_date_as_yyyy_mm_dd%3E%3D%272009-09-01T00%3A00%3A00.000%27+AND+report_date_as_yyyy_mm_dd%3C%3D%272026-08-11T00%3A00%3A00.000%27&%24order=report_date_as_yyyy_mm_dd&%24limit=5000,e1eadfec20535920e28d87b1a02245d9241765f4ae199f31c25d130fdaf7d93a,266399,19753,246646,992776,0.2484407358759679927798415755,609,-0.1244593886302264207619286991,0.2471413192405558817772558231,false,true,true,false,cftc_normalized_net_q10_reversal_v1
SUGAR NO. 11 - ICE FUTURES U.S.,080732,2021-05-11,2021-05-14T19:30:00Z,cftc_ordinary_rule_estimate_not_holiday_verified,cftc_sugar_no11_selected_history_e1eadfec2053,https://publicreporting.cftc.gov/resource/72hh-3qpy.json?%24select=report_date_as_yyyy_mm_dd%2Ccftc_contract_market_code%2Cmarket_and_exchange_names%2Copen_interest_all%2Cm_money_positions_long_all%2Cm_money_positions_short_all%2Cm_money_positions_spread%2Ccontract_units%2Cfutonly_or_combined&%24where=cftc_contract_market_code%3D%27080732%27+AND+report_date_as_yyyy_mm_dd%3E%3D%272009-09-01T00%3A00%3A00.000%27+AND+report_date_as_yyyy_mm_dd%3C%3D%272026-08-11T00%3A00%3A00.000%27&%24order=report_date_as_yyyy_mm_dd&%24limit=5000,e1eadfec20535920e28d87b1a02245d9241765f4ae199f31c25d130fdaf7d93a,275307,19482,255825,1030575,0.24823520850010916236081799,610,-0.1244593886302264207619286991,0.2484407358759679927798415755,false,false,true,false,cftc_normalized_net_q10_reversal_v1
SUGAR NO. 11 - ICE FUTURES U.S.,080732,2021-05-18,2021-05-21T19:30:00Z,cftc_ordinary_rule_estimate_not_holiday_verified,cftc_sugar_no11_selected_history_e1eadfec2053,https://publicreporting.cftc.gov/resource/72hh-3qpy.json?%24select=report_date_as_yyyy_mm_dd%2Ccftc_contract_market_code%2Cmarket_and_exchange_names%2Copen_interest_all%2Cm_money_positions_long_all%2Cm_money_positions_short_all%2Cm_money_positions_spread%2Ccontract_units%2Cfutonly_or_combined&%24where=cftc_contract_market_code%3D%27080732%27+AND+report_date_as_yyyy_mm_dd%3E%3D%272009-09-01T00%3A00%3A00.000%27+AND+report_date_as_yyyy_mm_dd%3C%3D%272026-08-11T00%3A00%3A00.000%27&%24order=report_date_as_yyyy_mm_dd&%24limit=5000,e1eadfec20535920e28d87b1a02245d9241765f4ae199f31c25d130fdaf7d93a,260491,23491,237000,1034144,0.2291750471887860878175573228,611,-0.1240221705493052458073616548,0.24823520850010916236081799,false,false,true,false,cftc_normalized_net_q10_reversal_v1
SUGAR NO. 11 - ICE FUTURES U.S.,080732,2021-05-25,2021-05-28T19:30:00Z,cftc_ordinary_rule_estimate_not_holiday_verified,cftc_sugar_no11_selected_history_e1eadfec2053,https://publicreporting.cftc.gov/resource/72hh-3qpy.json?%24select=report_date_as_yyyy_mm_dd%2Ccftc_contract_market_code%2Cmarket_and_exchange_names%2Copen_interest_all%2Cm_money_positions_long_all%2Cm_money_positions_short_all%2Cm_money_positions_spread%2Ccontract_units%2Cfutonly_or_combined&%24where=cftc_contract_market_code%3D%27080732%27+AND+report_date_as_yyyy_mm_dd%3E%3D%272009-09-01T00%3A00%3A00.000%27+AND+report_date_as_yyyy_mm_dd%3C%3D%272026-08-11T00%3A00%3A00.000%27&%24order=report_date_as_yyyy_mm_dd&%24limit=5000,e1eadfec20535920e28d87b1a02245d9241765f4ae199f31c25d130fdaf7d93a,248293,22658,225635,1021300,0.220929207872319592676001175,612,-0.1240221705493052458073616548,0.2291750471887860878175573228,false,false,true,false,cftc_normalized_net_q10_reversal_v1
SUGAR NO. 11 - ICE FUTURES U.S.,080732,2021-06-01,2021-06-04T19:30:00Z,cftc_ordinary_rule_estimate_not_holiday_verified,cftc_sugar_no11_selected_history_e1eadfec2053,https://publicreporting.cftc.gov/resource/72hh-3qpy.json?%24select=report_date_as_yyyy_mm_dd%2Ccftc_contract_market_code%2Cmarket_and_exchange_names%2Copen_interest_all%2Cm_money_positions_long_all%2Cm_money_positions_short_all%2Cm_money_positions_spread%2Ccontract_units%2Cfutonly_or_combined&%24where=cftc_contract_market_code%3D%27080732%27+AND+report_date_as_yyyy_mm_dd%3E%3D%272009-09-01T00%3A00%3A00.000%27+AND+report_date_as_yyyy_mm_dd%3C%3D%272026-08-11T00%3A00%3A00.000%27&%24order=report_date_as_yyyy_mm_dd&%24limit=5000,e1eadfec20535920e28d87b1a02245d9241765f4ae199f31c25d130fdaf7d93a,257447,19552,237895,1024776,0.2321434147560052147981607688,613,-0.1240221705493052458073616548,0.220929207872319592676001175,false,true,true,false,cftc_normalized_net_q10_reversal_v1
SUGAR NO. 11 - ICE FUTURES U.S.,080732,2021-06-08,2021-06-11T19:30:00Z,cftc_ordinary_rule_estimate_not_holiday_verified,cftc_sugar_no11_selected_history_e1eadfec2053,https://publicreporting.cftc.gov/resource/72hh-3qpy.json?%24select=report_date_as_yyyy_mm_dd%2Ccftc_contract_market_code%2Cmarket_and_exchange_names%2Copen_interest_all%2Cm_money_positions_long_all%2Cm_money_positions_short_all%2Cm_money_positions_spread%2Ccontract_units%2Cfutonly_or_combined&%24where=cftc_contract_market_code%3D%27080732%27+AND+report_date_as_yyyy_mm_dd%3E%3D%272009-09-01T00%3A00%3A00.000%27+AND+report_date_as_yyyy_mm_dd%3C%3D%272026-08-11T00%3A00%3A00.000%27&%24order=report_date_as_yyyy_mm_dd&%24limit=5000,e1eadfec20535920e28d87b1a02245d9241765f4ae199f31c25d130fdaf7d93a,255382,22059,233323,1017887,0.2292228901636429191059518394,614,-0.1240221705493052458073616548,0.2321434147560052147981607688,false,false,true,false,cftc_normalized_net_q10_reversal_v1
SUGAR NO. 11 - ICE FUTURES U.S.,080732,2021-06-15,2021-06-21T19:30:00Z,cftc_official_historical_release_verified,cftc_sugar_no11_selected_history_e1eadfec2053,https://publicreporting.cftc.gov/resource/72hh-3qpy.json?%24select=report_date_as_yyyy_mm_dd%2Ccftc_contract_market_code%2Cmarket_and_exchange_names%2Copen_interest_all%2Cm_money_positions_long_all%2Cm_money_positions_short_all%2Cm_money_positions_spread%2Ccontract_units%2Cfutonly_or_combined&%24where=cftc_contract_market_code%3D%27080732%27+AND+report_date_as_yyyy_mm_dd%3E%3D%272009-09-01T00%3A00%3A00.000%27+AND+report_date_as_yyyy_mm_dd%3C%3D%272026-08-11T00%3A00%3A00.000%27&%24order=report_date_as_yyyy_mm_dd&%24limit=5000,e1eadfec20535920e28d87b1a02245d9241765f4ae199f31c25d130fdaf7d93a,251151,26125,225026,1002786,0.2244008193173817743765868291,615,-0.1240221705493052458073616548,0.2292228901636429191059518394,false,false,true,false,cftc_normalized_net_q10_reversal_v1
SUGAR NO. 11 - ICE FUTURES U.S.,080732,2021-06-22,2021-06-25T19:30:00Z,cftc_ordinary_rule_estimate_not_holiday_verified,cftc_sugar_no11_selected_history_e1eadfec2053,https://publicreporting.cftc.gov/resource/72hh-3qpy.json?%24select=report_date_as_yyyy_mm_dd%2Ccftc_contract_market_code%2Cmarket_and_exchange_names%2Copen_interest_all%2Cm_money_positions_long_all%2Cm_money_positions_short_all%2Cm_money_positions_spread%2Ccontract_units%2Cfutonly_or_combined&%24where=cftc_contract_market_code%3D%27080732%27+AND+report_date_as_yyyy_mm_dd%3E%3D%272009-09-01T00%3A00%3A00.000%27+AND+report_date_as_yyyy_mm_dd%3C%3D%272026-08-11T00%3A00%3A00.000%27&%24order=report_date_as_yyyy_mm_dd&%24limit=5000,e1eadfec20535920e28d87b1a02245d9241765f4ae199f31c25d130fdaf7d93a,228226,29470,198756,925321,0.2147968110525968825953371857,616,-0.1240221705493052458073616548,0.2244008193173817743765868291,false,false,true,false,cftc_normalized_net_q10_reversal_v1
SUGAR NO. 11 - ICE FUTURES U.S.,080732,2021-06-29,2021-07-02T19:30:00Z,cftc_ordinary_rule_estimate_not_holiday_verified,cftc_sugar_no11_selected_history_e1eadfec2053,https://publicreporting.cftc.gov/resource/72hh-3qpy.json?%24select=report_date_as_yyyy_mm_dd%2Ccftc_contract_market_code%2Cmarket_and_exchange_names%2Copen_interest_all%2Cm_money_positions_long_all%2Cm_money_positions_short_all%2Cm_money_positions_spread%2Ccontract_units%2Cfutonly_or_combined&%24where=cftc_contract_market_code%3D%27080732%27+AND+report_date_as_yyyy_mm_dd%3E%3D%272009-09-01T00%3A00%3A00.000%27+AND+report_date_as_yyyy_mm_dd%3C%3D%272026-08-11T00%3A00%3A00.000%27&%24order=report_date_as_yyyy_mm_dd&%24limit=5000,e1eadfec20535920e28d87b1a02245d9241765f4ae199f31c25d130fdaf7d93a,228510,28424,200086,892168,0.224269420109217098125016813,617,-0.1240221705493052458073616548,0.2147968110525968825953371857,false,true,true,false,cftc_normalized_net_q10_reversal_v1
SUGAR NO. 11 - ICE FUTURES U.S.,080732,2021-07-06,2021-07-09T19:30:00Z,cftc_ordinary_rule_estimate_not_holiday_verified,cftc_sugar_no11_selected_history_e1eadfec2053,https://publicreporting.cftc.gov/resource/72hh-3qpy.json?%24select=report_date_as_yyyy_mm_dd%2Ccftc_contract_market_code%2Cmarket_and_exchange_names%2Copen_interest_all%2Cm_money_positions_long_all%2Cm_money_positions_short_all%2Cm_money_positions_spread%2Ccontract_units%2Cfutonly_or_combined&%24where=cftc_contract_market_code%3D%27080732%27+AND+report_date_as_yyyy_mm_dd%3E%3D%272009-09-01T00%3A00%3A00.000%27+AND+report_date_as_yyyy_mm_dd%3C%3D%272026-08-11T00%3A00%3A00.000%27&%24order=report_date_as_yyyy_mm_dd&%24limit=5000,e1eadfec20535920e28d87b1a02245d9241765f4ae199f31c25d130fdaf7d93a,254094,25971,228123,931814,0.2448160255158218271028338274,618,-0.1240221705493052458073616548,0.224269420109217098125016813,false,true,true,false,cftc_normalized_net_q10_reversal_v1
SUGAR NO. 11 - ICE FUTURES U.S.,080732,2021-07-13,2021-07-16T19:30:00Z,cftc_ordinary_rule_estimate_not_holiday_verified,cftc_sugar_no11_selected_history_e1eadfec2053,https://publicreporting.cftc.gov/resource/72hh-3qpy.json?%24select=report_date_as_yyyy_mm_dd%2Ccftc_contract_market_code%2Cmarket_and_exchange_names%2Copen_interest_all%2Cm_money_positions_long_all%2Cm_money_positions_short_all%2Cm_money_positions_spread%2Ccontract_units%2Cfutonly_or_combined&%24where=cftc_contract_market_code%3D%27080732%27+AND+report_date_as_yyyy_mm_dd%3E%3D%272009-09-01T00%3A00%3A00.000%27+AND+report_date_as_yyyy_mm_dd%3C%3D%272026-08-11T00%3A00%3A00.000%27&%24order=report_date_as_yyyy_mm_dd&%24limit=5000,e1eadfec20535920e28d87b1a02245d9241765f4ae199f31c25d130fdaf7d93a,234285,32193,202092,928170,0.2177316655354083842399560425,619,-0.1240221705493052458073616548,0.2448160255158218271028338274,false,false,true,false,cftc_normalized_net_q10_reversal_v1
SUGAR NO. 11 - ICE FUTURES U.S.,080732,2021-07-20,2021-07-23T19:30:00Z,cftc_ordinary_rule_estimate_not_holiday_verified,cftc_sugar_no11_selected_history_e1eadfec2053,https://publicreporting.cftc.gov/resource/72hh-3qpy.json?%24select=report_date_as_yyyy_mm_dd%2Ccftc_contract_market_code%2Cmarket_and_exchange_names%2Copen_interest_all%2Cm_money_positions_long_all%2Cm_money_positions_short_all%2Cm_money_positions_spread%2Ccontract_units%2Cfutonly_or_combined&%24where=cftc_contract_market_code%3D%27080732%27+AND+report_date_as_yyyy_mm_dd%3E%3D%272009-09-01T00%3A00%3A00.000%27+AND+report_date_as_yyyy_mm_dd%3C%3D%272026-08-11T00%3A00%3A00.000%27&%24order=report_date_as_yyyy_mm_dd&%24limit=5000,e1eadfec20535920e28d87b1a02245d9241765f4ae199f31c25d130fdaf7d93a,228919,28573,200346,920665,0.2176100970494153682392618379,620,-0.1240221705493052458073616548,0.2177316655354083842399560425,false,false,true,false,cftc_normalized_net_q10_reversal_v1
SUGAR NO. 11 - ICE FUTURES U.S.,080732,2021-07-27,2021-07-30T19:30:00Z,cftc_ordinary_rule_estimate_not_holiday_verified,cftc_sugar_no11_selected_history_e1eadfec2053,https://publicreporting.cftc.gov/resource/72hh-3qpy.json?%24select=report_date_as_yyyy_mm_dd%2Ccftc_contract_market_code%2Cmarket_and_exchange_names%2Copen_interest_all%2Cm_money_positions_long_all%2Cm_money_positions_short_all%2Cm_money_positions_spread%2Ccontract_units%2Cfutonly_or_combined&%24where=cftc_contract_market_code%3D%27080732%27+AND+report_date_as_yyyy_mm_dd%3E%3D%272009-09-01T00%3A00%3A00.000%27+AND+report_date_as_yyyy_mm_dd%3C%3D%272026-08-11T00%3A00%3A00.000%27&%24order=report_date_as_yyyy_mm_dd&%24limit=5000,e1eadfec20535920e28d87b1a02245d9241765f4ae199f31c25d130fdaf7d93a,256064,24465,231599,954073,0.2427476723479230624910253199,621,-0.121897554124364569279518683,0.2176100970494153682392618379,false,true,true,false,cftc_normalized_net_q10_reversal_v1
SUGAR NO. 11 - ICE FUTURES U.S.,080732,2021-08-03,2021-08-06T19:30:00Z,cftc_ordinary_rule_estimate_not_holiday_verified,cftc_sugar_no11_selected_history_e1eadfec2053,https://publicreporting.cftc.gov/resource/72hh-3qpy.json?%24select=report_date_as_yyyy_mm_dd%2Ccftc_contract_market_code%2Cmarket_and_exchange_names%2Copen_interest_all%2Cm_money_positions_long_all%2Cm_money_positions_short_all%2Cm_money_positions_spread%2Ccontract_units%2Cfutonly_or_combined&%24where=cftc_contract_market_code%3D%27080732%27+AND+report_date_as_yyyy_mm_dd%3E%3D%272009-09-01T00%3A00%3A00.000%27+AND+report_date_as_yyyy_mm_dd%3C%3D%272026-08-11T00%3A00%3A00.000%27&%24order=report_date_as_yyyy_mm_dd&%24limit=5000,e1eadfec20535920e28d87b1a02245d9241765f4ae199f31c25d130fdaf7d93a,272031,24863,247168,987110,0.2503955992746502416144097416,622,-0.121897554124364569279518683,0.2427476723479230624910253199,false,true,true,false,cftc_normalized_net_q10_reversal_v1
SUGAR NO. 11 - ICE FUTURES U.S.,080732,2021-08-10,2021-08-13T19:30:00Z,cftc_ordinary_rule_estimate_not_holiday_verified,cftc_sugar_no11_selected_history_e1eadfec2053,https://publicreporting.cftc.gov/resource/72hh-3qpy.json?%24select=report_date_as_yyyy_mm_dd%2Ccftc_contract_market_code%2Cmarket_and_exchange_names%2Copen_interest_all%2Cm_money_positions_long_all%2Cm_money_positions_short_all%2Cm_money_positions_spread%2Ccontract_units%2Cfutonly_or_combined&%24where=cftc_contract_market_code%3D%27080732%27+AND+report_date_as_yyyy_mm_dd%3E%3D%272009-09-01T00%3A00%3A00.000%27+AND+report_date_as_yyyy_mm_dd%3C%3D%272026-08-11T00%3A00%3A00.000%27&%24order=report_date_as_yyyy_mm_dd&%24limit=5000,e1eadfec20535920e28d87b1a02245d9241765f4ae199f31c25d130fdaf7d93a,285844,21955,263889,998508,0.264283310699563749113677607,623,-0.121897554124364569279518683,0.2503955992746502416144097416,false,true,true,false,cftc_normalized_net_q10_reversal_v1
SUGAR NO. 11 - ICE FUTURES U.S.,080732,2021-08-17,2021-08-20T19:30:00Z,cftc_ordinary_rule_estimate_not_holiday_verified,cftc_sugar_no11_selected_history_e1eadfec2053,https://publicreporting.cftc.gov/resource/72hh-3qpy.json?%24select=report_date_as_yyyy_mm_dd%2Ccftc_contract_market_code%2Cmarket_and_exchange_names%2Copen_interest_all%2Cm_money_positions_long_all%2Cm_money_positions_short_all%2Cm_money_positions_spread%2Ccontract_units%2Cfutonly_or_combined&%24where=cftc_contract_market_code%3D%27080732%27+AND+report_date_as_yyyy_mm_dd%3E%3D%272009-09-01T00%3A00%3A00.000%27+AND+report_date_as_yyyy_mm_dd%3C%3D%272026-08-11T00%3A00%3A00.000%27&%24order=report_date_as_yyyy_mm_dd&%24limit=5000,e1eadfec20535920e28d87b1a02245d9241765f4ae199f31c25d130fdaf7d93a,291567,23231,268336,1033177,0.2597192930156207503651358867,624,-0.121897554124364569279518683,0.264283310699563749113677607,false,false,true,false,cftc_normalized_net_q10_reversal_v1
SUGAR NO. 11 - ICE FUTURES U.S.,080732,2021-08-24,2021-08-27T19:30:00Z,cftc_ordinary_rule_estimate_not_holiday_verified,cftc_sugar_no11_selected_history_e1eadfec2053,https://publicreporting.cftc.gov/resource/72hh-3qpy.json?%24select=report_date_as_yyyy_mm_dd%2Ccftc_contract_market_code%2Cmarket_and_exchange_names%2Copen_interest_all%2Cm_money_positions_long_all%2Cm_money_positions_short_all%2Cm_money_positions_spread%2Ccontract_units%2Cfutonly_or_combined&%24where=cftc_contract_market_code%3D%27080732%27+AND+report_date_as_yyyy_mm_dd%3E%3D%272009-09-01T00%3A00%3A00.000%27+AND+report_date_as_yyyy_mm_dd%3C%3D%272026-08-11T00%3A00%3A00.000%27&%24order=report_date_as_yyyy_mm_dd&%24limit=5000,e1eadfec20535920e28d87b1a02245d9241765f4ae199f31c25d130fdaf7d93a,293795,25701,268094,1063378,0.25211542838012447126045489,625,-0.121897554124364569279518683,0.2597192930156207503651358867,false,false,true,false,cftc_normalized_net_q10_reversal_v1
SUGAR NO. 11 - ICE FUTURES U.S.,080732,2021-08-31,2021-09-03T19:30:00Z,cftc_ordinary_rule_estimate_not_holiday_verified,cftc_sugar_no11_selected_history_e1eadfec2053,https://publicreporting.cftc.gov/resource/72hh-3qpy.json?%24select=report_date_as_yyyy_mm_dd%2Ccftc_contract_market_code%2Cmarket_and_exchange_names%2Copen_interest_all%2Cm_money_positions_long_all%2Cm_money_positions_short_all%2Cm_money_positions_spread%2Ccontract_units%2Cfutonly_or_combined&%24where=cftc_contract_market_code%3D%27080732%27+AND+report_date_as_yyyy_mm_dd%3E%3D%272009-09-01T00%3A00%3A00.000%27+AND+report_date_as_yyyy_mm_dd%3C%3D%272026-08-11T00%3A00%3A00.000%27&%24order=report_date_as_yyyy_mm_dd&%24limit=5000,e1eadfec20535920e28d87b1a02245d9241765f4ae199f31c25d130fdaf7d93a,289225,26756,262469,1058996,0.2478470173636161043101201515,626,-0.121897554124364569279518683,0.25211542838012447126045489,false,false,true,false,cftc_normalized_net_q10_reversal_v1
SUGAR NO. 11 - ICE FUTURES U.S.,080732,2021-09-07,2021-09-10T19:30:00Z,cftc_ordinary_rule_estimate_not_holiday_verified,cftc_sugar_no11_selected_history_e1eadfec2053,https://publicreporting.cftc.gov/resource/72hh-3qpy.json?%24select=report_date_as_yyyy_mm_dd%2Ccftc_contract_market_code%2Cmarket_and_exchange_names%2Copen_interest_all%2Cm_money_positions_long_all%2Cm_money_positions_short_all%2Cm_money_positions_spread%2Ccontract_units%2Cfutonly_or_combined&%24where=cftc_contract_market_code%3D%27080732%27+AND+report_date_as_yyyy_mm_dd%3E%3D%272009-09-01T00%3A00%3A00.000%27+AND+report_date_as_yyyy_mm_dd%3C%3D%272026-08-11T00%3A00%3A00.000%27&%24order=report_date_as_yyyy_mm_dd&%24limit=5000,e1eadfec20535920e28d87b1a02245d9241765f4ae199f31c25d130fdaf7d93a,278752,28042,250710,1052962,0.2380997604851837008363074831,627,-0.121897554124364569279518683,0.2478470173636161043101201515,false,false,true,false,cftc_normalized_net_q10_reversal_v1
SUGAR NO. 11 - ICE FUTURES U.S.,080732,2021-09-14,2021-09-17T19:30:00Z,cftc_ordinary_rule_estimate_not_holiday_verified,cftc_sugar_no11_selected_history_e1eadfec2053,https://publicreporting.cftc.gov/resource/72hh-3qpy.json?%24select=report_date_as_yyyy_mm_dd%2Ccftc_contract_market_code%2Cmarket_and_exchange_names%2Copen_interest_all%2Cm_money_positions_long_all%2Cm_money_positions_short_all%2Cm_money_positions_spread%2Ccontract_units%2Cfutonly_or_combined&%24where=cftc_contract_market_code%3D%27080732%27+AND+report_date_as_yyyy_mm_dd%3E%3D%272009-09-01T00%3A00%3A00.000%27+AND+report_date_as_yyyy_mm_dd%3C%3D%272026-08-11T00%3A00%3A00.000%27&%24order=report_date_as_yyyy_mm_dd&%24limit=5000,e1eadfec20535920e28d87b1a02245d9241765f4ae199f31c25d130fdaf7d93a,257563,30581,226982,1024815,0.2214858291496514004966750096,628,-0.121897554124364569279518683,0.2380997604851837008363074831,false,false,true,false,cftc_normalized_net_q10_reversal_v1
SUGAR NO. 11 - ICE FUTURES U.S.,080732,2021-09-21,2021-09-24T19:30:00Z,cftc_ordinary_rule_estimate_not_holiday_verified,cftc_sugar_no11_selected_history_e1eadfec2053,https://publicreporting.cftc.gov/resource/72hh-3qpy.json?%24select=report_date_as_yyyy_mm_dd%2Ccftc_contract_market_code%2Cmarket_and_exchange_names%2Copen_interest_all%2Cm_money_positions_long_all%2Cm_money_positions_short_all%2Cm_money_positions_spread%2Ccontract_units%2Cfutonly_or_combined&%24where=cftc_contract_market_code%3D%27080732%27+AND+report_date_as_yyyy_mm_dd%3E%3D%272009-09-01T00%3A00%3A00.000%27+AND+report_date_as_yyyy_mm_dd%3C%3D%272026-08-11T00%3A00%3A00.000%27&%24order=report_date_as_yyyy_mm_dd&%24limit=5000,e1eadfec20535920e28d87b1a02245d9241765f4ae199f31c25d130fdaf7d93a,251333,27789,223544,952975,0.2345748839161572968860673155,629,-0.121897554124364569279518683,0.2214858291496514004966750096,false,true,true,false,cftc_normalized_net_q10_reversal_v1
SUGAR NO. 11 - ICE FUTURES U.S.,080732,2021-09-28,2021-10-01T19:30:00Z,cftc_ordinary_rule_estimate_not_holiday_verified,cftc_sugar_no11_selected_history_e1eadfec2053,https://publicreporting.cftc.gov/resource/72hh-3qpy.json?%24select=report_date_as_yyyy_mm_dd%2Ccftc_contract_market_code%2Cmarket_and_exchange_names%2Copen_interest_all%2Cm_money_positions_long_all%2Cm_money_positions_short_all%2Cm_money_positions_spread%2Ccontract_units%2Cfutonly_or_combined&%24where=cftc_contract_market_code%3D%27080732%27+AND+report_date_as_yyyy_mm_dd%3E%3D%272009-09-01T00%3A00%3A00.000%27+AND+report_date_as_yyyy_mm_dd%3C%3D%272026-08-11T00%3A00%3A00.000%27&%24order=report_date_as_yyyy_mm_dd&%24limit=5000,e1eadfec20535920e28d87b1a02245d9241765f4ae199f31c25d130fdaf7d93a,253926,29261,224665,889873,0.2524686106893905085332401365,630,-0.121897554124364569279518683,0.2345748839161572968860673155,false,true,true,false,cftc_normalized_net_q10_reversal_v1
SUGAR NO. 11 - ICE FUTURES U.S.,080732,2021-10-05,2021-10-08T19:30:00Z,cftc_ordinary_rule_estimate_not_holiday_verified,cftc_sugar_no11_selected_history_e1eadfec2053,https://publicreporting.cftc.gov/resource/72hh-3qpy.json?%24select=report_date_as_yyyy_mm_dd%2Ccftc_contract_market_code%2Cmarket_and_exchange_names%2Copen_interest_all%2Cm_money_positions_long_all%2Cm_money_positions_short_all%2Cm_money_positions_spread%2Ccontract_units%2Cfutonly_or_combined&%24where=cftc_contract_market_code%3D%27080732%27+AND+report_date_as_yyyy_mm_dd%3E%3D%272009-09-01T00%3A00%3A00.000%27+AND+report_date_as_yyyy_mm_dd%3C%3D%272026-08-11T00%3A00%3A00.000%27&%24order=report_date_as_yyyy_mm_dd&%24limit=5000,e1eadfec20535920e28d87b1a02245d9241765f4ae199f31c25d130fdaf7d93a,250781,30994,219787,888354,0.2474092535183046398170098857,631,-0.1201806266993208055593574395,0.2524686106893905085332401365,false,false,true,false,cftc_normalized_net_q10_reversal_v1
SUGAR NO. 11 - ICE FUTURES U.S.,080732,2021-10-12,2021-10-15T19:30:00Z,cftc_ordinary_rule_estimate_not_holiday_verified,cftc_sugar_no11_selected_history_e1eadfec2053,https://publicreporting.cftc.gov/resource/72hh-3qpy.json?%24select=report_date_as_yyyy_mm_dd%2Ccftc_contract_market_code%2Cmarket_and_exchange_names%2Copen_interest_all%2Cm_money_positions_long_all%2Cm_money_positions_short_all%2Cm_money_positions_spread%2Ccontract_units%2Cfutonly_or_combined&%24where=cftc_contract_market_code%3D%27080732%27+AND+report_date_as_yyyy_mm_dd%3E%3D%272009-09-01T00%3A00%3A00.000%27+AND+report_date_as_yyyy_mm_dd%3C%3D%272026-08-11T00%3A00%3A00.000%27&%24order=report_date_as_yyyy_mm_dd&%24limit=5000,e1eadfec20535920e28d87b1a02245d9241765f4ae199f31c25d130fdaf7d93a,247806,29484,218322,891672,0.2448456383064624660188948403,632,-0.1201806266993208055593574395,0.2474092535183046398170098857,false,false,true,false,cftc_normalized_net_q10_reversal_v1
SUGAR NO. 11 - ICE FUTURES U.S.,080732,2021-10-19,2021-10-22T19:30:00Z,cftc_ordinary_rule_estimate_not_holiday_verified,cftc_sugar_no11_selected_history_e1eadfec2053,https://publicreporting.cftc.gov/resource/72hh-3qpy.json?%24select=report_date_as_yyyy_mm_dd%2Ccftc_contract_market_code%2Cmarket_and_exchange_names%2Copen_interest_all%2Cm_money_positions_long_all%2Cm_money_positions_short_all%2Cm_money_positions_spread%2Ccontract_units%2Cfutonly_or_combined&%24where=cftc_contract_market_code%3D%27080732%27+AND+report_date_as_yyyy_mm_dd%3E%3D%272009-09-01T00%3A00%3A00.000%27+AND+report_date_as_yyyy_mm_dd%3C%3D%272026-08-11T00%3A00%3A00.000%27&%24order=report_date_as_yyyy_mm_dd&%24limit=5000,e1eadfec20535920e28d87b1a02245d9241765f4ae199f31c25d130fdaf7d93a,221845,46578,175267,871316,0.2011520504616006133251311809,633,-0.1201806266993208055593574395,0.2448456383064624660188948403,false,false,true,false,cftc_normalized_net_q10_reversal_v1
SUGAR NO. 11 - ICE FUTURES U.S.,080732,2021-10-26,2021-10-29T19:30:00Z,cftc_ordinary_rule_estimate_not_holiday_verified,cftc_sugar_no11_selected_history_e1eadfec2053,https://publicreporting.cftc.gov/resource/72hh-3qpy.json?%24select=report_date_as_yyyy_mm_dd%2Ccftc_contract_market_code%2Cmarket_and_exchange_names%2Copen_interest_all%2Cm_money_positions_long_all%2Cm_money_positions_short_all%2Cm_money_positions_spread%2Ccontract_units%2Cfutonly_or_combined&%24where=cftc_contract_market_code%3D%27080732%27+AND+report_date_as_yyyy_mm_dd%3E%3D%272009-09-01T00%3A00%3A00.000%27+AND+report_date_as_yyyy_mm_dd%3C%3D%272026-08-11T00%3A00%3A00.000%27&%24order=report_date_as_yyyy_mm_dd&%24limit=5000,e1eadfec20535920e28d87b1a02245d9241765f4ae199f31c25d130fdaf7d93a,203209,43471,159738,874742,0.182611558608138171026428364,634,-0.1201806266993208055593574395,0.2011520504616006133251311809,false,false,true,false,cftc_normalized_net_q10_reversal_v1
SUGAR NO. 11 - ICE FUTURES U.S.,080732,2021-11-02,2021-11-05T19:30:00Z,cftc_ordinary_rule_estimate_not_holiday_verified,cftc_sugar_no11_selected_history_e1eadfec2053,https://publicreporting.cftc.gov/resource/72hh-3qpy.json?%24select=report_date_as_yyyy_mm_dd%2Ccftc_contract_market_code%2Cmarket_and_exchange_names%2Copen_interest_all%2Cm_money_positions_long_all%2Cm_money_positions_short_all%2Cm_money_positions_spread%2Ccontract_units%2Cfutonly_or_combined&%24where=cftc_contract_market_code%3D%27080732%27+AND+report_date_as_yyyy_mm_dd%3E%3D%272009-09-01T00%3A00%3A00.000%27+AND+report_date_as_yyyy_mm_dd%3C%3D%272026-08-11T00%3A00%3A00.000%27&%24order=report_date_as_yyyy_mm_dd&%24limit=5000,e1eadfec20535920e28d87b1a02245d9241765f4ae199f31c25d130fdaf7d93a,208594,42040,166554,884507,0.1883015058105814877666315812,635,-0.1201806266993208055593574395,0.182611558608138171026428364,false,true,true,false,cftc_normalized_net_q10_reversal_v1
SUGAR NO. 11 - ICE FUTURES U.S.,080732,2021-11-09,2021-11-15T20:30:00Z,cftc_official_historical_release_verified,cftc_sugar_no11_selected_history_e1eadfec2053,https://publicreporting.cftc.gov/resource/72hh-3qpy.json?%24select=report_date_as_yyyy_mm_dd%2Ccftc_contract_market_code%2Cmarket_and_exchange_names%2Copen_interest_all%2Cm_money_positions_long_all%2Cm_money_positions_short_all%2Cm_money_positions_spread%2Ccontract_units%2Cfutonly_or_combined&%24where=cftc_contract_market_code%3D%27080732%27+AND+report_date_as_yyyy_mm_dd%3E%3D%272009-09-01T00%3A00%3A00.000%27+AND+report_date_as_yyyy_mm_dd%3C%3D%272026-08-11T00%3A00%3A00.000%27&%24order=report_date_as_yyyy_mm_dd&%24limit=5000,e1eadfec20535920e28d87b1a02245d9241765f4ae199f31c25d130fdaf7d93a,217818,39405,178413,897739,0.1987359355001843520221356096,636,-0.1201806266993208055593574395,0.1883015058105814877666315812,false,true,true,false,cftc_normalized_net_q10_reversal_v1
SUGAR NO. 11 - ICE FUTURES U.S.,080732,2021-11-16,2021-11-19T20:30:00Z,cftc_ordinary_rule_estimate_not_holiday_verified,cftc_sugar_no11_selected_history_e1eadfec2053,https://publicreporting.cftc.gov/resource/72hh-3qpy.json?%24select=report_date_as_yyyy_mm_dd%2Ccftc_contract_market_code%2Cmarket_and_exchange_names%2Copen_interest_all%2Cm_money_positions_long_all%2Cm_money_positions_short_all%2Cm_money_positions_spread%2Ccontract_units%2Cfutonly_or_combined&%24where=cftc_contract_market_code%3D%27080732%27+AND+report_date_as_yyyy_mm_dd%3E%3D%272009-09-01T00%3A00%3A00.000%27+AND+report_date_as_yyyy_mm_dd%3C%3D%272026-08-11T00%3A00%3A00.000%27&%24order=report_date_as_yyyy_mm_dd&%24limit=5000,e1eadfec20535920e28d87b1a02245d9241765f4ae199f31c25d130fdaf7d93a,233454,34413,199041,906385,0.2195987356366224065932247334,637,-0.1201806266993208055593574395,0.1987359355001843520221356096,false,true,true,false,cftc_normalized_net_q10_reversal_v1
SUGAR NO. 11 - ICE FUTURES U.S.,080732,2021-11-23,2021-11-29T20:30:00Z,cftc_official_historical_release_verified,cftc_sugar_no11_selected_history_e1eadfec2053,https://publicreporting.cftc.gov/resource/72hh-3qpy.json?%24select=report_date_as_yyyy_mm_dd%2Ccftc_contract_market_code%2Cmarket_and_exchange_names%2Copen_interest_all%2Cm_money_positions_long_all%2Cm_money_positions_short_all%2Cm_money_positions_spread%2Ccontract_units%2Cfutonly_or_combined&%24where=cftc_contract_market_code%3D%27080732%27+AND+report_date_as_yyyy_mm_dd%3E%3D%272009-09-01T00%3A00%3A00.000%27+AND+report_date_as_yyyy_mm_dd%3C%3D%272026-08-11T00%3A00%3A00.000%27&%24order=report_date_as_yyyy_mm_dd&%24limit=5000,e1eadfec20535920e28d87b1a02245d9241765f4ae199f31c25d130fdaf7d93a,254690,29885,224805,920493,0.244222389523874706271530582,638,-0.1201806266993208055593574395,0.2195987356366224065932247334,false,true,true,false,cftc_normalized_net_q10_reversal_v1
SUGAR NO. 11 - ICE FUTURES U.S.,080732,2021-11-30,2021-12-03T20:30:00Z,cftc_ordinary_rule_estimate_not_holiday_verified,cftc_sugar_no11_selected_history_e1eadfec2053,https://publicreporting.cftc.gov/resource/72hh-3qpy.json?%24select=report_date_as_yyyy_mm_dd%2Ccftc_contract_market_code%2Cmarket_and_exchange_names%2Copen_interest_all%2Cm_money_positions_long_all%2Cm_money_positions_short_all%2Cm_money_positions_spread%2Ccontract_units%2Cfutonly_or_combined&%24where=cftc_contract_market_code%3D%27080732%27+AND+report_date_as_yyyy_mm_dd%3E%3D%272009-09-01T00%3A00%3A00.000%27+AND+report_date_as_yyyy_mm_dd%3C%3D%272026-08-11T00%3A00%3A00.000%27&%24order=report_date_as_yyyy_mm_dd&%24limit=5000,e1eadfec20535920e28d87b1a02245d9241765f4ae199f31c25d130fdaf7d93a,216780,41697,175083,882199,0.1984620250079630559544955277,639,-0.1201806266993208055593574395,0.244222389523874706271530582,false,false,true,false,cftc_normalized_net_q10_reversal_v1
SUGAR NO. 11 - ICE FUTURES U.S.,080732,2021-12-07,2021-12-10T20:30:00Z,cftc_ordinary_rule_estimate_not_holiday_verified,cftc_sugar_no11_selected_history_e1eadfec2053,https://publicreporting.cftc.gov/resource/72hh-3qpy.json?%24select=report_date_as_yyyy_mm_dd%2Ccftc_contract_market_code%2Cmarket_and_exchange_names%2Copen_interest_all%2Cm_money_positions_long_all%2Cm_money_positions_short_all%2Cm_money_positions_spread%2Ccontract_units%2Cfutonly_or_combined&%24where=cftc_contract_market_code%3D%27080732%27+AND+report_date_as_yyyy_mm_dd%3E%3D%272009-09-01T00%3A00%3A00.000%27+AND+report_date_as_yyyy_mm_dd%3C%3D%272026-08-11T00%3A00%3A00.000%27&%24order=report_date_as_yyyy_mm_dd&%24limit=5000,e1eadfec20535920e28d87b1a02245d9241765f4ae199f31c25d130fdaf7d93a,190438,39349,151089,857621,0.1761722252603422724023782067,640,-0.1201806266993208055593574395,0.1984620250079630559544955277,false,false,true,false,cftc_normalized_net_q10_reversal_v1
SUGAR NO. 11 - ICE FUTURES U.S.,080732,2021-12-14,2021-12-17T20:30:00Z,cftc_ordinary_rule_estimate_not_holiday_verified,cftc_sugar_no11_selected_history_e1eadfec2053,https://publicreporting.cftc.gov/resource/72hh-3qpy.json?%24select=report_date_as_yyyy_mm_dd%2Ccftc_contract_market_code%2Cmarket_and_exchange_names%2Copen_interest_all%2Cm_money_positions_long_all%2Cm_money_positions_short_all%2Cm_money_positions_spread%2Ccontract_units%2Cfutonly_or_combined&%24where=cftc_contract_market_code%3D%27080732%27+AND+report_date_as_yyyy_mm_dd%3E%3D%272009-09-01T00%3A00%3A00.000%27+AND+report_date_as_yyyy_mm_dd%3C%3D%272026-08-11T00%3A00%3A00.000%27&%24order=report_date_as_yyyy_mm_dd&%24limit=5000,e1eadfec20535920e28d87b1a02245d9241765f4ae199f31c25d130fdaf7d93a,206587,28361,178226,874996,0.2036877882870321692899167539,641,-0.1196642845624778518383336278,0.1761722252603422724023782067,false,true,true,false,cftc_normalized_net_q10_reversal_v1
SUGAR NO. 11 - ICE FUTURES U.S.,080732,2021-12-21,2021-12-27T20:30:00Z,cftc_official_historical_release_verified,cftc_sugar_no11_selected_history_e1eadfec2053,https://publicreporting.cftc.gov/resource/72hh-3qpy.json?%24select=report_date_as_yyyy_mm_dd%2Ccftc_contract_market_code%2Cmarket_and_exchange_names%2Copen_interest_all%2Cm_money_positions_long_all%2Cm_money_positions_short_all%2Cm_money_positions_spread%2Ccontract_units%2Cfutonly_or_combined&%24where=cftc_contract_market_code%3D%27080732%27+AND+report_date_as_yyyy_mm_dd%3E%3D%272009-09-01T00%3A00%3A00.000%27+AND+report_date_as_yyyy_mm_dd%3C%3D%272026-08-11T00%3A00%3A00.000%27&%24order=report_date_as_yyyy_mm_dd&%24limit=5000,e1eadfec20535920e28d87b1a02245d9241765f4ae199f31c25d130fdaf7d93a,185380,37148,148232,864082,0.171548533588247411703981798,642,-0.1196642845624778518383336278,0.2036877882870321692899167539,false,false,true,false,cftc_normalized_net_q10_reversal_v1
SUGAR NO. 11 - ICE FUTURES U.S.,080732,2021-12-28,2022-01-03T20:30:00Z,cftc_official_historical_release_verified,cftc_sugar_no11_selected_history_e1eadfec2053,https://publicreporting.cftc.gov/resource/72hh-3qpy.json?%24select=report_date_as_yyyy_mm_dd%2Ccftc_contract_market_code%2Cmarket_and_exchange_names%2Copen_interest_all%2Cm_money_positions_long_all%2Cm_money_positions_short_all%2Cm_money_positions_spread%2Ccontract_units%2Cfutonly_or_combined&%24where=cftc_contract_market_code%3D%27080732%27+AND+report_date_as_yyyy_mm_dd%3E%3D%272009-09-01T00%3A00%3A00.000%27+AND+report_date_as_yyyy_mm_dd%3C%3D%272026-08-11T00%3A00%3A00.000%27&%24order=report_date_as_yyyy_mm_dd&%24limit=5000,e1eadfec20535920e28d87b1a02245d9241765f4ae199f31c25d130fdaf7d93a,179428,34965,144463,864262,0.1671518590427439827274599601,643,-0.1196642845624778518383336278,0.171548533588247411703981798,false,false,true,false,cftc_normalized_net_q10_reversal_v1
SUGAR NO. 11 - ICE FUTURES U.S.,080732,2022-01-04,2022-01-07T20:30:00Z,cftc_ordinary_rule_estimate_not_holiday_verified,cftc_sugar_no11_selected_history_e1eadfec2053,https://publicreporting.cftc.gov/resource/72hh-3qpy.json?%24select=report_date_as_yyyy_mm_dd%2Ccftc_contract_market_code%2Cmarket_and_exchange_names%2Copen_interest_all%2Cm_money_positions_long_all%2Cm_money_positions_short_all%2Cm_money_positions_spread%2Ccontract_units%2Cfutonly_or_combined&%24where=cftc_contract_market_code%3D%27080732%27+AND+report_date_as_yyyy_mm_dd%3E%3D%272009-09-01T00%3A00%3A00.000%27+AND+report_date_as_yyyy_mm_dd%3C%3D%272026-08-11T00%3A00%3A00.000%27&%24order=report_date_as_yyyy_mm_dd&%24limit=5000,e1eadfec20535920e28d87b1a02245d9241765f4ae199f31c25d130fdaf7d93a,172635,40593,132042,873918,0.1510919788813138074739277598,644,-0.1196642845624778518383336278,0.1671518590427439827274599601,false,false,true,false,cftc_normalized_net_q10_reversal_v1
SUGAR NO. 11 - ICE FUTURES U.S.,080732,2022-01-11,2022-01-14T20:30:00Z,cftc_ordinary_rule_estimate_not_holiday_verified,cftc_sugar_no11_selected_history_e1eadfec2053,https://publicreporting.cftc.gov/resource/72hh-3qpy.json?%24select=report_date_as_yyyy_mm_dd%2Ccftc_contract_market_code%2Cmarket_and_exchange_names%2Copen_interest_all%2Cm_money_positions_long_all%2Cm_money_positions_short_all%2Cm_money_positions_spread%2Ccontract_units%2Cfutonly_or_combined&%24where=cftc_contract_market_code%3D%27080732%27+AND+report_date_as_yyyy_mm_dd%3E%3D%272009-09-01T00%3A00%3A00.000%27+AND+report_date_as_yyyy_mm_dd%3C%3D%272026-08-11T00%3A00%3A00.000%27&%24order=report_date_as_yyyy_mm_dd&%24limit=5000,e1eadfec20535920e28d87b1a02245d9241765f4ae199f31c25d130fdaf7d93a,144763,74723,70040,883009,0.07931968983328595744777233301,645,-0.1196642845624778518383336278,0.1510919788813138074739277598,false,false,true,false,cftc_normalized_net_q10_reversal_v1
SUGAR NO. 11 - ICE FUTURES U.S.,080732,2022-01-18,2022-01-21T20:30:00Z,cftc_ordinary_rule_estimate_not_holiday_verified,cftc_sugar_no11_selected_history_e1eadfec2053,https://publicreporting.cftc.gov/resource/72hh-3qpy.json?%24select=report_date_as_yyyy_mm_dd%2Ccftc_contract_market_code%2Cmarket_and_exchange_names%2Copen_interest_all%2Cm_money_positions_long_all%2Cm_money_positions_short_all%2Cm_money_positions_spread%2Ccontract_units%2Cfutonly_or_combined&%24where=cftc_contract_market_code%3D%27080732%27+AND+report_date_as_yyyy_mm_dd%3E%3D%272009-09-01T00%3A00%3A00.000%27+AND+report_date_as_yyyy_mm_dd%3C%3D%272026-08-11T00%3A00%3A00.000%27&%24order=report_date_as_yyyy_mm_dd&%24limit=5000,e1eadfec20535920e28d87b1a02245d9241765f4ae199f31c25d130fdaf7d93a,137062,67499,69563,882598,0.07881617678716697749145137424,646,-0.1196642845624778518383336278,0.07931968983328595744777233301,false,false,true,false,cftc_normalized_net_q10_reversal_v1
SUGAR NO. 11 - ICE FUTURES U.S.,080732,2022-01-25,2022-01-28T20:30:00Z,cftc_ordinary_rule_estimate_not_holiday_verified,cftc_sugar_no11_selected_history_e1eadfec2053,https://publicreporting.cftc.gov/resource/72hh-3qpy.json?%24select=report_date_as_yyyy_mm_dd%2Ccftc_contract_market_code%2Cmarket_and_exchange_names%2Copen_interest_all%2Cm_money_positions_long_all%2Cm_money_positions_short_all%2Cm_money_positions_spread%2Ccontract_units%2Cfutonly_or_combined&%24where=cftc_contract_market_code%3D%27080732%27+AND+report_date_as_yyyy_mm_dd%3E%3D%272009-09-01T00%3A00%3A00.000%27+AND+report_date_as_yyyy_mm_dd%3C%3D%272026-08-11T00%3A00%3A00.000%27&%24order=report_date_as_yyyy_mm_dd&%24limit=5000,e1eadfec20535920e28d87b1a02245d9241765f4ae199f31c25d130fdaf7d93a,141327,52201,89126,875995,0.1017425898549649255988904046,647,-0.1196642845624778518383336278,0.07881617678716697749145137424,false,true,true,false,cftc_normalized_net_q10_reversal_v1
SUGAR NO. 11 - ICE FUTURES U.S.,080732,2022-02-01,2022-02-04T20:30:00Z,cftc_ordinary_rule_estimate_not_holiday_verified,cftc_sugar_no11_selected_history_e1eadfec2053,https://publicreporting.cftc.gov/resource/72hh-3qpy.json?%24select=report_date_as_yyyy_mm_dd%2Ccftc_contract_market_code%2Cmarket_and_exchange_names%2Copen_interest_all%2Cm_money_positions_long_all%2Cm_money_positions_short_all%2Cm_money_positions_spread%2Ccontract_units%2Cfutonly_or_combined&%24where=cftc_contract_market_code%3D%27080732%27+AND+report_date_as_yyyy_mm_dd%3E%3D%272009-09-01T00%3A00%3A00.000%27+AND+report_date_as_yyyy_mm_dd%3C%3D%272026-08-11T00%3A00%3A00.000%27&%24order=report_date_as_yyyy_mm_dd&%24limit=5000,e1eadfec20535920e28d87b1a02245d9241765f4ae199f31c25d130fdaf7d93a,140776,75145,65631,897035,0.07316436928324981745416845497,648,-0.1196642845624778518383336278,0.1017425898549649255988904046,false,false,true,false,cftc_normalized_net_q10_reversal_v1
SUGAR NO. 11 - ICE FUTURES U.S.,080732,2022-02-08,2022-02-11T20:30:00Z,cftc_ordinary_rule_estimate_not_holiday_verified,cftc_sugar_no11_selected_history_e1eadfec2053,https://publicreporting.cftc.gov/resource/72hh-3qpy.json?%24select=report_date_as_yyyy_mm_dd%2Ccftc_contract_market_code%2Cmarket_and_exchange_names%2Copen_interest_all%2Cm_money_positions_long_all%2Cm_money_positions_short_all%2Cm_money_positions_spread%2Ccontract_units%2Cfutonly_or_combined&%24where=cftc_contract_market_code%3D%27080732%27+AND+report_date_as_yyyy_mm_dd%3E%3D%272009-09-01T00%3A00%3A00.000%27+AND+report_date_as_yyyy_mm_dd%3C%3D%272026-08-11T00%3A00%3A00.000%27&%24order=report_date_as_yyyy_mm_dd&%24limit=5000,e1eadfec20535920e28d87b1a02245d9241765f4ae199f31c25d130fdaf7d93a,145690,90799,54891,931602,0.05892108432570990616164413559,649,-0.1196642845624778518383336278,0.07316436928324981745416845497,false,false,true,false,cftc_normalized_net_q10_reversal_v1
SUGAR NO. 11 - ICE FUTURES U.S.,080732,2022-02-15,2022-02-18T20:30:00Z,cftc_ordinary_rule_estimate_not_holiday_verified,cftc_sugar_no11_selected_history_e1eadfec2053,https://publicreporting.cftc.gov/resource/72hh-3qpy.json?%24select=report_date_as_yyyy_mm_dd%2Ccftc_contract_market_code%2Cmarket_and_exchange_names%2Copen_interest_all%2Cm_money_positions_long_all%2Cm_money_positions_short_all%2Cm_money_positions_spread%2Ccontract_units%2Cfutonly_or_combined&%24where=cftc_contract_market_code%3D%27080732%27+AND+report_date_as_yyyy_mm_dd%3E%3D%272009-09-01T00%3A00%3A00.000%27+AND+report_date_as_yyyy_mm_dd%3C%3D%272026-08-11T00%3A00%3A00.000%27&%24order=report_date_as_yyyy_mm_dd&%24limit=5000,e1eadfec20535920e28d87b1a02245d9241765f4ae199f31c25d130fdaf7d93a,148402,95376,53026,871213,0.06086456469313474431625790708,650,-0.1196642845624778518383336278,0.05892108432570990616164413559,false,true,true,false,cftc_normalized_net_q10_reversal_v1
SUGAR NO. 11 - ICE FUTURES U.S.,080732,2022-02-22,2022-02-25T20:30:00Z,cftc_ordinary_rule_estimate_not_holiday_verified,cftc_sugar_no11_selected_history_e1eadfec2053,https://publicreporting.cftc.gov/resource/72hh-3qpy.json?%24select=report_date_as_yyyy_mm_dd%2Ccftc_contract_market_code%2Cmarket_and_exchange_names%2Copen_interest_all%2Cm_money_positions_long_all%2Cm_money_positions_short_all%2Cm_money_positions_spread%2Ccontract_units%2Cfutonly_or_combined&%24where=cftc_contract_market_code%3D%27080732%27+AND+report_date_as_yyyy_mm_dd%3E%3D%272009-09-01T00%3A00%3A00.000%27+AND+report_date_as_yyyy_mm_dd%3C%3D%272026-08-11T00%3A00%3A00.000%27&%24order=report_date_as_yyyy_mm_dd&%24limit=5000,e1eadfec20535920e28d87b1a02245d9241765f4ae199f31c25d130fdaf7d93a,145018,96343,48675,857376,0.05677205800022393908856790953,651,-0.1174092270934018325750725404,0.06086456469313474431625790708,false,false,true,false,cftc_normalized_net_q10_reversal_v1
SUGAR NO. 11 - ICE FUTURES U.S.,080732,2022-03-01,2022-03-04T20:30:00Z,cftc_ordinary_rule_estimate_not_holiday_verified,cftc_sugar_no11_selected_history_e1eadfec2053,https://publicreporting.cftc.gov/resource/72hh-3qpy.json?%24select=report_date_as_yyyy_mm_dd%2Ccftc_contract_market_code%2Cmarket_and_exchange_names%2Copen_interest_all%2Cm_money_positions_long_all%2Cm_money_positions_short_all%2Cm_money_positions_spread%2Ccontract_units%2Cfutonly_or_combined&%24where=cftc_contract_market_code%3D%27080732%27+AND+report_date_as_yyyy_mm_dd%3E%3D%272009-09-01T00%3A00%3A00.000%27+AND+report_date_as_yyyy_mm_dd%3C%3D%272026-08-11T00%3A00%3A00.000%27&%24order=report_date_as_yyyy_mm_dd&%24limit=5000,e1eadfec20535920e28d87b1a02245d9241765f4ae199f31c25d130fdaf7d93a,141897,87410,54487,816211,0.06675602264610499000871098282,652,-0.1174092270934018325750725404,0.05677205800022393908856790953,false,true,true,false,cftc_normalized_net_q10_reversal_v1
SUGAR NO. 11 - ICE FUTURES U.S.,080732,2022-03-08,2022-03-11T20:30:00Z,cftc_ordinary_rule_estimate_not_holiday_verified,cftc_sugar_no11_selected_history_e1eadfec2053,https://publicreporting.cftc.gov/resource/72hh-3qpy.json?%24select=report_date_as_yyyy_mm_dd%2Ccftc_contract_market_code%2Cmarket_and_exchange_names%2Copen_interest_all%2Cm_money_positions_long_all%2Cm_money_positions_short_all%2Cm_money_positions_spread%2Ccontract_units%2Cfutonly_or_combined&%24where=cftc_contract_market_code%3D%27080732%27+AND+report_date_as_yyyy_mm_dd%3E%3D%272009-09-01T00%3A00%3A00.000%27+AND+report_date_as_yyyy_mm_dd%3C%3D%272026-08-11T00%3A00%3A00.000%27&%24order=report_date_as_yyyy_mm_dd&%24limit=5000,e1eadfec20535920e28d87b1a02245d9241765f4ae199f31c25d130fdaf7d93a,177645,45256,132389,837413,0.1580928406891223327079947409,653,-0.1174092270934018325750725404,0.06675602264610499000871098282,false,true,true,false,cftc_normalized_net_q10_reversal_v1
SUGAR NO. 11 - ICE FUTURES U.S.,080732,2022-03-15,2022-03-18T19:30:00Z,cftc_ordinary_rule_estimate_not_holiday_verified,cftc_sugar_no11_selected_history_e1eadfec2053,https://publicreporting.cftc.gov/resource/72hh-3qpy.json?%24select=report_date_as_yyyy_mm_dd%2Ccftc_contract_market_code%2Cmarket_and_exchange_names%2Copen_interest_all%2Cm_money_positions_long_all%2Cm_money_positions_short_all%2Cm_money_positions_spread%2Ccontract_units%2Cfutonly_or_combined&%24where=cftc_contract_market_code%3D%27080732%27+AND+report_date_as_yyyy_mm_dd%3E%3D%272009-09-01T00%3A00%3A00.000%27+AND+report_date_as_yyyy_mm_dd%3C%3D%272026-08-11T00%3A00%3A00.000%27&%24order=report_date_as_yyyy_mm_dd&%24limit=5000,e1eadfec20535920e28d87b1a02245d9241765f4ae199f31c25d130fdaf7d93a,170120,41826,128294,818877,0.1566706599403817667366405455,654,-0.1174092270934018325750725404,0.1580928406891223327079947409,false,false,true,false,cftc_normalized_net_q10_reversal_v1
SUGAR NO. 11 - ICE FUTURES U.S.,080732,2022-03-22,2022-03-25T19:30:00Z,cftc_ordinary_rule_estimate_not_holiday_verified,cftc_sugar_no11_selected_history_e1eadfec2053,https://publicreporting.cftc.gov/resource/72hh-3qpy.json?%24select=report_date_as_yyyy_mm_dd%2Ccftc_contract_market_code%2Cmarket_and_exchange_names%2Copen_interest_all%2Cm_money_positions_long_all%2Cm_money_positions_short_all%2Cm_money_positions_spread%2Ccontract_units%2Cfutonly_or_combined&%24where=cftc_contract_market_code%3D%27080732%27+AND+report_date_as_yyyy_mm_dd%3E%3D%272009-09-01T00%3A00%3A00.000%27+AND+report_date_as_yyyy_mm_dd%3C%3D%272026-08-11T00%3A00%3A00.000%27&%24order=report_date_as_yyyy_mm_dd&%24limit=5000,e1eadfec20535920e28d87b1a02245d9241765f4ae199f31c25d130fdaf7d93a,172449,39602,132847,817462,0.1625115295879196831167687305,655,-0.1174092270934018325750725404,0.1566706599403817667366405455,false,true,true,false,cftc_normalized_net_q10_reversal_v1
SUGAR NO. 11 - ICE FUTURES U.S.,080732,2022-03-29,2022-04-01T19:30:00Z,cftc_ordinary_rule_estimate_not_holiday_verified,cftc_sugar_no11_selected_history_e1eadfec2053,https://publicreporting.cftc.gov/resource/72hh-3qpy.json?%24select=report_date_as_yyyy_mm_dd%2Ccftc_contract_market_code%2Cmarket_and_exchange_names%2Copen_interest_all%2Cm_money_positions_long_all%2Cm_money_positions_short_all%2Cm_money_positions_spread%2Ccontract_units%2Cfutonly_or_combined&%24where=cftc_contract_market_code%3D%27080732%27+AND+report_date_as_yyyy_mm_dd%3E%3D%272009-09-01T00%3A00%3A00.000%27+AND+report_date_as_yyyy_mm_dd%3C%3D%272026-08-11T00%3A00%3A00.000%27&%24order=report_date_as_yyyy_mm_dd&%24limit=5000,e1eadfec20535920e28d87b1a02245d9241765f4ae199f31c25d130fdaf7d93a,181907,38658,143249,819459,0.1748092338969978973932802007,656,-0.1174092270934018325750725404,0.1625115295879196831167687305,false,true,true,false,cftc_normalized_net_q10_reversal_v1
SUGAR NO. 11 - ICE FUTURES U.S.,080732,2022-04-05,2022-04-08T19:30:00Z,cftc_ordinary_rule_estimate_not_holiday_verified,cftc_sugar_no11_selected_history_e1eadfec2053,https://publicreporting.cftc.gov/resource/72hh-3qpy.json?%24select=report_date_as_yyyy_mm_dd%2Ccftc_contract_market_code%2Cmarket_and_exchange_names%2Copen_interest_all%2Cm_money_positions_long_all%2Cm_money_positions_short_all%2Cm_money_positions_spread%2Ccontract_units%2Cfutonly_or_combined&%24where=cftc_contract_market_code%3D%27080732%27+AND+report_date_as_yyyy_mm_dd%3E%3D%272009-09-01T00%3A00%3A00.000%27+AND+report_date_as_yyyy_mm_dd%3C%3D%272026-08-11T00%3A00%3A00.000%27&%24order=report_date_as_yyyy_mm_dd&%24limit=5000,e1eadfec20535920e28d87b1a02245d9241765f4ae199f31c25d130fdaf7d93a,207230,33119,174111,859871,0.2024850239163781543975782414,657,-0.1174092270934018325750725404,0.1748092338969978973932802007,false,true,true,false,cftc_normalized_net_q10_reversal_v1
SUGAR NO. 11 - ICE FUTURES U.S.,080732,2022-04-12,2022-04-15T19:30:00Z,cftc_ordinary_rule_estimate_not_holiday_verified,cftc_sugar_no11_selected_history_e1eadfec2053,https://publicreporting.cftc.gov/resource/72hh-3qpy.json?%24select=report_date_as_yyyy_mm_dd%2Ccftc_contract_market_code%2Cmarket_and_exchange_names%2Copen_interest_all%2Cm_money_positions_long_all%2Cm_money_positions_short_all%2Cm_money_positions_spread%2Ccontract_units%2Cfutonly_or_combined&%24where=cftc_contract_market_code%3D%27080732%27+AND+report_date_as_yyyy_mm_dd%3E%3D%272009-09-01T00%3A00%3A00.000%27+AND+report_date_as_yyyy_mm_dd%3C%3D%272026-08-11T00%3A00%3A00.000%27&%24order=report_date_as_yyyy_mm_dd&%24limit=5000,e1eadfec20535920e28d87b1a02245d9241765f4ae199f31c25d130fdaf7d93a,256995,29301,227694,916130,0.2485389628109547771604466615,658,-0.1174092270934018325750725404,0.2024850239163781543975782414,false,true,true,false,cftc_normalized_net_q10_reversal_v1
SUGAR NO. 11 - ICE FUTURES U.S.,080732,2022-04-19,2022-04-22T19:30:00Z,cftc_ordinary_rule_estimate_not_holiday_verified,cftc_sugar_no11_selected_history_e1eadfec2053,https://publicreporting.cftc.gov/resource/72hh-3qpy.json?%24select=report_date_as_yyyy_mm_dd%2Ccftc_contract_market_code%2Cmarket_and_exchange_names%2Copen_interest_all%2Cm_money_positions_long_all%2Cm_money_positions_short_all%2Cm_money_positions_spread%2Ccontract_units%2Cfutonly_or_combined&%24where=cftc_contract_market_code%3D%27080732%27+AND+report_date_as_yyyy_mm_dd%3E%3D%272009-09-01T00%3A00%3A00.000%27+AND+report_date_as_yyyy_mm_dd%3C%3D%272026-08-11T00%3A00%3A00.000%27&%24order=report_date_as_yyyy_mm_dd&%24limit=5000,e1eadfec20535920e28d87b1a02245d9241765f4ae199f31c25d130fdaf7d93a,264455,35505,228950,909622,0.2516979580529054926112165273,659,-0.1174092270934018325750725404,0.2485389628109547771604466615,false,true,true,false,cftc_normalized_net_q10_reversal_v1
SUGAR NO. 11 - ICE FUTURES U.S.,080732,2022-04-26,2022-04-29T19:30:00Z,cftc_ordinary_rule_estimate_not_holiday_verified,cftc_sugar_no11_selected_history_e1eadfec2053,https://publicreporting.cftc.gov/resource/72hh-3qpy.json?%24select=report_date_as_yyyy_mm_dd%2Ccftc_contract_market_code%2Cmarket_and_exchange_names%2Copen_interest_all%2Cm_money_positions_long_all%2Cm_money_positions_short_all%2Cm_money_positions_spread%2Ccontract_units%2Cfutonly_or_combined&%24where=cftc_contract_market_code%3D%27080732%27+AND+report_date_as_yyyy_mm_dd%3E%3D%272009-09-01T00%3A00%3A00.000%27+AND+report_date_as_yyyy_mm_dd%3C%3D%272026-08-11T00%3A00%3A00.000%27&%24order=report_date_as_yyyy_mm_dd&%24limit=5000,e1eadfec20535920e28d87b1a02245d9241765f4ae199f31c25d130fdaf7d93a,239618,40109,199509,846421,0.23570894389435044735421262,660,-0.1174092270934018325750725404,0.2516979580529054926112165273,false,false,true,false,cftc_normalized_net_q10_reversal_v1
SUGAR NO. 11 - ICE FUTURES U.S.,080732,2022-05-03,2022-05-06T19:30:00Z,cftc_ordinary_rule_estimate_not_holiday_verified,cftc_sugar_no11_selected_history_e1eadfec2053,https://publicreporting.cftc.gov/resource/72hh-3qpy.json?%24select=report_date_as_yyyy_mm_dd%2Ccftc_contract_market_code%2Cmarket_and_exchange_names%2Copen_interest_all%2Cm_money_positions_long_all%2Cm_money_positions_short_all%2Cm_money_positions_spread%2Ccontract_units%2Cfutonly_or_combined&%24where=cftc_contract_market_code%3D%27080732%27+AND+report_date_as_yyyy_mm_dd%3E%3D%272009-09-01T00%3A00%3A00.000%27+AND+report_date_as_yyyy_mm_dd%3C%3D%272026-08-11T00%3A00%3A00.000%27&%24order=report_date_as_yyyy_mm_dd&%24limit=5000,e1eadfec20535920e28d87b1a02245d9241765f4ae199f31c25d130fdaf7d93a,224820,47650,177170,818627,0.216423352760170382848354623,661,-0.1147031232654793955725580085,0.23570894389435044735421262,false,false,true,false,cftc_normalized_net_q10_reversal_v1
SUGAR NO. 11 - ICE FUTURES U.S.,080732,2022-05-10,2022-05-13T19:30:00Z,cftc_ordinary_rule_estimate_not_holiday_verified,cftc_sugar_no11_selected_history_e1eadfec2053,https://publicreporting.cftc.gov/resource/72hh-3qpy.json?%24select=report_date_as_yyyy_mm_dd%2Ccftc_contract_market_code%2Cmarket_and_exchange_names%2Copen_interest_all%2Cm_money_positions_long_all%2Cm_money_positions_short_all%2Cm_money_positions_spread%2Ccontract_units%2Cfutonly_or_combined&%24where=cftc_contract_market_code%3D%27080732%27+AND+report_date_as_yyyy_mm_dd%3E%3D%272009-09-01T00%3A00%3A00.000%27+AND+report_date_as_yyyy_mm_dd%3C%3D%272026-08-11T00%3A00%3A00.000%27&%24order=report_date_as_yyyy_mm_dd&%24limit=5000,e1eadfec20535920e28d87b1a02245d9241765f4ae199f31c25d130fdaf7d93a,208091,52351,155740,797453,0.195296776110943215462227868,662,-0.1147031232654793955725580085,0.216423352760170382848354623,false,false,true,false,cftc_normalized_net_q10_reversal_v1
SUGAR NO. 11 - ICE FUTURES U.S.,080732,2022-05-17,2022-05-20T19:30:00Z,cftc_ordinary_rule_estimate_not_holiday_verified,cftc_sugar_no11_selected_history_e1eadfec2053,https://publicreporting.cftc.gov/resource/72hh-3qpy.json?%24select=report_date_as_yyyy_mm_dd%2Ccftc_contract_market_code%2Cmarket_and_exchange_names%2Copen_interest_all%2Cm_money_positions_long_all%2Cm_money_positions_short_all%2Cm_money_positions_spread%2Ccontract_units%2Cfutonly_or_combined&%24where=cftc_contract_market_code%3D%27080732%27+AND+report_date_as_yyyy_mm_dd%3E%3D%272009-09-01T00%3A00%3A00.000%27+AND+report_date_as_yyyy_mm_dd%3C%3D%272026-08-11T00%3A00%3A00.000%27&%24order=report_date_as_yyyy_mm_dd&%24limit=5000,e1eadfec20535920e28d87b1a02245d9241765f4ae199f31c25d130fdaf7d93a,214178,36192,177986,825281,0.2156671485227455860488730505,663,-0.1147031232654793955725580085,0.195296776110943215462227868,false,true,true,false,cftc_normalized_net_q10_reversal_v1
SUGAR NO. 11 - ICE FUTURES U.S.,080732,2022-05-24,2022-05-27T19:30:00Z,cftc_ordinary_rule_estimate_not_holiday_verified,cftc_sugar_no11_selected_history_e1eadfec2053,https://publicreporting.cftc.gov/resource/72hh-3qpy.json?%24select=report_date_as_yyyy_mm_dd%2Ccftc_contract_market_code%2Cmarket_and_exchange_names%2Copen_interest_all%2Cm_money_positions_long_all%2Cm_money_positions_short_all%2Cm_money_positions_spread%2Ccontract_units%2Cfutonly_or_combined&%24where=cftc_contract_market_code%3D%27080732%27+AND+report_date_as_yyyy_mm_dd%3E%3D%272009-09-01T00%3A00%3A00.000%27+AND+report_date_as_yyyy_mm_dd%3C%3D%272026-08-11T00%3A00%3A00.000%27&%24order=report_date_as_yyyy_mm_dd&%24limit=5000,e1eadfec20535920e28d87b1a02245d9241765f4ae199f31c25d130fdaf7d93a,221732,29963,191769,847420,0.2262974676075617757428429822,664,-0.1147031232654793955725580085,0.2156671485227455860488730505,false,true,true,false,cftc_normalized_net_q10_reversal_v1
SUGAR NO. 11 - ICE FUTURES U.S.,080732,2022-05-31,2022-06-03T19:30:00Z,cftc_ordinary_rule_estimate_not_holiday_verified,cftc_sugar_no11_selected_history_e1eadfec2053,https://publicreporting.cftc.gov/resource/72hh-3qpy.json?%24select=report_date_as_yyyy_mm_dd%2Ccftc_contract_market_code%2Cmarket_and_exchange_names%2Copen_interest_all%2Cm_money_positions_long_all%2Cm_money_positions_short_all%2Cm_money_positions_spread%2Ccontract_units%2Cfutonly_or_combined&%24where=cftc_contract_market_code%3D%27080732%27+AND+report_date_as_yyyy_mm_dd%3E%3D%272009-09-01T00%3A00%3A00.000%27+AND+report_date_as_yyyy_mm_dd%3C%3D%272026-08-11T00%3A00%3A00.000%27&%24order=report_date_as_yyyy_mm_dd&%24limit=5000,e1eadfec20535920e28d87b1a02245d9241765f4ae199f31c25d130fdaf7d93a,216129,32411,183718,848463,0.2165303613710910198794761822,665,-0.1147031232654793955725580085,0.2262974676075617757428429822,false,false,true,false,cftc_normalized_net_q10_reversal_v1
SUGAR NO. 11 - ICE FUTURES U.S.,080732,2022-06-07,2022-06-10T19:30:00Z,cftc_ordinary_rule_estimate_not_holiday_verified,cftc_sugar_no11_selected_history_e1eadfec2053,https://publicreporting.cftc.gov/resource/72hh-3qpy.json?%24select=report_date_as_yyyy_mm_dd%2Ccftc_contract_market_code%2Cmarket_and_exchange_names%2Copen_interest_all%2Cm_money_positions_long_all%2Cm_money_positions_short_all%2Cm_money_positions_spread%2Ccontract_units%2Cfutonly_or_combined&%24where=cftc_contract_market_code%3D%27080732%27+AND+report_date_as_yyyy_mm_dd%3E%3D%272009-09-01T00%3A00%3A00.000%27+AND+report_date_as_yyyy_mm_dd%3C%3D%272026-08-11T00%3A00%3A00.000%27&%24order=report_date_as_yyyy_mm_dd&%24limit=5000,e1eadfec20535920e28d87b1a02245d9241765f4ae199f31c25d130fdaf7d93a,206738,39954,166784,849814,0.1962594167664924324616916172,666,-0.1147031232654793955725580085,0.2165303613710910198794761822,false,false,true,false,cftc_normalized_net_q10_reversal_v1
SUGAR NO. 11 - ICE FUTURES U.S.,080732,2022-06-14,2022-06-17T19:30:00Z,cftc_ordinary_rule_estimate_not_holiday_verified,cftc_sugar_no11_selected_history_e1eadfec2053,https://publicreporting.cftc.gov/resource/72hh-3qpy.json?%24select=report_date_as_yyyy_mm_dd%2Ccftc_contract_market_code%2Cmarket_and_exchange_names%2Copen_interest_all%2Cm_money_positions_long_all%2Cm_money_positions_short_all%2Cm_money_positions_spread%2Ccontract_units%2Cfutonly_or_combined&%24where=cftc_contract_market_code%3D%27080732%27+AND+report_date_as_yyyy_mm_dd%3E%3D%272009-09-01T00%3A00%3A00.000%27+AND+report_date_as_yyyy_mm_dd%3C%3D%272026-08-11T00%3A00%3A00.000%27&%24order=report_date_as_yyyy_mm_dd&%24limit=5000,e1eadfec20535920e28d87b1a02245d9241765f4ae199f31c25d130fdaf7d93a,185408,50617,134791,800806,0.1683191684377989175905275435,667,-0.1147031232654793955725580085,0.1962594167664924324616916172,false,false,true,false,cftc_normalized_net_q10_reversal_v1
SUGAR NO. 11 - ICE FUTURES U.S.,080732,2022-06-21,2022-06-24T19:30:00Z,cftc_ordinary_rule_estimate_not_holiday_verified,cftc_sugar_no11_selected_history_e1eadfec2053,https://publicreporting.cftc.gov/resource/72hh-3qpy.json?%24select=report_date_as_yyyy_mm_dd%2Ccftc_contract_market_code%2Cmarket_and_exchange_names%2Copen_interest_all%2Cm_money_positions_long_all%2Cm_money_positions_short_all%2Cm_money_positions_spread%2Ccontract_units%2Cfutonly_or_combined&%24where=cftc_contract_market_code%3D%27080732%27+AND+report_date_as_yyyy_mm_dd%3E%3D%272009-09-01T00%3A00%3A00.000%27+AND+report_date_as_yyyy_mm_dd%3C%3D%272026-08-11T00%3A00%3A00.000%27&%24order=report_date_as_yyyy_mm_dd&%24limit=5000,e1eadfec20535920e28d87b1a02245d9241765f4ae199f31c25d130fdaf7d93a,172092,53134,118958,779773,0.1525546537261485073220026854,668,-0.1147031232654793955725580085,0.1683191684377989175905275435,false,false,true,false,cftc_normalized_net_q10_reversal_v1
SUGAR NO. 11 - ICE FUTURES U.S.,080732,2022-06-28,2022-07-01T19:30:00Z,cftc_ordinary_rule_estimate_not_holiday_verified,cftc_sugar_no11_selected_history_e1eadfec2053,https://publicreporting.cftc.gov/resource/72hh-3qpy.json?%24select=report_date_as_yyyy_mm_dd%2Ccftc_contract_market_code%2Cmarket_and_exchange_names%2Copen_interest_all%2Cm_money_positions_long_all%2Cm_money_positions_short_all%2Cm_money_positions_spread%2Ccontract_units%2Cfutonly_or_combined&%24where=cftc_contract_market_code%3D%27080732%27+AND+report_date_as_yyyy_mm_dd%3E%3D%272009-09-01T00%3A00%3A00.000%27+AND+report_date_as_yyyy_mm_dd%3C%3D%272026-08-11T00%3A00%3A00.000%27&%24order=report_date_as_yyyy_mm_dd&%24limit=5000,e1eadfec20535920e28d87b1a02245d9241765f4ae199f31c25d130fdaf7d93a,149166,76099,73067,734324,0.09950239948578556604441636117,669,-0.1147031232654793955725580085,0.1525546537261485073220026854,false,false,true,false,cftc_normalized_net_q10_reversal_v1
SUGAR NO. 11 - ICE FUTURES U.S.,080732,2022-07-05,2022-07-08T19:30:00Z,cftc_ordinary_rule_estimate_not_holiday_verified,cftc_sugar_no11_selected_history_e1eadfec2053,https://publicreporting.cftc.gov/resource/72hh-3qpy.json?%24select=report_date_as_yyyy_mm_dd%2Ccftc_contract_market_code%2Cmarket_and_exchange_names%2Copen_interest_all%2Cm_money_positions_long_all%2Cm_money_positions_short_all%2Cm_money_positions_spread%2Ccontract_units%2Cfutonly_or_combined&%24where=cftc_contract_market_code%3D%27080732%27+AND+report_date_as_yyyy_mm_dd%3E%3D%272009-09-01T00%3A00%3A00.000%27+AND+report_date_as_yyyy_mm_dd%3C%3D%272026-08-11T00%3A00%3A00.000%27&%24order=report_date_as_yyyy_mm_dd&%24limit=5000,e1eadfec20535920e28d87b1a02245d9241765f4ae199f31c25d130fdaf7d93a,133221,87669,45552,713245,0.06386585254716121388863574228,670,-0.1147031232654793955725580085,0.09950239948578556604441636117,false,false,true,false,cftc_normalized_net_q10_reversal_v1
SUGAR NO. 11 - ICE FUTURES U.S.,080732,2022-07-12,2022-07-15T19:30:00Z,cftc_ordinary_rule_estimate_not_holiday_verified,cftc_sugar_no11_selected_history_e1eadfec2053,https://publicreporting.cftc.gov/resource/72hh-3qpy.json?%24select=report_date_as_yyyy_mm_dd%2Ccftc_contract_market_code%2Cmarket_and_exchange_names%2Copen_interest_all%2Cm_money_positions_long_all%2Cm_money_positions_short_all%2Cm_money_positions_spread%2Ccontract_units%2Cfutonly_or_combined&%24where=cftc_contract_market_code%3D%27080732%27+AND+report_date_as_yyyy_mm_dd%3E%3D%272009-09-01T00%3A00%3A00.000%27+AND+report_date_as_yyyy_mm_dd%3C%3D%272026-08-11T00%3A00%3A00.000%27&%24order=report_date_as_yyyy_mm_dd&%24limit=5000,e1eadfec20535920e28d87b1a02245d9241765f4ae199f31c25d130fdaf7d93a,136447,65079,71368,701144,0.101787935145989982086418767,671,-0.1145626667776590775605717959,0.06386585254716121388863574228,false,true,true,false,cftc_normalized_net_q10_reversal_v1
SUGAR NO. 11 - ICE FUTURES U.S.,080732,2022-07-19,2022-07-22T19:30:00Z,cftc_ordinary_rule_estimate_not_holiday_verified,cftc_sugar_no11_selected_history_e1eadfec2053,https://publicreporting.cftc.gov/resource/72hh-3qpy.json?%24select=report_date_as_yyyy_mm_dd%2Ccftc_contract_market_code%2Cmarket_and_exchange_names%2Copen_interest_all%2Cm_money_positions_long_all%2Cm_money_positions_short_all%2Cm_money_positions_spread%2Ccontract_units%2Cfutonly_or_combined&%24where=cftc_contract_market_code%3D%27080732%27+AND+report_date_as_yyyy_mm_dd%3E%3D%272009-09-01T00%3A00%3A00.000%27+AND+report_date_as_yyyy_mm_dd%3C%3D%272026-08-11T00%3A00%3A00.000%27&%24order=report_date_as_yyyy_mm_dd&%24limit=5000,e1eadfec20535920e28d87b1a02245d9241765f4ae199f31c25d130fdaf7d93a,142253,46919,95334,703614,0.1354919032310329243022452652,672,-0.1145626667776590775605717959,0.101787935145989982086418767,false,true,true,false,cftc_normalized_net_q10_reversal_v1
SUGAR NO. 11 - ICE FUTURES U.S.,080732,2022-07-26,2022-07-29T19:30:00Z,cftc_ordinary_rule_estimate_not_holiday_verified,cftc_sugar_no11_selected_history_e1eadfec2053,https://publicreporting.cftc.gov/resource/72hh-3qpy.json?%24select=report_date_as_yyyy_mm_dd%2Ccftc_contract_market_code%2Cmarket_and_exchange_names%2Copen_interest_all%2Cm_money_positions_long_all%2Cm_money_positions_short_all%2Cm_money_positions_spread%2Ccontract_units%2Cfutonly_or_combined&%24where=cftc_contract_market_code%3D%27080732%27+AND+report_date_as_yyyy_mm_dd%3E%3D%272009-09-01T00%3A00%3A00.000%27+AND+report_date_as_yyyy_mm_dd%3C%3D%272026-08-11T00%3A00%3A00.000%27&%24order=report_date_as_yyyy_mm_dd&%24limit=5000,e1eadfec20535920e28d87b1a02245d9241765f4ae199f31c25d130fdaf7d93a,117365,100113,17252,722469,0.02387922526779695737810203621,673,-0.1145626667776590775605717959,0.1354919032310329243022452652,false,false,true,false,cftc_normalized_net_q10_reversal_v1
SUGAR NO. 11 - ICE FUTURES U.S.,080732,2022-08-02,2022-08-05T19:30:00Z,cftc_ordinary_rule_estimate_not_holiday_verified,cftc_sugar_no11_selected_history_e1eadfec2053,https://publicreporting.cftc.gov/resource/72hh-3qpy.json?%24select=report_date_as_yyyy_mm_dd%2Ccftc_contract_market_code%2Cmarket_and_exchange_names%2Copen_interest_all%2Cm_money_positions_long_all%2Cm_money_positions_short_all%2Cm_money_positions_spread%2Ccontract_units%2Cfutonly_or_combined&%24where=cftc_contract_market_code%3D%27080732%27+AND+report_date_as_yyyy_mm_dd%3E%3D%272009-09-01T00%3A00%3A00.000%27+AND+report_date_as_yyyy_mm_dd%3C%3D%272026-08-11T00%3A00%3A00.000%27&%24order=report_date_as_yyyy_mm_dd&%24limit=5000,e1eadfec20535920e28d87b1a02245d9241765f4ae199f31c25d130fdaf7d93a,112473,132018,-19545,760093,-0.02571395868663439868542402048,674,-0.1145626667776590775605717959,0.02387922526779695737810203621,false,false,true,false,cftc_normalized_net_q10_reversal_v1
SUGAR NO. 11 - ICE FUTURES U.S.,080732,2022-08-09,2022-08-12T19:30:00Z,cftc_ordinary_rule_estimate_not_holiday_verified,cftc_sugar_no11_selected_history_e1eadfec2053,https://publicreporting.cftc.gov/resource/72hh-3qpy.json?%24select=report_date_as_yyyy_mm_dd%2Ccftc_contract_market_code%2Cmarket_and_exchange_names%2Copen_interest_all%2Cm_money_positions_long_all%2Cm_money_positions_short_all%2Cm_money_positions_spread%2Ccontract_units%2Cfutonly_or_combined&%24where=cftc_contract_market_code%3D%27080732%27+AND+report_date_as_yyyy_mm_dd%3E%3D%272009-09-01T00%3A00%3A00.000%27+AND+report_date_as_yyyy_mm_dd%3C%3D%272026-08-11T00%3A00%3A00.000%27&%24order=report_date_as_yyyy_mm_dd&%24limit=5000,e1eadfec20535920e28d87b1a02245d9241765f4ae199f31c25d130fdaf7d93a,110365,130614,-20249,765669,-0.02644615362513044148319965938,675,-0.1145626667776590775605717959,-0.02571395868663439868542402048,false,false,true,false,cftc_normalized_net_q10_reversal_v1
SUGAR NO. 11 - ICE FUTURES U.S.,080732,2022-08-16,2022-08-19T19:30:00Z,cftc_ordinary_rule_estimate_not_holiday_verified,cftc_sugar_no11_selected_history_e1eadfec2053,https://publicreporting.cftc.gov/resource/72hh-3qpy.json?%24select=report_date_as_yyyy_mm_dd%2Ccftc_contract_market_code%2Cmarket_and_exchange_names%2Copen_interest_all%2Cm_money_positions_long_all%2Cm_money_positions_short_all%2Cm_money_positions_spread%2Ccontract_units%2Cfutonly_or_combined&%24where=cftc_contract_market_code%3D%27080732%27+AND+report_date_as_yyyy_mm_dd%3E%3D%272009-09-01T00%3A00%3A00.000%27+AND+report_date_as_yyyy_mm_dd%3C%3D%272026-08-11T00%3A00%3A00.000%27&%24order=report_date_as_yyyy_mm_dd&%24limit=5000,e1eadfec20535920e28d87b1a02245d9241765f4ae199f31c25d130fdaf7d93a,119078,101767,17311,737535,0.0234714284745808673486681988,676,-0.1145626667776590775605717959,-0.02644615362513044148319965938,false,true,true,false,cftc_normalized_net_q10_reversal_v1
SUGAR NO. 11 - ICE FUTURES U.S.,080732,2022-08-23,2022-08-26T19:30:00Z,cftc_ordinary_rule_estimate_not_holiday_verified,cftc_sugar_no11_selected_history_e1eadfec2053,https://publicreporting.cftc.gov/resource/72hh-3qpy.json?%24select=report_date_as_yyyy_mm_dd%2Ccftc_contract_market_code%2Cmarket_and_exchange_names%2Copen_interest_all%2Cm_money_positions_long_all%2Cm_money_positions_short_all%2Cm_money_positions_spread%2Ccontract_units%2Cfutonly_or_combined&%24where=cftc_contract_market_code%3D%27080732%27+AND+report_date_as_yyyy_mm_dd%3E%3D%272009-09-01T00%3A00%3A00.000%27+AND+report_date_as_yyyy_mm_dd%3C%3D%272026-08-11T00%3A00%3A00.000%27&%24order=report_date_as_yyyy_mm_dd&%24limit=5000,e1eadfec20535920e28d87b1a02245d9241765f4ae199f31c25d130fdaf7d93a,119722,98741,20981,750335,0.02796217689432053682688399182,677,-0.1145626667776590775605717959,0.0234714284745808673486681988,false,true,true,false,cftc_normalized_net_q10_reversal_v1
SUGAR NO. 11 - ICE FUTURES U.S.,080732,2022-08-30,2022-09-02T19:30:00Z,cftc_ordinary_rule_estimate_not_holiday_verified,cftc_sugar_no11_selected_history_e1eadfec2053,https://publicreporting.cftc.gov/resource/72hh-3qpy.json?%24select=report_date_as_yyyy_mm_dd%2Ccftc_contract_market_code%2Cmarket_and_exchange_names%2Copen_interest_all%2Cm_money_positions_long_all%2Cm_money_positions_short_all%2Cm_money_positions_spread%2Ccontract_units%2Cfutonly_or_combined&%24where=cftc_contract_market_code%3D%27080732%27+AND+report_date_as_yyyy_mm_dd%3E%3D%272009-09-01T00%3A00%3A00.000%27+AND+report_date_as_yyyy_mm_dd%3C%3D%272026-08-11T00%3A00%3A00.000%27&%24order=report_date_as_yyyy_mm_dd&%24limit=5000,e1eadfec20535920e28d87b1a02245d9241765f4ae199f31c25d130fdaf7d93a,121366,89157,32209,752642,0.04279458228480472787859300969,678,-0.1145626667776590775605717959,0.02796217689432053682688399182,false,true,true,false,cftc_normalized_net_q10_reversal_v1
SUGAR NO. 11 - ICE FUTURES U.S.,080732,2022-09-06,2022-09-09T19:30:00Z,cftc_ordinary_rule_estimate_not_holiday_verified,cftc_sugar_no11_selected_history_e1eadfec2053,https://publicreporting.cftc.gov/resource/72hh-3qpy.json?%24select=report_date_as_yyyy_mm_dd%2Ccftc_contract_market_code%2Cmarket_and_exchange_names%2Copen_interest_all%2Cm_money_positions_long_all%2Cm_money_positions_short_all%2Cm_money_positions_spread%2Ccontract_units%2Cfutonly_or_combined&%24where=cftc_contract_market_code%3D%27080732%27+AND+report_date_as_yyyy_mm_dd%3E%3D%272009-09-01T00%3A00%3A00.000%27+AND+report_date_as_yyyy_mm_dd%3C%3D%272026-08-11T00%3A00%3A00.000%27&%24order=report_date_as_yyyy_mm_dd&%24limit=5000,e1eadfec20535920e28d87b1a02245d9241765f4ae199f31c25d130fdaf7d93a,115874,94041,21833,760601,0.02870493202086244956291143451,679,-0.1145626667776590775605717959,0.04279458228480472787859300969,false,false,true,false,cftc_normalized_net_q10_reversal_v1
SUGAR NO. 11 - ICE FUTURES U.S.,080732,2022-09-13,2022-09-16T19:30:00Z,cftc_ordinary_rule_estimate_not_holiday_verified,cftc_sugar_no11_selected_history_e1eadfec2053,https://publicreporting.cftc.gov/resource/72hh-3qpy.json?%24select=report_date_as_yyyy_mm_dd%2Ccftc_contract_market_code%2Cmarket_and_exchange_names%2Copen_interest_all%2Cm_money_positions_long_all%2Cm_money_positions_short_all%2Cm_money_positions_spread%2Ccontract_units%2Cfutonly_or_combined&%24where=cftc_contract_market_code%3D%27080732%27+AND+report_date_as_yyyy_mm_dd%3E%3D%272009-09-01T00%3A00%3A00.000%27+AND+report_date_as_yyyy_mm_dd%3C%3D%272026-08-11T00%3A00%3A00.000%27&%24order=report_date_as_yyyy_mm_dd&%24limit=5000,e1eadfec20535920e28d87b1a02245d9241765f4ae199f31c25d130fdaf7d93a,122400,88133,34267,751873,0.04557551607784825362793982494,680,-0.1145626667776590775605717959,0.02870493202086244956291143451,false,true,true,false,cftc_normalized_net_q10_reversal_v1
SUGAR NO. 11 - ICE FUTURES U.S.,080732,2022-09-20,2022-09-23T19:30:00Z,cftc_ordinary_rule_estimate_not_holiday_verified,cftc_sugar_no11_selected_history_e1eadfec2053,https://publicreporting.cftc.gov/resource/72hh-3qpy.json?%24select=report_date_as_yyyy_mm_dd%2Ccftc_contract_market_code%2Cmarket_and_exchange_names%2Copen_interest_all%2Cm_money_positions_long_all%2Cm_money_positions_short_all%2Cm_money_positions_spread%2Ccontract_units%2Cfutonly_or_combined&%24where=cftc_contract_market_code%3D%27080732%27+AND+report_date_as_yyyy_mm_dd%3E%3D%272009-09-01T00%3A00%3A00.000%27+AND+report_date_as_yyyy_mm_dd%3C%3D%272026-08-11T00%3A00%3A00.000%27&%24order=report_date_as_yyyy_mm_dd&%24limit=5000,e1eadfec20535920e28d87b1a02245d9241765f4ae199f31c25d130fdaf7d93a,114077,101064,13013,744972,0.0174677706007742572875222156,681,-0.1145550389719695795134896776,0.04557551607784825362793982494,false,false,true,false,cftc_normalized_net_q10_reversal_v1
SUGAR NO. 11 - ICE FUTURES U.S.,080732,2022-09-27,2022-09-30T19:30:00Z,cftc_ordinary_rule_estimate_not_holiday_verified,cftc_sugar_no11_selected_history_e1eadfec2053,https://publicreporting.cftc.gov/resource/72hh-3qpy.json?%24select=report_date_as_yyyy_mm_dd%2Ccftc_contract_market_code%2Cmarket_and_exchange_names%2Copen_interest_all%2Cm_money_positions_long_all%2Cm_money_positions_short_all%2Cm_money_positions_spread%2Ccontract_units%2Cfutonly_or_combined&%24where=cftc_contract_market_code%3D%27080732%27+AND+report_date_as_yyyy_mm_dd%3E%3D%272009-09-01T00%3A00%3A00.000%27+AND+report_date_as_yyyy_mm_dd%3C%3D%272026-08-11T00%3A00%3A00.000%27&%24order=report_date_as_yyyy_mm_dd&%24limit=5000,e1eadfec20535920e28d87b1a02245d9241765f4ae199f31c25d130fdaf7d93a,119517,96261,23256,710887,0.03271406004048463398542947051,682,-0.1145550389719695795134896776,0.0174677706007742572875222156,false,true,true,false,cftc_normalized_net_q10_reversal_v1
SUGAR NO. 11 - ICE FUTURES U.S.,080732,2022-10-04,2022-10-07T19:30:00Z,cftc_ordinary_rule_estimate_not_holiday_verified,cftc_sugar_no11_selected_history_e1eadfec2053,https://publicreporting.cftc.gov/resource/72hh-3qpy.json?%24select=report_date_as_yyyy_mm_dd%2Ccftc_contract_market_code%2Cmarket_and_exchange_names%2Copen_interest_all%2Cm_money_positions_long_all%2Cm_money_positions_short_all%2Cm_money_positions_spread%2Ccontract_units%2Cfutonly_or_combined&%24where=cftc_contract_market_code%3D%27080732%27+AND+report_date_as_yyyy_mm_dd%3E%3D%272009-09-01T00%3A00%3A00.000%27+AND+report_date_as_yyyy_mm_dd%3C%3D%272026-08-11T00%3A00%3A00.000%27&%24order=report_date_as_yyyy_mm_dd&%24limit=5000,e1eadfec20535920e28d87b1a02245d9241765f4ae199f31c25d130fdaf7d93a,115989,96508,19481,687018,0.02835588004972213246232267568,683,-0.1145550389719695795134896776,0.03271406004048463398542947051,false,false,true,false,cftc_normalized_net_q10_reversal_v1
SUGAR NO. 11 - ICE FUTURES U.S.,080732,2022-10-11,2022-10-14T19:30:00Z,cftc_ordinary_rule_estimate_not_holiday_verified,cftc_sugar_no11_selected_history_e1eadfec2053,https://publicreporting.cftc.gov/resource/72hh-3qpy.json?%24select=report_date_as_yyyy_mm_dd%2Ccftc_contract_market_code%2Cmarket_and_exchange_names%2Copen_interest_all%2Cm_money_positions_long_all%2Cm_money_positions_short_all%2Cm_money_positions_spread%2Ccontract_units%2Cfutonly_or_combined&%24where=cftc_contract_market_code%3D%27080732%27+AND+report_date_as_yyyy_mm_dd%3E%3D%272009-09-01T00%3A00%3A00.000%27+AND+report_date_as_yyyy_mm_dd%3C%3D%272026-08-11T00%3A00%3A00.000%27&%24order=report_date_as_yyyy_mm_dd&%24limit=5000,e1eadfec20535920e28d87b1a02245d9241765f4ae199f31c25d130fdaf7d93a,135906,54118,81788,687209,0.1190147393296653565363666657,684,-0.1145550389719695795134896776,0.02835588004972213246232267568,false,true,true,false,cftc_normalized_net_q10_reversal_v1
SUGAR NO. 11 - ICE FUTURES U.S.,080732,2022-10-18,2022-10-21T19:30:00Z,cftc_ordinary_rule_estimate_not_holiday_verified,cftc_sugar_no11_selected_history_e1eadfec2053,https://publicreporting.cftc.gov/resource/72hh-3qpy.json?%24select=report_date_as_yyyy_mm_dd%2Ccftc_contract_market_code%2Cmarket_and_exchange_names%2Copen_interest_all%2Cm_money_positions_long_all%2Cm_money_positions_short_all%2Cm_money_positions_spread%2Ccontract_units%2Cfutonly_or_combined&%24where=cftc_contract_market_code%3D%27080732%27+AND+report_date_as_yyyy_mm_dd%3E%3D%272009-09-01T00%3A00%3A00.000%27+AND+report_date_as_yyyy_mm_dd%3C%3D%272026-08-11T00%3A00%3A00.000%27&%24order=report_date_as_yyyy_mm_dd&%24limit=5000,e1eadfec20535920e28d87b1a02245d9241765f4ae199f31c25d130fdaf7d93a,162900,52768,110132,711664,0.1547528046943501427640009892,685,-0.1145550389719695795134896776,0.1190147393296653565363666657,false,true,true,false,cftc_normalized_net_q10_reversal_v1
SUGAR NO. 11 - ICE FUTURES U.S.,080732,2022-10-25,2022-10-28T19:30:00Z,cftc_ordinary_rule_estimate_not_holiday_verified,cftc_sugar_no11_selected_history_e1eadfec2053,https://publicreporting.cftc.gov/resource/72hh-3qpy.json?%24select=report_date_as_yyyy_mm_dd%2Ccftc_contract_market_code%2Cmarket_and_exchange_names%2Copen_interest_all%2Cm_money_positions_long_all%2Cm_money_positions_short_all%2Cm_money_positions_spread%2Ccontract_units%2Cfutonly_or_combined&%24where=cftc_contract_market_code%3D%27080732%27+AND+report_date_as_yyyy_mm_dd%3E%3D%272009-09-01T00%3A00%3A00.000%27+AND+report_date_as_yyyy_mm_dd%3C%3D%272026-08-11T00%3A00%3A00.000%27&%24order=report_date_as_yyyy_mm_dd&%24limit=5000,e1eadfec20535920e28d87b1a02245d9241765f4ae199f31c25d130fdaf7d93a,153217,64050,89167,723503,0.1232434419760526217583064618,686,-0.1145550389719695795134896776,0.1547528046943501427640009892,false,false,true,false,cftc_normalized_net_q10_reversal_v1
SUGAR NO. 11 - ICE FUTURES U.S.,080732,2022-11-01,2022-11-04T19:30:00Z,cftc_ordinary_rule_estimate_not_holiday_verified,cftc_sugar_no11_selected_history_e1eadfec2053,https://publicreporting.cftc.gov/resource/72hh-3qpy.json?%24select=report_date_as_yyyy_mm_dd%2Ccftc_contract_market_code%2Cmarket_and_exchange_names%2Copen_interest_all%2Cm_money_positions_long_all%2Cm_money_positions_short_all%2Cm_money_positions_spread%2Ccontract_units%2Cfutonly_or_combined&%24where=cftc_contract_market_code%3D%27080732%27+AND+report_date_as_yyyy_mm_dd%3E%3D%272009-09-01T00%3A00%3A00.000%27+AND+report_date_as_yyyy_mm_dd%3C%3D%272026-08-11T00%3A00%3A00.000%27&%24order=report_date_as_yyyy_mm_dd&%24limit=5000,e1eadfec20535920e28d87b1a02245d9241765f4ae199f31c25d130fdaf7d93a,140343,93443,46900,737846,0.06356339940854866733708660073,687,-0.1145550389719695795134896776,0.1232434419760526217583064618,false,false,true,false,cftc_normalized_net_q10_reversal_v1
SUGAR NO. 11 - ICE FUTURES U.S.,080732,2022-11-08,2022-11-14T20:30:00Z,cftc_official_historical_release_verified,cftc_sugar_no11_selected_history_e1eadfec2053,https://publicreporting.cftc.gov/resource/72hh-3qpy.json?%24select=report_date_as_yyyy_mm_dd%2Ccftc_contract_market_code%2Cmarket_and_exchange_names%2Copen_interest_all%2Cm_money_positions_long_all%2Cm_money_positions_short_all%2Cm_money_positions_spread%2Ccontract_units%2Cfutonly_or_combined&%24where=cftc_contract_market_code%3D%27080732%27+AND+report_date_as_yyyy_mm_dd%3E%3D%272009-09-01T00%3A00%3A00.000%27+AND+report_date_as_yyyy_mm_dd%3C%3D%272026-08-11T00%3A00%3A00.000%27&%24order=report_date_as_yyyy_mm_dd&%24limit=5000,e1eadfec20535920e28d87b1a02245d9241765f4ae199f31c25d130fdaf7d93a,153339,75211,78128,766340,0.1019495263199102226165931571,688,-0.1145550389719695795134896776,0.06356339940854866733708660073,false,true,true,false,cftc_normalized_net_q10_reversal_v1
SUGAR NO. 11 - ICE FUTURES U.S.,080732,2022-11-15,2022-11-18T20:30:00Z,cftc_ordinary_rule_estimate_not_holiday_verified,cftc_sugar_no11_selected_history_e1eadfec2053,https://publicreporting.cftc.gov/resource/72hh-3qpy.json?%24select=report_date_as_yyyy_mm_dd%2Ccftc_contract_market_code%2Cmarket_and_exchange_names%2Copen_interest_all%2Cm_money_positions_long_all%2Cm_money_positions_short_all%2Cm_money_positions_spread%2Ccontract_units%2Cfutonly_or_combined&%24where=cftc_contract_market_code%3D%27080732%27+AND+report_date_as_yyyy_mm_dd%3E%3D%272009-09-01T00%3A00%3A00.000%27+AND+report_date_as_yyyy_mm_dd%3C%3D%272026-08-11T00%3A00%3A00.000%27&%24order=report_date_as_yyyy_mm_dd&%24limit=5000,e1eadfec20535920e28d87b1a02245d9241765f4ae199f31c25d130fdaf7d93a,220023,54253,165770,832522,0.1991178611496152654224152635,689,-0.1145550389719695795134896776,0.1019495263199102226165931571,false,true,true,false,cftc_normalized_net_q10_reversal_v1
SUGAR NO. 11 - ICE FUTURES U.S.,080732,2022-11-22,2022-11-28T20:30:00Z,cftc_official_historical_release_verified,cftc_sugar_no11_selected_history_e1eadfec2053,https://publicreporting.cftc.gov/resource/72hh-3qpy.json?%24select=report_date_as_yyyy_mm_dd%2Ccftc_contract_market_code%2Cmarket_and_exchange_names%2Copen_interest_all%2Cm_money_positions_long_all%2Cm_money_positions_short_all%2Cm_money_positions_spread%2Ccontract_units%2Cfutonly_or_combined&%24where=cftc_contract_market_code%3D%27080732%27+AND+report_date_as_yyyy_mm_dd%3E%3D%272009-09-01T00%3A00%3A00.000%27+AND+report_date_as_yyyy_mm_dd%3C%3D%272026-08-11T00%3A00%3A00.000%27&%24order=report_date_as_yyyy_mm_dd&%24limit=5000,e1eadfec20535920e28d87b1a02245d9241765f4ae199f31c25d130fdaf7d93a,251560,47112,204448,872727,0.2342634065406478772857949851,690,-0.1145550389719695795134896776,0.1991178611496152654224152635,false,true,true,false,cftc_normalized_net_q10_reversal_v1
SUGAR NO. 11 - ICE FUTURES U.S.,080732,2022-11-29,2022-12-02T20:30:00Z,cftc_ordinary_rule_estimate_not_holiday_verified,cftc_sugar_no11_selected_history_e1eadfec2053,https://publicreporting.cftc.gov/resource/72hh-3qpy.json?%24select=report_date_as_yyyy_mm_dd%2Ccftc_contract_market_code%2Cmarket_and_exchange_names%2Copen_interest_all%2Cm_money_positions_long_all%2Cm_money_positions_short_all%2Cm_money_positions_spread%2Ccontract_units%2Cfutonly_or_combined&%24where=cftc_contract_market_code%3D%27080732%27+AND+report_date_as_yyyy_mm_dd%3E%3D%272009-09-01T00%3A00%3A00.000%27+AND+report_date_as_yyyy_mm_dd%3C%3D%272026-08-11T00%3A00%3A00.000%27&%24order=report_date_as_yyyy_mm_dd&%24limit=5000,e1eadfec20535920e28d87b1a02245d9241765f4ae199f31c25d130fdaf7d93a,247893,48408,199485,876309,0.2276423042556906296751488345,691,-0.1143390783803409099415846748,0.2342634065406478772857949851,false,false,true,false,cftc_normalized_net_q10_reversal_v1
SUGAR NO. 11 - ICE FUTURES U.S.,080732,2022-12-06,2022-12-09T20:30:00Z,cftc_ordinary_rule_estimate_not_holiday_verified,cftc_sugar_no11_selected_history_e1eadfec2053,https://publicreporting.cftc.gov/resource/72hh-3qpy.json?%24select=report_date_as_yyyy_mm_dd%2Ccftc_contract_market_code%2Cmarket_and_exchange_names%2Copen_interest_all%2Cm_money_positions_long_all%2Cm_money_positions_short_all%2Cm_money_positions_spread%2Ccontract_units%2Cfutonly_or_combined&%24where=cftc_contract_market_code%3D%27080732%27+AND+report_date_as_yyyy_mm_dd%3E%3D%272009-09-01T00%3A00%3A00.000%27+AND+report_date_as_yyyy_mm_dd%3C%3D%272026-08-11T00%3A00%3A00.000%27&%24order=report_date_as_yyyy_mm_dd&%24limit=5000,e1eadfec20535920e28d87b1a02245d9241765f4ae199f31c25d130fdaf7d93a,249185,47069,202116,881388,0.229315579517760623017331754,692,-0.1143390783803409099415846748,0.2276423042556906296751488345,false,true,true,false,cftc_normalized_net_q10_reversal_v1
SUGAR NO. 11 - ICE FUTURES U.S.,080732,2022-12-13,2022-12-16T20:30:00Z,cftc_ordinary_rule_estimate_not_holiday_verified,cftc_sugar_no11_selected_history_e1eadfec2053,https://publicreporting.cftc.gov/resource/72hh-3qpy.json?%24select=report_date_as_yyyy_mm_dd%2Ccftc_contract_market_code%2Cmarket_and_exchange_names%2Copen_interest_all%2Cm_money_positions_long_all%2Cm_money_positions_short_all%2Cm_money_positions_spread%2Ccontract_units%2Cfutonly_or_combined&%24where=cftc_contract_market_code%3D%27080732%27+AND+report_date_as_yyyy_mm_dd%3E%3D%272009-09-01T00%3A00%3A00.000%27+AND+report_date_as_yyyy_mm_dd%3C%3D%272026-08-11T00%3A00%3A00.000%27&%24order=report_date_as_yyyy_mm_dd&%24limit=5000,e1eadfec20535920e28d87b1a02245d9241765f4ae199f31c25d130fdaf7d93a,250452,46682,203770,899777,0.2264672246567760678479223185,693,-0.1143390783803409099415846748,0.229315579517760623017331754,false,false,true,false,cftc_normalized_net_q10_reversal_v1
SUGAR NO. 11 - ICE FUTURES U.S.,080732,2022-12-20,2022-12-23T20:30:00Z,cftc_ordinary_rule_estimate_not_holiday_verified,cftc_sugar_no11_selected_history_e1eadfec2053,https://publicreporting.cftc.gov/resource/72hh-3qpy.json?%24select=report_date_as_yyyy_mm_dd%2Ccftc_contract_market_code%2Cmarket_and_exchange_names%2Copen_interest_all%2Cm_money_positions_long_all%2Cm_money_positions_short_all%2Cm_money_positions_spread%2Ccontract_units%2Cfutonly_or_combined&%24where=cftc_contract_market_code%3D%27080732%27+AND+report_date_as_yyyy_mm_dd%3E%3D%272009-09-01T00%3A00%3A00.000%27+AND+report_date_as_yyyy_mm_dd%3C%3D%272026-08-11T00%3A00%3A00.000%27&%24order=report_date_as_yyyy_mm_dd&%24limit=5000,e1eadfec20535920e28d87b1a02245d9241765f4ae199f31c25d130fdaf7d93a,283387,40549,242838,922300,0.2632961075571939715927572373,694,-0.1143390783803409099415846748,0.2264672246567760678479223185,false,true,true,false,cftc_normalized_net_q10_reversal_v1
SUGAR NO. 11 - ICE FUTURES U.S.,080732,2022-12-27,2022-12-30T20:30:00Z,cftc_ordinary_rule_estimate_not_holiday_verified,cftc_sugar_no11_selected_history_e1eadfec2053,https://publicreporting.cftc.gov/resource/72hh-3qpy.json?%24select=report_date_as_yyyy_mm_dd%2Ccftc_contract_market_code%2Cmarket_and_exchange_names%2Copen_interest_all%2Cm_money_positions_long_all%2Cm_money_positions_short_all%2Cm_money_positions_spread%2Ccontract_units%2Cfutonly_or_combined&%24where=cftc_contract_market_code%3D%27080732%27+AND+report_date_as_yyyy_mm_dd%3E%3D%272009-09-01T00%3A00%3A00.000%27+AND+report_date_as_yyyy_mm_dd%3C%3D%272026-08-11T00%3A00%3A00.000%27&%24order=report_date_as_yyyy_mm_dd&%24limit=5000,e1eadfec20535920e28d87b1a02245d9241765f4ae199f31c25d130fdaf7d93a,299923,38971,260952,943801,0.2764904889907936100936532172,695,-0.1143390783803409099415846748,0.2632961075571939715927572373,false,true,true,false,cftc_normalized_net_q10_reversal_v1
SUGAR NO. 11 - ICE FUTURES U.S.,080732,2023-01-03,2023-01-06T20:30:00Z,cftc_ordinary_rule_estimate_not_holiday_verified,cftc_sugar_no11_selected_history_e1eadfec2053,https://publicreporting.cftc.gov/resource/72hh-3qpy.json?%24select=report_date_as_yyyy_mm_dd%2Ccftc_contract_market_code%2Cmarket_and_exchange_names%2Copen_interest_all%2Cm_money_positions_long_all%2Cm_money_positions_short_all%2Cm_money_positions_spread%2Ccontract_units%2Cfutonly_or_combined&%24where=cftc_contract_market_code%3D%27080732%27+AND+report_date_as_yyyy_mm_dd%3E%3D%272009-09-01T00%3A00%3A00.000%27+AND+report_date_as_yyyy_mm_dd%3C%3D%272026-08-11T00%3A00%3A00.000%27&%24order=report_date_as_yyyy_mm_dd&%24limit=5000,e1eadfec20535920e28d87b1a02245d9241765f4ae199f31c25d130fdaf7d93a,284789,40452,244337,940021,0.2599271718397780475117045257,696,-0.1143390783803409099415846748,0.2764904889907936100936532172,false,false,true,false,cftc_normalized_net_q10_reversal_v1
SUGAR NO. 11 - ICE FUTURES U.S.,080732,2023-01-10,2023-01-13T20:30:00Z,cftc_ordinary_rule_estimate_not_holiday_verified,cftc_sugar_no11_selected_history_e1eadfec2053,https://publicreporting.cftc.gov/resource/72hh-3qpy.json?%24select=report_date_as_yyyy_mm_dd%2Ccftc_contract_market_code%2Cmarket_and_exchange_names%2Copen_interest_all%2Cm_money_positions_long_all%2Cm_money_positions_short_all%2Cm_money_positions_spread%2Ccontract_units%2Cfutonly_or_combined&%24where=cftc_contract_market_code%3D%27080732%27+AND+report_date_as_yyyy_mm_dd%3E%3D%272009-09-01T00%3A00%3A00.000%27+AND+report_date_as_yyyy_mm_dd%3C%3D%272026-08-11T00%3A00%3A00.000%27&%24order=report_date_as_yyyy_mm_dd&%24limit=5000,e1eadfec20535920e28d87b1a02245d9241765f4ae199f31c25d130fdaf7d93a,229947,50647,179300,905839,0.1979380441778285103644245832,697,-0.1143390783803409099415846748,0.2599271718397780475117045257,false,false,true,false,cftc_normalized_net_q10_reversal_v1
SUGAR NO. 11 - ICE FUTURES U.S.,080732,2023-01-17,2023-01-20T20:30:00Z,cftc_ordinary_rule_estimate_not_holiday_verified,cftc_sugar_no11_selected_history_e1eadfec2053,https://publicreporting.cftc.gov/resource/72hh-3qpy.json?%24select=report_date_as_yyyy_mm_dd%2Ccftc_contract_market_code%2Cmarket_and_exchange_names%2Copen_interest_all%2Cm_money_positions_long_all%2Cm_money_positions_short_all%2Cm_money_positions_spread%2Ccontract_units%2Cfutonly_or_combined&%24where=cftc_contract_market_code%3D%27080732%27+AND+report_date_as_yyyy_mm_dd%3E%3D%272009-09-01T00%3A00%3A00.000%27+AND+report_date_as_yyyy_mm_dd%3C%3D%272026-08-11T00%3A00%3A00.000%27&%24order=report_date_as_yyyy_mm_dd&%24limit=5000,e1eadfec20535920e28d87b1a02245d9241765f4ae199f31c25d130fdaf7d93a,231641,51977,179664,898526,0.1999541471254031602869588637,698,-0.1143390783803409099415846748,0.1979380441778285103644245832,false,true,true,false,cftc_normalized_net_q10_reversal_v1
SUGAR NO. 11 - ICE FUTURES U.S.,080732,2023-01-24,2023-01-27T20:30:00Z,cftc_ordinary_rule_estimate_not_holiday_verified,cftc_sugar_no11_selected_history_e1eadfec2053,https://publicreporting.cftc.gov/resource/72hh-3qpy.json?%24select=report_date_as_yyyy_mm_dd%2Ccftc_contract_market_code%2Cmarket_and_exchange_names%2Copen_interest_all%2Cm_money_positions_long_all%2Cm_money_positions_short_all%2Cm_money_positions_spread%2Ccontract_units%2Cfutonly_or_combined&%24where=cftc_contract_market_code%3D%27080732%27+AND+report_date_as_yyyy_mm_dd%3E%3D%272009-09-01T00%3A00%3A00.000%27+AND+report_date_as_yyyy_mm_dd%3C%3D%272026-08-11T00%3A00%3A00.000%27&%24order=report_date_as_yyyy_mm_dd&%24limit=5000,e1eadfec20535920e28d87b1a02245d9241765f4ae199f31c25d130fdaf7d93a,228739,54041,174698,924848,0.1888937425393145684480044288,699,-0.1143390783803409099415846748,0.1999541471254031602869588637,false,false,true,false,cftc_normalized_net_q10_reversal_v1
SUGAR NO. 11 - ICE FUTURES U.S.,080732,2023-01-31,2023-02-24T20:30:00Z,cftc_official_ion_delayed_release_verified,cftc_sugar_no11_selected_history_e1eadfec2053,https://publicreporting.cftc.gov/resource/72hh-3qpy.json?%24select=report_date_as_yyyy_mm_dd%2Ccftc_contract_market_code%2Cmarket_and_exchange_names%2Copen_interest_all%2Cm_money_positions_long_all%2Cm_money_positions_short_all%2Cm_money_positions_spread%2Ccontract_units%2Cfutonly_or_combined&%24where=cftc_contract_market_code%3D%27080732%27+AND+report_date_as_yyyy_mm_dd%3E%3D%272009-09-01T00%3A00%3A00.000%27+AND+report_date_as_yyyy_mm_dd%3C%3D%272026-08-11T00%3A00%3A00.000%27&%24order=report_date_as_yyyy_mm_dd&%24limit=5000,e1eadfec20535920e28d87b1a02245d9241765f4ae199f31c25d130fdaf7d93a,284823,46459,238364,995391,0.2394677066599959212008145543,700,-0.1143390783803409099415846748,0.1888937425393145684480044288,false,true,true,false,cftc_normalized_net_q10_reversal_v1
SUGAR NO. 11 - ICE FUTURES U.S.,080732,2023-02-07,2023-03-03T20:30:00Z,cftc_official_ion_delayed_release_verified,cftc_sugar_no11_selected_history_e1eadfec2053,https://publicreporting.cftc.gov/resource/72hh-3qpy.json?%24select=report_date_as_yyyy_mm_dd%2Ccftc_contract_market_code%2Cmarket_and_exchange_names%2Copen_interest_all%2Cm_money_positions_long_all%2Cm_money_positions_short_all%2Cm_money_positions_spread%2Ccontract_units%2Cfutonly_or_combined&%24where=cftc_contract_market_code%3D%27080732%27+AND+report_date_as_yyyy_mm_dd%3E%3D%272009-09-01T00%3A00%3A00.000%27+AND+report_date_as_yyyy_mm_dd%3C%3D%272026-08-11T00%3A00%3A00.000%27&%24order=report_date_as_yyyy_mm_dd&%24limit=5000,e1eadfec20535920e28d87b1a02245d9241765f4ae199f31c25d130fdaf7d93a,277779,53052,224727,1001483,0.2243942233667471140298936677,701,-0.1125214166083792680813927373,0.2394677066599959212008145543,false,false,true,false,cftc_normalized_net_q10_reversal_v1
SUGAR NO. 11 - ICE FUTURES U.S.,080732,2023-02-14,2023-03-08T20:30:00Z,cftc_official_ion_delayed_release_verified,cftc_sugar_no11_selected_history_e1eadfec2053,https://publicreporting.cftc.gov/resource/72hh-3qpy.json?%24select=report_date_as_yyyy_mm_dd%2Ccftc_contract_market_code%2Cmarket_and_exchange_names%2Copen_interest_all%2Cm_money_positions_long_all%2Cm_money_positions_short_all%2Cm_money_positions_spread%2Ccontract_units%2Cfutonly_or_combined&%24where=cftc_contract_market_code%3D%27080732%27+AND+report_date_as_yyyy_mm_dd%3E%3D%272009-09-01T00%3A00%3A00.000%27+AND+report_date_as_yyyy_mm_dd%3C%3D%272026-08-11T00%3A00%3A00.000%27&%24order=report_date_as_yyyy_mm_dd&%24limit=5000,e1eadfec20535920e28d87b1a02245d9241765f4ae199f31c25d130fdaf7d93a,282450,54526,227924,969635,0.2350616469083727381953002934,702,-0.1125214166083792680813927373,0.2243942233667471140298936677,false,true,true,false,cftc_normalized_net_q10_reversal_v1
SUGAR NO. 11 - ICE FUTURES U.S.,080732,2023-02-21,2023-03-10T20:30:00Z,cftc_official_ion_delayed_release_verified,cftc_sugar_no11_selected_history_e1eadfec2053,https://publicreporting.cftc.gov/resource/72hh-3qpy.json?%24select=report_date_as_yyyy_mm_dd%2Ccftc_contract_market_code%2Cmarket_and_exchange_names%2Copen_interest_all%2Cm_money_positions_long_all%2Cm_money_positions_short_all%2Cm_money_positions_spread%2Ccontract_units%2Cfutonly_or_combined&%24where=cftc_contract_market_code%3D%27080732%27+AND+report_date_as_yyyy_mm_dd%3E%3D%272009-09-01T00%3A00%3A00.000%27+AND+report_date_as_yyyy_mm_dd%3C%3D%272026-08-11T00%3A00%3A00.000%27&%24order=report_date_as_yyyy_mm_dd&%24limit=5000,e1eadfec20535920e28d87b1a02245d9241765f4ae199f31c25d130fdaf7d93a,270856,58537,212319,926553,0.2291493309071364509099857213,703,-0.1125214166083792680813927373,0.2350616469083727381953002934,false,false,true,false,cftc_normalized_net_q10_reversal_v1
SUGAR NO. 11 - ICE FUTURES U.S.,080732,2023-02-28,2023-03-14T19:30:00Z,cftc_official_ion_delayed_release_verified,cftc_sugar_no11_selected_history_e1eadfec2053,https://publicreporting.cftc.gov/resource/72hh-3qpy.json?%24select=report_date_as_yyyy_mm_dd%2Ccftc_contract_market_code%2Cmarket_and_exchange_names%2Copen_interest_all%2Cm_money_positions_long_all%2Cm_money_positions_short_all%2Cm_money_positions_spread%2Ccontract_units%2Cfutonly_or_combined&%24where=cftc_contract_market_code%3D%27080732%27+AND+report_date_as_yyyy_mm_dd%3E%3D%272009-09-01T00%3A00%3A00.000%27+AND+report_date_as_yyyy_mm_dd%3C%3D%272026-08-11T00%3A00%3A00.000%27&%24order=report_date_as_yyyy_mm_dd&%24limit=5000,e1eadfec20535920e28d87b1a02245d9241765f4ae199f31c25d130fdaf7d93a,272076,63781,208295,912670,0.2282259743390272497178607821,704,-0.1125214166083792680813927373,0.2291493309071364509099857213,false,false,true,false,cftc_normalized_net_q10_reversal_v1
SUGAR NO. 11 - ICE FUTURES U.S.,080732,2023-03-07,2023-03-16T19:30:00Z,cftc_official_ion_delayed_release_verified,cftc_sugar_no11_selected_history_e1eadfec2053,https://publicreporting.cftc.gov/resource/72hh-3qpy.json?%24select=report_date_as_yyyy_mm_dd%2Ccftc_contract_market_code%2Cmarket_and_exchange_names%2Copen_interest_all%2Cm_money_positions_long_all%2Cm_money_positions_short_all%2Cm_money_positions_spread%2Ccontract_units%2Cfutonly_or_combined&%24where=cftc_contract_market_code%3D%27080732%27+AND+report_date_as_yyyy_mm_dd%3E%3D%272009-09-01T00%3A00%3A00.000%27+AND+report_date_as_yyyy_mm_dd%3C%3D%272026-08-11T00%3A00%3A00.000%27&%24order=report_date_as_yyyy_mm_dd&%24limit=5000,e1eadfec20535920e28d87b1a02245d9241765f4ae199f31c25d130fdaf7d93a,284920,64160,220760,929179,0.2375860840591532955437004065,705,-0.1125214166083792680813927373,0.2282259743390272497178607821,false,true,true,false,cftc_normalized_net_q10_reversal_v1
SUGAR NO. 11 - ICE FUTURES U.S.,080732,2023-03-14,2023-03-21T19:30:00Z,cftc_official_ion_delayed_release_verified,cftc_sugar_no11_selected_history_e1eadfec2053,https://publicreporting.cftc.gov/resource/72hh-3qpy.json?%24select=report_date_as_yyyy_mm_dd%2Ccftc_contract_market_code%2Cmarket_and_exchange_names%2Copen_interest_all%2Cm_money_positions_long_all%2Cm_money_positions_short_all%2Cm_money_positions_spread%2Ccontract_units%2Cfutonly_or_combined&%24where=cftc_contract_market_code%3D%27080732%27+AND+report_date_as_yyyy_mm_dd%3E%3D%272009-09-01T00%3A00%3A00.000%27+AND+report_date_as_yyyy_mm_dd%3C%3D%272026-08-11T00%3A00%3A00.000%27&%24order=report_date_as_yyyy_mm_dd&%24limit=5000,e1eadfec20535920e28d87b1a02245d9241765f4ae199f31c25d130fdaf7d93a,273194,68377,204817,932452,0.2196542020393543045647389892,706,-0.1125214166083792680813927373,0.2375860840591532955437004065,false,false,true,false,cftc_normalized_net_q10_reversal_v1
SUGAR NO. 11 - ICE FUTURES U.S.,080732,2023-03-21,2023-03-24T19:30:00Z,cftc_ordinary_rule_estimate_not_holiday_verified,cftc_sugar_no11_selected_history_e1eadfec2053,https://publicreporting.cftc.gov/resource/72hh-3qpy.json?%24select=report_date_as_yyyy_mm_dd%2Ccftc_contract_market_code%2Cmarket_and_exchange_names%2Copen_interest_all%2Cm_money_positions_long_all%2Cm_money_positions_short_all%2Cm_money_positions_spread%2Ccontract_units%2Cfutonly_or_combined&%24where=cftc_contract_market_code%3D%27080732%27+AND+report_date_as_yyyy_mm_dd%3E%3D%272009-09-01T00%3A00%3A00.000%27+AND+report_date_as_yyyy_mm_dd%3C%3D%272026-08-11T00%3A00%3A00.000%27&%24order=report_date_as_yyyy_mm_dd&%24limit=5000,e1eadfec20535920e28d87b1a02245d9241765f4ae199f31c25d130fdaf7d93a,259029,65480,193549,929418,0.2082475269469711152570748576,707,-0.1125214166083792680813927373,0.2196542020393543045647389892,false,false,true,false,cftc_normalized_net_q10_reversal_v1
SUGAR NO. 11 - ICE FUTURES U.S.,080732,2023-03-28,2023-03-31T19:30:00Z,cftc_ordinary_rule_estimate_not_holiday_verified,cftc_sugar_no11_selected_history_e1eadfec2053,https://publicreporting.cftc.gov/resource/72hh-3qpy.json?%24select=report_date_as_yyyy_mm_dd%2Ccftc_contract_market_code%2Cmarket_and_exchange_names%2Copen_interest_all%2Cm_money_positions_long_all%2Cm_money_positions_short_all%2Cm_money_positions_spread%2Ccontract_units%2Cfutonly_or_combined&%24where=cftc_contract_market_code%3D%27080732%27+AND+report_date_as_yyyy_mm_dd%3E%3D%272009-09-01T00%3A00%3A00.000%27+AND+report_date_as_yyyy_mm_dd%3C%3D%272026-08-11T00%3A00%3A00.000%27&%24order=report_date_as_yyyy_mm_dd&%24limit=5000,e1eadfec20535920e28d87b1a02245d9241765f4ae199f31c25d130fdaf7d93a,268636,64303,204333,953477,0.2143030193701578538339152386,708,-0.1125214166083792680813927373,0.2082475269469711152570748576,false,true,true,false,cftc_normalized_net_q10_reversal_v1
SUGAR NO. 11 - ICE FUTURES U.S.,080732,2023-04-04,2023-04-07T19:30:00Z,cftc_ordinary_rule_estimate_not_holiday_verified,cftc_sugar_no11_selected_history_e1eadfec2053,https://publicreporting.cftc.gov/resource/72hh-3qpy.json?%24select=report_date_as_yyyy_mm_dd%2Ccftc_contract_market_code%2Cmarket_and_exchange_names%2Copen_interest_all%2Cm_money_positions_long_all%2Cm_money_positions_short_all%2Cm_money_positions_spread%2Ccontract_units%2Cfutonly_or_combined&%24where=cftc_contract_market_code%3D%27080732%27+AND+report_date_as_yyyy_mm_dd%3E%3D%272009-09-01T00%3A00%3A00.000%27+AND+report_date_as_yyyy_mm_dd%3C%3D%272026-08-11T00%3A00%3A00.000%27&%24order=report_date_as_yyyy_mm_dd&%24limit=5000,e1eadfec20535920e28d87b1a02245d9241765f4ae199f31c25d130fdaf7d93a,275030,58543,216487,1005892,0.2152189300640625434937349139,709,-0.1125214166083792680813927373,0.2143030193701578538339152386,false,true,true,false,cftc_normalized_net_q10_reversal_v1
SUGAR NO. 11 - ICE FUTURES U.S.,080732,2023-04-11,2023-04-14T19:30:00Z,cftc_ordinary_rule_estimate_not_holiday_verified,cftc_sugar_no11_selected_history_e1eadfec2053,https://publicreporting.cftc.gov/resource/72hh-3qpy.json?%24select=report_date_as_yyyy_mm_dd%2Ccftc_contract_market_code%2Cmarket_and_exchange_names%2Copen_interest_all%2Cm_money_positions_long_all%2Cm_money_positions_short_all%2Cm_money_positions_spread%2Ccontract_units%2Cfutonly_or_combined&%24where=cftc_contract_market_code%3D%27080732%27+AND+report_date_as_yyyy_mm_dd%3E%3D%272009-09-01T00%3A00%3A00.000%27+AND+report_date_as_yyyy_mm_dd%3C%3D%272026-08-11T00%3A00%3A00.000%27&%24order=report_date_as_yyyy_mm_dd&%24limit=5000,e1eadfec20535920e28d87b1a02245d9241765f4ae199f31c25d130fdaf7d93a,278534,56435,222099,992086,0.2238707128212675110827085555,710,-0.1125214166083792680813927373,0.2152189300640625434937349139,false,true,true,false,cftc_normalized_net_q10_reversal_v1
SUGAR NO. 11 - ICE FUTURES U.S.,080732,2023-04-18,2023-04-21T19:30:00Z,cftc_ordinary_rule_estimate_not_holiday_verified,cftc_sugar_no11_selected_history_e1eadfec2053,https://publicreporting.cftc.gov/resource/72hh-3qpy.json?%24select=report_date_as_yyyy_mm_dd%2Ccftc_contract_market_code%2Cmarket_and_exchange_names%2Copen_interest_all%2Cm_money_positions_long_all%2Cm_money_positions_short_all%2Cm_money_positions_spread%2Ccontract_units%2Cfutonly_or_combined&%24where=cftc_contract_market_code%3D%27080732%27+AND+report_date_as_yyyy_mm_dd%3E%3D%272009-09-01T00%3A00%3A00.000%27+AND+report_date_as_yyyy_mm_dd%3C%3D%272026-08-11T00%3A00%3A00.000%27&%24order=report_date_as_yyyy_mm_dd&%24limit=5000,e1eadfec20535920e28d87b1a02245d9241765f4ae199f31c25d130fdaf7d93a,280174,52150,228024,961060,0.2372630220797869019624164984,711,-0.1106106576642023845134823298,0.2238707128212675110827085555,false,true,true,false,cftc_normalized_net_q10_reversal_v1
SUGAR NO. 11 - ICE FUTURES U.S.,080732,2023-04-25,2023-04-28T19:30:00Z,cftc_ordinary_rule_estimate_not_holiday_verified,cftc_sugar_no11_selected_history_e1eadfec2053,https://publicreporting.cftc.gov/resource/72hh-3qpy.json?%24select=report_date_as_yyyy_mm_dd%2Ccftc_contract_market_code%2Cmarket_and_exchange_names%2Copen_interest_all%2Cm_money_positions_long_all%2Cm_money_positions_short_all%2Cm_money_positions_spread%2Ccontract_units%2Cfutonly_or_combined&%24where=cftc_contract_market_code%3D%27080732%27+AND+report_date_as_yyyy_mm_dd%3E%3D%272009-09-01T00%3A00%3A00.000%27+AND+report_date_as_yyyy_mm_dd%3C%3D%272026-08-11T00%3A00%3A00.000%27&%24order=report_date_as_yyyy_mm_dd&%24limit=5000,e1eadfec20535920e28d87b1a02245d9241765f4ae199f31c25d130fdaf7d93a,282455,52357,230098,959708,0.2397583431627119915641007473,712,-0.1106106576642023845134823298,0.2372630220797869019624164984,false,true,true,false,cftc_normalized_net_q10_reversal_v1
SUGAR NO. 11 - ICE FUTURES U.S.,080732,2023-05-02,2023-05-05T19:30:00Z,cftc_ordinary_rule_estimate_not_holiday_verified,cftc_sugar_no11_selected_history_e1eadfec2053,https://publicreporting.cftc.gov/resource/72hh-3qpy.json?%24select=report_date_as_yyyy_mm_dd%2Ccftc_contract_market_code%2Cmarket_and_exchange_names%2Copen_interest_all%2Cm_money_positions_long_all%2Cm_money_positions_short_all%2Cm_money_positions_spread%2Ccontract_units%2Cfutonly_or_combined&%24where=cftc_contract_market_code%3D%27080732%27+AND+report_date_as_yyyy_mm_dd%3E%3D%272009-09-01T00%3A00%3A00.000%27+AND+report_date_as_yyyy_mm_dd%3C%3D%272026-08-11T00%3A00%3A00.000%27&%24order=report_date_as_yyyy_mm_dd&%24limit=5000,e1eadfec20535920e28d87b1a02245d9241765f4ae199f31c25d130fdaf7d93a,263936,53829,210107,940050,0.2235061964789106962395617254,713,-0.1106106576642023845134823298,0.2397583431627119915641007473,false,false,true,false,cftc_normalized_net_q10_reversal_v1
SUGAR NO. 11 - ICE FUTURES U.S.,080732,2023-05-09,2023-05-12T19:30:00Z,cftc_ordinary_rule_estimate_not_holiday_verified,cftc_sugar_no11_selected_history_e1eadfec2053,https://publicreporting.cftc.gov/resource/72hh-3qpy.json?%24select=report_date_as_yyyy_mm_dd%2Ccftc_contract_market_code%2Cmarket_and_exchange_names%2Copen_interest_all%2Cm_money_positions_long_all%2Cm_money_positions_short_all%2Cm_money_positions_spread%2Ccontract_units%2Cfutonly_or_combined&%24where=cftc_contract_market_code%3D%27080732%27+AND+report_date_as_yyyy_mm_dd%3E%3D%272009-09-01T00%3A00%3A00.000%27+AND+report_date_as_yyyy_mm_dd%3C%3D%272026-08-11T00%3A00%3A00.000%27&%24order=report_date_as_yyyy_mm_dd&%24limit=5000,e1eadfec20535920e28d87b1a02245d9241765f4ae199f31c25d130fdaf7d93a,263827,49208,214619,955975,0.2245027328120505243337953398,714,-0.1106106576642023845134823298,0.2235061964789106962395617254,false,true,true,false,cftc_normalized_net_q10_reversal_v1
SUGAR NO. 11 - ICE FUTURES U.S.,080732,2023-05-16,2023-05-19T19:30:00Z,cftc_ordinary_rule_estimate_not_holiday_verified,cftc_sugar_no11_selected_history_e1eadfec2053,https://publicreporting.cftc.gov/resource/72hh-3qpy.json?%24select=report_date_as_yyyy_mm_dd%2Ccftc_contract_market_code%2Cmarket_and_exchange_names%2Copen_interest_all%2Cm_money_positions_long_all%2Cm_money_positions_short_all%2Cm_money_positions_spread%2Ccontract_units%2Cfutonly_or_combined&%24where=cftc_contract_market_code%3D%27080732%27+AND+report_date_as_yyyy_mm_dd%3E%3D%272009-09-01T00%3A00%3A00.000%27+AND+report_date_as_yyyy_mm_dd%3C%3D%272026-08-11T00%3A00%3A00.000%27&%24order=report_date_as_yyyy_mm_dd&%24limit=5000,e1eadfec20535920e28d87b1a02245d9241765f4ae199f31c25d130fdaf7d93a,264788,47182,217606,963347,0.2258853767126487132881505833,715,-0.1106106576642023845134823298,0.2245027328120505243337953398,false,true,true,false,cftc_normalized_net_q10_reversal_v1
SUGAR NO. 11 - ICE FUTURES U.S.,080732,2023-05-23,2023-05-26T19:30:00Z,cftc_ordinary_rule_estimate_not_holiday_verified,cftc_sugar_no11_selected_history_e1eadfec2053,https://publicreporting.cftc.gov/resource/72hh-3qpy.json?%24select=report_date_as_yyyy_mm_dd%2Ccftc_contract_market_code%2Cmarket_and_exchange_names%2Copen_interest_all%2Cm_money_positions_long_all%2Cm_money_positions_short_all%2Cm_money_positions_spread%2Ccontract_units%2Cfutonly_or_combined&%24where=cftc_contract_market_code%3D%27080732%27+AND+report_date_as_yyyy_mm_dd%3E%3D%272009-09-01T00%3A00%3A00.000%27+AND+report_date_as_yyyy_mm_dd%3C%3D%272026-08-11T00%3A00%3A00.000%27&%24order=report_date_as_yyyy_mm_dd&%24limit=5000,e1eadfec20535920e28d87b1a02245d9241765f4ae199f31c25d130fdaf7d93a,274437,47009,227428,983887,0.2311525612189204654599562755,716,-0.1106106576642023845134823298,0.2258853767126487132881505833,false,true,true,false,cftc_normalized_net_q10_reversal_v1
SUGAR NO. 11 - ICE FUTURES U.S.,080732,2023-05-30,2023-06-02T19:30:00Z,cftc_ordinary_rule_estimate_not_holiday_verified,cftc_sugar_no11_selected_history_e1eadfec2053,https://publicreporting.cftc.gov/resource/72hh-3qpy.json?%24select=report_date_as_yyyy_mm_dd%2Ccftc_contract_market_code%2Cmarket_and_exchange_names%2Copen_interest_all%2Cm_money_positions_long_all%2Cm_money_positions_short_all%2Cm_money_positions_spread%2Ccontract_units%2Cfutonly_or_combined&%24where=cftc_contract_market_code%3D%27080732%27+AND+report_date_as_yyyy_mm_dd%3E%3D%272009-09-01T00%3A00%3A00.000%27+AND+report_date_as_yyyy_mm_dd%3C%3D%272026-08-11T00%3A00%3A00.000%27&%24order=report_date_as_yyyy_mm_dd&%24limit=5000,e1eadfec20535920e28d87b1a02245d9241765f4ae199f31c25d130fdaf7d93a,258402,50033,208369,962437,0.2165014437308623837196616506,717,-0.1106106576642023845134823298,0.2311525612189204654599562755,false,false,true,false,cftc_normalized_net_q10_reversal_v1
SUGAR NO. 11 - ICE FUTURES U.S.,080732,2023-06-06,2023-06-09T19:30:00Z,cftc_ordinary_rule_estimate_not_holiday_verified,cftc_sugar_no11_selected_history_e1eadfec2053,https://publicreporting.cftc.gov/resource/72hh-3qpy.json?%24select=report_date_as_yyyy_mm_dd%2Ccftc_contract_market_code%2Cmarket_and_exchange_names%2Copen_interest_all%2Cm_money_positions_long_all%2Cm_money_positions_short_all%2Cm_money_positions_spread%2Ccontract_units%2Cfutonly_or_combined&%24where=cftc_contract_market_code%3D%27080732%27+AND+report_date_as_yyyy_mm_dd%3E%3D%272009-09-01T00%3A00%3A00.000%27+AND+report_date_as_yyyy_mm_dd%3C%3D%272026-08-11T00%3A00%3A00.000%27&%24order=report_date_as_yyyy_mm_dd&%24limit=5000,e1eadfec20535920e28d87b1a02245d9241765f4ae199f31c25d130fdaf7d93a,245704,48095,197609,1021535,0.1934432006734962580821998267,718,-0.1106106576642023845134823298,0.2165014437308623837196616506,false,false,true,false,cftc_normalized_net_q10_reversal_v1
SUGAR NO. 11 - ICE FUTURES U.S.,080732,2023-06-13,2023-06-16T19:30:00Z,cftc_ordinary_rule_estimate_not_holiday_verified,cftc_sugar_no11_selected_history_e1eadfec2053,https://publicreporting.cftc.gov/resource/72hh-3qpy.json?%24select=report_date_as_yyyy_mm_dd%2Ccftc_contract_market_code%2Cmarket_and_exchange_names%2Copen_interest_all%2Cm_money_positions_long_all%2Cm_money_positions_short_all%2Cm_money_positions_spread%2Ccontract_units%2Cfutonly_or_combined&%24where=cftc_contract_market_code%3D%27080732%27+AND+report_date_as_yyyy_mm_dd%3E%3D%272009-09-01T00%3A00%3A00.000%27+AND+report_date_as_yyyy_mm_dd%3C%3D%272026-08-11T00%3A00%3A00.000%27&%24order=report_date_as_yyyy_mm_dd&%24limit=5000,e1eadfec20535920e28d87b1a02245d9241765f4ae199f31c25d130fdaf7d93a,249938,43797,206141,1001738,0.2057833485402370679758579589,719,-0.1106106576642023845134823298,0.1934432006734962580821998267,false,true,true,false,cftc_normalized_net_q10_reversal_v1
SUGAR NO. 11 - ICE FUTURES U.S.,080732,2023-06-20,2023-06-23T19:30:00Z,cftc_ordinary_rule_estimate_not_holiday_verified,cftc_sugar_no11_selected_history_e1eadfec2053,https://publicreporting.cftc.gov/resource/72hh-3qpy.json?%24select=report_date_as_yyyy_mm_dd%2Ccftc_contract_market_code%2Cmarket_and_exchange_names%2Copen_interest_all%2Cm_money_positions_long_all%2Cm_money_positions_short_all%2Cm_money_positions_spread%2Ccontract_units%2Cfutonly_or_combined&%24where=cftc_contract_market_code%3D%27080732%27+AND+report_date_as_yyyy_mm_dd%3E%3D%272009-09-01T00%3A00%3A00.000%27+AND+report_date_as_yyyy_mm_dd%3C%3D%272026-08-11T00%3A00%3A00.000%27&%24order=report_date_as_yyyy_mm_dd&%24limit=5000,e1eadfec20535920e28d87b1a02245d9241765f4ae199f31c25d130fdaf7d93a,268094,41412,226682,967113,0.2343903969856676520737493964,720,-0.1106106576642023845134823298,0.2057833485402370679758579589,false,true,true,false,cftc_normalized_net_q10_reversal_v1
SUGAR NO. 11 - ICE FUTURES U.S.,080732,2023-06-27,2023-06-30T19:30:00Z,cftc_ordinary_rule_estimate_not_holiday_verified,cftc_sugar_no11_selected_history_e1eadfec2053,https://publicreporting.cftc.gov/resource/72hh-3qpy.json?%24select=report_date_as_yyyy_mm_dd%2Ccftc_contract_market_code%2Cmarket_and_exchange_names%2Copen_interest_all%2Cm_money_positions_long_all%2Cm_money_positions_short_all%2Cm_money_positions_spread%2Ccontract_units%2Cfutonly_or_combined&%24where=cftc_contract_market_code%3D%27080732%27+AND+report_date_as_yyyy_mm_dd%3E%3D%272009-09-01T00%3A00%3A00.000%27+AND+report_date_as_yyyy_mm_dd%3C%3D%272026-08-11T00%3A00%3A00.000%27&%24order=report_date_as_yyyy_mm_dd&%24limit=5000,e1eadfec20535920e28d87b1a02245d9241765f4ae199f31c25d130fdaf7d93a,225720,45080,180640,891033,0.2027309875167361927111566014,721,-0.1097161431868127836458558813,0.2343903969856676520737493964,false,false,true,false,cftc_normalized_net_q10_reversal_v1
SUGAR NO. 11 - ICE FUTURES U.S.,080732,2023-07-03,2023-07-07T19:30:00Z,cftc_ordinary_rule_estimate_not_holiday_verified,cftc_sugar_no11_selected_history_e1eadfec2053,https://publicreporting.cftc.gov/resource/72hh-3qpy.json?%24select=report_date_as_yyyy_mm_dd%2Ccftc_contract_market_code%2Cmarket_and_exchange_names%2Copen_interest_all%2Cm_money_positions_long_all%2Cm_money_positions_short_all%2Cm_money_positions_spread%2Ccontract_units%2Cfutonly_or_combined&%24where=cftc_contract_market_code%3D%27080732%27+AND+report_date_as_yyyy_mm_dd%3E%3D%272009-09-01T00%3A00%3A00.000%27+AND+report_date_as_yyyy_mm_dd%3C%3D%272026-08-11T00%3A00%3A00.000%27&%24order=report_date_as_yyyy_mm_dd&%24limit=5000,e1eadfec20535920e28d87b1a02245d9241765f4ae199f31c25d130fdaf7d93a,194058,51058,143000,863843,0.1655393399032000027782826277,722,-0.1097161431868127836458558813,0.2027309875167361927111566014,false,false,true,false,cftc_normalized_net_q10_reversal_v1
SUGAR NO. 11 - ICE FUTURES U.S.,080732,2023-07-11,2023-07-14T19:30:00Z,cftc_ordinary_rule_estimate_not_holiday_verified,cftc_sugar_no11_selected_history_e1eadfec2053,https://publicreporting.cftc.gov/resource/72hh-3qpy.json?%24select=report_date_as_yyyy_mm_dd%2Ccftc_contract_market_code%2Cmarket_and_exchange_names%2Copen_interest_all%2Cm_money_positions_long_all%2Cm_money_positions_short_all%2Cm_money_positions_spread%2Ccontract_units%2Cfutonly_or_combined&%24where=cftc_contract_market_code%3D%27080732%27+AND+report_date_as_yyyy_mm_dd%3E%3D%272009-09-01T00%3A00%3A00.000%27+AND+report_date_as_yyyy_mm_dd%3C%3D%272026-08-11T00%3A00%3A00.000%27&%24order=report_date_as_yyyy_mm_dd&%24limit=5000,e1eadfec20535920e28d87b1a02245d9241765f4ae199f31c25d130fdaf7d93a,194224,51117,143107,877695,0.1630486672477341217621155413,723,-0.1097161431868127836458558813,0.1655393399032000027782826277,false,false,true,false,cftc_normalized_net_q10_reversal_v1
SUGAR NO. 11 - ICE FUTURES U.S.,080732,2023-07-18,2023-07-21T19:30:00Z,cftc_ordinary_rule_estimate_not_holiday_verified,cftc_sugar_no11_selected_history_e1eadfec2053,https://publicreporting.cftc.gov/resource/72hh-3qpy.json?%24select=report_date_as_yyyy_mm_dd%2Ccftc_contract_market_code%2Cmarket_and_exchange_names%2Copen_interest_all%2Cm_money_positions_long_all%2Cm_money_positions_short_all%2Cm_money_positions_spread%2Ccontract_units%2Cfutonly_or_combined&%24where=cftc_contract_market_code%3D%27080732%27+AND+report_date_as_yyyy_mm_dd%3E%3D%272009-09-01T00%3A00%3A00.000%27+AND+report_date_as_yyyy_mm_dd%3C%3D%272026-08-11T00%3A00%3A00.000%27&%24order=report_date_as_yyyy_mm_dd&%24limit=5000,e1eadfec20535920e28d87b1a02245d9241765f4ae199f31c25d130fdaf7d93a,201402,52924,148478,881020,0.1685296588045674332024244626,724,-0.1097161431868127836458558813,0.1630486672477341217621155413,false,true,true,false,cftc_normalized_net_q10_reversal_v1
SUGAR NO. 11 - ICE FUTURES U.S.,080732,2023-07-25,2023-07-28T19:30:00Z,cftc_ordinary_rule_estimate_not_holiday_verified,cftc_sugar_no11_selected_history_e1eadfec2053,https://publicreporting.cftc.gov/resource/72hh-3qpy.json?%24select=report_date_as_yyyy_mm_dd%2Ccftc_contract_market_code%2Cmarket_and_exchange_names%2Copen_interest_all%2Cm_money_positions_long_all%2Cm_money_positions_short_all%2Cm_money_positions_spread%2Ccontract_units%2Cfutonly_or_combined&%24where=cftc_contract_market_code%3D%27080732%27+AND+report_date_as_yyyy_mm_dd%3E%3D%272009-09-01T00%3A00%3A00.000%27+AND+report_date_as_yyyy_mm_dd%3C%3D%272026-08-11T00%3A00%3A00.000%27&%24order=report_date_as_yyyy_mm_dd&%24limit=5000,e1eadfec20535920e28d87b1a02245d9241765f4ae199f31c25d130fdaf7d93a,229477,50175,179302,911185,0.1967789197583366714772521497,725,-0.1097161431868127836458558813,0.1685296588045674332024244626,false,true,true,false,cftc_normalized_net_q10_reversal_v1
SUGAR NO. 11 - ICE FUTURES U.S.,080732,2023-08-01,2023-08-04T19:30:00Z,cftc_ordinary_rule_estimate_not_holiday_verified,cftc_sugar_no11_selected_history_e1eadfec2053,https://publicreporting.cftc.gov/resource/72hh-3qpy.json?%24select=report_date_as_yyyy_mm_dd%2Ccftc_contract_market_code%2Cmarket_and_exchange_names%2Copen_interest_all%2Cm_money_positions_long_all%2Cm_money_positions_short_all%2Cm_money_positions_spread%2Ccontract_units%2Cfutonly_or_combined&%24where=cftc_contract_market_code%3D%27080732%27+AND+report_date_as_yyyy_mm_dd%3E%3D%272009-09-01T00%3A00%3A00.000%27+AND+report_date_as_yyyy_mm_dd%3C%3D%272026-08-11T00%3A00%3A00.000%27&%24order=report_date_as_yyyy_mm_dd&%24limit=5000,e1eadfec20535920e28d87b1a02245d9241765f4ae199f31c25d130fdaf7d93a,219547,50657,168890,919658,0.1836443547492654878226471145,726,-0.1097161431868127836458558813,0.1967789197583366714772521497,false,false,true,false,cftc_normalized_net_q10_reversal_v1
SUGAR NO. 11 - ICE FUTURES U.S.,080732,2023-08-08,2023-08-11T19:30:00Z,cftc_ordinary_rule_estimate_not_holiday_verified,cftc_sugar_no11_selected_history_e1eadfec2053,https://publicreporting.cftc.gov/resource/72hh-3qpy.json?%24select=report_date_as_yyyy_mm_dd%2Ccftc_contract_market_code%2Cmarket_and_exchange_names%2Copen_interest_all%2Cm_money_positions_long_all%2Cm_money_positions_short_all%2Cm_money_positions_spread%2Ccontract_units%2Cfutonly_or_combined&%24where=cftc_contract_market_code%3D%27080732%27+AND+report_date_as_yyyy_mm_dd%3E%3D%272009-09-01T00%3A00%3A00.000%27+AND+report_date_as_yyyy_mm_dd%3C%3D%272026-08-11T00%3A00%3A00.000%27&%24order=report_date_as_yyyy_mm_dd&%24limit=5000,e1eadfec20535920e28d87b1a02245d9241765f4ae199f31c25d130fdaf7d93a,201282,51358,149924,912260,0.1643434985640058755179444457,727,-0.1097161431868127836458558813,0.1836443547492654878226471145,false,false,true,false,cftc_normalized_net_q10_reversal_v1
SUGAR NO. 11 - ICE FUTURES U.S.,080732,2023-08-15,2023-08-18T19:30:00Z,cftc_ordinary_rule_estimate_not_holiday_verified,cftc_sugar_no11_selected_history_e1eadfec2053,https://publicreporting.cftc.gov/resource/72hh-3qpy.json?%24select=report_date_as_yyyy_mm_dd%2Ccftc_contract_market_code%2Cmarket_and_exchange_names%2Copen_interest_all%2Cm_money_positions_long_all%2Cm_money_positions_short_all%2Cm_money_positions_spread%2Ccontract_units%2Cfutonly_or_combined&%24where=cftc_contract_market_code%3D%27080732%27+AND+report_date_as_yyyy_mm_dd%3E%3D%272009-09-01T00%3A00%3A00.000%27+AND+report_date_as_yyyy_mm_dd%3C%3D%272026-08-11T00%3A00%3A00.000%27&%24order=report_date_as_yyyy_mm_dd&%24limit=5000,e1eadfec20535920e28d87b1a02245d9241765f4ae199f31c25d130fdaf7d93a,194299,50540,143759,929306,0.154695008963678271742569186,728,-0.1097161431868127836458558813,0.1643434985640058755179444457,false,false,true,false,cftc_normalized_net_q10_reversal_v1
SUGAR NO. 11 - ICE FUTURES U.S.,080732,2023-08-22,2023-08-25T19:30:00Z,cftc_ordinary_rule_estimate_not_holiday_verified,cftc_sugar_no11_selected_history_e1eadfec2053,https://publicreporting.cftc.gov/resource/72hh-3qpy.json?%24select=report_date_as_yyyy_mm_dd%2Ccftc_contract_market_code%2Cmarket_and_exchange_names%2Copen_interest_all%2Cm_money_positions_long_all%2Cm_money_positions_short_all%2Cm_money_positions_spread%2Ccontract_units%2Cfutonly_or_combined&%24where=cftc_contract_market_code%3D%27080732%27+AND+report_date_as_yyyy_mm_dd%3E%3D%272009-09-01T00%3A00%3A00.000%27+AND+report_date_as_yyyy_mm_dd%3C%3D%272026-08-11T00%3A00%3A00.000%27&%24order=report_date_as_yyyy_mm_dd&%24limit=5000,e1eadfec20535920e28d87b1a02245d9241765f4ae199f31c25d130fdaf7d93a,185915,48696,137219,944221,0.145325088088487758692085857,729,-0.1097161431868127836458558813,0.154695008963678271742569186,false,false,true,false,cftc_normalized_net_q10_reversal_v1
SUGAR NO. 11 - ICE FUTURES U.S.,080732,2023-08-29,2023-09-01T19:30:00Z,cftc_ordinary_rule_estimate_not_holiday_verified,cftc_sugar_no11_selected_history_e1eadfec2053,https://publicreporting.cftc.gov/resource/72hh-3qpy.json?%24select=report_date_as_yyyy_mm_dd%2Ccftc_contract_market_code%2Cmarket_and_exchange_names%2Copen_interest_all%2Cm_money_positions_long_all%2Cm_money_positions_short_all%2Cm_money_positions_spread%2Ccontract_units%2Cfutonly_or_combined&%24where=cftc_contract_market_code%3D%27080732%27+AND+report_date_as_yyyy_mm_dd%3E%3D%272009-09-01T00%3A00%3A00.000%27+AND+report_date_as_yyyy_mm_dd%3C%3D%272026-08-11T00%3A00%3A00.000%27&%24order=report_date_as_yyyy_mm_dd&%24limit=5000,e1eadfec20535920e28d87b1a02245d9241765f4ae199f31c25d130fdaf7d93a,215732,47431,168301,944052,0.1782751373864998961921589065,730,-0.1097161431868127836458558813,0.145325088088487758692085857,false,true,true,false,cftc_normalized_net_q10_reversal_v1
SUGAR NO. 11 - ICE FUTURES U.S.,080732,2023-09-05,2023-09-08T19:30:00Z,cftc_ordinary_rule_estimate_not_holiday_verified,cftc_sugar_no11_selected_history_e1eadfec2053,https://publicreporting.cftc.gov/resource/72hh-3qpy.json?%24select=report_date_as_yyyy_mm_dd%2Ccftc_contract_market_code%2Cmarket_and_exchange_names%2Copen_interest_all%2Cm_money_positions_long_all%2Cm_money_positions_short_all%2Cm_money_positions_spread%2Ccontract_units%2Cfutonly_or_combined&%24where=cftc_contract_market_code%3D%27080732%27+AND+report_date_as_yyyy_mm_dd%3E%3D%272009-09-01T00%3A00%3A00.000%27+AND+report_date_as_yyyy_mm_dd%3C%3D%272026-08-11T00%3A00%3A00.000%27&%24order=report_date_as_yyyy_mm_dd&%24limit=5000,e1eadfec20535920e28d87b1a02245d9241765f4ae199f31c25d130fdaf7d93a,243906,47117,196789,966992,0.203506337177556794678756391,731,-0.1091313982793082471539063179,0.1782751373864998961921589065,false,true,true,false,cftc_normalized_net_q10_reversal_v1
SUGAR NO. 11 - ICE FUTURES U.S.,080732,2023-09-12,2023-09-15T19:30:00Z,cftc_ordinary_rule_estimate_not_holiday_verified,cftc_sugar_no11_selected_history_e1eadfec2053,https://publicreporting.cftc.gov/resource/72hh-3qpy.json?%24select=report_date_as_yyyy_mm_dd%2Ccftc_contract_market_code%2Cmarket_and_exchange_names%2Copen_interest_all%2Cm_money_positions_long_all%2Cm_money_positions_short_all%2Cm_money_positions_spread%2Ccontract_units%2Cfutonly_or_combined&%24where=cftc_contract_market_code%3D%27080732%27+AND+report_date_as_yyyy_mm_dd%3E%3D%272009-09-01T00%3A00%3A00.000%27+AND+report_date_as_yyyy_mm_dd%3C%3D%272026-08-11T00%3A00%3A00.000%27&%24order=report_date_as_yyyy_mm_dd&%24limit=5000,e1eadfec20535920e28d87b1a02245d9241765f4ae199f31c25d130fdaf7d93a,251207,48649,202558,996532,0.2032629157919665399605833029,732,-0.1091313982793082471539063179,0.203506337177556794678756391,false,false,true,false,cftc_normalized_net_q10_reversal_v1
SUGAR NO. 11 - ICE FUTURES U.S.,080732,2023-09-19,2023-09-22T19:30:00Z,cftc_ordinary_rule_estimate_not_holiday_verified,cftc_sugar_no11_selected_history_e1eadfec2053,https://publicreporting.cftc.gov/resource/72hh-3qpy.json?%24select=report_date_as_yyyy_mm_dd%2Ccftc_contract_market_code%2Cmarket_and_exchange_names%2Copen_interest_all%2Cm_money_positions_long_all%2Cm_money_positions_short_all%2Cm_money_positions_spread%2Ccontract_units%2Cfutonly_or_combined&%24where=cftc_contract_market_code%3D%27080732%27+AND+report_date_as_yyyy_mm_dd%3E%3D%272009-09-01T00%3A00%3A00.000%27+AND+report_date_as_yyyy_mm_dd%3C%3D%272026-08-11T00%3A00%3A00.000%27&%24order=report_date_as_yyyy_mm_dd&%24limit=5000,e1eadfec20535920e28d87b1a02245d9241765f4ae199f31c25d130fdaf7d93a,257314,49753,207561,956532,0.2169932631631769768287940184,733,-0.1091313982793082471539063179,0.2032629157919665399605833029,false,true,true,false,cftc_normalized_net_q10_reversal_v1
SUGAR NO. 11 - ICE FUTURES U.S.,080732,2023-09-26,2023-09-29T19:30:00Z,cftc_ordinary_rule_estimate_not_holiday_verified,cftc_sugar_no11_selected_history_e1eadfec2053,https://publicreporting.cftc.gov/resource/72hh-3qpy.json?%24select=report_date_as_yyyy_mm_dd%2Ccftc_contract_market_code%2Cmarket_and_exchange_names%2Copen_interest_all%2Cm_money_positions_long_all%2Cm_money_positions_short_all%2Cm_money_positions_spread%2Ccontract_units%2Cfutonly_or_combined&%24where=cftc_contract_market_code%3D%27080732%27+AND+report_date_as_yyyy_mm_dd%3E%3D%272009-09-01T00%3A00%3A00.000%27+AND+report_date_as_yyyy_mm_dd%3C%3D%272026-08-11T00%3A00%3A00.000%27&%24order=report_date_as_yyyy_mm_dd&%24limit=5000,e1eadfec20535920e28d87b1a02245d9241765f4ae199f31c25d130fdaf7d93a,254492,52086,202406,903444,0.224038235906154670350348223,734,-0.1091313982793082471539063179,0.2169932631631769768287940184,false,true,true,false,cftc_normalized_net_q10_reversal_v1
SUGAR NO. 11 - ICE FUTURES U.S.,080732,2023-10-03,2023-10-06T19:30:00Z,cftc_ordinary_rule_estimate_not_holiday_verified,cftc_sugar_no11_selected_history_e1eadfec2053,https://publicreporting.cftc.gov/resource/72hh-3qpy.json?%24select=report_date_as_yyyy_mm_dd%2Ccftc_contract_market_code%2Cmarket_and_exchange_names%2Copen_interest_all%2Cm_money_positions_long_all%2Cm_money_positions_short_all%2Cm_money_positions_spread%2Ccontract_units%2Cfutonly_or_combined&%24where=cftc_contract_market_code%3D%27080732%27+AND+report_date_as_yyyy_mm_dd%3E%3D%272009-09-01T00%3A00%3A00.000%27+AND+report_date_as_yyyy_mm_dd%3C%3D%272026-08-11T00%3A00%3A00.000%27&%24order=report_date_as_yyyy_mm_dd&%24limit=5000,e1eadfec20535920e28d87b1a02245d9241765f4ae199f31c25d130fdaf7d93a,236858,54347,182511,820468,0.2224474324409970894660120809,735,-0.1091313982793082471539063179,0.224038235906154670350348223,false,false,true,false,cftc_normalized_net_q10_reversal_v1
SUGAR NO. 11 - ICE FUTURES U.S.,080732,2023-10-10,2023-10-13T19:30:00Z,cftc_ordinary_rule_estimate_not_holiday_verified,cftc_sugar_no11_selected_history_e1eadfec2053,https://publicreporting.cftc.gov/resource/72hh-3qpy.json?%24select=report_date_as_yyyy_mm_dd%2Ccftc_contract_market_code%2Cmarket_and_exchange_names%2Copen_interest_all%2Cm_money_positions_long_all%2Cm_money_positions_short_all%2Cm_money_positions_spread%2Ccontract_units%2Cfutonly_or_combined&%24where=cftc_contract_market_code%3D%27080732%27+AND+report_date_as_yyyy_mm_dd%3E%3D%272009-09-01T00%3A00%3A00.000%27+AND+report_date_as_yyyy_mm_dd%3C%3D%272026-08-11T00%3A00%3A00.000%27&%24order=report_date_as_yyyy_mm_dd&%24limit=5000,e1eadfec20535920e28d87b1a02245d9241765f4ae199f31c25d130fdaf7d93a,235765,54017,181748,821749,0.221172158408467792476778189,736,-0.1091313982793082471539063179,0.2224474324409970894660120809,false,false,true,false,cftc_normalized_net_q10_reversal_v1
SUGAR NO. 11 - ICE FUTURES U.S.,080732,2023-10-17,2023-10-20T19:30:00Z,cftc_ordinary_rule_estimate_not_holiday_verified,cftc_sugar_no11_selected_history_e1eadfec2053,https://publicreporting.cftc.gov/resource/72hh-3qpy.json?%24select=report_date_as_yyyy_mm_dd%2Ccftc_contract_market_code%2Cmarket_and_exchange_names%2Copen_interest_all%2Cm_money_positions_long_all%2Cm_money_positions_short_all%2Cm_money_positions_spread%2Ccontract_units%2Cfutonly_or_combined&%24where=cftc_contract_market_code%3D%27080732%27+AND+report_date_as_yyyy_mm_dd%3E%3D%272009-09-01T00%3A00%3A00.000%27+AND+report_date_as_yyyy_mm_dd%3C%3D%272026-08-11T00%3A00%3A00.000%27&%24order=report_date_as_yyyy_mm_dd&%24limit=5000,e1eadfec20535920e28d87b1a02245d9241765f4ae199f31c25d130fdaf7d93a,241550,53822,187728,842662,0.2227797147610785819225264697,737,-0.1091313982793082471539063179,0.221172158408467792476778189,false,true,true,false,cftc_normalized_net_q10_reversal_v1
SUGAR NO. 11 - ICE FUTURES U.S.,080732,2023-10-24,2023-10-27T19:30:00Z,cftc_ordinary_rule_estimate_not_holiday_verified,cftc_sugar_no11_selected_history_e1eadfec2053,https://publicreporting.cftc.gov/resource/72hh-3qpy.json?%24select=report_date_as_yyyy_mm_dd%2Ccftc_contract_market_code%2Cmarket_and_exchange_names%2Copen_interest_all%2Cm_money_positions_long_all%2Cm_money_positions_short_all%2Cm_money_positions_spread%2Ccontract_units%2Cfutonly_or_combined&%24where=cftc_contract_market_code%3D%27080732%27+AND+report_date_as_yyyy_mm_dd%3E%3D%272009-09-01T00%3A00%3A00.000%27+AND+report_date_as_yyyy_mm_dd%3C%3D%272026-08-11T00%3A00%3A00.000%27&%24order=report_date_as_yyyy_mm_dd&%24limit=5000,e1eadfec20535920e28d87b1a02245d9241765f4ae199f31c25d130fdaf7d93a,240345,52791,187554,857661,0.2186808074518953292734541969,738,-0.1091313982793082471539063179,0.2227797147610785819225264697,false,false,true,false,cftc_normalized_net_q10_reversal_v1
SUGAR NO. 11 - ICE FUTURES U.S.,080732,2023-10-31,2023-11-03T19:30:00Z,cftc_ordinary_rule_estimate_not_holiday_verified,cftc_sugar_no11_selected_history_e1eadfec2053,https://publicreporting.cftc.gov/resource/72hh-3qpy.json?%24select=report_date_as_yyyy_mm_dd%2Ccftc_contract_market_code%2Cmarket_and_exchange_names%2Copen_interest_all%2Cm_money_positions_long_all%2Cm_money_positions_short_all%2Cm_money_positions_spread%2Ccontract_units%2Cfutonly_or_combined&%24where=cftc_contract_market_code%3D%27080732%27+AND+report_date_as_yyyy_mm_dd%3E%3D%272009-09-01T00%3A00%3A00.000%27+AND+report_date_as_yyyy_mm_dd%3C%3D%272026-08-11T00%3A00%3A00.000%27&%24order=report_date_as_yyyy_mm_dd&%24limit=5000,e1eadfec20535920e28d87b1a02245d9241765f4ae199f31c25d130fdaf7d93a,225133,51494,173639,865859,0.2005395797699163489667486277,739,-0.1091313982793082471539063179,0.2186808074518953292734541969,false,false,true,false,cftc_normalized_net_q10_reversal_v1
SUGAR NO. 11 - ICE FUTURES U.S.,080732,2023-11-07,2023-11-13T20:30:00Z,cftc_official_historical_release_verified,cftc_sugar_no11_selected_history_e1eadfec2053,https://publicreporting.cftc.gov/resource/72hh-3qpy.json?%24select=report_date_as_yyyy_mm_dd%2Ccftc_contract_market_code%2Cmarket_and_exchange_names%2Copen_interest_all%2Cm_money_positions_long_all%2Cm_money_positions_short_all%2Cm_money_positions_spread%2Ccontract_units%2Cfutonly_or_combined&%24where=cftc_contract_market_code%3D%27080732%27+AND+report_date_as_yyyy_mm_dd%3E%3D%272009-09-01T00%3A00%3A00.000%27+AND+report_date_as_yyyy_mm_dd%3C%3D%272026-08-11T00%3A00%3A00.000%27&%24order=report_date_as_yyyy_mm_dd&%24limit=5000,e1eadfec20535920e28d87b1a02245d9241765f4ae199f31c25d130fdaf7d93a,240741,49320,191421,879489,0.2176502491787844987259647363,740,-0.1091313982793082471539063179,0.2005395797699163489667486277,false,true,true,false,cftc_normalized_net_q10_reversal_v1
SUGAR NO. 11 - ICE FUTURES U.S.,080732,2023-11-14,2023-11-17T20:30:00Z,cftc_ordinary_rule_estimate_not_holiday_verified,cftc_sugar_no11_selected_history_e1eadfec2053,https://publicreporting.cftc.gov/resource/72hh-3qpy.json?%24select=report_date_as_yyyy_mm_dd%2Ccftc_contract_market_code%2Cmarket_and_exchange_names%2Copen_interest_all%2Cm_money_positions_long_all%2Cm_money_positions_short_all%2Cm_money_positions_spread%2Ccontract_units%2Cfutonly_or_combined&%24where=cftc_contract_market_code%3D%27080732%27+AND+report_date_as_yyyy_mm_dd%3E%3D%272009-09-01T00%3A00%3A00.000%27+AND+report_date_as_yyyy_mm_dd%3C%3D%272026-08-11T00%3A00%3A00.000%27&%24order=report_date_as_yyyy_mm_dd&%24limit=5000,e1eadfec20535920e28d87b1a02245d9241765f4ae199f31c25d130fdaf7d93a,222934,46532,176402,860384,0.2050270576858704950347751702,741,-0.1088995818213735208043265497,0.2176502491787844987259647363,false,false,true,false,cftc_normalized_net_q10_reversal_v1
SUGAR NO. 11 - ICE FUTURES U.S.,080732,2023-11-21,2023-11-27T20:30:00Z,cftc_official_historical_release_verified,cftc_sugar_no11_selected_history_e1eadfec2053,https://publicreporting.cftc.gov/resource/72hh-3qpy.json?%24select=report_date_as_yyyy_mm_dd%2Ccftc_contract_market_code%2Cmarket_and_exchange_names%2Copen_interest_all%2Cm_money_positions_long_all%2Cm_money_positions_short_all%2Cm_money_positions_spread%2Ccontract_units%2Cfutonly_or_combined&%24where=cftc_contract_market_code%3D%27080732%27+AND+report_date_as_yyyy_mm_dd%3E%3D%272009-09-01T00%3A00%3A00.000%27+AND+report_date_as_yyyy_mm_dd%3C%3D%272026-08-11T00%3A00%3A00.000%27&%24order=report_date_as_yyyy_mm_dd&%24limit=5000,e1eadfec20535920e28d87b1a02245d9241765f4ae199f31c25d130fdaf7d93a,221841,42021,179820,871894,0.2062406668700553048879795021,742,-0.1088995818213735208043265497,0.2050270576858704950347751702,false,true,true,false,cftc_normalized_net_q10_reversal_v1
SUGAR NO. 11 - ICE FUTURES U.S.,080732,2023-11-28,2023-12-01T20:30:00Z,cftc_ordinary_rule_estimate_not_holiday_verified,cftc_sugar_no11_selected_history_e1eadfec2053,https://publicreporting.cftc.gov/resource/72hh-3qpy.json?%24select=report_date_as_yyyy_mm_dd%2Ccftc_contract_market_code%2Cmarket_and_exchange_names%2Copen_interest_all%2Cm_money_positions_long_all%2Cm_money_positions_short_all%2Cm_money_positions_spread%2Ccontract_units%2Cfutonly_or_combined&%24where=cftc_contract_market_code%3D%27080732%27+AND+report_date_as_yyyy_mm_dd%3E%3D%272009-09-01T00%3A00%3A00.000%27+AND+report_date_as_yyyy_mm_dd%3C%3D%272026-08-11T00%3A00%3A00.000%27&%24order=report_date_as_yyyy_mm_dd&%24limit=5000,e1eadfec20535920e28d87b1a02245d9241765f4ae199f31c25d130fdaf7d93a,205669,43893,161776,875946,0.1846871839131635968427277481,743,-0.1088995818213735208043265497,0.2062406668700553048879795021,false,false,true,false,cftc_normalized_net_q10_reversal_v1
SUGAR NO. 11 - ICE FUTURES U.S.,080732,2023-12-05,2023-12-08T20:30:00Z,cftc_ordinary_rule_estimate_not_holiday_verified,cftc_sugar_no11_selected_history_e1eadfec2053,https://publicreporting.cftc.gov/resource/72hh-3qpy.json?%24select=report_date_as_yyyy_mm_dd%2Ccftc_contract_market_code%2Cmarket_and_exchange_names%2Copen_interest_all%2Cm_money_positions_long_all%2Cm_money_positions_short_all%2Cm_money_positions_spread%2Ccontract_units%2Cfutonly_or_combined&%24where=cftc_contract_market_code%3D%27080732%27+AND+report_date_as_yyyy_mm_dd%3E%3D%272009-09-01T00%3A00%3A00.000%27+AND+report_date_as_yyyy_mm_dd%3C%3D%272026-08-11T00%3A00%3A00.000%27&%24order=report_date_as_yyyy_mm_dd&%24limit=5000,e1eadfec20535920e28d87b1a02245d9241765f4ae199f31c25d130fdaf7d93a,159566,47569,111997,853428,0.1312319258332278762824749129,744,-0.1088995818213735208043265497,0.1846871839131635968427277481,false,false,true,false,cftc_normalized_net_q10_reversal_v1
SUGAR NO. 11 - ICE FUTURES U.S.,080732,2023-12-12,2023-12-15T20:30:00Z,cftc_ordinary_rule_estimate_not_holiday_verified,cftc_sugar_no11_selected_history_e1eadfec2053,https://publicreporting.cftc.gov/resource/72hh-3qpy.json?%24select=report_date_as_yyyy_mm_dd%2Ccftc_contract_market_code%2Cmarket_and_exchange_names%2Copen_interest_all%2Cm_money_positions_long_all%2Cm_money_positions_short_all%2Cm_money_positions_spread%2Ccontract_units%2Cfutonly_or_combined&%24where=cftc_contract_market_code%3D%27080732%27+AND+report_date_as_yyyy_mm_dd%3E%3D%272009-09-01T00%3A00%3A00.000%27+AND+report_date_as_yyyy_mm_dd%3C%3D%272026-08-11T00%3A00%3A00.000%27&%24order=report_date_as_yyyy_mm_dd&%24limit=5000,e1eadfec20535920e28d87b1a02245d9241765f4ae199f31c25d130fdaf7d93a,112876,55832,57044,781527,0.07299044050941298253291313032,745,-0.1088995818213735208043265497,0.1312319258332278762824749129,false,false,true,false,cftc_normalized_net_q10_reversal_v1
SUGAR NO. 11 - ICE FUTURES U.S.,080732,2023-12-19,2023-12-22T20:30:00Z,cftc_ordinary_rule_estimate_not_holiday_verified,cftc_sugar_no11_selected_history_e1eadfec2053,https://publicreporting.cftc.gov/resource/72hh-3qpy.json?%24select=report_date_as_yyyy_mm_dd%2Ccftc_contract_market_code%2Cmarket_and_exchange_names%2Copen_interest_all%2Cm_money_positions_long_all%2Cm_money_positions_short_all%2Cm_money_positions_spread%2Ccontract_units%2Cfutonly_or_combined&%24where=cftc_contract_market_code%3D%27080732%27+AND+report_date_as_yyyy_mm_dd%3E%3D%272009-09-01T00%3A00%3A00.000%27+AND+report_date_as_yyyy_mm_dd%3C%3D%272026-08-11T00%3A00%3A00.000%27&%24order=report_date_as_yyyy_mm_dd&%24limit=5000,e1eadfec20535920e28d87b1a02245d9241765f4ae199f31c25d130fdaf7d93a,103707,63833,39874,774617,0.05147576156991132391878825278,746,-0.1088995818213735208043265497,0.07299044050941298253291313032,false,false,true,false,cftc_normalized_net_q10_reversal_v1
SUGAR NO. 11 - ICE FUTURES U.S.,080732,2023-12-26,2023-12-29T20:30:00Z,cftc_ordinary_rule_estimate_not_holiday_verified,cftc_sugar_no11_selected_history_e1eadfec2053,https://publicreporting.cftc.gov/resource/72hh-3qpy.json?%24select=report_date_as_yyyy_mm_dd%2Ccftc_contract_market_code%2Cmarket_and_exchange_names%2Copen_interest_all%2Cm_money_positions_long_all%2Cm_money_positions_short_all%2Cm_money_positions_spread%2Ccontract_units%2Cfutonly_or_combined&%24where=cftc_contract_market_code%3D%27080732%27+AND+report_date_as_yyyy_mm_dd%3E%3D%272009-09-01T00%3A00%3A00.000%27+AND+report_date_as_yyyy_mm_dd%3C%3D%272026-08-11T00%3A00%3A00.000%27&%24order=report_date_as_yyyy_mm_dd&%24limit=5000,e1eadfec20535920e28d87b1a02245d9241765f4ae199f31c25d130fdaf7d93a,102829,75483,27346,792894,0.034488847185121844786314438,747,-0.1088995818213735208043265497,0.05147576156991132391878825278,false,false,true,false,cftc_normalized_net_q10_reversal_v1
SUGAR NO. 11 - ICE FUTURES U.S.,080732,2024-01-02,2024-01-05T20:30:00Z,cftc_ordinary_rule_estimate_not_holiday_verified,cftc_sugar_no11_selected_history_e1eadfec2053,https://publicreporting.cftc.gov/resource/72hh-3qpy.json?%24select=report_date_as_yyyy_mm_dd%2Ccftc_contract_market_code%2Cmarket_and_exchange_names%2Copen_interest_all%2Cm_money_positions_long_all%2Cm_money_positions_short_all%2Cm_money_positions_spread%2Ccontract_units%2Cfutonly_or_combined&%24where=cftc_contract_market_code%3D%27080732%27+AND+report_date_as_yyyy_mm_dd%3E%3D%272009-09-01T00%3A00%3A00.000%27+AND+report_date_as_yyyy_mm_dd%3C%3D%272026-08-11T00%3A00%3A00.000%27&%24order=report_date_as_yyyy_mm_dd&%24limit=5000,e1eadfec20535920e28d87b1a02245d9241765f4ae199f31c25d130fdaf7d93a,98534,74711,23823,826270,0.02883197986130441623198228182,748,-0.1088995818213735208043265497,0.034488847185121844786314438,false,false,true,false,cftc_normalized_net_q10_reversal_v1
SUGAR NO. 11 - ICE FUTURES U.S.,080732,2024-01-09,2024-01-12T20:30:00Z,cftc_ordinary_rule_estimate_not_holiday_verified,cftc_sugar_no11_selected_history_e1eadfec2053,https://publicreporting.cftc.gov/resource/72hh-3qpy.json?%24select=report_date_as_yyyy_mm_dd%2Ccftc_contract_market_code%2Cmarket_and_exchange_names%2Copen_interest_all%2Cm_money_positions_long_all%2Cm_money_positions_short_all%2Cm_money_positions_spread%2Ccontract_units%2Cfutonly_or_combined&%24where=cftc_contract_market_code%3D%27080732%27+AND+report_date_as_yyyy_mm_dd%3E%3D%272009-09-01T00%3A00%3A00.000%27+AND+report_date_as_yyyy_mm_dd%3C%3D%272026-08-11T00%3A00%3A00.000%27&%24order=report_date_as_yyyy_mm_dd&%24limit=5000,e1eadfec20535920e28d87b1a02245d9241765f4ae199f31c25d130fdaf7d93a,95071,72920,22151,811145,0.0273083110911119466926381843,749,-0.1088995818213735208043265497,0.02883197986130441623198228182,false,false,true,false,cftc_normalized_net_q10_reversal_v1
SUGAR NO. 11 - ICE FUTURES U.S.,080732,2024-01-16,2024-01-19T20:30:00Z,cftc_ordinary_rule_estimate_not_holiday_verified,cftc_sugar_no11_selected_history_e1eadfec2053,https://publicreporting.cftc.gov/resource/72hh-3qpy.json?%24select=report_date_as_yyyy_mm_dd%2Ccftc_contract_market_code%2Cmarket_and_exchange_names%2Copen_interest_all%2Cm_money_positions_long_all%2Cm_money_positions_short_all%2Cm_money_positions_spread%2Ccontract_units%2Cfutonly_or_combined&%24where=cftc_contract_market_code%3D%27080732%27+AND+report_date_as_yyyy_mm_dd%3E%3D%272009-09-01T00%3A00%3A00.000%27+AND+report_date_as_yyyy_mm_dd%3C%3D%272026-08-11T00%3A00%3A00.000%27&%24order=report_date_as_yyyy_mm_dd&%24limit=5000,e1eadfec20535920e28d87b1a02245d9241765f4ae199f31c25d130fdaf7d93a,92818,72312,20506,801086,0.02559775105294562631228107844,750,-0.1088995818213735208043265497,0.0273083110911119466926381843,false,false,true,false,cftc_normalized_net_q10_reversal_v1
SUGAR NO. 11 - ICE FUTURES U.S.,080732,2024-01-23,2024-01-26T20:30:00Z,cftc_ordinary_rule_estimate_not_holiday_verified,cftc_sugar_no11_selected_history_e1eadfec2053,https://publicreporting.cftc.gov/resource/72hh-3qpy.json?%24select=report_date_as_yyyy_mm_dd%2Ccftc_contract_market_code%2Cmarket_and_exchange_names%2Copen_interest_all%2Cm_money_positions_long_all%2Cm_money_positions_short_all%2Cm_money_positions_spread%2Ccontract_units%2Cfutonly_or_combined&%24where=cftc_contract_market_code%3D%27080732%27+AND+report_date_as_yyyy_mm_dd%3E%3D%272009-09-01T00%3A00%3A00.000%27+AND+report_date_as_yyyy_mm_dd%3C%3D%272026-08-11T00%3A00%3A00.000%27&%24order=report_date_as_yyyy_mm_dd&%24limit=5000,e1eadfec20535920e28d87b1a02245d9241765f4ae199f31c25d130fdaf7d93a,99499,64681,34818,819120,0.04250659244066803398769411075,751,-0.108842888352273125886596969,0.02559775105294562631228107844,false,true,true,false,cftc_normalized_net_q10_reversal_v1
SUGAR NO. 11 - ICE FUTURES U.S.,080732,2024-01-30,2024-02-02T20:30:00Z,cftc_ordinary_rule_estimate_not_holiday_verified,cftc_sugar_no11_selected_history_e1eadfec2053,https://publicreporting.cftc.gov/resource/72hh-3qpy.json?%24select=report_date_as_yyyy_mm_dd%2Ccftc_contract_market_code%2Cmarket_and_exchange_names%2Copen_interest_all%2Cm_money_positions_long_all%2Cm_money_positions_short_all%2Cm_money_positions_spread%2Ccontract_units%2Cfutonly_or_combined&%24where=cftc_contract_market_code%3D%27080732%27+AND+report_date_as_yyyy_mm_dd%3E%3D%272009-09-01T00%3A00%3A00.000%27+AND+report_date_as_yyyy_mm_dd%3C%3D%272026-08-11T00%3A00%3A00.000%27&%24order=report_date_as_yyyy_mm_dd&%24limit=5000,e1eadfec20535920e28d87b1a02245d9241765f4ae199f31c25d130fdaf7d93a,106908,56328,50580,851084,0.05943009150683128809847206621,752,-0.108842888352273125886596969,0.04250659244066803398769411075,false,true,true,false,cftc_normalized_net_q10_reversal_v1
SUGAR NO. 11 - ICE FUTURES U.S.,080732,2024-02-06,2024-02-09T20:30:00Z,cftc_ordinary_rule_estimate_not_holiday_verified,cftc_sugar_no11_selected_history_e1eadfec2053,https://publicreporting.cftc.gov/resource/72hh-3qpy.json?%24select=report_date_as_yyyy_mm_dd%2Ccftc_contract_market_code%2Cmarket_and_exchange_names%2Copen_interest_all%2Cm_money_positions_long_all%2Cm_money_positions_short_all%2Cm_money_positions_spread%2Ccontract_units%2Cfutonly_or_combined&%24where=cftc_contract_market_code%3D%27080732%27+AND+report_date_as_yyyy_mm_dd%3E%3D%272009-09-01T00%3A00%3A00.000%27+AND+report_date_as_yyyy_mm_dd%3C%3D%272026-08-11T00%3A00%3A00.000%27&%24order=report_date_as_yyyy_mm_dd&%24limit=5000,e1eadfec20535920e28d87b1a02245d9241765f4ae199f31c25d130fdaf7d93a,114058,53604,60454,881004,0.0686194387312656923237578944,753,-0.108842888352273125886596969,0.05943009150683128809847206621,false,true,true,false,cftc_normalized_net_q10_reversal_v1
SUGAR NO. 11 - ICE FUTURES U.S.,080732,2024-02-13,2024-02-16T20:30:00Z,cftc_ordinary_rule_estimate_not_holiday_verified,cftc_sugar_no11_selected_history_e1eadfec2053,https://publicreporting.cftc.gov/resource/72hh-3qpy.json?%24select=report_date_as_yyyy_mm_dd%2Ccftc_contract_market_code%2Cmarket_and_exchange_names%2Copen_interest_all%2Cm_money_positions_long_all%2Cm_money_positions_short_all%2Cm_money_positions_spread%2Ccontract_units%2Cfutonly_or_combined&%24where=cftc_contract_market_code%3D%27080732%27+AND+report_date_as_yyyy_mm_dd%3E%3D%272009-09-01T00%3A00%3A00.000%27+AND+report_date_as_yyyy_mm_dd%3C%3D%272026-08-11T00%3A00%3A00.000%27&%24order=report_date_as_yyyy_mm_dd&%24limit=5000,e1eadfec20535920e28d87b1a02245d9241765f4ae199f31c25d130fdaf7d93a,112038,48026,64012,884135,0.07240070803666860830076854779,754,-0.108842888352273125886596969,0.0686194387312656923237578944,false,true,true,false,cftc_normalized_net_q10_reversal_v1
SUGAR NO. 11 - ICE FUTURES U.S.,080732,2024-02-20,2024-02-23T20:30:00Z,cftc_ordinary_rule_estimate_not_holiday_verified,cftc_sugar_no11_selected_history_e1eadfec2053,https://publicreporting.cftc.gov/resource/72hh-3qpy.json?%24select=report_date_as_yyyy_mm_dd%2Ccftc_contract_market_code%2Cmarket_and_exchange_names%2Copen_interest_all%2Cm_money_positions_long_all%2Cm_money_positions_short_all%2Cm_money_positions_spread%2Ccontract_units%2Cfutonly_or_combined&%24where=cftc_contract_market_code%3D%27080732%27+AND+report_date_as_yyyy_mm_dd%3E%3D%272009-09-01T00%3A00%3A00.000%27+AND+report_date_as_yyyy_mm_dd%3C%3D%272026-08-11T00%3A00%3A00.000%27&%24order=report_date_as_yyyy_mm_dd&%24limit=5000,e1eadfec20535920e28d87b1a02245d9241765f4ae199f31c25d130fdaf7d93a,112361,56065,56296,848563,0.06634274650202754539144412377,755,-0.108842888352273125886596969,0.07240070803666860830076854779,false,false,true,false,cftc_normalized_net_q10_reversal_v1
SUGAR NO. 11 - ICE FUTURES U.S.,080732,2024-02-27,2024-03-01T20:30:00Z,cftc_ordinary_rule_estimate_not_holiday_verified,cftc_sugar_no11_selected_history_e1eadfec2053,https://publicreporting.cftc.gov/resource/72hh-3qpy.json?%24select=report_date_as_yyyy_mm_dd%2Ccftc_contract_market_code%2Cmarket_and_exchange_names%2Copen_interest_all%2Cm_money_positions_long_all%2Cm_money_positions_short_all%2Cm_money_positions_spread%2Ccontract_units%2Cfutonly_or_combined&%24where=cftc_contract_market_code%3D%27080732%27+AND+report_date_as_yyyy_mm_dd%3E%3D%272009-09-01T00%3A00%3A00.000%27+AND+report_date_as_yyyy_mm_dd%3C%3D%272026-08-11T00%3A00%3A00.000%27&%24order=report_date_as_yyyy_mm_dd&%24limit=5000,e1eadfec20535920e28d87b1a02245d9241765f4ae199f31c25d130fdaf7d93a,117956,47132,70824,822162,0.08614360673443919811424025922,756,-0.108842888352273125886596969,0.06634274650202754539144412377,false,true,true,false,cftc_normalized_net_q10_reversal_v1
SUGAR NO. 11 - ICE FUTURES U.S.,080732,2024-03-05,2024-03-08T20:30:00Z,cftc_ordinary_rule_estimate_not_holiday_verified,cftc_sugar_no11_selected_history_e1eadfec2053,https://publicreporting.cftc.gov/resource/72hh-3qpy.json?%24select=report_date_as_yyyy_mm_dd%2Ccftc_contract_market_code%2Cmarket_and_exchange_names%2Copen_interest_all%2Cm_money_positions_long_all%2Cm_money_positions_short_all%2Cm_money_positions_spread%2Ccontract_units%2Cfutonly_or_combined&%24where=cftc_contract_market_code%3D%27080732%27+AND+report_date_as_yyyy_mm_dd%3E%3D%272009-09-01T00%3A00%3A00.000%27+AND+report_date_as_yyyy_mm_dd%3C%3D%272026-08-11T00%3A00%3A00.000%27&%24order=report_date_as_yyyy_mm_dd&%24limit=5000,e1eadfec20535920e28d87b1a02245d9241765f4ae199f31c25d130fdaf7d93a,115779,66478,49301,842380,0.05852584344357653315605783613,757,-0.108842888352273125886596969,0.08614360673443919811424025922,false,false,true,false,cftc_normalized_net_q10_reversal_v1
SUGAR NO. 11 - ICE FUTURES U.S.,080732,2024-03-12,2024-03-15T19:30:00Z,cftc_ordinary_rule_estimate_not_holiday_verified,cftc_sugar_no11_selected_history_e1eadfec2053,https://publicreporting.cftc.gov/resource/72hh-3qpy.json?%24select=report_date_as_yyyy_mm_dd%2Ccftc_contract_market_code%2Cmarket_and_exchange_names%2Copen_interest_all%2Cm_money_positions_long_all%2Cm_money_positions_short_all%2Cm_money_positions_spread%2Ccontract_units%2Cfutonly_or_combined&%24where=cftc_contract_market_code%3D%27080732%27+AND+report_date_as_yyyy_mm_dd%3E%3D%272009-09-01T00%3A00%3A00.000%27+AND+report_date_as_yyyy_mm_dd%3C%3D%272026-08-11T00%3A00%3A00.000%27&%24order=report_date_as_yyyy_mm_dd&%24limit=5000,e1eadfec20535920e28d87b1a02245d9241765f4ae199f31c25d130fdaf7d93a,113521,60449,53072,819781,0.06473924133396602263287390169,758,-0.108842888352273125886596969,0.05852584344357653315605783613,false,true,true,false,cftc_normalized_net_q10_reversal_v1
SUGAR NO. 11 - ICE FUTURES U.S.,080732,2024-03-19,2024-03-22T19:30:00Z,cftc_ordinary_rule_estimate_not_holiday_verified,cftc_sugar_no11_selected_history_e1eadfec2053,https://publicreporting.cftc.gov/resource/72hh-3qpy.json?%24select=report_date_as_yyyy_mm_dd%2Ccftc_contract_market_code%2Cmarket_and_exchange_names%2Copen_interest_all%2Cm_money_positions_long_all%2Cm_money_positions_short_all%2Cm_money_positions_spread%2Ccontract_units%2Cfutonly_or_combined&%24where=cftc_contract_market_code%3D%27080732%27+AND+report_date_as_yyyy_mm_dd%3E%3D%272009-09-01T00%3A00%3A00.000%27+AND+report_date_as_yyyy_mm_dd%3C%3D%272026-08-11T00%3A00%3A00.000%27&%24order=report_date_as_yyyy_mm_dd&%24limit=5000,e1eadfec20535920e28d87b1a02245d9241765f4ae199f31c25d130fdaf7d93a,114505,56392,58113,834490,0.06963894114968423827727114765,759,-0.108842888352273125886596969,0.06473924133396602263287390169,false,true,true,false,cftc_normalized_net_q10_reversal_v1
SUGAR NO. 11 - ICE FUTURES U.S.,080732,2024-03-26,2024-03-29T19:30:00Z,cftc_ordinary_rule_estimate_not_holiday_verified,cftc_sugar_no11_selected_history_e1eadfec2053,https://publicreporting.cftc.gov/resource/72hh-3qpy.json?%24select=report_date_as_yyyy_mm_dd%2Ccftc_contract_market_code%2Cmarket_and_exchange_names%2Copen_interest_all%2Cm_money_positions_long_all%2Cm_money_positions_short_all%2Cm_money_positions_spread%2Ccontract_units%2Cfutonly_or_combined&%24where=cftc_contract_market_code%3D%27080732%27+AND+report_date_as_yyyy_mm_dd%3E%3D%272009-09-01T00%3A00%3A00.000%27+AND+report_date_as_yyyy_mm_dd%3C%3D%272026-08-11T00%3A00%3A00.000%27&%24order=report_date_as_yyyy_mm_dd&%24limit=5000,e1eadfec20535920e28d87b1a02245d9241765f4ae199f31c25d130fdaf7d93a,123462,52912,70550,839231,0.08406505479421041405763133154,760,-0.108842888352273125886596969,0.06963894114968423827727114765,false,true,true,false,cftc_normalized_net_q10_reversal_v1
SUGAR NO. 11 - ICE FUTURES U.S.,080732,2024-04-02,2024-04-05T19:30:00Z,cftc_ordinary_rule_estimate_not_holiday_verified,cftc_sugar_no11_selected_history_e1eadfec2053,https://publicreporting.cftc.gov/resource/72hh-3qpy.json?%24select=report_date_as_yyyy_mm_dd%2Ccftc_contract_market_code%2Cmarket_and_exchange_names%2Copen_interest_all%2Cm_money_positions_long_all%2Cm_money_positions_short_all%2Cm_money_positions_spread%2Ccontract_units%2Cfutonly_or_combined&%24where=cftc_contract_market_code%3D%27080732%27+AND+report_date_as_yyyy_mm_dd%3E%3D%272009-09-01T00%3A00%3A00.000%27+AND+report_date_as_yyyy_mm_dd%3C%3D%272026-08-11T00%3A00%3A00.000%27&%24order=report_date_as_yyyy_mm_dd&%24limit=5000,e1eadfec20535920e28d87b1a02245d9241765f4ae199f31c25d130fdaf7d93a,136820,45872,90948,845531,0.1075631762762098610222451927,761,-0.1074114885811837868056421842,0.08406505479421041405763133154,false,true,true,false,cftc_normalized_net_q10_reversal_v1
SUGAR NO. 11 - ICE FUTURES U.S.,080732,2024-04-09,2024-04-12T19:30:00Z,cftc_ordinary_rule_estimate_not_holiday_verified,cftc_sugar_no11_selected_history_e1eadfec2053,https://publicreporting.cftc.gov/resource/72hh-3qpy.json?%24select=report_date_as_yyyy_mm_dd%2Ccftc_contract_market_code%2Cmarket_and_exchange_names%2Copen_interest_all%2Cm_money_positions_long_all%2Cm_money_positions_short_all%2Cm_money_positions_spread%2Ccontract_units%2Cfutonly_or_combined&%24where=cftc_contract_market_code%3D%27080732%27+AND+report_date_as_yyyy_mm_dd%3E%3D%272009-09-01T00%3A00%3A00.000%27+AND+report_date_as_yyyy_mm_dd%3C%3D%272026-08-11T00%3A00%3A00.000%27&%24order=report_date_as_yyyy_mm_dd&%24limit=5000,e1eadfec20535920e28d87b1a02245d9241765f4ae199f31c25d130fdaf7d93a,139153,58087,81066,834056,0.09719491257181771967349914154,762,-0.1074114885811837868056421842,0.1075631762762098610222451927,false,false,true,false,cftc_normalized_net_q10_reversal_v1
SUGAR NO. 11 - ICE FUTURES U.S.,080732,2024-04-16,2024-04-19T19:30:00Z,cftc_ordinary_rule_estimate_not_holiday_verified,cftc_sugar_no11_selected_history_e1eadfec2053,https://publicreporting.cftc.gov/resource/72hh-3qpy.json?%24select=report_date_as_yyyy_mm_dd%2Ccftc_contract_market_code%2Cmarket_and_exchange_names%2Copen_interest_all%2Cm_money_positions_long_all%2Cm_money_positions_short_all%2Cm_money_positions_spread%2Ccontract_units%2Cfutonly_or_combined&%24where=cftc_contract_market_code%3D%27080732%27+AND+report_date_as_yyyy_mm_dd%3E%3D%272009-09-01T00%3A00%3A00.000%27+AND+report_date_as_yyyy_mm_dd%3C%3D%272026-08-11T00%3A00%3A00.000%27&%24order=report_date_as_yyyy_mm_dd&%24limit=5000,e1eadfec20535920e28d87b1a02245d9241765f4ae199f31c25d130fdaf7d93a,139123,90906,48217,811191,0.05943976202891797369546752861,763,-0.1074114885811837868056421842,0.09719491257181771967349914154,false,false,true,false,cftc_normalized_net_q10_reversal_v1
SUGAR NO. 11 - ICE FUTURES U.S.,080732,2024-04-23,2024-04-26T19:30:00Z,cftc_ordinary_rule_estimate_not_holiday_verified,cftc_sugar_no11_selected_history_e1eadfec2053,https://publicreporting.cftc.gov/resource/72hh-3qpy.json?%24select=report_date_as_yyyy_mm_dd%2Ccftc_contract_market_code%2Cmarket_and_exchange_names%2Copen_interest_all%2Cm_money_positions_long_all%2Cm_money_positions_short_all%2Cm_money_positions_spread%2Ccontract_units%2Cfutonly_or_combined&%24where=cftc_contract_market_code%3D%27080732%27+AND+report_date_as_yyyy_mm_dd%3E%3D%272009-09-01T00%3A00%3A00.000%27+AND+report_date_as_yyyy_mm_dd%3C%3D%272026-08-11T00%3A00%3A00.000%27&%24order=report_date_as_yyyy_mm_dd&%24limit=5000,e1eadfec20535920e28d87b1a02245d9241765f4ae199f31c25d130fdaf7d93a,140125,121029,19096,827078,0.02308851160350051627536943311,764,-0.1074114885811837868056421842,0.05943976202891797369546752861,false,false,true,false,cftc_normalized_net_q10_reversal_v1
SUGAR NO. 11 - ICE FUTURES U.S.,080732,2024-04-30,2024-05-03T19:30:00Z,cftc_ordinary_rule_estimate_not_holiday_verified,cftc_sugar_no11_selected_history_e1eadfec2053,https://publicreporting.cftc.gov/resource/72hh-3qpy.json?%24select=report_date_as_yyyy_mm_dd%2Ccftc_contract_market_code%2Cmarket_and_exchange_names%2Copen_interest_all%2Cm_money_positions_long_all%2Cm_money_positions_short_all%2Cm_money_positions_spread%2Ccontract_units%2Cfutonly_or_combined&%24where=cftc_contract_market_code%3D%27080732%27+AND+report_date_as_yyyy_mm_dd%3E%3D%272009-09-01T00%3A00%3A00.000%27+AND+report_date_as_yyyy_mm_dd%3C%3D%272026-08-11T00%3A00%3A00.000%27&%24order=report_date_as_yyyy_mm_dd&%24limit=5000,e1eadfec20535920e28d87b1a02245d9241765f4ae199f31c25d130fdaf7d93a,135641,129435,6206,833374,0.007446836594374194539306481844,765,-0.1074114885811837868056421842,0.02308851160350051627536943311,false,false,true,false,cftc_normalized_net_q10_reversal_v1
SUGAR NO. 11 - ICE FUTURES U.S.,080732,2024-05-07,2024-05-10T19:30:00Z,cftc_ordinary_rule_estimate_not_holiday_verified,cftc_sugar_no11_selected_history_e1eadfec2053,https://publicreporting.cftc.gov/resource/72hh-3qpy.json?%24select=report_date_as_yyyy_mm_dd%2Ccftc_contract_market_code%2Cmarket_and_exchange_names%2Copen_interest_all%2Cm_money_positions_long_all%2Cm_money_positions_short_all%2Cm_money_positions_spread%2Ccontract_units%2Cfutonly_or_combined&%24where=cftc_contract_market_code%3D%27080732%27+AND+report_date_as_yyyy_mm_dd%3E%3D%272009-09-01T00%3A00%3A00.000%27+AND+report_date_as_yyyy_mm_dd%3C%3D%272026-08-11T00%3A00%3A00.000%27&%24order=report_date_as_yyyy_mm_dd&%24limit=5000,e1eadfec20535920e28d87b1a02245d9241765f4ae199f31c25d130fdaf7d93a,134181,139289,-5108,825438,-0.006188229764076768939641741718,766,-0.1074114885811837868056421842,0.007446836594374194539306481844,false,false,true,false,cftc_normalized_net_q10_reversal_v1
SUGAR NO. 11 - ICE FUTURES U.S.,080732,2024-05-14,2024-05-17T19:30:00Z,cftc_ordinary_rule_estimate_not_holiday_verified,cftc_sugar_no11_selected_history_e1eadfec2053,https://publicreporting.cftc.gov/resource/72hh-3qpy.json?%24select=report_date_as_yyyy_mm_dd%2Ccftc_contract_market_code%2Cmarket_and_exchange_names%2Copen_interest_all%2Cm_money_positions_long_all%2Cm_money_positions_short_all%2Cm_money_positions_spread%2Ccontract_units%2Cfutonly_or_combined&%24where=cftc_contract_market_code%3D%27080732%27+AND+report_date_as_yyyy_mm_dd%3E%3D%272009-09-01T00%3A00%3A00.000%27+AND+report_date_as_yyyy_mm_dd%3C%3D%272026-08-11T00%3A00%3A00.000%27&%24order=report_date_as_yyyy_mm_dd&%24limit=5000,e1eadfec20535920e28d87b1a02245d9241765f4ae199f31c25d130fdaf7d93a,135567,151079,-15512,829891,-0.01869161130799104942697293982,767,-0.1074114885811837868056421842,-0.006188229764076768939641741718,false,false,true,false,cftc_normalized_net_q10_reversal_v1
SUGAR NO. 11 - ICE FUTURES U.S.,080732,2024-05-21,2024-05-24T19:30:00Z,cftc_ordinary_rule_estimate_not_holiday_verified,cftc_sugar_no11_selected_history_e1eadfec2053,https://publicreporting.cftc.gov/resource/72hh-3qpy.json?%24select=report_date_as_yyyy_mm_dd%2Ccftc_contract_market_code%2Cmarket_and_exchange_names%2Copen_interest_all%2Cm_money_positions_long_all%2Cm_money_positions_short_all%2Cm_money_positions_spread%2Ccontract_units%2Cfutonly_or_combined&%24where=cftc_contract_market_code%3D%27080732%27+AND+report_date_as_yyyy_mm_dd%3E%3D%272009-09-01T00%3A00%3A00.000%27+AND+report_date_as_yyyy_mm_dd%3C%3D%272026-08-11T00%3A00%3A00.000%27&%24order=report_date_as_yyyy_mm_dd&%24limit=5000,e1eadfec20535920e28d87b1a02245d9241765f4ae199f31c25d130fdaf7d93a,132226,162946,-30720,858459,-0.03578505205257327373817503224,768,-0.1074114885811837868056421842,-0.01869161130799104942697293982,false,false,true,false,cftc_normalized_net_q10_reversal_v1
SUGAR NO. 11 - ICE FUTURES U.S.,080732,2024-05-28,2024-05-31T19:30:00Z,cftc_ordinary_rule_estimate_not_holiday_verified,cftc_sugar_no11_selected_history_e1eadfec2053,https://publicreporting.cftc.gov/resource/72hh-3qpy.json?%24select=report_date_as_yyyy_mm_dd%2Ccftc_contract_market_code%2Cmarket_and_exchange_names%2Copen_interest_all%2Cm_money_positions_long_all%2Cm_money_positions_short_all%2Cm_money_positions_spread%2Ccontract_units%2Cfutonly_or_combined&%24where=cftc_contract_market_code%3D%27080732%27+AND+report_date_as_yyyy_mm_dd%3E%3D%272009-09-01T00%3A00%3A00.000%27+AND+report_date_as_yyyy_mm_dd%3C%3D%272026-08-11T00%3A00%3A00.000%27&%24order=report_date_as_yyyy_mm_dd&%24limit=5000,e1eadfec20535920e28d87b1a02245d9241765f4ae199f31c25d130fdaf7d93a,134108,169121,-35013,875017,-0.04001407972645102895143751493,769,-0.1074114885811837868056421842,-0.03578505205257327373817503224,false,false,true,false,cftc_normalized_net_q10_reversal_v1
SUGAR NO. 11 - ICE FUTURES U.S.,080732,2024-06-04,2024-06-07T19:30:00Z,cftc_ordinary_rule_estimate_not_holiday_verified,cftc_sugar_no11_selected_history_e1eadfec2053,https://publicreporting.cftc.gov/resource/72hh-3qpy.json?%24select=report_date_as_yyyy_mm_dd%2Ccftc_contract_market_code%2Cmarket_and_exchange_names%2Copen_interest_all%2Cm_money_positions_long_all%2Cm_money_positions_short_all%2Cm_money_positions_spread%2Ccontract_units%2Cfutonly_or_combined&%24where=cftc_contract_market_code%3D%27080732%27+AND+report_date_as_yyyy_mm_dd%3E%3D%272009-09-01T00%3A00%3A00.000%27+AND+report_date_as_yyyy_mm_dd%3C%3D%272026-08-11T00%3A00%3A00.000%27&%24order=report_date_as_yyyy_mm_dd&%24limit=5000,e1eadfec20535920e28d87b1a02245d9241765f4ae199f31c25d130fdaf7d93a,123100,166060,-42960,881990,-0.04870803523849476751437091123,770,-0.1074114885811837868056421842,-0.04001407972645102895143751493,false,false,true,false,cftc_normalized_net_q10_reversal_v1
SUGAR NO. 11 - ICE FUTURES U.S.,080732,2024-06-11,2024-06-14T19:30:00Z,cftc_ordinary_rule_estimate_not_holiday_verified,cftc_sugar_no11_selected_history_e1eadfec2053,https://publicreporting.cftc.gov/resource/72hh-3qpy.json?%24select=report_date_as_yyyy_mm_dd%2Ccftc_contract_market_code%2Cmarket_and_exchange_names%2Copen_interest_all%2Cm_money_positions_long_all%2Cm_money_positions_short_all%2Cm_money_positions_spread%2Ccontract_units%2Cfutonly_or_combined&%24where=cftc_contract_market_code%3D%27080732%27+AND+report_date_as_yyyy_mm_dd%3E%3D%272009-09-01T00%3A00%3A00.000%27+AND+report_date_as_yyyy_mm_dd%3C%3D%272026-08-11T00%3A00%3A00.000%27&%24order=report_date_as_yyyy_mm_dd&%24limit=5000,e1eadfec20535920e28d87b1a02245d9241765f4ae199f31c25d130fdaf7d93a,121807,153210,-31403,858042,-0.03659844156812836667668948606,771,-0.1071626196851405538232370782,-0.04870803523849476751437091123,false,true,true,false,cftc_normalized_net_q10_reversal_v1
SUGAR NO. 11 - ICE FUTURES U.S.,080732,2024-06-18,2024-06-24T19:30:00Z,cftc_official_historical_release_verified,cftc_sugar_no11_selected_history_e1eadfec2053,https://publicreporting.cftc.gov/resource/72hh-3qpy.json?%24select=report_date_as_yyyy_mm_dd%2Ccftc_contract_market_code%2Cmarket_and_exchange_names%2Copen_interest_all%2Cm_money_positions_long_all%2Cm_money_positions_short_all%2Cm_money_positions_spread%2Ccontract_units%2Cfutonly_or_combined&%24where=cftc_contract_market_code%3D%27080732%27+AND+report_date_as_yyyy_mm_dd%3E%3D%272009-09-01T00%3A00%3A00.000%27+AND+report_date_as_yyyy_mm_dd%3C%3D%272026-08-11T00%3A00%3A00.000%27&%24order=report_date_as_yyyy_mm_dd&%24limit=5000,e1eadfec20535920e28d87b1a02245d9241765f4ae199f31c25d130fdaf7d93a,115581,130688,-15107,829375,-0.01821492087415222305953278071,772,-0.1071626196851405538232370782,-0.03659844156812836667668948606,false,true,true,false,cftc_normalized_net_q10_reversal_v1
SUGAR NO. 11 - ICE FUTURES U.S.,080732,2024-06-25,2024-06-28T19:30:00Z,cftc_ordinary_rule_estimate_not_holiday_verified,cftc_sugar_no11_selected_history_e1eadfec2053,https://publicreporting.cftc.gov/resource/72hh-3qpy.json?%24select=report_date_as_yyyy_mm_dd%2Ccftc_contract_market_code%2Cmarket_and_exchange_names%2Copen_interest_all%2Cm_money_positions_long_all%2Cm_money_positions_short_all%2Cm_money_positions_spread%2Ccontract_units%2Cfutonly_or_combined&%24where=cftc_contract_market_code%3D%27080732%27+AND+report_date_as_yyyy_mm_dd%3E%3D%272009-09-01T00%3A00%3A00.000%27+AND+report_date_as_yyyy_mm_dd%3C%3D%272026-08-11T00%3A00%3A00.000%27&%24order=report_date_as_yyyy_mm_dd&%24limit=5000,e1eadfec20535920e28d87b1a02245d9241765f4ae199f31c25d130fdaf7d93a,114227,116133,-1906,808974,-0.00235607077606944104507685043,773,-0.1071626196851405538232370782,-0.01821492087415222305953278071,false,true,true,false,cftc_normalized_net_q10_reversal_v1
SUGAR NO. 11 - ICE FUTURES U.S.,080732,2024-07-02,2024-07-08T19:30:00Z,cftc_official_historical_release_verified,cftc_sugar_no11_selected_history_e1eadfec2053,https://publicreporting.cftc.gov/resource/72hh-3qpy.json?%24select=report_date_as_yyyy_mm_dd%2Ccftc_contract_market_code%2Cmarket_and_exchange_names%2Copen_interest_all%2Cm_money_positions_long_all%2Cm_money_positions_short_all%2Cm_money_positions_spread%2Ccontract_units%2Cfutonly_or_combined&%24where=cftc_contract_market_code%3D%27080732%27+AND+report_date_as_yyyy_mm_dd%3E%3D%272009-09-01T00%3A00%3A00.000%27+AND+report_date_as_yyyy_mm_dd%3C%3D%272026-08-11T00%3A00%3A00.000%27&%24order=report_date_as_yyyy_mm_dd&%24limit=5000,e1eadfec20535920e28d87b1a02245d9241765f4ae199f31c25d130fdaf7d93a,117154,82269,34885,775139,0.04500483139153106733114963897,774,-0.1071626196851405538232370782,-0.00235607077606944104507685043,false,true,true,false,cftc_normalized_net_q10_reversal_v1
SUGAR NO. 11 - ICE FUTURES U.S.,080732,2024-07-09,2024-07-12T19:30:00Z,cftc_ordinary_rule_estimate_not_holiday_verified,cftc_sugar_no11_selected_history_e1eadfec2053,https://publicreporting.cftc.gov/resource/72hh-3qpy.json?%24select=report_date_as_yyyy_mm_dd%2Ccftc_contract_market_code%2Cmarket_and_exchange_names%2Copen_interest_all%2Cm_money_positions_long_all%2Cm_money_positions_short_all%2Cm_money_positions_spread%2Ccontract_units%2Cfutonly_or_combined&%24where=cftc_contract_market_code%3D%27080732%27+AND+report_date_as_yyyy_mm_dd%3E%3D%272009-09-01T00%3A00%3A00.000%27+AND+report_date_as_yyyy_mm_dd%3C%3D%272026-08-11T00%3A00%3A00.000%27&%24order=report_date_as_yyyy_mm_dd&%24limit=5000,e1eadfec20535920e28d87b1a02245d9241765f4ae199f31c25d130fdaf7d93a,112647,72334,40313,778762,0.05176549446429075892249493427,775,-0.1071626196851405538232370782,0.04500483139153106733114963897,false,true,true,false,cftc_normalized_net_q10_reversal_v1
SUGAR NO. 11 - ICE FUTURES U.S.,080732,2024-07-16,2024-07-19T19:30:00Z,cftc_ordinary_rule_estimate_not_holiday_verified,cftc_sugar_no11_selected_history_e1eadfec2053,https://publicreporting.cftc.gov/resource/72hh-3qpy.json?%24select=report_date_as_yyyy_mm_dd%2Ccftc_contract_market_code%2Cmarket_and_exchange_names%2Copen_interest_all%2Cm_money_positions_long_all%2Cm_money_positions_short_all%2Cm_money_positions_spread%2Ccontract_units%2Cfutonly_or_combined&%24where=cftc_contract_market_code%3D%27080732%27+AND+report_date_as_yyyy_mm_dd%3E%3D%272009-09-01T00%3A00%3A00.000%27+AND+report_date_as_yyyy_mm_dd%3C%3D%272026-08-11T00%3A00%3A00.000%27&%24order=report_date_as_yyyy_mm_dd&%24limit=5000,e1eadfec20535920e28d87b1a02245d9241765f4ae199f31c25d130fdaf7d93a,114448,77148,37300,769545,0.04847019992333131915612472305,776,-0.1071626196851405538232370782,0.05176549446429075892249493427,false,false,true,false,cftc_normalized_net_q10_reversal_v1
SUGAR NO. 11 - ICE FUTURES U.S.,080732,2024-07-23,2024-07-26T19:30:00Z,cftc_ordinary_rule_estimate_not_holiday_verified,cftc_sugar_no11_selected_history_e1eadfec2053,https://publicreporting.cftc.gov/resource/72hh-3qpy.json?%24select=report_date_as_yyyy_mm_dd%2Ccftc_contract_market_code%2Cmarket_and_exchange_names%2Copen_interest_all%2Cm_money_positions_long_all%2Cm_money_positions_short_all%2Cm_money_positions_spread%2Ccontract_units%2Cfutonly_or_combined&%24where=cftc_contract_market_code%3D%27080732%27+AND+report_date_as_yyyy_mm_dd%3E%3D%272009-09-01T00%3A00%3A00.000%27+AND+report_date_as_yyyy_mm_dd%3C%3D%272026-08-11T00%3A00%3A00.000%27&%24order=report_date_as_yyyy_mm_dd&%24limit=5000,e1eadfec20535920e28d87b1a02245d9241765f4ae199f31c25d130fdaf7d93a,107238,109038,-1800,787803,-0.002284835168182908671330269116,777,-0.1071626196851405538232370782,0.04847019992333131915612472305,false,false,true,false,cftc_normalized_net_q10_reversal_v1
SUGAR NO. 11 - ICE FUTURES U.S.,080732,2024-07-30,2024-08-02T19:30:00Z,cftc_ordinary_rule_estimate_not_holiday_verified,cftc_sugar_no11_selected_history_e1eadfec2053,https://publicreporting.cftc.gov/resource/72hh-3qpy.json?%24select=report_date_as_yyyy_mm_dd%2Ccftc_contract_market_code%2Cmarket_and_exchange_names%2Copen_interest_all%2Cm_money_positions_long_all%2Cm_money_positions_short_all%2Cm_money_positions_spread%2Ccontract_units%2Cfutonly_or_combined&%24where=cftc_contract_market_code%3D%27080732%27+AND+report_date_as_yyyy_mm_dd%3E%3D%272009-09-01T00%3A00%3A00.000%27+AND+report_date_as_yyyy_mm_dd%3C%3D%272026-08-11T00%3A00%3A00.000%27&%24order=report_date_as_yyyy_mm_dd&%24limit=5000,e1eadfec20535920e28d87b1a02245d9241765f4ae199f31c25d130fdaf7d93a,118970,115147,3823,794156,0.004813915653851384362770035106,778,-0.1071626196851405538232370782,-0.002284835168182908671330269116,false,true,true,false,cftc_normalized_net_q10_reversal_v1
SUGAR NO. 11 - ICE FUTURES U.S.,080732,2024-08-06,2024-08-09T19:30:00Z,cftc_ordinary_rule_estimate_not_holiday_verified,cftc_sugar_no11_selected_history_e1eadfec2053,https://publicreporting.cftc.gov/resource/72hh-3qpy.json?%24select=report_date_as_yyyy_mm_dd%2Ccftc_contract_market_code%2Cmarket_and_exchange_names%2Copen_interest_all%2Cm_money_positions_long_all%2Cm_money_positions_short_all%2Cm_money_positions_spread%2Ccontract_units%2Cfutonly_or_combined&%24where=cftc_contract_market_code%3D%27080732%27+AND+report_date_as_yyyy_mm_dd%3E%3D%272009-09-01T00%3A00%3A00.000%27+AND+report_date_as_yyyy_mm_dd%3C%3D%272026-08-11T00%3A00%3A00.000%27&%24order=report_date_as_yyyy_mm_dd&%24limit=5000,e1eadfec20535920e28d87b1a02245d9241765f4ae199f31c25d130fdaf7d93a,114942,127803,-12861,803315,-0.01600990893983057704636412864,779,-0.1071626196851405538232370782,0.004813915653851384362770035106,false,false,true,false,cftc_normalized_net_q10_reversal_v1
SUGAR NO. 11 - ICE FUTURES U.S.,080732,2024-08-13,2024-08-16T19:30:00Z,cftc_ordinary_rule_estimate_not_holiday_verified,cftc_sugar_no11_selected_history_e1eadfec2053,https://publicreporting.cftc.gov/resource/72hh-3qpy.json?%24select=report_date_as_yyyy_mm_dd%2Ccftc_contract_market_code%2Cmarket_and_exchange_names%2Copen_interest_all%2Cm_money_positions_long_all%2Cm_money_positions_short_all%2Cm_money_positions_spread%2Ccontract_units%2Cfutonly_or_combined&%24where=cftc_contract_market_code%3D%27080732%27+AND+report_date_as_yyyy_mm_dd%3E%3D%272009-09-01T00%3A00%3A00.000%27+AND+report_date_as_yyyy_mm_dd%3C%3D%272026-08-11T00%3A00%3A00.000%27&%24order=report_date_as_yyyy_mm_dd&%24limit=5000,e1eadfec20535920e28d87b1a02245d9241765f4ae199f31c25d130fdaf7d93a,116934,123018,-6084,808191,-0.007527923473535340037194178109,780,-0.1071626196851405538232370782,-0.01600990893983057704636412864,false,true,true,false,cftc_normalized_net_q10_reversal_v1
SUGAR NO. 11 - ICE FUTURES U.S.,080732,2024-08-20,2024-08-23T19:30:00Z,cftc_ordinary_rule_estimate_not_holiday_verified,cftc_sugar_no11_selected_history_e1eadfec2053,https://publicreporting.cftc.gov/resource/72hh-3qpy.json?%24select=report_date_as_yyyy_mm_dd%2Ccftc_contract_market_code%2Cmarket_and_exchange_names%2Copen_interest_all%2Cm_money_positions_long_all%2Cm_money_positions_short_all%2Cm_money_positions_spread%2Ccontract_units%2Cfutonly_or_combined&%24where=cftc_contract_market_code%3D%27080732%27+AND+report_date_as_yyyy_mm_dd%3E%3D%272009-09-01T00%3A00%3A00.000%27+AND+report_date_as_yyyy_mm_dd%3C%3D%272026-08-11T00%3A00%3A00.000%27&%24order=report_date_as_yyyy_mm_dd&%24limit=5000,e1eadfec20535920e28d87b1a02245d9241765f4ae199f31c25d130fdaf7d93a,113608,135726,-22118,822948,-0.02687654627023821675245580523,781,-0.1070946825950926839565683454,-0.007527923473535340037194178109,false,false,true,false,cftc_normalized_net_q10_reversal_v1
SUGAR NO. 11 - ICE FUTURES U.S.,080732,2024-08-27,2024-08-30T19:30:00Z,cftc_ordinary_rule_estimate_not_holiday_verified,cftc_sugar_no11_selected_history_e1eadfec2053,https://publicreporting.cftc.gov/resource/72hh-3qpy.json?%24select=report_date_as_yyyy_mm_dd%2Ccftc_contract_market_code%2Cmarket_and_exchange_names%2Copen_interest_all%2Cm_money_positions_long_all%2Cm_money_positions_short_all%2Cm_money_positions_spread%2Ccontract_units%2Cfutonly_or_combined&%24where=cftc_contract_market_code%3D%27080732%27+AND+report_date_as_yyyy_mm_dd%3E%3D%272009-09-01T00%3A00%3A00.000%27+AND+report_date_as_yyyy_mm_dd%3C%3D%272026-08-11T00%3A00%3A00.000%27&%24order=report_date_as_yyyy_mm_dd&%24limit=5000,e1eadfec20535920e28d87b1a02245d9241765f4ae199f31c25d130fdaf7d93a,123119,107750,15369,831103,0.01849229277237598709185263439,782,-0.1070946825950926839565683454,-0.02687654627023821675245580523,false,true,true,false,cftc_normalized_net_q10_reversal_v1
SUGAR NO. 11 - ICE FUTURES U.S.,080732,2024-09-03,2024-09-06T19:30:00Z,cftc_ordinary_rule_estimate_not_holiday_verified,cftc_sugar_no11_selected_history_e1eadfec2053,https://publicreporting.cftc.gov/resource/72hh-3qpy.json?%24select=report_date_as_yyyy_mm_dd%2Ccftc_contract_market_code%2Cmarket_and_exchange_names%2Copen_interest_all%2Cm_money_positions_long_all%2Cm_money_positions_short_all%2Cm_money_positions_spread%2Ccontract_units%2Cfutonly_or_combined&%24where=cftc_contract_market_code%3D%27080732%27+AND+report_date_as_yyyy_mm_dd%3E%3D%272009-09-01T00%3A00%3A00.000%27+AND+report_date_as_yyyy_mm_dd%3C%3D%272026-08-11T00%3A00%3A00.000%27&%24order=report_date_as_yyyy_mm_dd&%24limit=5000,e1eadfec20535920e28d87b1a02245d9241765f4ae199f31c25d130fdaf7d93a,123351,79117,44234,831823,0.0531771783179835133195403349,783,-0.1070946825950926839565683454,0.01849229277237598709185263439,false,true,true,false,cftc_normalized_net_q10_reversal_v1
SUGAR NO. 11 - ICE FUTURES U.S.,080732,2024-09-10,2024-09-13T19:30:00Z,cftc_ordinary_rule_estimate_not_holiday_verified,cftc_sugar_no11_selected_history_e1eadfec2053,https://publicreporting.cftc.gov/resource/72hh-3qpy.json?%24select=report_date_as_yyyy_mm_dd%2Ccftc_contract_market_code%2Cmarket_and_exchange_names%2Copen_interest_all%2Cm_money_positions_long_all%2Cm_money_positions_short_all%2Cm_money_positions_spread%2Ccontract_units%2Cfutonly_or_combined&%24where=cftc_contract_market_code%3D%27080732%27+AND+report_date_as_yyyy_mm_dd%3E%3D%272009-09-01T00%3A00%3A00.000%27+AND+report_date_as_yyyy_mm_dd%3C%3D%272026-08-11T00%3A00%3A00.000%27&%24order=report_date_as_yyyy_mm_dd&%24limit=5000,e1eadfec20535920e28d87b1a02245d9241765f4ae199f31c25d130fdaf7d93a,113342,82174,31168,819876,0.03801550478365021051963955525,784,-0.1070946825950926839565683454,0.0531771783179835133195403349,false,false,true,false,cftc_normalized_net_q10_reversal_v1
SUGAR NO. 11 - ICE FUTURES U.S.,080732,2024-09-17,2024-09-20T19:30:00Z,cftc_ordinary_rule_estimate_not_holiday_verified,cftc_sugar_no11_selected_history_e1eadfec2053,https://publicreporting.cftc.gov/resource/72hh-3qpy.json?%24select=report_date_as_yyyy_mm_dd%2Ccftc_contract_market_code%2Cmarket_and_exchange_names%2Copen_interest_all%2Cm_money_positions_long_all%2Cm_money_positions_short_all%2Cm_money_positions_spread%2Ccontract_units%2Cfutonly_or_combined&%24where=cftc_contract_market_code%3D%27080732%27+AND+report_date_as_yyyy_mm_dd%3E%3D%272009-09-01T00%3A00%3A00.000%27+AND+report_date_as_yyyy_mm_dd%3C%3D%272026-08-11T00%3A00%3A00.000%27&%24order=report_date_as_yyyy_mm_dd&%24limit=5000,e1eadfec20535920e28d87b1a02245d9241765f4ae199f31c25d130fdaf7d93a,118778,64958,53820,756272,0.07116487189794148137178158123,785,-0.1070946825950926839565683454,0.03801550478365021051963955525,false,true,true,false,cftc_normalized_net_q10_reversal_v1
SUGAR NO. 11 - ICE FUTURES U.S.,080732,2024-09-24,2024-09-27T19:30:00Z,cftc_ordinary_rule_estimate_not_holiday_verified,cftc_sugar_no11_selected_history_e1eadfec2053,https://publicreporting.cftc.gov/resource/72hh-3qpy.json?%24select=report_date_as_yyyy_mm_dd%2Ccftc_contract_market_code%2Cmarket_and_exchange_names%2Copen_interest_all%2Cm_money_positions_long_all%2Cm_money_positions_short_all%2Cm_money_positions_spread%2Ccontract_units%2Cfutonly_or_combined&%24where=cftc_contract_market_code%3D%27080732%27+AND+report_date_as_yyyy_mm_dd%3E%3D%272009-09-01T00%3A00%3A00.000%27+AND+report_date_as_yyyy_mm_dd%3C%3D%272026-08-11T00%3A00%3A00.000%27&%24order=report_date_as_yyyy_mm_dd&%24limit=5000,e1eadfec20535920e28d87b1a02245d9241765f4ae199f31c25d130fdaf7d93a,148460,34169,114291,810059,0.1410897230942437526155502254,786,-0.1070946825950926839565683454,0.07116487189794148137178158123,false,true,true,false,cftc_normalized_net_q10_reversal_v1
SUGAR NO. 11 - ICE FUTURES U.S.,080732,2024-10-01,2024-10-04T19:30:00Z,cftc_ordinary_rule_estimate_not_holiday_verified,cftc_sugar_no11_selected_history_e1eadfec2053,https://publicreporting.cftc.gov/resource/72hh-3qpy.json?%24select=report_date_as_yyyy_mm_dd%2Ccftc_contract_market_code%2Cmarket_and_exchange_names%2Copen_interest_all%2Cm_money_positions_long_all%2Cm_money_positions_short_all%2Cm_money_positions_spread%2Ccontract_units%2Cfutonly_or_combined&%24where=cftc_contract_market_code%3D%27080732%27+AND+report_date_as_yyyy_mm_dd%3E%3D%272009-09-01T00%3A00%3A00.000%27+AND+report_date_as_yyyy_mm_dd%3C%3D%272026-08-11T00%3A00%3A00.000%27&%24order=report_date_as_yyyy_mm_dd&%24limit=5000,e1eadfec20535920e28d87b1a02245d9241765f4ae199f31c25d130fdaf7d93a,180068,46319,133749,791833,0.168910616253679753180279175,787,-0.1070946825950926839565683454,0.1410897230942437526155502254,false,true,true,false,cftc_normalized_net_q10_reversal_v1
SUGAR NO. 11 - ICE FUTURES U.S.,080732,2024-10-08,2024-10-11T19:30:00Z,cftc_ordinary_rule_estimate_not_holiday_verified,cftc_sugar_no11_selected_history_e1eadfec2053,https://publicreporting.cftc.gov/resource/72hh-3qpy.json?%24select=report_date_as_yyyy_mm_dd%2Ccftc_contract_market_code%2Cmarket_and_exchange_names%2Copen_interest_all%2Cm_money_positions_long_all%2Cm_money_positions_short_all%2Cm_money_positions_spread%2Ccontract_units%2Cfutonly_or_combined&%24where=cftc_contract_market_code%3D%27080732%27+AND+report_date_as_yyyy_mm_dd%3E%3D%272009-09-01T00%3A00%3A00.000%27+AND+report_date_as_yyyy_mm_dd%3C%3D%272026-08-11T00%3A00%3A00.000%27&%24order=report_date_as_yyyy_mm_dd&%24limit=5000,e1eadfec20535920e28d87b1a02245d9241765f4ae199f31c25d130fdaf7d93a,179209,54504,124705,799899,0.1559009324927272068098597448,788,-0.1070946825950926839565683454,0.168910616253679753180279175,false,false,true,false,cftc_normalized_net_q10_reversal_v1
SUGAR NO. 11 - ICE FUTURES U.S.,080732,2024-10-15,2024-10-18T19:30:00Z,cftc_ordinary_rule_estimate_not_holiday_verified,cftc_sugar_no11_selected_history_e1eadfec2053,https://publicreporting.cftc.gov/resource/72hh-3qpy.json?%24select=report_date_as_yyyy_mm_dd%2Ccftc_contract_market_code%2Cmarket_and_exchange_names%2Copen_interest_all%2Cm_money_positions_long_all%2Cm_money_positions_short_all%2Cm_money_positions_spread%2Ccontract_units%2Cfutonly_or_combined&%24where=cftc_contract_market_code%3D%27080732%27+AND+report_date_as_yyyy_mm_dd%3E%3D%272009-09-01T00%3A00%3A00.000%27+AND+report_date_as_yyyy_mm_dd%3C%3D%272026-08-11T00%3A00%3A00.000%27&%24order=report_date_as_yyyy_mm_dd&%24limit=5000,e1eadfec20535920e28d87b1a02245d9241765f4ae199f31c25d130fdaf7d93a,180835,57254,123581,813905,0.1518371308690817724427298026,789,-0.1070946825950926839565683454,0.1559009324927272068098597448,false,false,true,false,cftc_normalized_net_q10_reversal_v1
SUGAR NO. 11 - ICE FUTURES U.S.,080732,2024-10-22,2024-10-25T19:30:00Z,cftc_ordinary_rule_estimate_not_holiday_verified,cftc_sugar_no11_selected_history_e1eadfec2053,https://publicreporting.cftc.gov/resource/72hh-3qpy.json?%24select=report_date_as_yyyy_mm_dd%2Ccftc_contract_market_code%2Cmarket_and_exchange_names%2Copen_interest_all%2Cm_money_positions_long_all%2Cm_money_positions_short_all%2Cm_money_positions_spread%2Ccontract_units%2Cfutonly_or_combined&%24where=cftc_contract_market_code%3D%27080732%27+AND+report_date_as_yyyy_mm_dd%3E%3D%272009-09-01T00%3A00%3A00.000%27+AND+report_date_as_yyyy_mm_dd%3C%3D%272026-08-11T00%3A00%3A00.000%27&%24order=report_date_as_yyyy_mm_dd&%24limit=5000,e1eadfec20535920e28d87b1a02245d9241765f4ae199f31c25d130fdaf7d93a,173398,62252,111146,824496,0.1348047777066231976868292872,790,-0.1070946825950926839565683454,0.1518371308690817724427298026,false,false,true,false,cftc_normalized_net_q10_reversal_v1
SUGAR NO. 11 - ICE FUTURES U.S.,080732,2024-10-29,2024-11-01T19:30:00Z,cftc_ordinary_rule_estimate_not_holiday_verified,cftc_sugar_no11_selected_history_e1eadfec2053,https://publicreporting.cftc.gov/resource/72hh-3qpy.json?%24select=report_date_as_yyyy_mm_dd%2Ccftc_contract_market_code%2Cmarket_and_exchange_names%2Copen_interest_all%2Cm_money_positions_long_all%2Cm_money_positions_short_all%2Cm_money_positions_spread%2Ccontract_units%2Cfutonly_or_combined&%24where=cftc_contract_market_code%3D%27080732%27+AND+report_date_as_yyyy_mm_dd%3E%3D%272009-09-01T00%3A00%3A00.000%27+AND+report_date_as_yyyy_mm_dd%3C%3D%272026-08-11T00%3A00%3A00.000%27&%24order=report_date_as_yyyy_mm_dd&%24limit=5000,e1eadfec20535920e28d87b1a02245d9241765f4ae199f31c25d130fdaf7d93a,171559,69196,102363,850281,0.1203872602116241571903876483,791,-0.1063080208091498627333195216,0.1348047777066231976868292872,false,false,true,false,cftc_normalized_net_q10_reversal_v1
SUGAR NO. 11 - ICE FUTURES U.S.,080732,2024-11-05,2024-11-08T20:30:00Z,cftc_ordinary_rule_estimate_not_holiday_verified,cftc_sugar_no11_selected_history_e1eadfec2053,https://publicreporting.cftc.gov/resource/72hh-3qpy.json?%24select=report_date_as_yyyy_mm_dd%2Ccftc_contract_market_code%2Cmarket_and_exchange_names%2Copen_interest_all%2Cm_money_positions_long_all%2Cm_money_positions_short_all%2Cm_money_positions_spread%2Ccontract_units%2Cfutonly_or_combined&%24where=cftc_contract_market_code%3D%27080732%27+AND+report_date_as_yyyy_mm_dd%3E%3D%272009-09-01T00%3A00%3A00.000%27+AND+report_date_as_yyyy_mm_dd%3C%3D%272026-08-11T00%3A00%3A00.000%27&%24order=report_date_as_yyyy_mm_dd&%24limit=5000,e1eadfec20535920e28d87b1a02245d9241765f4ae199f31c25d130fdaf7d93a,165863,67521,98342,863169,0.1139313390541133891509078755,792,-0.1063080208091498627333195216,0.1203872602116241571903876483,false,false,true,false,cftc_normalized_net_q10_reversal_v1
SUGAR NO. 11 - ICE FUTURES U.S.,080732,2024-11-12,2024-11-15T20:30:00Z,cftc_ordinary_rule_estimate_not_holiday_verified,cftc_sugar_no11_selected_history_e1eadfec2053,https://publicreporting.cftc.gov/resource/72hh-3qpy.json?%24select=report_date_as_yyyy_mm_dd%2Ccftc_contract_market_code%2Cmarket_and_exchange_names%2Copen_interest_all%2Cm_money_positions_long_all%2Cm_money_positions_short_all%2Cm_money_positions_spread%2Ccontract_units%2Cfutonly_or_combined&%24where=cftc_contract_market_code%3D%27080732%27+AND+report_date_as_yyyy_mm_dd%3E%3D%272009-09-01T00%3A00%3A00.000%27+AND+report_date_as_yyyy_mm_dd%3C%3D%272026-08-11T00%3A00%3A00.000%27&%24order=report_date_as_yyyy_mm_dd&%24limit=5000,e1eadfec20535920e28d87b1a02245d9241765f4ae199f31c25d130fdaf7d93a,157751,73730,84021,854106,0.09837303566536237890847271884,793,-0.1063080208091498627333195216,0.1139313390541133891509078755,false,false,true,false,cftc_normalized_net_q10_reversal_v1
SUGAR NO. 11 - ICE FUTURES U.S.,080732,2024-11-19,2024-11-22T20:30:00Z,cftc_ordinary_rule_estimate_not_holiday_verified,cftc_sugar_no11_selected_history_e1eadfec2053,https://publicreporting.cftc.gov/resource/72hh-3qpy.json?%24select=report_date_as_yyyy_mm_dd%2Ccftc_contract_market_code%2Cmarket_and_exchange_names%2Copen_interest_all%2Cm_money_positions_long_all%2Cm_money_positions_short_all%2Cm_money_positions_spread%2Ccontract_units%2Cfutonly_or_combined&%24where=cftc_contract_market_code%3D%27080732%27+AND+report_date_as_yyyy_mm_dd%3E%3D%272009-09-01T00%3A00%3A00.000%27+AND+report_date_as_yyyy_mm_dd%3C%3D%272026-08-11T00%3A00%3A00.000%27&%24order=report_date_as_yyyy_mm_dd&%24limit=5000,e1eadfec20535920e28d87b1a02245d9241765f4ae199f31c25d130fdaf7d93a,163380,72676,90704,879396,0.1031435212350294975187515067,794,-0.1063080208091498627333195216,0.09837303566536237890847271884,false,true,true,false,cftc_normalized_net_q10_reversal_v1
SUGAR NO. 11 - ICE FUTURES U.S.,080732,2024-11-26,2024-12-02T20:30:00Z,cftc_official_historical_release_verified,cftc_sugar_no11_selected_history_e1eadfec2053,https://publicreporting.cftc.gov/resource/72hh-3qpy.json?%24select=report_date_as_yyyy_mm_dd%2Ccftc_contract_market_code%2Cmarket_and_exchange_names%2Copen_interest_all%2Cm_money_positions_long_all%2Cm_money_positions_short_all%2Cm_money_positions_spread%2Ccontract_units%2Cfutonly_or_combined&%24where=cftc_contract_market_code%3D%27080732%27+AND+report_date_as_yyyy_mm_dd%3E%3D%272009-09-01T00%3A00%3A00.000%27+AND+report_date_as_yyyy_mm_dd%3C%3D%272026-08-11T00%3A00%3A00.000%27&%24order=report_date_as_yyyy_mm_dd&%24limit=5000,e1eadfec20535920e28d87b1a02245d9241765f4ae199f31c25d130fdaf7d93a,165851,75593,90258,877135,0.1029009217509277363233709748,795,-0.1063080208091498627333195216,0.1031435212350294975187515067,false,false,true,false,cftc_normalized_net_q10_reversal_v1
SUGAR NO. 11 - ICE FUTURES U.S.,080732,2024-12-03,2024-12-06T20:30:00Z,cftc_ordinary_rule_estimate_not_holiday_verified,cftc_sugar_no11_selected_history_e1eadfec2053,https://publicreporting.cftc.gov/resource/72hh-3qpy.json?%24select=report_date_as_yyyy_mm_dd%2Ccftc_contract_market_code%2Cmarket_and_exchange_names%2Copen_interest_all%2Cm_money_positions_long_all%2Cm_money_positions_short_all%2Cm_money_positions_spread%2Ccontract_units%2Cfutonly_or_combined&%24where=cftc_contract_market_code%3D%27080732%27+AND+report_date_as_yyyy_mm_dd%3E%3D%272009-09-01T00%3A00%3A00.000%27+AND+report_date_as_yyyy_mm_dd%3C%3D%272026-08-11T00%3A00%3A00.000%27&%24order=report_date_as_yyyy_mm_dd&%24limit=5000,e1eadfec20535920e28d87b1a02245d9241765f4ae199f31c25d130fdaf7d93a,167647,64397,103250,890137,0.1159933807941923546600130092,796,-0.1063080208091498627333195216,0.1029009217509277363233709748,false,true,true,false,cftc_normalized_net_q10_reversal_v1
SUGAR NO. 11 - ICE FUTURES U.S.,080732,2024-12-10,2024-12-13T20:30:00Z,cftc_ordinary_rule_estimate_not_holiday_verified,cftc_sugar_no11_selected_history_e1eadfec2053,https://publicreporting.cftc.gov/resource/72hh-3qpy.json?%24select=report_date_as_yyyy_mm_dd%2Ccftc_contract_market_code%2Cmarket_and_exchange_names%2Copen_interest_all%2Cm_money_positions_long_all%2Cm_money_positions_short_all%2Cm_money_positions_spread%2Ccontract_units%2Cfutonly_or_combined&%24where=cftc_contract_market_code%3D%27080732%27+AND+report_date_as_yyyy_mm_dd%3E%3D%272009-09-01T00%3A00%3A00.000%27+AND+report_date_as_yyyy_mm_dd%3C%3D%272026-08-11T00%3A00%3A00.000%27&%24order=report_date_as_yyyy_mm_dd&%24limit=5000,e1eadfec20535920e28d87b1a02245d9241765f4ae199f31c25d130fdaf7d93a,174304,63226,111078,930326,0.1193968565857559608137362602,797,-0.1063080208091498627333195216,0.1159933807941923546600130092,false,true,true,false,cftc_normalized_net_q10_reversal_v1
SUGAR NO. 11 - ICE FUTURES U.S.,080732,2024-12-17,2024-12-20T20:30:00Z,cftc_ordinary_rule_estimate_not_holiday_verified,cftc_sugar_no11_selected_history_e1eadfec2053,https://publicreporting.cftc.gov/resource/72hh-3qpy.json?%24select=report_date_as_yyyy_mm_dd%2Ccftc_contract_market_code%2Cmarket_and_exchange_names%2Copen_interest_all%2Cm_money_positions_long_all%2Cm_money_positions_short_all%2Cm_money_positions_spread%2Ccontract_units%2Cfutonly_or_combined&%24where=cftc_contract_market_code%3D%27080732%27+AND+report_date_as_yyyy_mm_dd%3E%3D%272009-09-01T00%3A00%3A00.000%27+AND+report_date_as_yyyy_mm_dd%3C%3D%272026-08-11T00%3A00%3A00.000%27&%24order=report_date_as_yyyy_mm_dd&%24limit=5000,e1eadfec20535920e28d87b1a02245d9241765f4ae199f31c25d130fdaf7d93a,161588,74125,87463,945162,0.09253757556905588671571645919,798,-0.1063080208091498627333195216,0.1193968565857559608137362602,false,false,true,false,cftc_normalized_net_q10_reversal_v1
SUGAR NO. 11 - ICE FUTURES U.S.,080732,2024-12-24,2024-12-30T20:30:00Z,cftc_official_historical_release_verified,cftc_sugar_no11_selected_history_e1eadfec2053,https://publicreporting.cftc.gov/resource/72hh-3qpy.json?%24select=report_date_as_yyyy_mm_dd%2Ccftc_contract_market_code%2Cmarket_and_exchange_names%2Copen_interest_all%2Cm_money_positions_long_all%2Cm_money_positions_short_all%2Cm_money_positions_spread%2Ccontract_units%2Cfutonly_or_combined&%24where=cftc_contract_market_code%3D%27080732%27+AND+report_date_as_yyyy_mm_dd%3E%3D%272009-09-01T00%3A00%3A00.000%27+AND+report_date_as_yyyy_mm_dd%3C%3D%272026-08-11T00%3A00%3A00.000%27&%24order=report_date_as_yyyy_mm_dd&%24limit=5000,e1eadfec20535920e28d87b1a02245d9241765f4ae199f31c25d130fdaf7d93a,155878,88729,67149,958813,0.07003346846569664783435351836,799,-0.1063080208091498627333195216,0.09253757556905588671571645919,false,false,true,false,cftc_normalized_net_q10_reversal_v1
SUGAR NO. 11 - ICE FUTURES U.S.,080732,2024-12-31,2025-01-06T20:30:00Z,cftc_official_historical_release_verified,cftc_sugar_no11_selected_history_e1eadfec2053,https://publicreporting.cftc.gov/resource/72hh-3qpy.json?%24select=report_date_as_yyyy_mm_dd%2Ccftc_contract_market_code%2Cmarket_and_exchange_names%2Copen_interest_all%2Cm_money_positions_long_all%2Cm_money_positions_short_all%2Cm_money_positions_spread%2Ccontract_units%2Cfutonly_or_combined&%24where=cftc_contract_market_code%3D%27080732%27+AND+report_date_as_yyyy_mm_dd%3E%3D%272009-09-01T00%3A00%3A00.000%27+AND+report_date_as_yyyy_mm_dd%3C%3D%272026-08-11T00%3A00%3A00.000%27&%24order=report_date_as_yyyy_mm_dd&%24limit=5000,e1eadfec20535920e28d87b1a02245d9241765f4ae199f31c25d130fdaf7d93a,156781,106871,49910,966547,0.05163742684008123764286682386,800,-0.1063080208091498627333195216,0.07003346846569664783435351836,false,false,true,false,cftc_normalized_net_q10_reversal_v1
SUGAR NO. 11 - ICE FUTURES U.S.,080732,2025-01-07,2025-01-13T20:30:00Z,cftc_official_special_announcement,cftc_sugar_no11_selected_history_e1eadfec2053,https://publicreporting.cftc.gov/resource/72hh-3qpy.json?%24select=report_date_as_yyyy_mm_dd%2Ccftc_contract_market_code%2Cmarket_and_exchange_names%2Copen_interest_all%2Cm_money_positions_long_all%2Cm_money_positions_short_all%2Cm_money_positions_spread%2Ccontract_units%2Cfutonly_or_combined&%24where=cftc_contract_market_code%3D%27080732%27+AND+report_date_as_yyyy_mm_dd%3E%3D%272009-09-01T00%3A00%3A00.000%27+AND+report_date_as_yyyy_mm_dd%3C%3D%272026-08-11T00%3A00%3A00.000%27&%24order=report_date_as_yyyy_mm_dd&%24limit=5000,e1eadfec20535920e28d87b1a02245d9241765f4ae199f31c25d130fdaf7d93a,155145,106484,48661,959156,0.05073314455625570814340941411,801,-0.1041684228272780915451403524,0.05163742684008123764286682386,false,false,true,false,cftc_normalized_net_q10_reversal_v1
SUGAR NO. 11 - ICE FUTURES U.S.,080732,2025-01-14,2025-01-17T20:30:00Z,cftc_ordinary_rule_estimate_not_holiday_verified,cftc_sugar_no11_selected_history_e1eadfec2053,https://publicreporting.cftc.gov/resource/72hh-3qpy.json?%24select=report_date_as_yyyy_mm_dd%2Ccftc_contract_market_code%2Cmarket_and_exchange_names%2Copen_interest_all%2Cm_money_positions_long_all%2Cm_money_positions_short_all%2Cm_money_positions_spread%2Ccontract_units%2Cfutonly_or_combined&%24where=cftc_contract_market_code%3D%27080732%27+AND+report_date_as_yyyy_mm_dd%3E%3D%272009-09-01T00%3A00%3A00.000%27+AND+report_date_as_yyyy_mm_dd%3C%3D%272026-08-11T00%3A00%3A00.000%27&%24order=report_date_as_yyyy_mm_dd&%24limit=5000,e1eadfec20535920e28d87b1a02245d9241765f4ae199f31c25d130fdaf7d93a,140372,138180,2192,987977,0.002218675131101230089364428524,802,-0.1041684228272780915451403524,0.05073314455625570814340941411,false,false,true,false,cftc_normalized_net_q10_reversal_v1
SUGAR NO. 11 - ICE FUTURES U.S.,080732,2025-01-21,2025-01-24T20:30:00Z,cftc_ordinary_rule_estimate_not_holiday_verified,cftc_sugar_no11_selected_history_e1eadfec2053,https://publicreporting.cftc.gov/resource/72hh-3qpy.json?%24select=report_date_as_yyyy_mm_dd%2Ccftc_contract_market_code%2Cmarket_and_exchange_names%2Copen_interest_all%2Cm_money_positions_long_all%2Cm_money_positions_short_all%2Cm_money_positions_spread%2Ccontract_units%2Cfutonly_or_combined&%24where=cftc_contract_market_code%3D%27080732%27+AND+report_date_as_yyyy_mm_dd%3E%3D%272009-09-01T00%3A00%3A00.000%27+AND+report_date_as_yyyy_mm_dd%3C%3D%272026-08-11T00%3A00%3A00.000%27&%24order=report_date_as_yyyy_mm_dd&%24limit=5000,e1eadfec20535920e28d87b1a02245d9241765f4ae199f31c25d130fdaf7d93a,129116,177347,-48231,992164,-0.0486119230288541007333465032,803,-0.1041684228272780915451403524,0.002218675131101230089364428524,false,false,true,false,cftc_normalized_net_q10_reversal_v1
SUGAR NO. 11 - ICE FUTURES U.S.,080732,2025-01-28,2025-01-31T20:30:00Z,cftc_ordinary_rule_estimate_not_holiday_verified,cftc_sugar_no11_selected_history_e1eadfec2053,https://publicreporting.cftc.gov/resource/72hh-3qpy.json?%24select=report_date_as_yyyy_mm_dd%2Ccftc_contract_market_code%2Cmarket_and_exchange_names%2Copen_interest_all%2Cm_money_positions_long_all%2Cm_money_positions_short_all%2Cm_money_positions_spread%2Ccontract_units%2Cfutonly_or_combined&%24where=cftc_contract_market_code%3D%27080732%27+AND+report_date_as_yyyy_mm_dd%3E%3D%272009-09-01T00%3A00%3A00.000%27+AND+report_date_as_yyyy_mm_dd%3C%3D%272026-08-11T00%3A00%3A00.000%27&%24order=report_date_as_yyyy_mm_dd&%24limit=5000,e1eadfec20535920e28d87b1a02245d9241765f4ae199f31c25d130fdaf7d93a,128262,174022,-45760,1002229,-0.04565822781021103959274776523,804,-0.1041684228272780915451403524,-0.0486119230288541007333465032,false,true,true,false,cftc_normalized_net_q10_reversal_v1
SUGAR NO. 11 - ICE FUTURES U.S.,080732,2025-02-04,2025-02-07T20:30:00Z,cftc_ordinary_rule_estimate_not_holiday_verified,cftc_sugar_no11_selected_history_e1eadfec2053,https://publicreporting.cftc.gov/resource/72hh-3qpy.json?%24select=report_date_as_yyyy_mm_dd%2Ccftc_contract_market_code%2Cmarket_and_exchange_names%2Copen_interest_all%2Cm_money_positions_long_all%2Cm_money_positions_short_all%2Cm_money_positions_spread%2Ccontract_units%2Cfutonly_or_combined&%24where=cftc_contract_market_code%3D%27080732%27+AND+report_date_as_yyyy_mm_dd%3E%3D%272009-09-01T00%3A00%3A00.000%27+AND+report_date_as_yyyy_mm_dd%3C%3D%272026-08-11T00%3A00%3A00.000%27&%24order=report_date_as_yyyy_mm_dd&%24limit=5000,e1eadfec20535920e28d87b1a02245d9241765f4ae199f31c25d130fdaf7d93a,125546,174650,-49104,1013425,-0.0484535116066803167476626292,805,-0.1041684228272780915451403524,-0.04565822781021103959274776523,false,false,true,false,cftc_normalized_net_q10_reversal_v1
SUGAR NO. 11 - ICE FUTURES U.S.,080732,2025-02-11,2025-02-14T20:30:00Z,cftc_ordinary_rule_estimate_not_holiday_verified,cftc_sugar_no11_selected_history_e1eadfec2053,https://publicreporting.cftc.gov/resource/72hh-3qpy.json?%24select=report_date_as_yyyy_mm_dd%2Ccftc_contract_market_code%2Cmarket_and_exchange_names%2Copen_interest_all%2Cm_money_positions_long_all%2Cm_money_positions_short_all%2Cm_money_positions_spread%2Ccontract_units%2Cfutonly_or_combined&%24where=cftc_contract_market_code%3D%27080732%27+AND+report_date_as_yyyy_mm_dd%3E%3D%272009-09-01T00%3A00%3A00.000%27+AND+report_date_as_yyyy_mm_dd%3C%3D%272026-08-11T00%3A00%3A00.000%27&%24order=report_date_as_yyyy_mm_dd&%24limit=5000,e1eadfec20535920e28d87b1a02245d9241765f4ae199f31c25d130fdaf7d93a,131753,173469,-41716,1011895,-0.04122562123540485919981816295,806,-0.1041684228272780915451403524,-0.0484535116066803167476626292,false,true,true,false,cftc_normalized_net_q10_reversal_v1
SUGAR NO. 11 - ICE FUTURES U.S.,080732,2025-02-18,2025-02-21T20:30:00Z,cftc_ordinary_rule_estimate_not_holiday_verified,cftc_sugar_no11_selected_history_e1eadfec2053,https://publicreporting.cftc.gov/resource/72hh-3qpy.json?%24select=report_date_as_yyyy_mm_dd%2Ccftc_contract_market_code%2Cmarket_and_exchange_names%2Copen_interest_all%2Cm_money_positions_long_all%2Cm_money_positions_short_all%2Cm_money_positions_spread%2Ccontract_units%2Cfutonly_or_combined&%24where=cftc_contract_market_code%3D%27080732%27+AND+report_date_as_yyyy_mm_dd%3E%3D%272009-09-01T00%3A00%3A00.000%27+AND+report_date_as_yyyy_mm_dd%3C%3D%272026-08-11T00%3A00%3A00.000%27&%24order=report_date_as_yyyy_mm_dd&%24limit=5000,e1eadfec20535920e28d87b1a02245d9241765f4ae199f31c25d130fdaf7d93a,126211,139716,-13505,988298,-0.01366490673865574958160392918,807,-0.1041684228272780915451403524,-0.04122562123540485919981816295,false,true,true,false,cftc_normalized_net_q10_reversal_v1
SUGAR NO. 11 - ICE FUTURES U.S.,080732,2025-02-25,2025-02-28T20:30:00Z,cftc_ordinary_rule_estimate_not_holiday_verified,cftc_sugar_no11_selected_history_e1eadfec2053,https://publicreporting.cftc.gov/resource/72hh-3qpy.json?%24select=report_date_as_yyyy_mm_dd%2Ccftc_contract_market_code%2Cmarket_and_exchange_names%2Copen_interest_all%2Cm_money_positions_long_all%2Cm_money_positions_short_all%2Cm_money_positions_spread%2Ccontract_units%2Cfutonly_or_combined&%24where=cftc_contract_market_code%3D%27080732%27+AND+report_date_as_yyyy_mm_dd%3E%3D%272009-09-01T00%3A00%3A00.000%27+AND+report_date_as_yyyy_mm_dd%3C%3D%272026-08-11T00%3A00%3A00.000%27&%24order=report_date_as_yyyy_mm_dd&%24limit=5000,e1eadfec20535920e28d87b1a02245d9241765f4ae199f31c25d130fdaf7d93a,134691,85460,49231,965822,0.0509731606859234931488410908,808,-0.1041684228272780915451403524,-0.01366490673865574958160392918,false,true,true,false,cftc_normalized_net_q10_reversal_v1
SUGAR NO. 11 - ICE FUTURES U.S.,080732,2025-03-04,2025-03-07T20:30:00Z,cftc_ordinary_rule_estimate_not_holiday_verified,cftc_sugar_no11_selected_history_e1eadfec2053,https://publicreporting.cftc.gov/resource/72hh-3qpy.json?%24select=report_date_as_yyyy_mm_dd%2Ccftc_contract_market_code%2Cmarket_and_exchange_names%2Copen_interest_all%2Cm_money_positions_long_all%2Cm_money_positions_short_all%2Cm_money_positions_spread%2Ccontract_units%2Cfutonly_or_combined&%24where=cftc_contract_market_code%3D%27080732%27+AND+report_date_as_yyyy_mm_dd%3E%3D%272009-09-01T00%3A00%3A00.000%27+AND+report_date_as_yyyy_mm_dd%3C%3D%272026-08-11T00%3A00%3A00.000%27&%24order=report_date_as_yyyy_mm_dd&%24limit=5000,e1eadfec20535920e28d87b1a02245d9241765f4ae199f31c25d130fdaf7d93a,124438,87072,37366,904274,0.04132154634546608660649316468,809,-0.1041684228272780915451403524,0.0509731606859234931488410908,false,false,true,false,cftc_normalized_net_q10_reversal_v1
SUGAR NO. 11 - ICE FUTURES U.S.,080732,2025-03-11,2025-03-14T19:30:00Z,cftc_ordinary_rule_estimate_not_holiday_verified,cftc_sugar_no11_selected_history_e1eadfec2053,https://publicreporting.cftc.gov/resource/72hh-3qpy.json?%24select=report_date_as_yyyy_mm_dd%2Ccftc_contract_market_code%2Cmarket_and_exchange_names%2Copen_interest_all%2Cm_money_positions_long_all%2Cm_money_positions_short_all%2Cm_money_positions_spread%2Ccontract_units%2Cfutonly_or_combined&%24where=cftc_contract_market_code%3D%27080732%27+AND+report_date_as_yyyy_mm_dd%3E%3D%272009-09-01T00%3A00%3A00.000%27+AND+report_date_as_yyyy_mm_dd%3C%3D%272026-08-11T00%3A00%3A00.000%27&%24order=report_date_as_yyyy_mm_dd&%24limit=5000,e1eadfec20535920e28d87b1a02245d9241765f4ae199f31c25d130fdaf7d93a,116829,95621,21208,881296,0.02406455946696683066756231731,810,-0.1041684228272780915451403524,0.04132154634546608660649316468,false,false,true,false,cftc_normalized_net_q10_reversal_v1
SUGAR NO. 11 - ICE FUTURES U.S.,080732,2025-03-18,2025-03-21T19:30:00Z,cftc_ordinary_rule_estimate_not_holiday_verified,cftc_sugar_no11_selected_history_e1eadfec2053,https://publicreporting.cftc.gov/resource/72hh-3qpy.json?%24select=report_date_as_yyyy_mm_dd%2Ccftc_contract_market_code%2Cmarket_and_exchange_names%2Copen_interest_all%2Cm_money_positions_long_all%2Cm_money_positions_short_all%2Cm_money_positions_spread%2Ccontract_units%2Cfutonly_or_combined&%24where=cftc_contract_market_code%3D%27080732%27+AND+report_date_as_yyyy_mm_dd%3E%3D%272009-09-01T00%3A00%3A00.000%27+AND+report_date_as_yyyy_mm_dd%3C%3D%272026-08-11T00%3A00%3A00.000%27&%24order=report_date_as_yyyy_mm_dd&%24limit=5000,e1eadfec20535920e28d87b1a02245d9241765f4ae199f31c25d130fdaf7d93a,135512,67522,67990,899339,0.075599968421251608125523301,811,-0.1006183922328461311654942926,0.02406455946696683066756231731,false,true,true,false,cftc_normalized_net_q10_reversal_v1
SUGAR NO. 11 - ICE FUTURES U.S.,080732,2025-03-25,2025-03-28T19:30:00Z,cftc_ordinary_rule_estimate_not_holiday_verified,cftc_sugar_no11_selected_history_e1eadfec2053,https://publicreporting.cftc.gov/resource/72hh-3qpy.json?%24select=report_date_as_yyyy_mm_dd%2Ccftc_contract_market_code%2Cmarket_and_exchange_names%2Copen_interest_all%2Cm_money_positions_long_all%2Cm_money_positions_short_all%2Cm_money_positions_spread%2Ccontract_units%2Cfutonly_or_combined&%24where=cftc_contract_market_code%3D%27080732%27+AND+report_date_as_yyyy_mm_dd%3E%3D%272009-09-01T00%3A00%3A00.000%27+AND+report_date_as_yyyy_mm_dd%3C%3D%272026-08-11T00%3A00%3A00.000%27&%24order=report_date_as_yyyy_mm_dd&%24limit=5000,e1eadfec20535920e28d87b1a02245d9241765f4ae199f31c25d130fdaf7d93a,159366,66640,92726,898876,0.1031577214209746394385877474,812,-0.1006183922328461311654942926,0.075599968421251608125523301,false,true,true,false,cftc_normalized_net_q10_reversal_v1
SUGAR NO. 11 - ICE FUTURES U.S.,080732,2025-04-01,2025-04-04T19:30:00Z,cftc_ordinary_rule_estimate_not_holiday_verified,cftc_sugar_no11_selected_history_e1eadfec2053,https://publicreporting.cftc.gov/resource/72hh-3qpy.json?%24select=report_date_as_yyyy_mm_dd%2Ccftc_contract_market_code%2Cmarket_and_exchange_names%2Copen_interest_all%2Cm_money_positions_long_all%2Cm_money_positions_short_all%2Cm_money_positions_spread%2Ccontract_units%2Cfutonly_or_combined&%24where=cftc_contract_market_code%3D%27080732%27+AND+report_date_as_yyyy_mm_dd%3E%3D%272009-09-01T00%3A00%3A00.000%27+AND+report_date_as_yyyy_mm_dd%3C%3D%272026-08-11T00%3A00%3A00.000%27&%24order=report_date_as_yyyy_mm_dd&%24limit=5000,e1eadfec20535920e28d87b1a02245d9241765f4ae199f31c25d130fdaf7d93a,166510,69015,97495,894479,0.1089964102007984536249593339,813,-0.1006183922328461311654942926,0.1031577214209746394385877474,false,true,true,false,cftc_normalized_net_q10_reversal_v1
SUGAR NO. 11 - ICE FUTURES U.S.,080732,2025-04-08,2025-04-11T19:30:00Z,cftc_ordinary_rule_estimate_not_holiday_verified,cftc_sugar_no11_selected_history_e1eadfec2053,https://publicreporting.cftc.gov/resource/72hh-3qpy.json?%24select=report_date_as_yyyy_mm_dd%2Ccftc_contract_market_code%2Cmarket_and_exchange_names%2Copen_interest_all%2Cm_money_positions_long_all%2Cm_money_positions_short_all%2Cm_money_positions_spread%2Ccontract_units%2Cfutonly_or_combined&%24where=cftc_contract_market_code%3D%27080732%27+AND+report_date_as_yyyy_mm_dd%3E%3D%272009-09-01T00%3A00%3A00.000%27+AND+report_date_as_yyyy_mm_dd%3C%3D%272026-08-11T00%3A00%3A00.000%27&%24order=report_date_as_yyyy_mm_dd&%24limit=5000,e1eadfec20535920e28d87b1a02245d9241765f4ae199f31c25d130fdaf7d93a,155883,60752,95131,873824,0.1088674607243563921338850844,814,-0.1006183922328461311654942926,0.1089964102007984536249593339,false,false,true,false,cftc_normalized_net_q10_reversal_v1
SUGAR NO. 11 - ICE FUTURES U.S.,080732,2025-04-15,2025-04-18T19:30:00Z,cftc_ordinary_rule_estimate_not_holiday_verified,cftc_sugar_no11_selected_history_e1eadfec2053,https://publicreporting.cftc.gov/resource/72hh-3qpy.json?%24select=report_date_as_yyyy_mm_dd%2Ccftc_contract_market_code%2Cmarket_and_exchange_names%2Copen_interest_all%2Cm_money_positions_long_all%2Cm_money_positions_short_all%2Cm_money_positions_spread%2Ccontract_units%2Cfutonly_or_combined&%24where=cftc_contract_market_code%3D%27080732%27+AND+report_date_as_yyyy_mm_dd%3E%3D%272009-09-01T00%3A00%3A00.000%27+AND+report_date_as_yyyy_mm_dd%3C%3D%272026-08-11T00%3A00%3A00.000%27&%24order=report_date_as_yyyy_mm_dd&%24limit=5000,e1eadfec20535920e28d87b1a02245d9241765f4ae199f31c25d130fdaf7d93a,142117,85457,56660,854643,0.06629668762278518632926262779,815,-0.1006183922328461311654942926,0.1088674607243563921338850844,false,false,true,false,cftc_normalized_net_q10_reversal_v1
SUGAR NO. 11 - ICE FUTURES U.S.,080732,2025-04-22,2025-04-25T19:30:00Z,cftc_ordinary_rule_estimate_not_holiday_verified,cftc_sugar_no11_selected_history_e1eadfec2053,https://publicreporting.cftc.gov/resource/72hh-3qpy.json?%24select=report_date_as_yyyy_mm_dd%2Ccftc_contract_market_code%2Cmarket_and_exchange_names%2Copen_interest_all%2Cm_money_positions_long_all%2Cm_money_positions_short_all%2Cm_money_positions_spread%2Ccontract_units%2Cfutonly_or_combined&%24where=cftc_contract_market_code%3D%27080732%27+AND+report_date_as_yyyy_mm_dd%3E%3D%272009-09-01T00%3A00%3A00.000%27+AND+report_date_as_yyyy_mm_dd%3C%3D%272026-08-11T00%3A00%3A00.000%27&%24order=report_date_as_yyyy_mm_dd&%24limit=5000,e1eadfec20535920e28d87b1a02245d9241765f4ae199f31c25d130fdaf7d93a,138613,86738,51875,830293,0.0624779445328335900700114297,816,-0.1006183922328461311654942926,0.06629668762278518632926262779,false,false,true,false,cftc_normalized_net_q10_reversal_v1
SUGAR NO. 11 - ICE FUTURES U.S.,080732,2025-04-29,2025-05-02T19:30:00Z,cftc_ordinary_rule_estimate_not_holiday_verified,cftc_sugar_no11_selected_history_e1eadfec2053,https://publicreporting.cftc.gov/resource/72hh-3qpy.json?%24select=report_date_as_yyyy_mm_dd%2Ccftc_contract_market_code%2Cmarket_and_exchange_names%2Copen_interest_all%2Cm_money_positions_long_all%2Cm_money_positions_short_all%2Cm_money_positions_spread%2Ccontract_units%2Cfutonly_or_combined&%24where=cftc_contract_market_code%3D%27080732%27+AND+report_date_as_yyyy_mm_dd%3E%3D%272009-09-01T00%3A00%3A00.000%27+AND+report_date_as_yyyy_mm_dd%3C%3D%272026-08-11T00%3A00%3A00.000%27&%24order=report_date_as_yyyy_mm_dd&%24limit=5000,e1eadfec20535920e28d87b1a02245d9241765f4ae199f31c25d130fdaf7d93a,136401,92698,43703,814178,0.05367745136812834539867203486,817,-0.1006183922328461311654942926,0.0624779445328335900700114297,false,false,true,false,cftc_normalized_net_q10_reversal_v1
SUGAR NO. 11 - ICE FUTURES U.S.,080732,2025-05-06,2025-05-09T19:30:00Z,cftc_ordinary_rule_estimate_not_holiday_verified,cftc_sugar_no11_selected_history_e1eadfec2053,https://publicreporting.cftc.gov/resource/72hh-3qpy.json?%24select=report_date_as_yyyy_mm_dd%2Ccftc_contract_market_code%2Cmarket_and_exchange_names%2Copen_interest_all%2Cm_money_positions_long_all%2Cm_money_positions_short_all%2Cm_money_positions_spread%2Ccontract_units%2Cfutonly_or_combined&%24where=cftc_contract_market_code%3D%27080732%27+AND+report_date_as_yyyy_mm_dd%3E%3D%272009-09-01T00%3A00%3A00.000%27+AND+report_date_as_yyyy_mm_dd%3C%3D%272026-08-11T00%3A00%3A00.000%27&%24order=report_date_as_yyyy_mm_dd&%24limit=5000,e1eadfec20535920e28d87b1a02245d9241765f4ae199f31c25d130fdaf7d93a,130222,112589,17633,797126,0.02212071868186459857036403279,818,-0.1006183922328461311654942926,0.05367745136812834539867203486,false,false,true,false,cftc_normalized_net_q10_reversal_v1
SUGAR NO. 11 - ICE FUTURES U.S.,080732,2025-05-13,2025-05-16T19:30:00Z,cftc_ordinary_rule_estimate_not_holiday_verified,cftc_sugar_no11_selected_history_e1eadfec2053,https://publicreporting.cftc.gov/resource/72hh-3qpy.json?%24select=report_date_as_yyyy_mm_dd%2Ccftc_contract_market_code%2Cmarket_and_exchange_names%2Copen_interest_all%2Cm_money_positions_long_all%2Cm_money_positions_short_all%2Cm_money_positions_spread%2Ccontract_units%2Cfutonly_or_combined&%24where=cftc_contract_market_code%3D%27080732%27+AND+report_date_as_yyyy_mm_dd%3E%3D%272009-09-01T00%3A00%3A00.000%27+AND+report_date_as_yyyy_mm_dd%3C%3D%272026-08-11T00%3A00%3A00.000%27&%24order=report_date_as_yyyy_mm_dd&%24limit=5000,e1eadfec20535920e28d87b1a02245d9241765f4ae199f31c25d130fdaf7d93a,134179,110374,23805,788002,0.03020931418955789452311034744,819,-0.1006183922328461311654942926,0.02212071868186459857036403279,false,true,true,false,cftc_normalized_net_q10_reversal_v1
SUGAR NO. 11 - ICE FUTURES U.S.,080732,2025-05-20,2025-05-23T19:30:00Z,cftc_ordinary_rule_estimate_not_holiday_verified,cftc_sugar_no11_selected_history_e1eadfec2053,https://publicreporting.cftc.gov/resource/72hh-3qpy.json?%24select=report_date_as_yyyy_mm_dd%2Ccftc_contract_market_code%2Cmarket_and_exchange_names%2Copen_interest_all%2Cm_money_positions_long_all%2Cm_money_positions_short_all%2Cm_money_positions_spread%2Ccontract_units%2Cfutonly_or_combined&%24where=cftc_contract_market_code%3D%27080732%27+AND+report_date_as_yyyy_mm_dd%3E%3D%272009-09-01T00%3A00%3A00.000%27+AND+report_date_as_yyyy_mm_dd%3C%3D%272026-08-11T00%3A00%3A00.000%27&%24order=report_date_as_yyyy_mm_dd&%24limit=5000,e1eadfec20535920e28d87b1a02245d9241765f4ae199f31c25d130fdaf7d93a,133664,110433,23231,805373,0.02884501963686391274601954622,820,-0.1006183922328461311654942926,0.03020931418955789452311034744,false,false,true,false,cftc_normalized_net_q10_reversal_v1
SUGAR NO. 11 - ICE FUTURES U.S.,080732,2025-05-27,2025-05-30T19:30:00Z,cftc_ordinary_rule_estimate_not_holiday_verified,cftc_sugar_no11_selected_history_e1eadfec2053,https://publicreporting.cftc.gov/resource/72hh-3qpy.json?%24select=report_date_as_yyyy_mm_dd%2Ccftc_contract_market_code%2Cmarket_and_exchange_names%2Copen_interest_all%2Cm_money_positions_long_all%2Cm_money_positions_short_all%2Cm_money_positions_spread%2Ccontract_units%2Cfutonly_or_combined&%24where=cftc_contract_market_code%3D%27080732%27+AND+report_date_as_yyyy_mm_dd%3E%3D%272009-09-01T00%3A00%3A00.000%27+AND+report_date_as_yyyy_mm_dd%3C%3D%272026-08-11T00%3A00%3A00.000%27&%24order=report_date_as_yyyy_mm_dd&%24limit=5000,e1eadfec20535920e28d87b1a02245d9241765f4ae199f31c25d130fdaf7d93a,136188,125780,10408,824628,0.01262144870171762297666341672,821,-0.100017323711400192279972335,0.02884501963686391274601954622,false,false,true,false,cftc_normalized_net_q10_reversal_v1
SUGAR NO. 11 - ICE FUTURES U.S.,080732,2025-06-03,2025-06-06T19:30:00Z,cftc_ordinary_rule_estimate_not_holiday_verified,cftc_sugar_no11_selected_history_e1eadfec2053,https://publicreporting.cftc.gov/resource/72hh-3qpy.json?%24select=report_date_as_yyyy_mm_dd%2Ccftc_contract_market_code%2Cmarket_and_exchange_names%2Copen_interest_all%2Cm_money_positions_long_all%2Cm_money_positions_short_all%2Cm_money_positions_spread%2Ccontract_units%2Cfutonly_or_combined&%24where=cftc_contract_market_code%3D%27080732%27+AND+report_date_as_yyyy_mm_dd%3E%3D%272009-09-01T00%3A00%3A00.000%27+AND+report_date_as_yyyy_mm_dd%3C%3D%272026-08-11T00%3A00%3A00.000%27&%24order=report_date_as_yyyy_mm_dd&%24limit=5000,e1eadfec20535920e28d87b1a02245d9241765f4ae199f31c25d130fdaf7d93a,136578,148214,-11636,878105,-0.01325126266221010015886482824,822,-0.100017323711400192279972335,0.01262144870171762297666341672,false,false,true,false,cftc_normalized_net_q10_reversal_v1
SUGAR NO. 11 - ICE FUTURES U.S.,080732,2025-06-10,2025-06-13T19:30:00Z,cftc_ordinary_rule_estimate_not_holiday_verified,cftc_sugar_no11_selected_history_e1eadfec2053,https://publicreporting.cftc.gov/resource/72hh-3qpy.json?%24select=report_date_as_yyyy_mm_dd%2Ccftc_contract_market_code%2Cmarket_and_exchange_names%2Copen_interest_all%2Cm_money_positions_long_all%2Cm_money_positions_short_all%2Cm_money_positions_spread%2Ccontract_units%2Cfutonly_or_combined&%24where=cftc_contract_market_code%3D%27080732%27+AND+report_date_as_yyyy_mm_dd%3E%3D%272009-09-01T00%3A00%3A00.000%27+AND+report_date_as_yyyy_mm_dd%3C%3D%272026-08-11T00%3A00%3A00.000%27&%24order=report_date_as_yyyy_mm_dd&%24limit=5000,e1eadfec20535920e28d87b1a02245d9241765f4ae199f31c25d130fdaf7d93a,135538,166563,-31025,903273,-0.03434731249577923839193687844,823,-0.100017323711400192279972335,-0.01325126266221010015886482824,false,false,true,false,cftc_normalized_net_q10_reversal_v1
SUGAR NO. 11 - ICE FUTURES U.S.,080732,2025-06-17,2025-06-20T19:30:00Z,cftc_ordinary_rule_estimate_not_holiday_verified,cftc_sugar_no11_selected_history_e1eadfec2053,https://publicreporting.cftc.gov/resource/72hh-3qpy.json?%24select=report_date_as_yyyy_mm_dd%2Ccftc_contract_market_code%2Cmarket_and_exchange_names%2Copen_interest_all%2Cm_money_positions_long_all%2Cm_money_positions_short_all%2Cm_money_positions_spread%2Ccontract_units%2Cfutonly_or_combined&%24where=cftc_contract_market_code%3D%27080732%27+AND+report_date_as_yyyy_mm_dd%3E%3D%272009-09-01T00%3A00%3A00.000%27+AND+report_date_as_yyyy_mm_dd%3C%3D%272026-08-11T00%3A00%3A00.000%27&%24order=report_date_as_yyyy_mm_dd&%24limit=5000,e1eadfec20535920e28d87b1a02245d9241765f4ae199f31c25d130fdaf7d93a,127059,193165,-66106,877614,-0.07532468716314917492200443475,824,-0.100017323711400192279972335,-0.03434731249577923839193687844,false,false,true,false,cftc_normalized_net_q10_reversal_v1
SUGAR NO. 11 - ICE FUTURES U.S.,080732,2025-06-24,2025-06-27T19:30:00Z,cftc_ordinary_rule_estimate_not_holiday_verified,cftc_sugar_no11_selected_history_e1eadfec2053,https://publicreporting.cftc.gov/resource/72hh-3qpy.json?%24select=report_date_as_yyyy_mm_dd%2Ccftc_contract_market_code%2Cmarket_and_exchange_names%2Copen_interest_all%2Cm_money_positions_long_all%2Cm_money_positions_short_all%2Cm_money_positions_spread%2Ccontract_units%2Cfutonly_or_combined&%24where=cftc_contract_market_code%3D%27080732%27+AND+report_date_as_yyyy_mm_dd%3E%3D%272009-09-01T00%3A00%3A00.000%27+AND+report_date_as_yyyy_mm_dd%3C%3D%272026-08-11T00%3A00%3A00.000%27&%24order=report_date_as_yyyy_mm_dd&%24limit=5000,e1eadfec20535920e28d87b1a02245d9241765f4ae199f31c25d130fdaf7d93a,122112,200601,-78489,860131,-0.09125237899808285017049728472,825,-0.100017323711400192279972335,-0.07532468716314917492200443475,false,false,true,false,cftc_normalized_net_q10_reversal_v1
SUGAR NO. 11 - ICE FUTURES U.S.,080732,2025-07-01,2025-07-07T19:30:00Z,cftc_official_historical_release_verified,cftc_sugar_no11_selected_history_e1eadfec2053,https://publicreporting.cftc.gov/resource/72hh-3qpy.json?%24select=report_date_as_yyyy_mm_dd%2Ccftc_contract_market_code%2Cmarket_and_exchange_names%2Copen_interest_all%2Cm_money_positions_long_all%2Cm_money_positions_short_all%2Cm_money_positions_spread%2Ccontract_units%2Cfutonly_or_combined&%24where=cftc_contract_market_code%3D%27080732%27+AND+report_date_as_yyyy_mm_dd%3E%3D%272009-09-01T00%3A00%3A00.000%27+AND+report_date_as_yyyy_mm_dd%3C%3D%272026-08-11T00%3A00%3A00.000%27&%24order=report_date_as_yyyy_mm_dd&%24limit=5000,e1eadfec20535920e28d87b1a02245d9241765f4ae199f31c25d130fdaf7d93a,113810,219407,-105597,840169,-0.1256854275746903301597654758,826,-0.100017323711400192279972335,-0.09125237899808285017049728472,false,false,true,false,cftc_normalized_net_q10_reversal_v1
SUGAR NO. 11 - ICE FUTURES U.S.,080732,2025-07-08,2025-07-11T19:30:00Z,cftc_official_event_weekly_page_verified,cftc_sugar_no11_selected_history_e1eadfec2053,https://publicreporting.cftc.gov/resource/72hh-3qpy.json?%24select=report_date_as_yyyy_mm_dd%2Ccftc_contract_market_code%2Cmarket_and_exchange_names%2Copen_interest_all%2Cm_money_positions_long_all%2Cm_money_positions_short_all%2Cm_money_positions_spread%2Ccontract_units%2Cfutonly_or_combined&%24where=cftc_contract_market_code%3D%27080732%27+AND+report_date_as_yyyy_mm_dd%3E%3D%272009-09-01T00%3A00%3A00.000%27+AND+report_date_as_yyyy_mm_dd%3C%3D%272026-08-11T00%3A00%3A00.000%27&%24order=report_date_as_yyyy_mm_dd&%24limit=5000,e1eadfec20535920e28d87b1a02245d9241765f4ae199f31c25d130fdaf7d93a,124543,217623,-93080,850532,-0.1094373874234008832119191283,827,-0.1006183922328461311654942926,-0.1256854275746903301597654758,true,true,true,true,cftc_normalized_net_q10_reversal_v1
SUGAR NO. 11 - ICE FUTURES U.S.,080732,2025-07-15,2025-07-18T19:30:00Z,cftc_ordinary_rule_estimate_not_holiday_verified,cftc_sugar_no11_selected_history_e1eadfec2053,https://publicreporting.cftc.gov/resource/72hh-3qpy.json?%24select=report_date_as_yyyy_mm_dd%2Ccftc_contract_market_code%2Cmarket_and_exchange_names%2Copen_interest_all%2Cm_money_positions_long_all%2Cm_money_positions_short_all%2Cm_money_positions_spread%2Ccontract_units%2Cfutonly_or_combined&%24where=cftc_contract_market_code%3D%27080732%27+AND+report_date_as_yyyy_mm_dd%3E%3D%272009-09-01T00%3A00%3A00.000%27+AND+report_date_as_yyyy_mm_dd%3C%3D%272026-08-11T00%3A00%3A00.000%27&%24order=report_date_as_yyyy_mm_dd&%24limit=5000,e1eadfec20535920e28d87b1a02245d9241765f4ae199f31c25d130fdaf7d93a,125471,216131,-90660,866727,-0.1046004105098837350169084383,828,-0.1041684228272780915451403524,-0.1094373874234008832119191283,true,true,false,false,cftc_normalized_net_q10_reversal_v1
SUGAR NO. 11 - ICE FUTURES U.S.,080732,2025-07-22,2025-07-25T19:30:00Z,cftc_ordinary_rule_estimate_not_holiday_verified,cftc_sugar_no11_selected_history_e1eadfec2053,https://publicreporting.cftc.gov/resource/72hh-3qpy.json?%24select=report_date_as_yyyy_mm_dd%2Ccftc_contract_market_code%2Cmarket_and_exchange_names%2Copen_interest_all%2Cm_money_positions_long_all%2Cm_money_positions_short_all%2Cm_money_positions_spread%2Ccontract_units%2Cfutonly_or_combined&%24where=cftc_contract_market_code%3D%27080732%27+AND+report_date_as_yyyy_mm_dd%3E%3D%272009-09-01T00%3A00%3A00.000%27+AND+report_date_as_yyyy_mm_dd%3C%3D%272026-08-11T00%3A00%3A00.000%27&%24order=report_date_as_yyyy_mm_dd&%24limit=5000,e1eadfec20535920e28d87b1a02245d9241765f4ae199f31c25d130fdaf7d93a,121795,214216,-92421,866505,-0.1066595114857963889417833711,829,-0.1046004105098837350169084383,-0.1046004105098837350169084383,true,false,false,false,cftc_normalized_net_q10_reversal_v1
SUGAR NO. 11 - ICE FUTURES U.S.,080732,2025-07-29,2025-08-01T19:30:00Z,cftc_ordinary_rule_estimate_not_holiday_verified,cftc_sugar_no11_selected_history_e1eadfec2053,https://publicreporting.cftc.gov/resource/72hh-3qpy.json?%24select=report_date_as_yyyy_mm_dd%2Ccftc_contract_market_code%2Cmarket_and_exchange_names%2Copen_interest_all%2Cm_money_positions_long_all%2Cm_money_positions_short_all%2Cm_money_positions_spread%2Ccontract_units%2Cfutonly_or_combined&%24where=cftc_contract_market_code%3D%27080732%27+AND+report_date_as_yyyy_mm_dd%3E%3D%272009-09-01T00%3A00%3A00.000%27+AND+report_date_as_yyyy_mm_dd%3C%3D%272026-08-11T00%3A00%3A00.000%27&%24order=report_date_as_yyyy_mm_dd&%24limit=5000,e1eadfec20535920e28d87b1a02245d9241765f4ae199f31c25d130fdaf7d93a,123222,215721,-92499,872591,-0.1060049897374600471469451324,830,-0.1063080208091498627333195216,-0.1066595114857963889417833711,true,true,false,false,cftc_normalized_net_q10_reversal_v1
SUGAR NO. 11 - ICE FUTURES U.S.,080732,2025-08-05,2025-08-08T19:30:00Z,cftc_ordinary_rule_estimate_not_holiday_verified,cftc_sugar_no11_selected_history_e1eadfec2053,https://publicreporting.cftc.gov/resource/72hh-3qpy.json?%24select=report_date_as_yyyy_mm_dd%2Ccftc_contract_market_code%2Cmarket_and_exchange_names%2Copen_interest_all%2Cm_money_positions_long_all%2Cm_money_positions_short_all%2Cm_money_positions_spread%2Ccontract_units%2Cfutonly_or_combined&%24where=cftc_contract_market_code%3D%27080732%27+AND+report_date_as_yyyy_mm_dd%3E%3D%272009-09-01T00%3A00%3A00.000%27+AND+report_date_as_yyyy_mm_dd%3C%3D%272026-08-11T00%3A00%3A00.000%27&%24order=report_date_as_yyyy_mm_dd&%24limit=5000,e1eadfec20535920e28d87b1a02245d9241765f4ae199f31c25d130fdaf7d93a,117577,223337,-105760,888761,-0.1189971207107422580423758468,831,-0.1060049897374600471469451324,-0.1060049897374600471469451324,true,false,false,false,cftc_normalized_net_q10_reversal_v1
SUGAR NO. 11 - ICE FUTURES U.S.,080732,2025-08-12,2025-08-15T19:30:00Z,cftc_ordinary_rule_estimate_not_holiday_verified,cftc_sugar_no11_selected_history_e1eadfec2053,https://publicreporting.cftc.gov/resource/72hh-3qpy.json?%24select=report_date_as_yyyy_mm_dd%2Ccftc_contract_market_code%2Cmarket_and_exchange_names%2Copen_interest_all%2Cm_money_positions_long_all%2Cm_money_positions_short_all%2Cm_money_positions_spread%2Ccontract_units%2Cfutonly_or_combined&%24where=cftc_contract_market_code%3D%27080732%27+AND+report_date_as_yyyy_mm_dd%3E%3D%272009-09-01T00%3A00%3A00.000%27+AND+report_date_as_yyyy_mm_dd%3C%3D%272026-08-11T00%3A00%3A00.000%27&%24order=report_date_as_yyyy_mm_dd&%24limit=5000,e1eadfec20535920e28d87b1a02245d9241765f4ae199f31c25d130fdaf7d93a,126582,213622,-87040,898919,-0.09682741159103322991281750636,832,-0.1063080208091498627333195216,-0.1189971207107422580423758468,true,true,false,false,cftc_normalized_net_q10_reversal_v1
SUGAR NO. 11 - ICE FUTURES U.S.,080732,2025-08-19,2025-08-22T19:30:00Z,cftc_ordinary_rule_estimate_not_holiday_verified,cftc_sugar_no11_selected_history_e1eadfec2053,https://publicreporting.cftc.gov/resource/72hh-3qpy.json?%24select=report_date_as_yyyy_mm_dd%2Ccftc_contract_market_code%2Cmarket_and_exchange_names%2Copen_interest_all%2Cm_money_positions_long_all%2Cm_money_positions_short_all%2Cm_money_positions_spread%2Ccontract_units%2Cfutonly_or_combined&%24where=cftc_contract_market_code%3D%27080732%27+AND+report_date_as_yyyy_mm_dd%3E%3D%272009-09-01T00%3A00%3A00.000%27+AND+report_date_as_yyyy_mm_dd%3C%3D%272026-08-11T00%3A00%3A00.000%27&%24order=report_date_as_yyyy_mm_dd&%24limit=5000,e1eadfec20535920e28d87b1a02245d9241765f4ae199f31c25d130fdaf7d93a,125324,215258,-89934,901121,-0.09980235728609143500151477992,833,-0.1063080208091498627333195216,-0.09682741159103322991281750636,false,false,false,false,cftc_normalized_net_q10_reversal_v1
SUGAR NO. 11 - ICE FUTURES U.S.,080732,2025-08-26,2025-08-29T19:30:00Z,cftc_ordinary_rule_estimate_not_holiday_verified,cftc_sugar_no11_selected_history_e1eadfec2053,https://publicreporting.cftc.gov/resource/72hh-3qpy.json?%24select=report_date_as_yyyy_mm_dd%2Ccftc_contract_market_code%2Cmarket_and_exchange_names%2Copen_interest_all%2Cm_money_positions_long_all%2Cm_money_positions_short_all%2Cm_money_positions_spread%2Ccontract_units%2Cfutonly_or_combined&%24where=cftc_contract_market_code%3D%27080732%27+AND+report_date_as_yyyy_mm_dd%3E%3D%272009-09-01T00%3A00%3A00.000%27+AND+report_date_as_yyyy_mm_dd%3C%3D%272026-08-11T00%3A00%3A00.000%27&%24order=report_date_as_yyyy_mm_dd&%24limit=5000,e1eadfec20535920e28d87b1a02245d9241765f4ae199f31c25d130fdaf7d93a,123584,215830,-92246,915782,-0.1007292128475991010961123936,834,-0.1063080208091498627333195216,-0.09980235728609143500151477992,false,false,false,false,cftc_normalized_net_q10_reversal_v1
SUGAR NO. 11 - ICE FUTURES U.S.,080732,2025-09-02,2025-09-05T19:30:00Z,cftc_ordinary_rule_estimate_not_holiday_verified,cftc_sugar_no11_selected_history_e1eadfec2053,https://publicreporting.cftc.gov/resource/72hh-3qpy.json?%24select=report_date_as_yyyy_mm_dd%2Ccftc_contract_market_code%2Cmarket_and_exchange_names%2Copen_interest_all%2Cm_money_positions_long_all%2Cm_money_positions_short_all%2Cm_money_positions_spread%2Ccontract_units%2Cfutonly_or_combined&%24where=cftc_contract_market_code%3D%27080732%27+AND+report_date_as_yyyy_mm_dd%3E%3D%272009-09-01T00%3A00%3A00.000%27+AND+report_date_as_yyyy_mm_dd%3C%3D%272026-08-11T00%3A00%3A00.000%27&%24order=report_date_as_yyyy_mm_dd&%24limit=5000,e1eadfec20535920e28d87b1a02245d9241765f4ae199f31c25d130fdaf7d93a,120928,221490,-100562,940447,-0.1069300024350122867104685325,835,-0.1063080208091498627333195216,-0.1007292128475991010961123936,false,false,false,false,cftc_normalized_net_q10_reversal_v1
SUGAR NO. 11 - ICE FUTURES U.S.,080732,2025-09-09,2025-09-12T19:30:00Z,cftc_ordinary_rule_estimate_not_holiday_verified,cftc_sugar_no11_selected_history_e1eadfec2053,https://publicreporting.cftc.gov/resource/72hh-3qpy.json?%24select=report_date_as_yyyy_mm_dd%2Ccftc_contract_market_code%2Cmarket_and_exchange_names%2Copen_interest_all%2Cm_money_positions_long_all%2Cm_money_positions_short_all%2Cm_money_positions_spread%2Ccontract_units%2Cfutonly_or_combined&%24where=cftc_contract_market_code%3D%27080732%27+AND+report_date_as_yyyy_mm_dd%3E%3D%272009-09-01T00%3A00%3A00.000%27+AND+report_date_as_yyyy_mm_dd%3C%3D%272026-08-11T00%3A00%3A00.000%27&%24order=report_date_as_yyyy_mm_dd&%24limit=5000,e1eadfec20535920e28d87b1a02245d9241765f4ae199f31c25d130fdaf7d93a,111048,255934,-144886,954758,-0.1517515433230200741968121765,836,-0.1066595114857963889417833711,-0.1069300024350122867104685325,true,false,false,false,cftc_normalized_net_q10_reversal_v1
SUGAR NO. 11 - ICE FUTURES U.S.,080732,2025-09-16,2025-09-19T19:30:00Z,cftc_ordinary_rule_estimate_not_holiday_verified,cftc_sugar_no11_selected_history_e1eadfec2053,https://publicreporting.cftc.gov/resource/72hh-3qpy.json?%24select=report_date_as_yyyy_mm_dd%2Ccftc_contract_market_code%2Cmarket_and_exchange_names%2Copen_interest_all%2Cm_money_positions_long_all%2Cm_money_positions_short_all%2Cm_money_positions_spread%2Ccontract_units%2Cfutonly_or_combined&%24where=cftc_contract_market_code%3D%27080732%27+AND+report_date_as_yyyy_mm_dd%3E%3D%272009-09-01T00%3A00%3A00.000%27+AND+report_date_as_yyyy_mm_dd%3C%3D%272026-08-11T00%3A00%3A00.000%27&%24order=report_date_as_yyyy_mm_dd&%24limit=5000,e1eadfec20535920e28d87b1a02245d9241765f4ae199f31c25d130fdaf7d93a,119068,245338,-126270,918579,-0.1374623195174285499668509731,837,-0.1069300024350122867104685325,-0.1517515433230200741968121765,true,true,false,false,cftc_normalized_net_q10_reversal_v1
SUGAR NO. 11 - ICE FUTURES U.S.,080732,2025-09-23,2025-09-26T19:30:00Z,cftc_ordinary_rule_estimate_not_holiday_verified,cftc_sugar_no11_selected_history_e1eadfec2053,https://publicreporting.cftc.gov/resource/72hh-3qpy.json?%24select=report_date_as_yyyy_mm_dd%2Ccftc_contract_market_code%2Cmarket_and_exchange_names%2Copen_interest_all%2Cm_money_positions_long_all%2Cm_money_positions_short_all%2Cm_money_positions_spread%2Ccontract_units%2Cfutonly_or_combined&%24where=cftc_contract_market_code%3D%27080732%27+AND+report_date_as_yyyy_mm_dd%3E%3D%272009-09-01T00%3A00%3A00.000%27+AND+report_date_as_yyyy_mm_dd%3C%3D%272026-08-11T00%3A00%3A00.000%27&%24order=report_date_as_yyyy_mm_dd&%24limit=5000,e1eadfec20535920e28d87b1a02245d9241765f4ae199f31c25d130fdaf7d93a,116327,267234,-150907,898935,-0.1678730942726671005133852837,838,-0.1070946825950926839565683454,-0.1374623195174285499668509731,true,false,false,false,cftc_normalized_net_q10_reversal_v1
SUGAR NO. 11 - ICE FUTURES U.S.,080732,2025-09-30,2025-11-19T20:30:00Z,cftc_official_appropriations_catch_up_and_event_page_verified,cftc_sugar_no11_selected_history_e1eadfec2053,https://publicreporting.cftc.gov/resource/72hh-3qpy.json?%24select=report_date_as_yyyy_mm_dd%2Ccftc_contract_market_code%2Cmarket_and_exchange_names%2Copen_interest_all%2Cm_money_positions_long_all%2Cm_money_positions_short_all%2Cm_money_positions_spread%2Ccontract_units%2Cfutonly_or_combined&%24where=cftc_contract_market_code%3D%27080732%27+AND+report_date_as_yyyy_mm_dd%3E%3D%272009-09-01T00%3A00%3A00.000%27+AND+report_date_as_yyyy_mm_dd%3C%3D%272026-08-11T00%3A00%3A00.000%27&%24order=report_date_as_yyyy_mm_dd&%24limit=5000,e1eadfec20535920e28d87b1a02245d9241765f4ae199f31c25d130fdaf7d93a,120535,256633,-136098,859715,-0.1583059502276917350517322601,839,-0.1071626196851405538232370782,-0.1678730942726671005133852837,true,true,true,true,cftc_normalized_net_q10_reversal_v1
SUGAR NO. 11 - ICE FUTURES U.S.,080732,2025-10-07,2025-11-21T20:30:00Z,cftc_official_appropriations_catch_up,cftc_sugar_no11_selected_history_e1eadfec2053,https://publicreporting.cftc.gov/resource/72hh-3qpy.json?%24select=report_date_as_yyyy_mm_dd%2Ccftc_contract_market_code%2Cmarket_and_exchange_names%2Copen_interest_all%2Cm_money_positions_long_all%2Cm_money_positions_short_all%2Cm_money_positions_spread%2Ccontract_units%2Cfutonly_or_combined&%24where=cftc_contract_market_code%3D%27080732%27+AND+report_date_as_yyyy_mm_dd%3E%3D%272009-09-01T00%3A00%3A00.000%27+AND+report_date_as_yyyy_mm_dd%3C%3D%272026-08-11T00%3A00%3A00.000%27&%24order=report_date_as_yyyy_mm_dd&%24limit=5000,e1eadfec20535920e28d87b1a02245d9241765f4ae199f31c25d130fdaf7d93a,119088,260425,-141337,834349,-0.1693979377934173828937291229,840,-0.1074114885811837868056421842,-0.1583059502276917350517322601,true,false,false,false,cftc_normalized_net_q10_reversal_v1
SUGAR NO. 11 - ICE FUTURES U.S.,080732,2025-10-14,2025-11-25T20:30:00Z,cftc_official_appropriations_catch_up,cftc_sugar_no11_selected_history_e1eadfec2053,https://publicreporting.cftc.gov/resource/72hh-3qpy.json?%24select=report_date_as_yyyy_mm_dd%2Ccftc_contract_market_code%2Cmarket_and_exchange_names%2Copen_interest_all%2Cm_money_positions_long_all%2Cm_money_positions_short_all%2Cm_money_positions_spread%2Ccontract_units%2Cfutonly_or_combined&%24where=cftc_contract_market_code%3D%27080732%27+AND+report_date_as_yyyy_mm_dd%3E%3D%272009-09-01T00%3A00%3A00.000%27+AND+report_date_as_yyyy_mm_dd%3C%3D%272026-08-11T00%3A00%3A00.000%27&%24order=report_date_as_yyyy_mm_dd&%24limit=5000,e1eadfec20535920e28d87b1a02245d9241765f4ae199f31c25d130fdaf7d93a,113246,278996,-165750,867493,-0.1910678241784083560328440691,841,-0.1074114885811837868056421842,-0.1693979377934173828937291229,true,false,false,false,cftc_normalized_net_q10_reversal_v1
SUGAR NO. 11 - ICE FUTURES U.S.,080732,2025-10-21,2025-12-02T20:30:00Z,cftc_official_appropriations_catch_up,cftc_sugar_no11_selected_history_e1eadfec2053,https://publicreporting.cftc.gov/resource/72hh-3qpy.json?%24select=report_date_as_yyyy_mm_dd%2Ccftc_contract_market_code%2Cmarket_and_exchange_names%2Copen_interest_all%2Cm_money_positions_long_all%2Cm_money_positions_short_all%2Cm_money_positions_spread%2Ccontract_units%2Cfutonly_or_combined&%24where=cftc_contract_market_code%3D%27080732%27+AND+report_date_as_yyyy_mm_dd%3E%3D%272009-09-01T00%3A00%3A00.000%27+AND+report_date_as_yyyy_mm_dd%3C%3D%272026-08-11T00%3A00%3A00.000%27&%24order=report_date_as_yyyy_mm_dd&%24limit=5000,e1eadfec20535920e28d87b1a02245d9241765f4ae199f31c25d130fdaf7d93a,113656,267957,-154301,880454,-0.1752516315446349269808530599,842,-0.108842888352273125886596969,-0.1910678241784083560328440691,true,true,false,false,cftc_normalized_net_q10_reversal_v1
SUGAR NO. 11 - ICE FUTURES U.S.,080732,2025-10-28,2025-12-05T20:30:00Z,cftc_official_appropriations_catch_up,cftc_sugar_no11_selected_history_e1eadfec2053,https://publicreporting.cftc.gov/resource/72hh-3qpy.json?%24select=report_date_as_yyyy_mm_dd%2Ccftc_contract_market_code%2Cmarket_and_exchange_names%2Copen_interest_all%2Cm_money_positions_long_all%2Cm_money_positions_short_all%2Cm_money_positions_spread%2Ccontract_units%2Cfutonly_or_combined&%24where=cftc_contract_market_code%3D%27080732%27+AND+report_date_as_yyyy_mm_dd%3E%3D%272009-09-01T00%3A00%3A00.000%27+AND+report_date_as_yyyy_mm_dd%3C%3D%272026-08-11T00%3A00%3A00.000%27&%24order=report_date_as_yyyy_mm_dd&%24limit=5000,e1eadfec20535920e28d87b1a02245d9241765f4ae199f31c25d130fdaf7d93a,115379,285120,-169741,898257,-0.1889670773509140479840402023,843,-0.1088995818213735208043265497,-0.1752516315446349269808530599,true,false,false,false,cftc_normalized_net_q10_reversal_v1
SUGAR NO. 11 - ICE FUTURES U.S.,080732,2025-11-04,2025-12-09T20:30:00Z,cftc_official_appropriations_catch_up,cftc_sugar_no11_selected_history_e1eadfec2053,https://publicreporting.cftc.gov/resource/72hh-3qpy.json?%24select=report_date_as_yyyy_mm_dd%2Ccftc_contract_market_code%2Cmarket_and_exchange_names%2Copen_interest_all%2Cm_money_positions_long_all%2Cm_money_positions_short_all%2Cm_money_positions_spread%2Ccontract_units%2Cfutonly_or_combined&%24where=cftc_contract_market_code%3D%27080732%27+AND+report_date_as_yyyy_mm_dd%3E%3D%272009-09-01T00%3A00%3A00.000%27+AND+report_date_as_yyyy_mm_dd%3C%3D%272026-08-11T00%3A00%3A00.000%27&%24order=report_date_as_yyyy_mm_dd&%24limit=5000,e1eadfec20535920e28d87b1a02245d9241765f4ae199f31c25d130fdaf7d93a,112145,311327,-199182,929991,-0.2141762662219311799791610887,844,-0.1091313982793082471539063179,-0.1889670773509140479840402023,true,false,false,false,cftc_normalized_net_q10_reversal_v1
SUGAR NO. 11 - ICE FUTURES U.S.,080732,2025-11-10,2025-12-10T20:30:00Z,cftc_official_appropriations_catch_up,cftc_sugar_no11_selected_history_e1eadfec2053,https://publicreporting.cftc.gov/resource/72hh-3qpy.json?%24select=report_date_as_yyyy_mm_dd%2Ccftc_contract_market_code%2Cmarket_and_exchange_names%2Copen_interest_all%2Cm_money_positions_long_all%2Cm_money_positions_short_all%2Cm_money_positions_spread%2Ccontract_units%2Cfutonly_or_combined&%24where=cftc_contract_market_code%3D%27080732%27+AND+report_date_as_yyyy_mm_dd%3E%3D%272009-09-01T00%3A00%3A00.000%27+AND+report_date_as_yyyy_mm_dd%3C%3D%272026-08-11T00%3A00%3A00.000%27&%24order=report_date_as_yyyy_mm_dd&%24limit=5000,e1eadfec20535920e28d87b1a02245d9241765f4ae199f31c25d130fdaf7d93a,103446,310244,-206798,938758,-0.2202889349544824118675952695,845,-0.1094373874234008832119191283,-0.2141762662219311799791610887,true,false,false,false,cftc_normalized_net_q10_reversal_v1
SUGAR NO. 11 - ICE FUTURES U.S.,080732,2025-11-18,2025-12-12T20:30:00Z,cftc_official_appropriations_catch_up,cftc_sugar_no11_selected_history_e1eadfec2053,https://publicreporting.cftc.gov/resource/72hh-3qpy.json?%24select=report_date_as_yyyy_mm_dd%2Ccftc_contract_market_code%2Cmarket_and_exchange_names%2Copen_interest_all%2Cm_money_positions_long_all%2Cm_money_positions_short_all%2Cm_money_positions_spread%2Ccontract_units%2Cfutonly_or_combined&%24where=cftc_contract_market_code%3D%27080732%27+AND+report_date_as_yyyy_mm_dd%3E%3D%272009-09-01T00%3A00%3A00.000%27+AND+report_date_as_yyyy_mm_dd%3C%3D%272026-08-11T00%3A00%3A00.000%27&%24order=report_date_as_yyyy_mm_dd&%24limit=5000,e1eadfec20535920e28d87b1a02245d9241765f4ae199f31c25d130fdaf7d93a,102155,293852,-191697,941444,-0.20362018346285068469287605,846,-0.1097161431868127836458558813,-0.2202889349544824118675952695,true,true,false,false,cftc_normalized_net_q10_reversal_v1
SUGAR NO. 11 - ICE FUTURES U.S.,080732,2025-11-25,2025-12-15T20:30:00Z,cftc_official_appropriations_catch_up,cftc_sugar_no11_selected_history_e1eadfec2053,https://publicreporting.cftc.gov/resource/72hh-3qpy.json?%24select=report_date_as_yyyy_mm_dd%2Ccftc_contract_market_code%2Cmarket_and_exchange_names%2Copen_interest_all%2Cm_money_positions_long_all%2Cm_money_positions_short_all%2Cm_money_positions_spread%2Ccontract_units%2Cfutonly_or_combined&%24where=cftc_contract_market_code%3D%27080732%27+AND+report_date_as_yyyy_mm_dd%3E%3D%272009-09-01T00%3A00%3A00.000%27+AND+report_date_as_yyyy_mm_dd%3C%3D%272026-08-11T00%3A00%3A00.000%27&%24order=report_date_as_yyyy_mm_dd&%24limit=5000,e1eadfec20535920e28d87b1a02245d9241765f4ae199f31c25d130fdaf7d93a,102368,299263,-196895,946665,-0.2079880422324687191350688998,847,-0.1106106576642023845134823298,-0.20362018346285068469287605,true,false,false,false,cftc_normalized_net_q10_reversal_v1
SUGAR NO. 11 - ICE FUTURES U.S.,080732,2025-12-02,2025-12-17T20:30:00Z,cftc_official_appropriations_catch_up,cftc_sugar_no11_selected_history_e1eadfec2053,https://publicreporting.cftc.gov/resource/72hh-3qpy.json?%24select=report_date_as_yyyy_mm_dd%2Ccftc_contract_market_code%2Cmarket_and_exchange_names%2Copen_interest_all%2Cm_money_positions_long_all%2Cm_money_positions_short_all%2Cm_money_positions_spread%2Ccontract_units%2Cfutonly_or_combined&%24where=cftc_contract_market_code%3D%27080732%27+AND+report_date_as_yyyy_mm_dd%3E%3D%272009-09-01T00%3A00%3A00.000%27+AND+report_date_as_yyyy_mm_dd%3C%3D%272026-08-11T00%3A00%3A00.000%27&%24order=report_date_as_yyyy_mm_dd&%24limit=5000,e1eadfec20535920e28d87b1a02245d9241765f4ae199f31c25d130fdaf7d93a,103636,287495,-183859,951437,-0.1932434832784514371419232172,848,-0.1125214166083792680813927373,-0.2079880422324687191350688998,true,true,false,false,cftc_normalized_net_q10_reversal_v1
SUGAR NO. 11 - ICE FUTURES U.S.,080732,2025-12-09,2025-12-19T20:30:00Z,cftc_official_appropriations_catch_up,cftc_sugar_no11_selected_history_e1eadfec2053,https://publicreporting.cftc.gov/resource/72hh-3qpy.json?%24select=report_date_as_yyyy_mm_dd%2Ccftc_contract_market_code%2Cmarket_and_exchange_names%2Copen_interest_all%2Cm_money_positions_long_all%2Cm_money_positions_short_all%2Cm_money_positions_spread%2Ccontract_units%2Cfutonly_or_combined&%24where=cftc_contract_market_code%3D%27080732%27+AND+report_date_as_yyyy_mm_dd%3E%3D%272009-09-01T00%3A00%3A00.000%27+AND+report_date_as_yyyy_mm_dd%3C%3D%272026-08-11T00%3A00%3A00.000%27&%24order=report_date_as_yyyy_mm_dd&%24limit=5000,e1eadfec20535920e28d87b1a02245d9241765f4ae199f31c25d130fdaf7d93a,109702,285661,-175959,941986,-0.1867957697885106572709148544,849,-0.1143390783803409099415846748,-0.1932434832784514371419232172,true,true,false,false,cftc_normalized_net_q10_reversal_v1
SUGAR NO. 11 - ICE FUTURES U.S.,080732,2025-12-16,2025-12-23T20:30:00Z,cftc_official_appropriations_catch_up,cftc_sugar_no11_selected_history_e1eadfec2053,https://publicreporting.cftc.gov/resource/72hh-3qpy.json?%24select=report_date_as_yyyy_mm_dd%2Ccftc_contract_market_code%2Cmarket_and_exchange_names%2Copen_interest_all%2Cm_money_positions_long_all%2Cm_money_positions_short_all%2Cm_money_positions_spread%2Ccontract_units%2Cfutonly_or_combined&%24where=cftc_contract_market_code%3D%27080732%27+AND+report_date_as_yyyy_mm_dd%3E%3D%272009-09-01T00%3A00%3A00.000%27+AND+report_date_as_yyyy_mm_dd%3C%3D%272026-08-11T00%3A00%3A00.000%27&%24order=report_date_as_yyyy_mm_dd&%24limit=5000,e1eadfec20535920e28d87b1a02245d9241765f4ae199f31c25d130fdaf7d93a,109877,274243,-164366,942193,-0.1744504576026355534375653396,850,-0.1145550389719695795134896776,-0.1867957697885106572709148544,true,true,false,false,cftc_normalized_net_q10_reversal_v1
SUGAR NO. 11 - ICE FUTURES U.S.,080732,2025-12-23,2025-12-29T20:30:00Z,cftc_official_appropriations_catch_up,cftc_sugar_no11_selected_history_e1eadfec2053,https://publicreporting.cftc.gov/resource/72hh-3qpy.json?%24select=report_date_as_yyyy_mm_dd%2Ccftc_contract_market_code%2Cmarket_and_exchange_names%2Copen_interest_all%2Cm_money_positions_long_all%2Cm_money_positions_short_all%2Cm_money_positions_spread%2Ccontract_units%2Cfutonly_or_combined&%24where=cftc_contract_market_code%3D%27080732%27+AND+report_date_as_yyyy_mm_dd%3E%3D%272009-09-01T00%3A00%3A00.000%27+AND+report_date_as_yyyy_mm_dd%3C%3D%272026-08-11T00%3A00%3A00.000%27&%24order=report_date_as_yyyy_mm_dd&%24limit=5000,e1eadfec20535920e28d87b1a02245d9241765f4ae199f31c25d130fdaf7d93a,116183,264925,-148742,938797,-0.1584389383434331383675065003,851,-0.1145550389719695795134896776,-0.1744504576026355534375653396,true,true,false,false,cftc_normalized_net_q10_reversal_v1
SUGAR NO. 11 - ICE FUTURES U.S.,080732,2025-12-30,2026-01-05T20:30:00Z,cftc_official_release_schedule,cftc_sugar_no11_selected_history_e1eadfec2053,https://publicreporting.cftc.gov/resource/72hh-3qpy.json?%24select=report_date_as_yyyy_mm_dd%2Ccftc_contract_market_code%2Cmarket_and_exchange_names%2Copen_interest_all%2Cm_money_positions_long_all%2Cm_money_positions_short_all%2Cm_money_positions_spread%2Ccontract_units%2Cfutonly_or_combined&%24where=cftc_contract_market_code%3D%27080732%27+AND+report_date_as_yyyy_mm_dd%3E%3D%272009-09-01T00%3A00%3A00.000%27+AND+report_date_as_yyyy_mm_dd%3C%3D%272026-08-11T00%3A00%3A00.000%27&%24order=report_date_as_yyyy_mm_dd&%24limit=5000,e1eadfec20535920e28d87b1a02245d9241765f4ae199f31c25d130fdaf7d93a,110591,241519,-130928,923101,-0.141834967137940485385672857,852,-0.1145626667776590775605717959,-0.1584389383434331383675065003,true,true,false,false,cftc_normalized_net_q10_reversal_v1
SUGAR NO. 11 - ICE FUTURES U.S.,080732,2026-01-06,2026-01-09T20:30:00Z,cftc_official_release_schedule,cftc_sugar_no11_selected_history_e1eadfec2053,https://publicreporting.cftc.gov/resource/72hh-3qpy.json?%24select=report_date_as_yyyy_mm_dd%2Ccftc_contract_market_code%2Cmarket_and_exchange_names%2Copen_interest_all%2Cm_money_positions_long_all%2Cm_money_positions_short_all%2Cm_money_positions_spread%2Ccontract_units%2Cfutonly_or_combined&%24where=cftc_contract_market_code%3D%27080732%27+AND+report_date_as_yyyy_mm_dd%3E%3D%272009-09-01T00%3A00%3A00.000%27+AND+report_date_as_yyyy_mm_dd%3C%3D%272026-08-11T00%3A00%3A00.000%27&%24order=report_date_as_yyyy_mm_dd&%24limit=5000,e1eadfec20535920e28d87b1a02245d9241765f4ae199f31c25d130fdaf7d93a,109835,247371,-137536,943170,-0.1458231283861870076444331351,853,-0.1147031232654793955725580085,-0.141834967137940485385672857,true,false,false,false,cftc_normalized_net_q10_reversal_v1
SUGAR NO. 11 - ICE FUTURES U.S.,080732,2026-01-13,2026-01-16T20:30:00Z,cftc_official_release_schedule,cftc_sugar_no11_selected_history_e1eadfec2053,https://publicreporting.cftc.gov/resource/72hh-3qpy.json?%24select=report_date_as_yyyy_mm_dd%2Ccftc_contract_market_code%2Cmarket_and_exchange_names%2Copen_interest_all%2Cm_money_positions_long_all%2Cm_money_positions_short_all%2Cm_money_positions_spread%2Ccontract_units%2Cfutonly_or_combined&%24where=cftc_contract_market_code%3D%27080732%27+AND+report_date_as_yyyy_mm_dd%3E%3D%272009-09-01T00%3A00%3A00.000%27+AND+report_date_as_yyyy_mm_dd%3C%3D%272026-08-11T00%3A00%3A00.000%27&%24order=report_date_as_yyyy_mm_dd&%24limit=5000,e1eadfec20535920e28d87b1a02245d9241765f4ae199f31c25d130fdaf7d93a,109658,247134,-137476,970010,-0.1417263739549076813641096484,854,-0.1174092270934018325750725404,-0.1458231283861870076444331351,true,true,false,false,cftc_normalized_net_q10_reversal_v1
SUGAR NO. 11 - ICE FUTURES U.S.,080732,2026-01-20,2026-01-23T20:30:00Z,cftc_official_release_schedule,cftc_sugar_no11_selected_history_e1eadfec2053,https://publicreporting.cftc.gov/resource/72hh-3qpy.json?%24select=report_date_as_yyyy_mm_dd%2Ccftc_contract_market_code%2Cmarket_and_exchange_names%2Copen_interest_all%2Cm_money_positions_long_all%2Cm_money_positions_short_all%2Cm_money_positions_spread%2Ccontract_units%2Cfutonly_or_combined&%24where=cftc_contract_market_code%3D%27080732%27+AND+report_date_as_yyyy_mm_dd%3E%3D%272009-09-01T00%3A00%3A00.000%27+AND+report_date_as_yyyy_mm_dd%3C%3D%272026-08-11T00%3A00%3A00.000%27&%24order=report_date_as_yyyy_mm_dd&%24limit=5000,e1eadfec20535920e28d87b1a02245d9241765f4ae199f31c25d130fdaf7d93a,108901,255155,-146254,985716,-0.1483733651477707575001318838,855,-0.1189971207107422580423758468,-0.1417263739549076813641096484,true,false,false,false,cftc_normalized_net_q10_reversal_v1
SUGAR NO. 11 - ICE FUTURES U.S.,080732,2026-01-27,2026-01-30T20:30:00Z,cftc_official_release_schedule,cftc_sugar_no11_selected_history_e1eadfec2053,https://publicreporting.cftc.gov/resource/72hh-3qpy.json?%24select=report_date_as_yyyy_mm_dd%2Ccftc_contract_market_code%2Cmarket_and_exchange_names%2Copen_interest_all%2Cm_money_positions_long_all%2Cm_money_positions_short_all%2Cm_money_positions_spread%2Ccontract_units%2Cfutonly_or_combined&%24where=cftc_contract_market_code%3D%27080732%27+AND+report_date_as_yyyy_mm_dd%3E%3D%272009-09-01T00%3A00%3A00.000%27+AND+report_date_as_yyyy_mm_dd%3C%3D%272026-08-11T00%3A00%3A00.000%27&%24order=report_date_as_yyyy_mm_dd&%24limit=5000,e1eadfec20535920e28d87b1a02245d9241765f4ae199f31c25d130fdaf7d93a,118093,250534,-132441,1006304,-0.1316113222246955194454160969,856,-0.1196642845624778518383336278,-0.1483733651477707575001318838,true,true,false,false,cftc_normalized_net_q10_reversal_v1
SUGAR NO. 11 - ICE FUTURES U.S.,080732,2026-02-03,2026-02-06T20:30:00Z,cftc_official_release_schedule,cftc_sugar_no11_selected_history_e1eadfec2053,https://publicreporting.cftc.gov/resource/72hh-3qpy.json?%24select=report_date_as_yyyy_mm_dd%2Ccftc_contract_market_code%2Cmarket_and_exchange_names%2Copen_interest_all%2Cm_money_positions_long_all%2Cm_money_positions_short_all%2Cm_money_positions_spread%2Ccontract_units%2Cfutonly_or_combined&%24where=cftc_contract_market_code%3D%27080732%27+AND+report_date_as_yyyy_mm_dd%3E%3D%272009-09-01T00%3A00%3A00.000%27+AND+report_date_as_yyyy_mm_dd%3C%3D%272026-08-11T00%3A00%3A00.000%27&%24order=report_date_as_yyyy_mm_dd&%24limit=5000,e1eadfec20535920e28d87b1a02245d9241765f4ae199f31c25d130fdaf7d93a,119876,296576,-176700,1059582,-0.1667638748110103795647717685,857,-0.1201806266993208055593574395,-0.1316113222246955194454160969,true,false,false,false,cftc_normalized_net_q10_reversal_v1
SUGAR NO. 11 - ICE FUTURES U.S.,080732,2026-02-10,2026-02-13T20:30:00Z,cftc_official_release_schedule,cftc_sugar_no11_selected_history_e1eadfec2053,https://publicreporting.cftc.gov/resource/72hh-3qpy.json?%24select=report_date_as_yyyy_mm_dd%2Ccftc_contract_market_code%2Cmarket_and_exchange_names%2Copen_interest_all%2Cm_money_positions_long_all%2Cm_money_positions_short_all%2Cm_money_positions_spread%2Ccontract_units%2Cfutonly_or_combined&%24where=cftc_contract_market_code%3D%27080732%27+AND+report_date_as_yyyy_mm_dd%3E%3D%272009-09-01T00%3A00%3A00.000%27+AND+report_date_as_yyyy_mm_dd%3C%3D%272026-08-11T00%3A00%3A00.000%27&%24order=report_date_as_yyyy_mm_dd&%24limit=5000,e1eadfec20535920e28d87b1a02245d9241765f4ae199f31c25d130fdaf7d93a,128034,328068,-200034,1095771,-0.1825509162042069008944387103,858,-0.121897554124364569279518683,-0.1667638748110103795647717685,true,false,false,false,cftc_normalized_net_q10_reversal_v1
SUGAR NO. 11 - ICE FUTURES U.S.,080732,2026-02-17,2026-02-20T20:30:00Z,cftc_official_release_schedule,cftc_sugar_no11_selected_history_e1eadfec2053,https://publicreporting.cftc.gov/resource/72hh-3qpy.json?%24select=report_date_as_yyyy_mm_dd%2Ccftc_contract_market_code%2Cmarket_and_exchange_names%2Copen_interest_all%2Cm_money_positions_long_all%2Cm_money_positions_short_all%2Cm_money_positions_spread%2Ccontract_units%2Cfutonly_or_combined&%24where=cftc_contract_market_code%3D%27080732%27+AND+report_date_as_yyyy_mm_dd%3E%3D%272009-09-01T00%3A00%3A00.000%27+AND+report_date_as_yyyy_mm_dd%3C%3D%272026-08-11T00%3A00%3A00.000%27&%24order=report_date_as_yyyy_mm_dd&%24limit=5000,e1eadfec20535920e28d87b1a02245d9241765f4ae199f31c25d130fdaf7d93a,131516,363278,-231762,1099675,-0.2107549957942119262509377771,859,-0.1240221705493052458073616548,-0.1825509162042069008944387103,true,false,true,false,cftc_normalized_net_q10_reversal_v1
SUGAR NO. 11 - ICE FUTURES U.S.,080732,2026-02-24,2026-02-27T20:30:00Z,cftc_official_release_schedule,cftc_sugar_no11_selected_history_e1eadfec2053,https://publicreporting.cftc.gov/resource/72hh-3qpy.json?%24select=report_date_as_yyyy_mm_dd%2Ccftc_contract_market_code%2Cmarket_and_exchange_names%2Copen_interest_all%2Cm_money_positions_long_all%2Cm_money_positions_short_all%2Cm_money_positions_spread%2Ccontract_units%2Cfutonly_or_combined&%24where=cftc_contract_market_code%3D%27080732%27+AND+report_date_as_yyyy_mm_dd%3E%3D%272009-09-01T00%3A00%3A00.000%27+AND+report_date_as_yyyy_mm_dd%3C%3D%272026-08-11T00%3A00%3A00.000%27&%24order=report_date_as_yyyy_mm_dd&%24limit=5000,e1eadfec20535920e28d87b1a02245d9241765f4ae199f31c25d130fdaf7d93a,137697,370013,-232316,1054389,-0.2203323441348496617472299123,860,-0.1244593886302264207619286991,-0.2107549957942119262509377771,true,false,true,false,cftc_normalized_net_q10_reversal_v1
SUGAR NO. 11 - ICE FUTURES U.S.,080732,2026-03-03,2026-03-06T20:30:00Z,cftc_official_release_schedule,cftc_sugar_no11_selected_history_e1eadfec2053,https://publicreporting.cftc.gov/resource/72hh-3qpy.json?%24select=report_date_as_yyyy_mm_dd%2Ccftc_contract_market_code%2Cmarket_and_exchange_names%2Copen_interest_all%2Cm_money_positions_long_all%2Cm_money_positions_short_all%2Cm_money_positions_spread%2Ccontract_units%2Cfutonly_or_combined&%24where=cftc_contract_market_code%3D%27080732%27+AND+report_date_as_yyyy_mm_dd%3E%3D%272009-09-01T00%3A00%3A00.000%27+AND+report_date_as_yyyy_mm_dd%3C%3D%272026-08-11T00%3A00%3A00.000%27&%24order=report_date_as_yyyy_mm_dd&%24limit=5000,e1eadfec20535920e28d87b1a02245d9241765f4ae199f31c25d130fdaf7d93a,143446,381663,-238217,1048631,-0.2271695191158758419310510561,861,-0.1244593886302264207619286991,-0.2203323441348496617472299123,true,false,true,false,cftc_normalized_net_q10_reversal_v1
SUGAR NO. 11 - ICE FUTURES U.S.,080732,2026-03-10,2026-03-13T19:30:00Z,cftc_official_release_schedule_and_event_page_verified,cftc_sugar_no11_selected_history_e1eadfec2053,https://publicreporting.cftc.gov/resource/72hh-3qpy.json?%24select=report_date_as_yyyy_mm_dd%2Ccftc_contract_market_code%2Cmarket_and_exchange_names%2Copen_interest_all%2Cm_money_positions_long_all%2Cm_money_positions_short_all%2Cm_money_positions_spread%2Ccontract_units%2Cfutonly_or_combined&%24where=cftc_contract_market_code%3D%27080732%27+AND+report_date_as_yyyy_mm_dd%3E%3D%272009-09-01T00%3A00%3A00.000%27+AND+report_date_as_yyyy_mm_dd%3C%3D%272026-08-11T00%3A00%3A00.000%27&%24order=report_date_as_yyyy_mm_dd&%24limit=5000,e1eadfec20535920e28d87b1a02245d9241765f4ae199f31c25d130fdaf7d93a,146157,348520,-202363,1035892,-0.1953514459036270190328721527,862,-0.1256854275746903301597654758,-0.2271695191158758419310510561,true,true,true,true,cftc_normalized_net_q10_reversal_v1
SUGAR NO. 11 - ICE FUTURES U.S.,080732,2026-03-17,2026-03-20T19:30:00Z,cftc_official_release_schedule,cftc_sugar_no11_selected_history_e1eadfec2053,https://publicreporting.cftc.gov/resource/72hh-3qpy.json?%24select=report_date_as_yyyy_mm_dd%2Ccftc_contract_market_code%2Cmarket_and_exchange_names%2Copen_interest_all%2Cm_money_positions_long_all%2Cm_money_positions_short_all%2Cm_money_positions_spread%2Ccontract_units%2Cfutonly_or_combined&%24where=cftc_contract_market_code%3D%27080732%27+AND+report_date_as_yyyy_mm_dd%3E%3D%272009-09-01T00%3A00%3A00.000%27+AND+report_date_as_yyyy_mm_dd%3C%3D%272026-08-11T00%3A00%3A00.000%27&%24order=report_date_as_yyyy_mm_dd&%24limit=5000,e1eadfec20535920e28d87b1a02245d9241765f4ae199f31c25d130fdaf7d93a,136614,334753,-198139,1005609,-0.1970338372071053461136485453,863,-0.1260992555098182104661926615,-0.1953514459036270190328721527,true,false,false,false,cftc_normalized_net_q10_reversal_v1
SUGAR NO. 11 - ICE FUTURES U.S.,080732,2026-03-24,2026-03-27T19:30:00Z,cftc_official_release_schedule,cftc_sugar_no11_selected_history_e1eadfec2053,https://publicreporting.cftc.gov/resource/72hh-3qpy.json?%24select=report_date_as_yyyy_mm_dd%2Ccftc_contract_market_code%2Cmarket_and_exchange_names%2Copen_interest_all%2Cm_money_positions_long_all%2Cm_money_positions_short_all%2Cm_money_positions_spread%2Ccontract_units%2Cfutonly_or_combined&%24where=cftc_contract_market_code%3D%27080732%27+AND+report_date_as_yyyy_mm_dd%3E%3D%272009-09-01T00%3A00%3A00.000%27+AND+report_date_as_yyyy_mm_dd%3C%3D%272026-08-11T00%3A00%3A00.000%27&%24order=report_date_as_yyyy_mm_dd&%24limit=5000,e1eadfec20535920e28d87b1a02245d9241765f4ae199f31c25d130fdaf7d93a,149710,222880,-73170,940662,-0.07778564457796743144721483381,864,-0.1297927528337613155915233575,-0.1970338372071053461136485453,true,true,false,false,cftc_normalized_net_q10_reversal_v1
SUGAR NO. 11 - ICE FUTURES U.S.,080732,2026-03-31,2026-04-03T19:30:00Z,cftc_official_release_schedule,cftc_sugar_no11_selected_history_e1eadfec2053,https://publicreporting.cftc.gov/resource/72hh-3qpy.json?%24select=report_date_as_yyyy_mm_dd%2Ccftc_contract_market_code%2Cmarket_and_exchange_names%2Copen_interest_all%2Cm_money_positions_long_all%2Cm_money_positions_short_all%2Cm_money_positions_spread%2Ccontract_units%2Cfutonly_or_combined&%24where=cftc_contract_market_code%3D%27080732%27+AND+report_date_as_yyyy_mm_dd%3E%3D%272009-09-01T00%3A00%3A00.000%27+AND+report_date_as_yyyy_mm_dd%3C%3D%272026-08-11T00%3A00%3A00.000%27&%24order=report_date_as_yyyy_mm_dd&%24limit=5000,e1eadfec20535920e28d87b1a02245d9241765f4ae199f31c25d130fdaf7d93a,143977,184771,-40794,927493,-0.04398308127392875202292631858,865,-0.1297927528337613155915233575,-0.07778564457796743144721483381,false,true,false,false,cftc_normalized_net_q10_reversal_v1
SUGAR NO. 11 - ICE FUTURES U.S.,080732,2026-04-07,2026-04-10T19:30:00Z,cftc_official_release_schedule,cftc_sugar_no11_selected_history_e1eadfec2053,https://publicreporting.cftc.gov/resource/72hh-3qpy.json?%24select=report_date_as_yyyy_mm_dd%2Ccftc_contract_market_code%2Cmarket_and_exchange_names%2Copen_interest_all%2Cm_money_positions_long_all%2Cm_money_positions_short_all%2Cm_money_positions_spread%2Ccontract_units%2Cfutonly_or_combined&%24where=cftc_contract_market_code%3D%27080732%27+AND+report_date_as_yyyy_mm_dd%3E%3D%272009-09-01T00%3A00%3A00.000%27+AND+report_date_as_yyyy_mm_dd%3C%3D%272026-08-11T00%3A00%3A00.000%27&%24order=report_date_as_yyyy_mm_dd&%24limit=5000,e1eadfec20535920e28d87b1a02245d9241765f4ae199f31c25d130fdaf7d93a,136109,191967,-55858,924257,-0.06043557149147910159187325603,866,-0.1297927528337613155915233575,-0.04398308127392875202292631858,false,false,false,false,cftc_normalized_net_q10_reversal_v1
SUGAR NO. 11 - ICE FUTURES U.S.,080732,2026-04-14,2026-04-17T19:30:00Z,cftc_official_release_schedule,cftc_sugar_no11_selected_history_e1eadfec2053,https://publicreporting.cftc.gov/resource/72hh-3qpy.json?%24select=report_date_as_yyyy_mm_dd%2Ccftc_contract_market_code%2Cmarket_and_exchange_names%2Copen_interest_all%2Cm_money_positions_long_all%2Cm_money_positions_short_all%2Cm_money_positions_spread%2Ccontract_units%2Cfutonly_or_combined&%24where=cftc_contract_market_code%3D%27080732%27+AND+report_date_as_yyyy_mm_dd%3E%3D%272009-09-01T00%3A00%3A00.000%27+AND+report_date_as_yyyy_mm_dd%3C%3D%272026-08-11T00%3A00%3A00.000%27&%24order=report_date_as_yyyy_mm_dd&%24limit=5000,e1eadfec20535920e28d87b1a02245d9241765f4ae199f31c25d130fdaf7d93a,121339,255085,-133746,946729,-0.1412716838715197273982311728,867,-0.1297927528337613155915233575,-0.06043557149147910159187325603,false,false,false,false,cftc_normalized_net_q10_reversal_v1
SUGAR NO. 11 - ICE FUTURES U.S.,080732,2026-04-21,2026-04-24T19:30:00Z,cftc_official_release_schedule,cftc_sugar_no11_selected_history_e1eadfec2053,https://publicreporting.cftc.gov/resource/72hh-3qpy.json?%24select=report_date_as_yyyy_mm_dd%2Ccftc_contract_market_code%2Cmarket_and_exchange_names%2Copen_interest_all%2Cm_money_positions_long_all%2Cm_money_positions_short_all%2Cm_money_positions_spread%2Ccontract_units%2Cfutonly_or_combined&%24where=cftc_contract_market_code%3D%27080732%27+AND+report_date_as_yyyy_mm_dd%3E%3D%272009-09-01T00%3A00%3A00.000%27+AND+report_date_as_yyyy_mm_dd%3C%3D%272026-08-11T00%3A00%3A00.000%27&%24order=report_date_as_yyyy_mm_dd&%24limit=5000,e1eadfec20535920e28d87b1a02245d9241765f4ae199f31c25d130fdaf7d93a,125316,300036,-174720,978152,-0.1786225453712715406194538272,868,-0.1299635556210640427347785879,-0.1412716838715197273982311728,true,false,false,false,cftc_normalized_net_q10_reversal_v1
SUGAR NO. 11 - ICE FUTURES U.S.,080732,2026-04-28,2026-05-01T19:30:00Z,cftc_official_release_schedule,cftc_sugar_no11_selected_history_e1eadfec2053,https://publicreporting.cftc.gov/resource/72hh-3qpy.json?%24select=report_date_as_yyyy_mm_dd%2Ccftc_contract_market_code%2Cmarket_and_exchange_names%2Copen_interest_all%2Cm_money_positions_long_all%2Cm_money_positions_short_all%2Cm_money_positions_spread%2Ccontract_units%2Cfutonly_or_combined&%24where=cftc_contract_market_code%3D%27080732%27+AND+report_date_as_yyyy_mm_dd%3E%3D%272009-09-01T00%3A00%3A00.000%27+AND+report_date_as_yyyy_mm_dd%3C%3D%272026-08-11T00%3A00%3A00.000%27&%24order=report_date_as_yyyy_mm_dd&%24limit=5000,e1eadfec20535920e28d87b1a02245d9241765f4ae199f31c25d130fdaf7d93a,138707,313307,-174600,972678,-0.1795044197565895393953600266,869,-0.130631545733143724092620368,-0.1786225453712715406194538272,true,false,false,false,cftc_normalized_net_q10_reversal_v1
SUGAR NO. 11 - ICE FUTURES U.S.,080732,2026-05-05,2026-05-08T19:30:00Z,cftc_official_release_schedule,cftc_sugar_no11_selected_history_e1eadfec2053,https://publicreporting.cftc.gov/resource/72hh-3qpy.json?%24select=report_date_as_yyyy_mm_dd%2Ccftc_contract_market_code%2Cmarket_and_exchange_names%2Copen_interest_all%2Cm_money_positions_long_all%2Cm_money_positions_short_all%2Cm_money_positions_spread%2Ccontract_units%2Cfutonly_or_combined&%24where=cftc_contract_market_code%3D%27080732%27+AND+report_date_as_yyyy_mm_dd%3E%3D%272009-09-01T00%3A00%3A00.000%27+AND+report_date_as_yyyy_mm_dd%3C%3D%272026-08-11T00%3A00%3A00.000%27&%24order=report_date_as_yyyy_mm_dd&%24limit=5000,e1eadfec20535920e28d87b1a02245d9241765f4ae199f31c25d130fdaf7d93a,170040,281597,-111557,969640,-0.115049915432531661235097562,870,-0.1310246403237999704626110759,-0.1795044197565895393953600266,true,true,false,false,cftc_normalized_net_q10_reversal_v1
SUGAR NO. 11 - ICE FUTURES U.S.,080732,2026-05-12,2026-05-15T19:30:00Z,cftc_official_release_schedule,cftc_sugar_no11_selected_history_e1eadfec2053,https://publicreporting.cftc.gov/resource/72hh-3qpy.json?%24select=report_date_as_yyyy_mm_dd%2Ccftc_contract_market_code%2Cmarket_and_exchange_names%2Copen_interest_all%2Cm_money_positions_long_all%2Cm_money_positions_short_all%2Cm_money_positions_spread%2Ccontract_units%2Cfutonly_or_combined&%24where=cftc_contract_market_code%3D%27080732%27+AND+report_date_as_yyyy_mm_dd%3E%3D%272009-09-01T00%3A00%3A00.000%27+AND+report_date_as_yyyy_mm_dd%3C%3D%272026-08-11T00%3A00%3A00.000%27&%24order=report_date_as_yyyy_mm_dd&%24limit=5000,e1eadfec20535920e28d87b1a02245d9241765f4ae199f31c25d130fdaf7d93a,164165,259736,-95571,961423,-0.09940577664565961080606559236,871,-0.130631545733143724092620368,-0.115049915432531661235097562,false,true,false,false,cftc_normalized_net_q10_reversal_v1
SUGAR NO. 11 - ICE FUTURES U.S.,080732,2026-05-19,2026-05-22T19:30:00Z,cftc_official_release_schedule,cftc_sugar_no11_selected_history_e1eadfec2053,https://publicreporting.cftc.gov/resource/72hh-3qpy.json?%24select=report_date_as_yyyy_mm_dd%2Ccftc_contract_market_code%2Cmarket_and_exchange_names%2Copen_interest_all%2Cm_money_positions_long_all%2Cm_money_positions_short_all%2Cm_money_positions_spread%2Ccontract_units%2Cfutonly_or_combined&%24where=cftc_contract_market_code%3D%27080732%27+AND+report_date_as_yyyy_mm_dd%3E%3D%272009-09-01T00%3A00%3A00.000%27+AND+report_date_as_yyyy_mm_dd%3C%3D%272026-08-11T00%3A00%3A00.000%27&%24order=report_date_as_yyyy_mm_dd&%24limit=5000,e1eadfec20535920e28d87b1a02245d9241765f4ae199f31c25d130fdaf7d93a,171282,255151,-83869,970925,-0.08638051342791667739526739964,872,-0.130631545733143724092620368,-0.09940577664565961080606559236,false,true,false,false,cftc_normalized_net_q10_reversal_v1
SUGAR NO. 11 - ICE FUTURES U.S.,080732,2026-05-26,2026-05-29T19:30:00Z,cftc_official_release_schedule,cftc_sugar_no11_selected_history_e1eadfec2053,https://publicreporting.cftc.gov/resource/72hh-3qpy.json?%24select=report_date_as_yyyy_mm_dd%2Ccftc_contract_market_code%2Cmarket_and_exchange_names%2Copen_interest_all%2Cm_money_positions_long_all%2Cm_money_positions_short_all%2Cm_money_positions_spread%2Ccontract_units%2Cfutonly_or_combined&%24where=cftc_contract_market_code%3D%27080732%27+AND+report_date_as_yyyy_mm_dd%3E%3D%272009-09-01T00%3A00%3A00.000%27+AND+report_date_as_yyyy_mm_dd%3C%3D%272026-08-11T00%3A00%3A00.000%27&%24order=report_date_as_yyyy_mm_dd&%24limit=5000,e1eadfec20535920e28d87b1a02245d9241765f4ae199f31c25d130fdaf7d93a,164009,253111,-89102,967447,-0.09210013571802899797094827934,873,-0.130631545733143724092620368,-0.08638051342791667739526739964,false,false,false,false,cftc_normalized_net_q10_reversal_v1
SUGAR NO. 11 - ICE FUTURES U.S.,080732,2026-06-02,2026-06-05T19:30:00Z,cftc_official_release_schedule,cftc_sugar_no11_selected_history_e1eadfec2053,https://publicreporting.cftc.gov/resource/72hh-3qpy.json?%24select=report_date_as_yyyy_mm_dd%2Ccftc_contract_market_code%2Cmarket_and_exchange_names%2Copen_interest_all%2Cm_money_positions_long_all%2Cm_money_positions_short_all%2Cm_money_positions_spread%2Ccontract_units%2Cfutonly_or_combined&%24where=cftc_contract_market_code%3D%27080732%27+AND+report_date_as_yyyy_mm_dd%3E%3D%272009-09-01T00%3A00%3A00.000%27+AND+report_date_as_yyyy_mm_dd%3C%3D%272026-08-11T00%3A00%3A00.000%27&%24order=report_date_as_yyyy_mm_dd&%24limit=5000,e1eadfec20535920e28d87b1a02245d9241765f4ae199f31c25d130fdaf7d93a,146175,264907,-118732,979429,-0.1212257345861721472408923975,874,-0.130631545733143724092620368,-0.09210013571802899797094827934,false,false,false,false,cftc_normalized_net_q10_reversal_v1
SUGAR NO. 11 - ICE FUTURES U.S.,080732,2026-06-09,2026-06-12T19:30:00Z,cftc_official_release_schedule,cftc_sugar_no11_selected_history_e1eadfec2053,https://publicreporting.cftc.gov/resource/72hh-3qpy.json?%24select=report_date_as_yyyy_mm_dd%2Ccftc_contract_market_code%2Cmarket_and_exchange_names%2Copen_interest_all%2Cm_money_positions_long_all%2Cm_money_positions_short_all%2Cm_money_positions_spread%2Ccontract_units%2Cfutonly_or_combined&%24where=cftc_contract_market_code%3D%27080732%27+AND+report_date_as_yyyy_mm_dd%3E%3D%272009-09-01T00%3A00%3A00.000%27+AND+report_date_as_yyyy_mm_dd%3C%3D%272026-08-11T00%3A00%3A00.000%27&%24order=report_date_as_yyyy_mm_dd&%24limit=5000,e1eadfec20535920e28d87b1a02245d9241765f4ae199f31c25d130fdaf7d93a,151962,275675,-123713,1009892,-0.1225012179520186316952703853,875,-0.130631545733143724092620368,-0.1212257345861721472408923975,false,false,true,false,cftc_normalized_net_q10_reversal_v1
SUGAR NO. 11 - ICE FUTURES U.S.,080732,2026-06-16,2026-06-22T19:30:00Z,cftc_official_release_schedule,cftc_sugar_no11_selected_history_e1eadfec2053,https://publicreporting.cftc.gov/resource/72hh-3qpy.json?%24select=report_date_as_yyyy_mm_dd%2Ccftc_contract_market_code%2Cmarket_and_exchange_names%2Copen_interest_all%2Cm_money_positions_long_all%2Cm_money_positions_short_all%2Cm_money_positions_spread%2Ccontract_units%2Cfutonly_or_combined&%24where=cftc_contract_market_code%3D%27080732%27+AND+report_date_as_yyyy_mm_dd%3E%3D%272009-09-01T00%3A00%3A00.000%27+AND+report_date_as_yyyy_mm_dd%3C%3D%272026-08-11T00%3A00%3A00.000%27&%24order=report_date_as_yyyy_mm_dd&%24limit=5000,e1eadfec20535920e28d87b1a02245d9241765f4ae199f31c25d130fdaf7d93a,145030,299965,-154935,1010191,-0.1533719860897592633472283954,876,-0.130631545733143724092620368,-0.1225012179520186316952703853,false,false,true,false,cftc_normalized_net_q10_reversal_v1
SUGAR NO. 11 - ICE FUTURES U.S.,080732,2026-06-23,2026-06-26T19:30:00Z,cftc_official_release_schedule,cftc_sugar_no11_selected_history_e1eadfec2053,https://publicreporting.cftc.gov/resource/72hh-3qpy.json?%24select=report_date_as_yyyy_mm_dd%2Ccftc_contract_market_code%2Cmarket_and_exchange_names%2Copen_interest_all%2Cm_money_positions_long_all%2Cm_money_positions_short_all%2Cm_money_positions_spread%2Ccontract_units%2Cfutonly_or_combined&%24where=cftc_contract_market_code%3D%27080732%27+AND+report_date_as_yyyy_mm_dd%3E%3D%272009-09-01T00%3A00%3A00.000%27+AND+report_date_as_yyyy_mm_dd%3C%3D%272026-08-11T00%3A00%3A00.000%27&%24order=report_date_as_yyyy_mm_dd&%24limit=5000,e1eadfec20535920e28d87b1a02245d9241765f4ae199f31c25d130fdaf7d93a,128209,314499,-186290,1007082,-0.1849799718394331345411793677,877,-0.1310246403237999704626110759,-0.1533719860897592633472283954,true,false,true,false,cftc_normalized_net_q10_reversal_v1
SUGAR NO. 11 - ICE FUTURES U.S.,080732,2026-06-30,2026-07-06T19:30:00Z,cftc_official_release_schedule_and_event_page_verified,cftc_sugar_no11_selected_history_e1eadfec2053,https://publicreporting.cftc.gov/resource/72hh-3qpy.json?%24select=report_date_as_yyyy_mm_dd%2Ccftc_contract_market_code%2Cmarket_and_exchange_names%2Copen_interest_all%2Cm_money_positions_long_all%2Cm_money_positions_short_all%2Cm_money_positions_spread%2Ccontract_units%2Cfutonly_or_combined&%24where=cftc_contract_market_code%3D%27080732%27+AND+report_date_as_yyyy_mm_dd%3E%3D%272009-09-01T00%3A00%3A00.000%27+AND+report_date_as_yyyy_mm_dd%3C%3D%272026-08-11T00%3A00%3A00.000%27&%24order=report_date_as_yyyy_mm_dd&%24limit=5000,e1eadfec20535920e28d87b1a02245d9241765f4ae199f31c25d130fdaf7d93a,145506,303708,-158202,992340,-0.15942318157083257754398694,878,-0.1312496267599459738992436092,-0.1849799718394331345411793677,true,true,true,true,cftc_normalized_net_q10_reversal_v1
SUGAR NO. 11 - ICE FUTURES U.S.,080732,2026-07-07,2026-07-10T19:30:00Z,cftc_official_release_schedule,cftc_sugar_no11_selected_history_e1eadfec2053,https://publicreporting.cftc.gov/resource/72hh-3qpy.json?%24select=report_date_as_yyyy_mm_dd%2Ccftc_contract_market_code%2Cmarket_and_exchange_names%2Copen_interest_all%2Cm_money_positions_long_all%2Cm_money_positions_short_all%2Cm_money_positions_spread%2Ccontract_units%2Cfutonly_or_combined&%24where=cftc_contract_market_code%3D%27080732%27+AND+report_date_as_yyyy_mm_dd%3E%3D%272009-09-01T00%3A00%3A00.000%27+AND+report_date_as_yyyy_mm_dd%3C%3D%272026-08-11T00%3A00%3A00.000%27&%24order=report_date_as_yyyy_mm_dd&%24limit=5000,e1eadfec20535920e28d87b1a02245d9241765f4ae199f31c25d130fdaf7d93a,168149,276799,-108650,997547,-0.1089171738273986087873553828,879,-0.1316113222246955194454160969,-0.15942318157083257754398694,true,true,false,false,cftc_normalized_net_q10_reversal_v1
SUGAR NO. 11 - ICE FUTURES U.S.,080732,2026-07-14,2026-07-17T19:30:00Z,cftc_official_release_schedule,cftc_sugar_no11_selected_history_e1eadfec2053,https://publicreporting.cftc.gov/resource/72hh-3qpy.json?%24select=report_date_as_yyyy_mm_dd%2Ccftc_contract_market_code%2Cmarket_and_exchange_names%2Copen_interest_all%2Cm_money_positions_long_all%2Cm_money_positions_short_all%2Cm_money_positions_spread%2Ccontract_units%2Cfutonly_or_combined&%24where=cftc_contract_market_code%3D%27080732%27+AND+report_date_as_yyyy_mm_dd%3E%3D%272009-09-01T00%3A00%3A00.000%27+AND+report_date_as_yyyy_mm_dd%3C%3D%272026-08-11T00%3A00%3A00.000%27&%24order=report_date_as_yyyy_mm_dd&%24limit=5000,e1eadfec20535920e28d87b1a02245d9241765f4ae199f31c25d130fdaf7d93a,179424,282241,-102817,1000488,-0.1027668497773086733673967104,880,-0.1316113222246955194454160969,-0.1089171738273986087873553828,false,true,false,false,cftc_normalized_net_q10_reversal_v1
SUGAR NO. 11 - ICE FUTURES U.S.,080732,2026-07-21,2026-07-24T19:30:00Z,cftc_official_release_schedule,cftc_sugar_no11_selected_history_e1eadfec2053,https://publicreporting.cftc.gov/resource/72hh-3qpy.json?%24select=report_date_as_yyyy_mm_dd%2Ccftc_contract_market_code%2Cmarket_and_exchange_names%2Copen_interest_all%2Cm_money_positions_long_all%2Cm_money_positions_short_all%2Cm_money_positions_spread%2Ccontract_units%2Cfutonly_or_combined&%24where=cftc_contract_market_code%3D%27080732%27+AND+report_date_as_yyyy_mm_dd%3E%3D%272009-09-01T00%3A00%3A00.000%27+AND+report_date_as_yyyy_mm_dd%3C%3D%272026-08-11T00%3A00%3A00.000%27&%24order=report_date_as_yyyy_mm_dd&%24limit=5000,e1eadfec20535920e28d87b1a02245d9241765f4ae199f31c25d130fdaf7d93a,176904,279586,-102682,1015444,-0.1011202981158980702037729309,881,-0.1312496267599459738992436092,-0.1027668497773086733673967104,false,true,false,false,cftc_normalized_net_q10_reversal_v1
SUGAR NO. 11 - ICE FUTURES U.S.,080732,2026-07-28,2026-07-31T19:30:00Z,cftc_official_release_schedule,cftc_sugar_no11_selected_history_e1eadfec2053,https://publicreporting.cftc.gov/resource/72hh-3qpy.json?%24select=report_date_as_yyyy_mm_dd%2Ccftc_contract_market_code%2Cmarket_and_exchange_names%2Copen_interest_all%2Cm_money_positions_long_all%2Cm_money_positions_short_all%2Cm_money_positions_spread%2Ccontract_units%2Cfutonly_or_combined&%24where=cftc_contract_market_code%3D%27080732%27+AND+report_date_as_yyyy_mm_dd%3E%3D%272009-09-01T00%3A00%3A00.000%27+AND+report_date_as_yyyy_mm_dd%3C%3D%272026-08-11T00%3A00%3A00.000%27&%24order=report_date_as_yyyy_mm_dd&%24limit=5000,e1eadfec20535920e28d87b1a02245d9241765f4ae199f31c25d130fdaf7d93a,175285,291709,-116424,1032923,-0.1127131451231117905206874085,882,-0.1312496267599459738992436092,-0.1011202981158980702037729309,false,false,false,false,cftc_normalized_net_q10_reversal_v1
SUGAR NO. 11 - ICE FUTURES U.S.,080732,2026-08-04,2026-08-07T19:30:00Z,cftc_official_release_schedule,cftc_sugar_no11_selected_history_e1eadfec2053,https://publicreporting.cftc.gov/resource/72hh-3qpy.json?%24select=report_date_as_yyyy_mm_dd%2Ccftc_contract_market_code%2Cmarket_and_exchange_names%2Copen_interest_all%2Cm_money_positions_long_all%2Cm_money_positions_short_all%2Cm_money_positions_spread%2Ccontract_units%2Cfutonly_or_combined&%24where=cftc_contract_market_code%3D%27080732%27+AND+report_date_as_yyyy_mm_dd%3E%3D%272009-09-01T00%3A00%3A00.000%27+AND+report_date_as_yyyy_mm_dd%3C%3D%272026-08-11T00%3A00%3A00.000%27&%24order=report_date_as_yyyy_mm_dd&%24limit=5000,e1eadfec20535920e28d87b1a02245d9241765f4ae199f31c25d130fdaf7d93a,187365,274553,-87188,1055808,-0.08257940837728071770624962114,883,-0.1312496267599459738992436092,-0.1127131451231117905206874085,false,true,false,false,cftc_normalized_net_q10_reversal_v1
SUGAR NO. 11 - ICE FUTURES U.S.,080732,2026-08-11,2026-08-14T19:30:00Z,cftc_official_release_schedule,cftc_sugar_no11_selected_history_e1eadfec2053,https://publicreporting.cftc.gov/resource/72hh-3qpy.json?%24select=report_date_as_yyyy_mm_dd%2Ccftc_contract_market_code%2Cmarket_and_exchange_names%2Copen_interest_all%2Cm_money_positions_long_all%2Cm_money_positions_short_all%2Cm_money_positions_spread%2Ccontract_units%2Cfutonly_or_combined&%24where=cftc_contract_market_code%3D%27080732%27+AND+report_date_as_yyyy_mm_dd%3E%3D%272009-09-01T00%3A00%3A00.000%27+AND+report_date_as_yyyy_mm_dd%3C%3D%272026-08-11T00%3A00%3A00.000%27&%24order=report_date_as_yyyy_mm_dd&%24limit=5000,e1eadfec20535920e28d87b1a02245d9241765f4ae199f31c25d130fdaf7d93a,214826,171242,43584,1115157,0.03908328603057686047794167099,884,-0.1312496267599459738992436092,-0.08257940837728071770624962114,false,true,false,false,cftc_normalized_net_q10_reversal_v1
