vintage_id,prior_vintage_id,wasde_number,report_date,report_label,effective_at_utc,available_at_utc,region,market_year,attribute,normalized_unit,value,prior_value,revision,source_version,is_corrected_repost
WASDE-661-V1:141438d7c714,WASDE-660-V1:3a6282552187,661,2025-06-12,June 2025,2025-06-12T16:00:00Z,2025-06-14T03:59:59Z,Mexico,2024/25,Beginning Stocks,"1000 Metric Tons, Actual Weight",1418,1418,0,WASDE-661-V1,false
WASDE-661-V1:141438d7c714,WASDE-660-V1:3a6282552187,661,2025-06-12,June 2025,2025-06-12T16:00:00Z,2025-06-14T03:59:59Z,Mexico,2024/25,Domestic,"1000 Metric Tons, Actual Weight",4553,4614,-61,WASDE-661-V1,false
WASDE-661-V1:141438d7c714,WASDE-660-V1:3a6282552187,661,2025-06-12,June 2025,2025-06-12T16:00:00Z,2025-06-14T03:59:59Z,Mexico,2024/25,Ending Stocks,"1000 Metric Tons, Actual Weight",1071,1081,-10,WASDE-661-V1,false
WASDE-661-V1:141438d7c714,WASDE-660-V1:3a6282552187,661,2025-06-12,June 2025,2025-06-12T16:00:00Z,2025-06-14T03:59:59Z,Mexico,2024/25,Exports,"1000 Metric Tons, Actual Weight",743,723,20,WASDE-661-V1,false
WASDE-661-V1:141438d7c714,WASDE-660-V1:3a6282552187,661,2025-06-12,June 2025,2025-06-12T16:00:00Z,2025-06-14T03:59:59Z,Mexico,2024/25,Imports,"1000 Metric Tons, Actual Weight",175,189,-14,WASDE-661-V1,false
WASDE-661-V1:141438d7c714,WASDE-660-V1:3a6282552187,661,2025-06-12,June 2025,2025-06-12T16:00:00Z,2025-06-14T03:59:59Z,Mexico,2024/25,Production,"1000 Metric Tons, Actual Weight",4774,4811,-37,WASDE-661-V1,false
WASDE-661-V1:141438d7c714,WASDE-660-V1:3a6282552187,661,2025-06-12,June 2025,2025-06-12T16:00:00Z,2025-06-14T03:59:59Z,Mexico,2025/26,Beginning Stocks,"1000 Metric Tons, Actual Weight",1071,1081,-10,WASDE-661-V1,false
WASDE-661-V1:141438d7c714,WASDE-660-V1:3a6282552187,661,2025-06-12,June 2025,2025-06-12T16:00:00Z,2025-06-14T03:59:59Z,Mexico,2025/26,Domestic,"1000 Metric Tons, Actual Weight",4569,4569,0,WASDE-661-V1,false
WASDE-661-V1:141438d7c714,WASDE-660-V1:3a6282552187,661,2025-06-12,June 2025,2025-06-12T16:00:00Z,2025-06-14T03:59:59Z,Mexico,2025/26,Ending Stocks,"1000 Metric Tons, Actual Weight",1081,1081,0,WASDE-661-V1,false
WASDE-661-V1:141438d7c714,WASDE-660-V1:3a6282552187,661,2025-06-12,June 2025,2025-06-12T16:00:00Z,2025-06-14T03:59:59Z,Mexico,2025/26,Exports,"1000 Metric Tons, Actual Weight",657,667,-10,WASDE-661-V1,false
WASDE-661-V1:141438d7c714,WASDE-660-V1:3a6282552187,661,2025-06-12,June 2025,2025-06-12T16:00:00Z,2025-06-14T03:59:59Z,Mexico,2025/26,Imports,"1000 Metric Tons, Actual Weight",142,142,0,WASDE-661-V1,false
WASDE-661-V1:141438d7c714,WASDE-660-V1:3a6282552187,661,2025-06-12,June 2025,2025-06-12T16:00:00Z,2025-06-14T03:59:59Z,Mexico,2025/26,Production,"1000 Metric Tons, Actual Weight",5094,5094,0,WASDE-661-V1,false
WASDE-661-V1:141438d7c714,WASDE-660-V1:3a6282552187,661,2025-06-12,June 2025,2025-06-12T16:00:00Z,2025-06-14T03:59:59Z,United States,2023/24,Beet Sugar,"1000 Short Tons, Raw Value",5172,5172,0,WASDE-661-V1,false
WASDE-661-V1:141438d7c714,WASDE-660-V1:3a6282552187,661,2025-06-12,June 2025,2025-06-12T16:00:00Z,2025-06-14T03:59:59Z,United States,2023/24,Beginning Stocks,"1000 Short Tons, Raw Value",1843,1843,0,WASDE-661-V1,false
WASDE-661-V1:141438d7c714,WASDE-660-V1:3a6282552187,661,2025-06-12,June 2025,2025-06-12T16:00:00Z,2025-06-14T03:59:59Z,United States,2023/24,Cane Sugar,"1000 Short Tons, Raw Value",4141,4141,0,WASDE-661-V1,false
WASDE-661-V1:141438d7c714,WASDE-660-V1:3a6282552187,661,2025-06-12,June 2025,2025-06-12T16:00:00Z,2025-06-14T03:59:59Z,United States,2023/24,Deliveries,"1000 Short Tons, Raw Value",12534,12534,0,WASDE-661-V1,false
WASDE-661-V1:141438d7c714,WASDE-660-V1:3a6282552187,661,2025-06-12,June 2025,2025-06-12T16:00:00Z,2025-06-14T03:59:59Z,United States,2023/24,Ending Stocks,"1000 Short Tons, Raw Value",2131,2131,0,WASDE-661-V1,false
WASDE-661-V1:141438d7c714,WASDE-660-V1:3a6282552187,661,2025-06-12,June 2025,2025-06-12T16:00:00Z,2025-06-14T03:59:59Z,United States,2023/24,Exports,"1000 Short Tons, Raw Value",249,249,0,WASDE-661-V1,false
WASDE-661-V1:141438d7c714,WASDE-660-V1:3a6282552187,661,2025-06-12,June 2025,2025-06-12T16:00:00Z,2025-06-14T03:59:59Z,United States,2023/24,Exports - Other,"1000 Short Tons, Raw Value",106,106,0,WASDE-661-V1,false
WASDE-661-V1:141438d7c714,WASDE-660-V1:3a6282552187,661,2025-06-12,June 2025,2025-06-12T16:00:00Z,2025-06-14T03:59:59Z,United States,2023/24,Florida,"1000 Short Tons, Raw Value",2079,2079,0,WASDE-661-V1,false
WASDE-661-V1:141438d7c714,WASDE-660-V1:3a6282552187,661,2025-06-12,June 2025,2025-06-12T16:00:00Z,2025-06-14T03:59:59Z,United States,2023/24,Food,"1000 Short Tons, Raw Value",12428,12428,0,WASDE-661-V1,false
WASDE-661-V1:141438d7c714,WASDE-660-V1:3a6282552187,661,2025-06-12,June 2025,2025-06-12T16:00:00Z,2025-06-14T03:59:59Z,United States,2023/24,High-tier tariff/other,"1000 Short Tons, Raw Value",1231,1231,0,WASDE-661-V1,false
WASDE-661-V1:141438d7c714,WASDE-660-V1:3a6282552187,661,2025-06-12,June 2025,2025-06-12T16:00:00Z,2025-06-14T03:59:59Z,United States,2023/24,Imports,"1000 Short Tons, Raw Value",3840,3840,0,WASDE-661-V1,false
WASDE-661-V1:141438d7c714,WASDE-660-V1:3a6282552187,661,2025-06-12,June 2025,2025-06-12T16:00:00Z,2025-06-14T03:59:59Z,United States,2023/24,Louisiana,"1000 Short Tons, Raw Value",2022,2022,0,WASDE-661-V1,false
WASDE-661-V1:141438d7c714,WASDE-660-V1:3a6282552187,661,2025-06-12,June 2025,2025-06-12T16:00:00Z,2025-06-14T03:59:59Z,United States,2023/24,Mexico,"1000 Short Tons, Raw Value",521,521,0,WASDE-661-V1,false
WASDE-661-V1:141438d7c714,WASDE-660-V1:3a6282552187,661,2025-06-12,June 2025,2025-06-12T16:00:00Z,2025-06-14T03:59:59Z,United States,2023/24,Miscellaneous,"1000 Short Tons, Raw Value",81,81,0,WASDE-661-V1,false
WASDE-661-V1:141438d7c714,WASDE-660-V1:3a6282552187,661,2025-06-12,June 2025,2025-06-12T16:00:00Z,2025-06-14T03:59:59Z,United States,2023/24,Non-program,"1000 Short Tons, Raw Value",1752,1752,0,WASDE-661-V1,false
WASDE-661-V1:141438d7c714,WASDE-660-V1:3a6282552187,661,2025-06-12,June 2025,2025-06-12T16:00:00Z,2025-06-14T03:59:59Z,United States,2023/24,Other Program,"1000 Short Tons, Raw Value",300,300,0,WASDE-661-V1,false
WASDE-661-V1:141438d7c714,WASDE-660-V1:3a6282552187,661,2025-06-12,June 2025,2025-06-12T16:00:00Z,2025-06-14T03:59:59Z,United States,2023/24,Production,"1000 Short Tons, Raw Value",9313,9313,0,WASDE-661-V1,false
WASDE-661-V1:141438d7c714,WASDE-660-V1:3a6282552187,661,2025-06-12,June 2025,2025-06-12T16:00:00Z,2025-06-14T03:59:59Z,United States,2023/24,Stocks to Use Ratio,Percent,16.6,16.6,0,WASDE-661-V1,false
WASDE-661-V1:141438d7c714,WASDE-660-V1:3a6282552187,661,2025-06-12,June 2025,2025-06-12T16:00:00Z,2025-06-14T03:59:59Z,United States,2023/24,TRQ,"1000 Short Tons, Raw Value",1788,1788,0,WASDE-661-V1,false
WASDE-661-V1:141438d7c714,WASDE-660-V1:3a6282552187,661,2025-06-12,June 2025,2025-06-12T16:00:00Z,2025-06-14T03:59:59Z,United States,2023/24,Texas,"1000 Short Tons, Raw Value",40,40,0,WASDE-661-V1,false
WASDE-661-V1:141438d7c714,WASDE-660-V1:3a6282552187,661,2025-06-12,June 2025,2025-06-12T16:00:00Z,2025-06-14T03:59:59Z,United States,2023/24,Total Supply,"1000 Short Tons, Raw Value",14995,14995,0,WASDE-661-V1,false
WASDE-661-V1:141438d7c714,WASDE-660-V1:3a6282552187,661,2025-06-12,June 2025,2025-06-12T16:00:00Z,2025-06-14T03:59:59Z,United States,2023/24,Total Use,"1000 Short Tons, Raw Value",12864,12864,0,WASDE-661-V1,false
WASDE-661-V1:141438d7c714,WASDE-660-V1:3a6282552187,661,2025-06-12,June 2025,2025-06-12T16:00:00Z,2025-06-14T03:59:59Z,United States,2024/25,Beet Sugar,"1000 Short Tons, Raw Value",5318,5334,-16,WASDE-661-V1,false
WASDE-661-V1:141438d7c714,WASDE-660-V1:3a6282552187,661,2025-06-12,June 2025,2025-06-12T16:00:00Z,2025-06-14T03:59:59Z,United States,2024/25,Beginning Stocks,"1000 Short Tons, Raw Value",2131,2131,0,WASDE-661-V1,false
WASDE-661-V1:141438d7c714,WASDE-660-V1:3a6282552187,661,2025-06-12,June 2025,2025-06-12T16:00:00Z,2025-06-14T03:59:59Z,United States,2024/25,Cane Sugar,"1000 Short Tons, Raw Value",3973,3977,-4,WASDE-661-V1,false
WASDE-661-V1:141438d7c714,WASDE-660-V1:3a6282552187,661,2025-06-12,June 2025,2025-06-12T16:00:00Z,2025-06-14T03:59:59Z,United States,2024/25,Deliveries,"1000 Short Tons, Raw Value",12230,12255,-25,WASDE-661-V1,false
WASDE-661-V1:141438d7c714,WASDE-660-V1:3a6282552187,661,2025-06-12,June 2025,2025-06-12T16:00:00Z,2025-06-14T03:59:59Z,United States,2024/25,Ending Stocks,"1000 Short Tons, Raw Value",2045,2032,13,WASDE-661-V1,false
WASDE-661-V1:141438d7c714,WASDE-660-V1:3a6282552187,661,2025-06-12,June 2025,2025-06-12T16:00:00Z,2025-06-14T03:59:59Z,United States,2024/25,Exports,"1000 Short Tons, Raw Value",100,100,0,WASDE-661-V1,false
WASDE-661-V1:141438d7c714,WASDE-660-V1:3a6282552187,661,2025-06-12,June 2025,2025-06-12T16:00:00Z,2025-06-14T03:59:59Z,United States,2024/25,Exports - Other,"1000 Short Tons, Raw Value",105,105,0,WASDE-661-V1,false
WASDE-661-V1:141438d7c714,WASDE-660-V1:3a6282552187,661,2025-06-12,June 2025,2025-06-12T16:00:00Z,2025-06-14T03:59:59Z,United States,2024/25,Florida,"1000 Short Tons, Raw Value",1929,1929,0,WASDE-661-V1,false
WASDE-661-V1:141438d7c714,WASDE-660-V1:3a6282552187,661,2025-06-12,June 2025,2025-06-12T16:00:00Z,2025-06-14T03:59:59Z,United States,2024/25,Food,"1000 Short Tons, Raw Value",12125,12150,-25,WASDE-661-V1,false
WASDE-661-V1:141438d7c714,WASDE-660-V1:3a6282552187,661,2025-06-12,June 2025,2025-06-12T16:00:00Z,2025-06-14T03:59:59Z,United States,2024/25,High-tier tariff/other,"1000 Short Tons, Raw Value",724,715,9,WASDE-661-V1,false
WASDE-661-V1:141438d7c714,WASDE-660-V1:3a6282552187,661,2025-06-12,June 2025,2025-06-12T16:00:00Z,2025-06-14T03:59:59Z,United States,2024/25,Imports,"1000 Short Tons, Raw Value",2953,2944,9,WASDE-661-V1,false
WASDE-661-V1:141438d7c714,WASDE-660-V1:3a6282552187,661,2025-06-12,June 2025,2025-06-12T16:00:00Z,2025-06-14T03:59:59Z,United States,2024/25,Louisiana,"1000 Short Tons, Raw Value",2045,2049,-4,WASDE-661-V1,false
WASDE-661-V1:141438d7c714,WASDE-660-V1:3a6282552187,661,2025-06-12,June 2025,2025-06-12T16:00:00Z,2025-06-14T03:59:59Z,United States,2024/25,Mexico,"1000 Short Tons, Raw Value",497,497,0,WASDE-661-V1,false
WASDE-661-V1:141438d7c714,WASDE-660-V1:3a6282552187,661,2025-06-12,June 2025,2025-06-12T16:00:00Z,2025-06-14T03:59:59Z,United States,2024/25,Miscellaneous,"1000 Short Tons, Raw Value",0,0,0,WASDE-661-V1,false
WASDE-661-V1:141438d7c714,WASDE-660-V1:3a6282552187,661,2025-06-12,June 2025,2025-06-12T16:00:00Z,2025-06-14T03:59:59Z,United States,2024/25,Non-program,"1000 Short Tons, Raw Value",1220,1212,8,WASDE-661-V1,false
WASDE-661-V1:141438d7c714,WASDE-660-V1:3a6282552187,661,2025-06-12,June 2025,2025-06-12T16:00:00Z,2025-06-14T03:59:59Z,United States,2024/25,Other Program,"1000 Short Tons, Raw Value",200,200,0,WASDE-661-V1,false
WASDE-661-V1:141438d7c714,WASDE-660-V1:3a6282552187,661,2025-06-12,June 2025,2025-06-12T16:00:00Z,2025-06-14T03:59:59Z,United States,2024/25,Production,"1000 Short Tons, Raw Value",9291,9311,-20,WASDE-661-V1,false
WASDE-661-V1:141438d7c714,WASDE-660-V1:3a6282552187,661,2025-06-12,June 2025,2025-06-12T16:00:00Z,2025-06-14T03:59:59Z,United States,2024/25,Stocks to Use Ratio,Percent,16.6,16.4,0.2,WASDE-661-V1,false
WASDE-661-V1:141438d7c714,WASDE-660-V1:3a6282552187,661,2025-06-12,June 2025,2025-06-12T16:00:00Z,2025-06-14T03:59:59Z,United States,2024/25,TRQ,"1000 Short Tons, Raw Value",1533,1533,0,WASDE-661-V1,false
WASDE-661-V1:141438d7c714,WASDE-660-V1:3a6282552187,661,2025-06-12,June 2025,2025-06-12T16:00:00Z,2025-06-14T03:59:59Z,United States,2024/25,Texas,"1000 Short Tons, Raw Value",0,0,0,WASDE-661-V1,false
WASDE-661-V1:141438d7c714,WASDE-660-V1:3a6282552187,661,2025-06-12,June 2025,2025-06-12T16:00:00Z,2025-06-14T03:59:59Z,United States,2024/25,Total Supply,"1000 Short Tons, Raw Value",14375,14387,-12,WASDE-661-V1,false
WASDE-661-V1:141438d7c714,WASDE-660-V1:3a6282552187,661,2025-06-12,June 2025,2025-06-12T16:00:00Z,2025-06-14T03:59:59Z,United States,2024/25,Total Use,"1000 Short Tons, Raw Value",12330,12355,-25,WASDE-661-V1,false
WASDE-661-V1:141438d7c714,WASDE-660-V1:3a6282552187,661,2025-06-12,June 2025,2025-06-12T16:00:00Z,2025-06-14T03:59:59Z,United States,2025/26,Beet Sugar,"1000 Short Tons, Raw Value",5150,5180,-30,WASDE-661-V1,false
WASDE-661-V1:141438d7c714,WASDE-660-V1:3a6282552187,661,2025-06-12,June 2025,2025-06-12T16:00:00Z,2025-06-14T03:59:59Z,United States,2025/26,Beginning Stocks,"1000 Short Tons, Raw Value",2045,2032,13,WASDE-661-V1,false
WASDE-661-V1:141438d7c714,WASDE-660-V1:3a6282552187,661,2025-06-12,June 2025,2025-06-12T16:00:00Z,2025-06-14T03:59:59Z,United States,2025/26,Cane Sugar,"1000 Short Tons, Raw Value",4104,4105,-1,WASDE-661-V1,false
WASDE-661-V1:141438d7c714,WASDE-660-V1:3a6282552187,661,2025-06-12,June 2025,2025-06-12T16:00:00Z,2025-06-14T03:59:59Z,United States,2025/26,Deliveries,"1000 Short Tons, Raw Value",12230,12255,-25,WASDE-661-V1,false
WASDE-661-V1:141438d7c714,WASDE-660-V1:3a6282552187,661,2025-06-12,June 2025,2025-06-12T16:00:00Z,2025-06-14T03:59:59Z,United States,2025/26,Ending Stocks,"1000 Short Tons, Raw Value",1443,1436,7,WASDE-661-V1,false
WASDE-661-V1:141438d7c714,WASDE-660-V1:3a6282552187,661,2025-06-12,June 2025,2025-06-12T16:00:00Z,2025-06-14T03:59:59Z,United States,2025/26,Exports,"1000 Short Tons, Raw Value",100,100,0,WASDE-661-V1,false
WASDE-661-V1:141438d7c714,WASDE-660-V1:3a6282552187,661,2025-06-12,June 2025,2025-06-12T16:00:00Z,2025-06-14T03:59:59Z,United States,2025/26,Exports - Other,"1000 Short Tons, Raw Value",105,105,0,WASDE-661-V1,false
WASDE-661-V1:141438d7c714,WASDE-660-V1:3a6282552187,661,2025-06-12,June 2025,2025-06-12T16:00:00Z,2025-06-14T03:59:59Z,United States,2025/26,Florida,"1000 Short Tons, Raw Value",2016,2017,-1,WASDE-661-V1,false
WASDE-661-V1:141438d7c714,WASDE-660-V1:3a6282552187,661,2025-06-12,June 2025,2025-06-12T16:00:00Z,2025-06-14T03:59:59Z,United States,2025/26,Food,"1000 Short Tons, Raw Value",12125,12150,-25,WASDE-661-V1,false
WASDE-661-V1:141438d7c714,WASDE-660-V1:3a6282552187,661,2025-06-12,June 2025,2025-06-12T16:00:00Z,2025-06-14T03:59:59Z,United States,2025/26,High-tier tariff/other,"1000 Short Tons, Raw Value",186,186,0,WASDE-661-V1,false
WASDE-661-V1:141438d7c714,WASDE-660-V1:3a6282552187,661,2025-06-12,June 2025,2025-06-12T16:00:00Z,2025-06-14T03:59:59Z,United States,2025/26,Imports,"1000 Short Tons, Raw Value",2474,2475,-1,WASDE-661-V1,false
WASDE-661-V1:141438d7c714,WASDE-660-V1:3a6282552187,661,2025-06-12,June 2025,2025-06-12T16:00:00Z,2025-06-14T03:59:59Z,United States,2025/26,Louisiana,"1000 Short Tons, Raw Value",2088,2088,0,WASDE-661-V1,false
WASDE-661-V1:141438d7c714,WASDE-660-V1:3a6282552187,661,2025-06-12,June 2025,2025-06-12T16:00:00Z,2025-06-14T03:59:59Z,United States,2025/26,Mexico,"1000 Short Tons, Raw Value",669,669,0,WASDE-661-V1,false
WASDE-661-V1:141438d7c714,WASDE-660-V1:3a6282552187,661,2025-06-12,June 2025,2025-06-12T16:00:00Z,2025-06-14T03:59:59Z,United States,2025/26,Miscellaneous,"1000 Short Tons, Raw Value",0,0,0,WASDE-661-V1,false
WASDE-661-V1:141438d7c714,WASDE-660-V1:3a6282552187,661,2025-06-12,June 2025,2025-06-12T16:00:00Z,2025-06-14T03:59:59Z,United States,2025/26,Non-program,"1000 Short Tons, Raw Value",855,855,0,WASDE-661-V1,false
WASDE-661-V1:141438d7c714,WASDE-660-V1:3a6282552187,661,2025-06-12,June 2025,2025-06-12T16:00:00Z,2025-06-14T03:59:59Z,United States,2025/26,Other Program,"1000 Short Tons, Raw Value",200,200,0,WASDE-661-V1,false
WASDE-661-V1:141438d7c714,WASDE-660-V1:3a6282552187,661,2025-06-12,June 2025,2025-06-12T16:00:00Z,2025-06-14T03:59:59Z,United States,2025/26,Production,"1000 Short Tons, Raw Value",9254,9285,-31,WASDE-661-V1,false
WASDE-661-V1:141438d7c714,WASDE-660-V1:3a6282552187,661,2025-06-12,June 2025,2025-06-12T16:00:00Z,2025-06-14T03:59:59Z,United States,2025/26,Stocks to Use Ratio,Percent,11.7,11.6,0.1,WASDE-661-V1,false
WASDE-661-V1:141438d7c714,WASDE-660-V1:3a6282552187,661,2025-06-12,June 2025,2025-06-12T16:00:00Z,2025-06-14T03:59:59Z,United States,2025/26,TRQ,"1000 Short Tons, Raw Value",1419,1419,0,WASDE-661-V1,false
WASDE-661-V1:141438d7c714,WASDE-660-V1:3a6282552187,661,2025-06-12,June 2025,2025-06-12T16:00:00Z,2025-06-14T03:59:59Z,United States,2025/26,Texas,"1000 Short Tons, Raw Value",0,0,0,WASDE-661-V1,false
WASDE-661-V1:141438d7c714,WASDE-660-V1:3a6282552187,661,2025-06-12,June 2025,2025-06-12T16:00:00Z,2025-06-14T03:59:59Z,United States,2025/26,Total Supply,"1000 Short Tons, Raw Value",13773,13791,-18,WASDE-661-V1,false
WASDE-661-V1:141438d7c714,WASDE-660-V1:3a6282552187,661,2025-06-12,June 2025,2025-06-12T16:00:00Z,2025-06-14T03:59:59Z,United States,2025/26,Total Use,"1000 Short Tons, Raw Value",12330,12355,-25,WASDE-661-V1,false
WASDE-662-V1:18549967f949,WASDE-661-V1:141438d7c714,662,2025-07-11,July 2025,2025-07-11T16:00:00Z,2025-07-13T03:59:59Z,Mexico,2024/25,Beginning Stocks,"1000 Metric Tons, Actual Weight",1418,1418,0,WASDE-662-V1,false
WASDE-662-V1:18549967f949,WASDE-661-V1:141438d7c714,662,2025-07-11,July 2025,2025-07-11T16:00:00Z,2025-07-13T03:59:59Z,Mexico,2024/25,Domestic,"1000 Metric Tons, Actual Weight",4459,4553,-94,WASDE-662-V1,false
WASDE-662-V1:18549967f949,WASDE-661-V1:141438d7c714,662,2025-07-11,July 2025,2025-07-11T16:00:00Z,2025-07-13T03:59:59Z,Mexico,2024/25,Ending Stocks,"1000 Metric Tons, Actual Weight",1098,1071,27,WASDE-662-V1,false
WASDE-662-V1:18549967f949,WASDE-661-V1:141438d7c714,662,2025-07-11,July 2025,2025-07-11T16:00:00Z,2025-07-13T03:59:59Z,Mexico,2024/25,Exports,"1000 Metric Tons, Actual Weight",806,743,63,WASDE-662-V1,false
WASDE-662-V1:18549967f949,WASDE-661-V1:141438d7c714,662,2025-07-11,July 2025,2025-07-11T16:00:00Z,2025-07-13T03:59:59Z,Mexico,2024/25,Imports,"1000 Metric Tons, Actual Weight",175,175,0,WASDE-662-V1,false
WASDE-662-V1:18549967f949,WASDE-661-V1:141438d7c714,662,2025-07-11,July 2025,2025-07-11T16:00:00Z,2025-07-13T03:59:59Z,Mexico,2024/25,Production,"1000 Metric Tons, Actual Weight",4770,4774,-4,WASDE-662-V1,false
WASDE-662-V1:18549967f949,WASDE-661-V1:141438d7c714,662,2025-07-11,July 2025,2025-07-11T16:00:00Z,2025-07-13T03:59:59Z,Mexico,2025/26,Beginning Stocks,"1000 Metric Tons, Actual Weight",1098,1071,27,WASDE-662-V1,false
WASDE-662-V1:18549967f949,WASDE-661-V1:141438d7c714,662,2025-07-11,July 2025,2025-07-11T16:00:00Z,2025-07-13T03:59:59Z,Mexico,2025/26,Domestic,"1000 Metric Tons, Actual Weight",4569,4569,0,WASDE-662-V1,false
WASDE-662-V1:18549967f949,WASDE-661-V1:141438d7c714,662,2025-07-11,July 2025,2025-07-11T16:00:00Z,2025-07-13T03:59:59Z,Mexico,2025/26,Ending Stocks,"1000 Metric Tons, Actual Weight",1081,1081,0,WASDE-662-V1,false
WASDE-662-V1:18549967f949,WASDE-661-V1:141438d7c714,662,2025-07-11,July 2025,2025-07-11T16:00:00Z,2025-07-13T03:59:59Z,Mexico,2025/26,Exports,"1000 Metric Tons, Actual Weight",684,657,27,WASDE-662-V1,false
WASDE-662-V1:18549967f949,WASDE-661-V1:141438d7c714,662,2025-07-11,July 2025,2025-07-11T16:00:00Z,2025-07-13T03:59:59Z,Mexico,2025/26,Imports,"1000 Metric Tons, Actual Weight",142,142,0,WASDE-662-V1,false
WASDE-662-V1:18549967f949,WASDE-661-V1:141438d7c714,662,2025-07-11,July 2025,2025-07-11T16:00:00Z,2025-07-13T03:59:59Z,Mexico,2025/26,Production,"1000 Metric Tons, Actual Weight",5094,5094,0,WASDE-662-V1,false
WASDE-662-V1:18549967f949,WASDE-661-V1:141438d7c714,662,2025-07-11,July 2025,2025-07-11T16:00:00Z,2025-07-13T03:59:59Z,United States,2023/24,Beet Sugar,"1000 Short Tons, Raw Value",5172,5172,0,WASDE-662-V1,false
WASDE-662-V1:18549967f949,WASDE-661-V1:141438d7c714,662,2025-07-11,July 2025,2025-07-11T16:00:00Z,2025-07-13T03:59:59Z,United States,2023/24,Beginning Stocks,"1000 Short Tons, Raw Value",1843,1843,0,WASDE-662-V1,false
WASDE-662-V1:18549967f949,WASDE-661-V1:141438d7c714,662,2025-07-11,July 2025,2025-07-11T16:00:00Z,2025-07-13T03:59:59Z,United States,2023/24,Cane Sugar,"1000 Short Tons, Raw Value",4141,4141,0,WASDE-662-V1,false
WASDE-662-V1:18549967f949,WASDE-661-V1:141438d7c714,662,2025-07-11,July 2025,2025-07-11T16:00:00Z,2025-07-13T03:59:59Z,United States,2023/24,Deliveries,"1000 Short Tons, Raw Value",12534,12534,0,WASDE-662-V1,false
WASDE-662-V1:18549967f949,WASDE-661-V1:141438d7c714,662,2025-07-11,July 2025,2025-07-11T16:00:00Z,2025-07-13T03:59:59Z,United States,2023/24,Ending Stocks,"1000 Short Tons, Raw Value",2131,2131,0,WASDE-662-V1,false
WASDE-662-V1:18549967f949,WASDE-661-V1:141438d7c714,662,2025-07-11,July 2025,2025-07-11T16:00:00Z,2025-07-13T03:59:59Z,United States,2023/24,Exports,"1000 Short Tons, Raw Value",249,249,0,WASDE-662-V1,false
WASDE-662-V1:18549967f949,WASDE-661-V1:141438d7c714,662,2025-07-11,July 2025,2025-07-11T16:00:00Z,2025-07-13T03:59:59Z,United States,2023/24,Exports - Other,"1000 Short Tons, Raw Value",106,106,0,WASDE-662-V1,false
WASDE-662-V1:18549967f949,WASDE-661-V1:141438d7c714,662,2025-07-11,July 2025,2025-07-11T16:00:00Z,2025-07-13T03:59:59Z,United States,2023/24,Florida,"1000 Short Tons, Raw Value",2079,2079,0,WASDE-662-V1,false
WASDE-662-V1:18549967f949,WASDE-661-V1:141438d7c714,662,2025-07-11,July 2025,2025-07-11T16:00:00Z,2025-07-13T03:59:59Z,United States,2023/24,Food,"1000 Short Tons, Raw Value",12428,12428,0,WASDE-662-V1,false
WASDE-662-V1:18549967f949,WASDE-661-V1:141438d7c714,662,2025-07-11,July 2025,2025-07-11T16:00:00Z,2025-07-13T03:59:59Z,United States,2023/24,High-tier tariff/other,"1000 Short Tons, Raw Value",1231,1231,0,WASDE-662-V1,false
WASDE-662-V1:18549967f949,WASDE-661-V1:141438d7c714,662,2025-07-11,July 2025,2025-07-11T16:00:00Z,2025-07-13T03:59:59Z,United States,2023/24,Imports,"1000 Short Tons, Raw Value",3840,3840,0,WASDE-662-V1,false
WASDE-662-V1:18549967f949,WASDE-661-V1:141438d7c714,662,2025-07-11,July 2025,2025-07-11T16:00:00Z,2025-07-13T03:59:59Z,United States,2023/24,Louisiana,"1000 Short Tons, Raw Value",2022,2022,0,WASDE-662-V1,false
WASDE-662-V1:18549967f949,WASDE-661-V1:141438d7c714,662,2025-07-11,July 2025,2025-07-11T16:00:00Z,2025-07-13T03:59:59Z,United States,2023/24,Mexico,"1000 Short Tons, Raw Value",521,521,0,WASDE-662-V1,false
WASDE-662-V1:18549967f949,WASDE-661-V1:141438d7c714,662,2025-07-11,July 2025,2025-07-11T16:00:00Z,2025-07-13T03:59:59Z,United States,2023/24,Miscellaneous,"1000 Short Tons, Raw Value",81,81,0,WASDE-662-V1,false
WASDE-662-V1:18549967f949,WASDE-661-V1:141438d7c714,662,2025-07-11,July 2025,2025-07-11T16:00:00Z,2025-07-13T03:59:59Z,United States,2023/24,Non-program,"1000 Short Tons, Raw Value",1752,1752,0,WASDE-662-V1,false
WASDE-662-V1:18549967f949,WASDE-661-V1:141438d7c714,662,2025-07-11,July 2025,2025-07-11T16:00:00Z,2025-07-13T03:59:59Z,United States,2023/24,Other Program,"1000 Short Tons, Raw Value",300,300,0,WASDE-662-V1,false
WASDE-662-V1:18549967f949,WASDE-661-V1:141438d7c714,662,2025-07-11,July 2025,2025-07-11T16:00:00Z,2025-07-13T03:59:59Z,United States,2023/24,Production,"1000 Short Tons, Raw Value",9313,9313,0,WASDE-662-V1,false
WASDE-662-V1:18549967f949,WASDE-661-V1:141438d7c714,662,2025-07-11,July 2025,2025-07-11T16:00:00Z,2025-07-13T03:59:59Z,United States,2023/24,Stocks to Use Ratio,Percent,16.6,16.6,0,WASDE-662-V1,false
WASDE-662-V1:18549967f949,WASDE-661-V1:141438d7c714,662,2025-07-11,July 2025,2025-07-11T16:00:00Z,2025-07-13T03:59:59Z,United States,2023/24,TRQ,"1000 Short Tons, Raw Value",1788,1788,0,WASDE-662-V1,false
WASDE-662-V1:18549967f949,WASDE-661-V1:141438d7c714,662,2025-07-11,July 2025,2025-07-11T16:00:00Z,2025-07-13T03:59:59Z,United States,2023/24,Texas,"1000 Short Tons, Raw Value",40,40,0,WASDE-662-V1,false
WASDE-662-V1:18549967f949,WASDE-661-V1:141438d7c714,662,2025-07-11,July 2025,2025-07-11T16:00:00Z,2025-07-13T03:59:59Z,United States,2023/24,Total Supply,"1000 Short Tons, Raw Value",14995,14995,0,WASDE-662-V1,false
WASDE-662-V1:18549967f949,WASDE-661-V1:141438d7c714,662,2025-07-11,July 2025,2025-07-11T16:00:00Z,2025-07-13T03:59:59Z,United States,2023/24,Total Use,"1000 Short Tons, Raw Value",12864,12864,0,WASDE-662-V1,false
WASDE-662-V1:18549967f949,WASDE-661-V1:141438d7c714,662,2025-07-11,July 2025,2025-07-11T16:00:00Z,2025-07-13T03:59:59Z,United States,2024/25,Beet Sugar,"1000 Short Tons, Raw Value",5322,5318,4,WASDE-662-V1,false
WASDE-662-V1:18549967f949,WASDE-661-V1:141438d7c714,662,2025-07-11,July 2025,2025-07-11T16:00:00Z,2025-07-13T03:59:59Z,United States,2024/25,Beginning Stocks,"1000 Short Tons, Raw Value",2131,2131,0,WASDE-662-V1,false
WASDE-662-V1:18549967f949,WASDE-661-V1:141438d7c714,662,2025-07-11,July 2025,2025-07-11T16:00:00Z,2025-07-13T03:59:59Z,United States,2024/25,Cane Sugar,"1000 Short Tons, Raw Value",3973,3973,0,WASDE-662-V1,false
WASDE-662-V1:18549967f949,WASDE-661-V1:141438d7c714,662,2025-07-11,July 2025,2025-07-11T16:00:00Z,2025-07-13T03:59:59Z,United States,2024/25,Deliveries,"1000 Short Tons, Raw Value",12150,12230,-80,WASDE-662-V1,false
WASDE-662-V1:18549967f949,WASDE-661-V1:141438d7c714,662,2025-07-11,July 2025,2025-07-11T16:00:00Z,2025-07-13T03:59:59Z,United States,2024/25,Ending Stocks,"1000 Short Tons, Raw Value",2132,2045,87,WASDE-662-V1,false
WASDE-662-V1:18549967f949,WASDE-661-V1:141438d7c714,662,2025-07-11,July 2025,2025-07-11T16:00:00Z,2025-07-13T03:59:59Z,United States,2024/25,Exports,"1000 Short Tons, Raw Value",100,100,0,WASDE-662-V1,false
WASDE-662-V1:18549967f949,WASDE-661-V1:141438d7c714,662,2025-07-11,July 2025,2025-07-11T16:00:00Z,2025-07-13T03:59:59Z,United States,2024/25,Exports - Other,"1000 Short Tons, Raw Value",105,105,0,WASDE-662-V1,false
WASDE-662-V1:18549967f949,WASDE-661-V1:141438d7c714,662,2025-07-11,July 2025,2025-07-11T16:00:00Z,2025-07-13T03:59:59Z,United States,2024/25,Florida,"1000 Short Tons, Raw Value",1929,1929,0,WASDE-662-V1,false
WASDE-662-V1:18549967f949,WASDE-661-V1:141438d7c714,662,2025-07-11,July 2025,2025-07-11T16:00:00Z,2025-07-13T03:59:59Z,United States,2024/25,Food,"1000 Short Tons, Raw Value",12045,12125,-80,WASDE-662-V1,false
WASDE-662-V1:18549967f949,WASDE-661-V1:141438d7c714,662,2025-07-11,July 2025,2025-07-11T16:00:00Z,2025-07-13T03:59:59Z,United States,2024/25,High-tier tariff/other,"1000 Short Tons, Raw Value",727,724,3,WASDE-662-V1,false
WASDE-662-V1:18549967f949,WASDE-661-V1:141438d7c714,662,2025-07-11,July 2025,2025-07-11T16:00:00Z,2025-07-13T03:59:59Z,United States,2024/25,Imports,"1000 Short Tons, Raw Value",2956,2953,3,WASDE-662-V1,false
WASDE-662-V1:18549967f949,WASDE-661-V1:141438d7c714,662,2025-07-11,July 2025,2025-07-11T16:00:00Z,2025-07-13T03:59:59Z,United States,2024/25,Louisiana,"1000 Short Tons, Raw Value",2045,2045,0,WASDE-662-V1,false
WASDE-662-V1:18549967f949,WASDE-661-V1:141438d7c714,662,2025-07-11,July 2025,2025-07-11T16:00:00Z,2025-07-13T03:59:59Z,United States,2024/25,Mexico,"1000 Short Tons, Raw Value",497,497,0,WASDE-662-V1,false
WASDE-662-V1:18549967f949,WASDE-661-V1:141438d7c714,662,2025-07-11,July 2025,2025-07-11T16:00:00Z,2025-07-13T03:59:59Z,United States,2024/25,Miscellaneous,"1000 Short Tons, Raw Value",0,0,0,WASDE-662-V1,false
WASDE-662-V1:18549967f949,WASDE-661-V1:141438d7c714,662,2025-07-11,July 2025,2025-07-11T16:00:00Z,2025-07-13T03:59:59Z,United States,2024/25,Non-program,"1000 Short Tons, Raw Value",1224,1220,4,WASDE-662-V1,false
WASDE-662-V1:18549967f949,WASDE-661-V1:141438d7c714,662,2025-07-11,July 2025,2025-07-11T16:00:00Z,2025-07-13T03:59:59Z,United States,2024/25,Other Program,"1000 Short Tons, Raw Value",200,200,0,WASDE-662-V1,false
WASDE-662-V1:18549967f949,WASDE-661-V1:141438d7c714,662,2025-07-11,July 2025,2025-07-11T16:00:00Z,2025-07-13T03:59:59Z,United States,2024/25,Production,"1000 Short Tons, Raw Value",9295,9291,4,WASDE-662-V1,false
WASDE-662-V1:18549967f949,WASDE-661-V1:141438d7c714,662,2025-07-11,July 2025,2025-07-11T16:00:00Z,2025-07-13T03:59:59Z,United States,2024/25,Stocks to Use Ratio,Percent,17.4,16.6,0.8,WASDE-662-V1,false
WASDE-662-V1:18549967f949,WASDE-661-V1:141438d7c714,662,2025-07-11,July 2025,2025-07-11T16:00:00Z,2025-07-13T03:59:59Z,United States,2024/25,TRQ,"1000 Short Tons, Raw Value",1533,1533,0,WASDE-662-V1,false
WASDE-662-V1:18549967f949,WASDE-661-V1:141438d7c714,662,2025-07-11,July 2025,2025-07-11T16:00:00Z,2025-07-13T03:59:59Z,United States,2024/25,Texas,"1000 Short Tons, Raw Value",0,0,0,WASDE-662-V1,false
WASDE-662-V1:18549967f949,WASDE-661-V1:141438d7c714,662,2025-07-11,July 2025,2025-07-11T16:00:00Z,2025-07-13T03:59:59Z,United States,2024/25,Total Supply,"1000 Short Tons, Raw Value",14382,14375,7,WASDE-662-V1,false
WASDE-662-V1:18549967f949,WASDE-661-V1:141438d7c714,662,2025-07-11,July 2025,2025-07-11T16:00:00Z,2025-07-13T03:59:59Z,United States,2024/25,Total Use,"1000 Short Tons, Raw Value",12250,12330,-80,WASDE-662-V1,false
WASDE-662-V1:18549967f949,WASDE-661-V1:141438d7c714,662,2025-07-11,July 2025,2025-07-11T16:00:00Z,2025-07-13T03:59:59Z,United States,2025/26,Beet Sugar,"1000 Short Tons, Raw Value",5097,5150,-53,WASDE-662-V1,false
WASDE-662-V1:18549967f949,WASDE-661-V1:141438d7c714,662,2025-07-11,July 2025,2025-07-11T16:00:00Z,2025-07-13T03:59:59Z,United States,2025/26,Beginning Stocks,"1000 Short Tons, Raw Value",2132,2045,87,WASDE-662-V1,false
WASDE-662-V1:18549967f949,WASDE-661-V1:141438d7c714,662,2025-07-11,July 2025,2025-07-11T16:00:00Z,2025-07-13T03:59:59Z,United States,2025/26,Cane Sugar,"1000 Short Tons, Raw Value",4098,4104,-6,WASDE-662-V1,false
WASDE-662-V1:18549967f949,WASDE-661-V1:141438d7c714,662,2025-07-11,July 2025,2025-07-11T16:00:00Z,2025-07-13T03:59:59Z,United States,2025/26,Deliveries,"1000 Short Tons, Raw Value",12065,12230,-165,WASDE-662-V1,false
WASDE-662-V1:18549967f949,WASDE-661-V1:141438d7c714,662,2025-07-11,July 2025,2025-07-11T16:00:00Z,2025-07-13T03:59:59Z,United States,2025/26,Ending Stocks,"1000 Short Tons, Raw Value",1643,1443,200,WASDE-662-V1,false
WASDE-662-V1:18549967f949,WASDE-661-V1:141438d7c714,662,2025-07-11,July 2025,2025-07-11T16:00:00Z,2025-07-13T03:59:59Z,United States,2025/26,Exports,"1000 Short Tons, Raw Value",100,100,0,WASDE-662-V1,false
WASDE-662-V1:18549967f949,WASDE-661-V1:141438d7c714,662,2025-07-11,July 2025,2025-07-11T16:00:00Z,2025-07-13T03:59:59Z,United States,2025/26,Exports - Other,"1000 Short Tons, Raw Value",105,105,0,WASDE-662-V1,false
WASDE-662-V1:18549967f949,WASDE-661-V1:141438d7c714,662,2025-07-11,July 2025,2025-07-11T16:00:00Z,2025-07-13T03:59:59Z,United States,2025/26,Florida,"1000 Short Tons, Raw Value",2010,2016,-6,WASDE-662-V1,false
WASDE-662-V1:18549967f949,WASDE-661-V1:141438d7c714,662,2025-07-11,July 2025,2025-07-11T16:00:00Z,2025-07-13T03:59:59Z,United States,2025/26,Food,"1000 Short Tons, Raw Value",11960,12125,-165,WASDE-662-V1,false
WASDE-662-V1:18549967f949,WASDE-661-V1:141438d7c714,662,2025-07-11,July 2025,2025-07-11T16:00:00Z,2025-07-13T03:59:59Z,United States,2025/26,High-tier tariff/other,"1000 Short Tons, Raw Value",422,186,236,WASDE-662-V1,false
WASDE-662-V1:18549967f949,WASDE-661-V1:141438d7c714,662,2025-07-11,July 2025,2025-07-11T16:00:00Z,2025-07-13T03:59:59Z,United States,2025/26,Imports,"1000 Short Tons, Raw Value",2481,2474,7,WASDE-662-V1,false
WASDE-662-V1:18549967f949,WASDE-661-V1:141438d7c714,662,2025-07-11,July 2025,2025-07-11T16:00:00Z,2025-07-13T03:59:59Z,United States,2025/26,Louisiana,"1000 Short Tons, Raw Value",2088,2088,0,WASDE-662-V1,false
WASDE-662-V1:18549967f949,WASDE-661-V1:141438d7c714,662,2025-07-11,July 2025,2025-07-11T16:00:00Z,2025-07-13T03:59:59Z,United States,2025/26,Mexico,"1000 Short Tons, Raw Value",439,669,-230,WASDE-662-V1,false
WASDE-662-V1:18549967f949,WASDE-661-V1:141438d7c714,662,2025-07-11,July 2025,2025-07-11T16:00:00Z,2025-07-13T03:59:59Z,United States,2025/26,Miscellaneous,"1000 Short Tons, Raw Value",0,0,0,WASDE-662-V1,false
WASDE-662-V1:18549967f949,WASDE-661-V1:141438d7c714,662,2025-07-11,July 2025,2025-07-11T16:00:00Z,2025-07-13T03:59:59Z,United States,2025/26,Non-program,"1000 Short Tons, Raw Value",861,855,6,WASDE-662-V1,false
WASDE-662-V1:18549967f949,WASDE-661-V1:141438d7c714,662,2025-07-11,July 2025,2025-07-11T16:00:00Z,2025-07-13T03:59:59Z,United States,2025/26,Other Program,"1000 Short Tons, Raw Value",200,200,0,WASDE-662-V1,false
WASDE-662-V1:18549967f949,WASDE-661-V1:141438d7c714,662,2025-07-11,July 2025,2025-07-11T16:00:00Z,2025-07-13T03:59:59Z,United States,2025/26,Production,"1000 Short Tons, Raw Value",9195,9254,-59,WASDE-662-V1,false
WASDE-662-V1:18549967f949,WASDE-661-V1:141438d7c714,662,2025-07-11,July 2025,2025-07-11T16:00:00Z,2025-07-13T03:59:59Z,United States,2025/26,Stocks to Use Ratio,Percent,13.5,11.7,1.8,WASDE-662-V1,false
WASDE-662-V1:18549967f949,WASDE-661-V1:141438d7c714,662,2025-07-11,July 2025,2025-07-11T16:00:00Z,2025-07-13T03:59:59Z,United States,2025/26,TRQ,"1000 Short Tons, Raw Value",1419,1419,0,WASDE-662-V1,false
WASDE-662-V1:18549967f949,WASDE-661-V1:141438d7c714,662,2025-07-11,July 2025,2025-07-11T16:00:00Z,2025-07-13T03:59:59Z,United States,2025/26,Texas,"1000 Short Tons, Raw Value",0,0,0,WASDE-662-V1,false
WASDE-662-V1:18549967f949,WASDE-661-V1:141438d7c714,662,2025-07-11,July 2025,2025-07-11T16:00:00Z,2025-07-13T03:59:59Z,United States,2025/26,Total Supply,"1000 Short Tons, Raw Value",13808,13773,35,WASDE-662-V1,false
WASDE-662-V1:18549967f949,WASDE-661-V1:141438d7c714,662,2025-07-11,July 2025,2025-07-11T16:00:00Z,2025-07-13T03:59:59Z,United States,2025/26,Total Use,"1000 Short Tons, Raw Value",12165,12330,-165,WASDE-662-V1,false
WASDE-663-V1:259c387d6910,WASDE-662-V1:18549967f949,663,2025-08-12,August 2025,2025-08-12T16:00:00Z,2025-08-14T03:59:59Z,Mexico,2024/25,Beginning Stocks,"1000 Metric Tons, Actual Weight",1418,1418,0,WASDE-663-V1,false
WASDE-663-V1:259c387d6910,WASDE-662-V1:18549967f949,663,2025-08-12,August 2025,2025-08-12T16:00:00Z,2025-08-14T03:59:59Z,Mexico,2024/25,Domestic,"1000 Metric Tons, Actual Weight",4459,4459,0,WASDE-663-V1,false
WASDE-663-V1:259c387d6910,WASDE-662-V1:18549967f949,663,2025-08-12,August 2025,2025-08-12T16:00:00Z,2025-08-14T03:59:59Z,Mexico,2024/25,Ending Stocks,"1000 Metric Tons, Actual Weight",1064,1098,-34,WASDE-663-V1,false
WASDE-663-V1:259c387d6910,WASDE-662-V1:18549967f949,663,2025-08-12,August 2025,2025-08-12T16:00:00Z,2025-08-14T03:59:59Z,Mexico,2024/25,Exports,"1000 Metric Tons, Actual Weight",840,806,34,WASDE-663-V1,false
WASDE-663-V1:259c387d6910,WASDE-662-V1:18549967f949,663,2025-08-12,August 2025,2025-08-12T16:00:00Z,2025-08-14T03:59:59Z,Mexico,2024/25,Imports,"1000 Metric Tons, Actual Weight",175,175,0,WASDE-663-V1,false
WASDE-663-V1:259c387d6910,WASDE-662-V1:18549967f949,663,2025-08-12,August 2025,2025-08-12T16:00:00Z,2025-08-14T03:59:59Z,Mexico,2024/25,Production,"1000 Metric Tons, Actual Weight",4771,4770,1,WASDE-663-V1,false
WASDE-663-V1:259c387d6910,WASDE-662-V1:18549967f949,663,2025-08-12,August 2025,2025-08-12T16:00:00Z,2025-08-14T03:59:59Z,Mexico,2025/26,Beginning Stocks,"1000 Metric Tons, Actual Weight",1064,1098,-34,WASDE-663-V1,false
WASDE-663-V1:259c387d6910,WASDE-662-V1:18549967f949,663,2025-08-12,August 2025,2025-08-12T16:00:00Z,2025-08-14T03:59:59Z,Mexico,2025/26,Domestic,"1000 Metric Tons, Actual Weight",4569,4569,0,WASDE-663-V1,false
WASDE-663-V1:259c387d6910,WASDE-662-V1:18549967f949,663,2025-08-12,August 2025,2025-08-12T16:00:00Z,2025-08-14T03:59:59Z,Mexico,2025/26,Ending Stocks,"1000 Metric Tons, Actual Weight",1081,1081,0,WASDE-663-V1,false
WASDE-663-V1:259c387d6910,WASDE-662-V1:18549967f949,663,2025-08-12,August 2025,2025-08-12T16:00:00Z,2025-08-14T03:59:59Z,Mexico,2025/26,Exports,"1000 Metric Tons, Actual Weight",650,684,-34,WASDE-663-V1,false
WASDE-663-V1:259c387d6910,WASDE-662-V1:18549967f949,663,2025-08-12,August 2025,2025-08-12T16:00:00Z,2025-08-14T03:59:59Z,Mexico,2025/26,Imports,"1000 Metric Tons, Actual Weight",142,142,0,WASDE-663-V1,false
WASDE-663-V1:259c387d6910,WASDE-662-V1:18549967f949,663,2025-08-12,August 2025,2025-08-12T16:00:00Z,2025-08-14T03:59:59Z,Mexico,2025/26,Production,"1000 Metric Tons, Actual Weight",5094,5094,0,WASDE-663-V1,false
WASDE-663-V1:259c387d6910,WASDE-662-V1:18549967f949,663,2025-08-12,August 2025,2025-08-12T16:00:00Z,2025-08-14T03:59:59Z,United States,2023/24,Beet Sugar,"1000 Short Tons, Raw Value",5172,5172,0,WASDE-663-V1,false
WASDE-663-V1:259c387d6910,WASDE-662-V1:18549967f949,663,2025-08-12,August 2025,2025-08-12T16:00:00Z,2025-08-14T03:59:59Z,United States,2023/24,Beginning Stocks,"1000 Short Tons, Raw Value",1843,1843,0,WASDE-663-V1,false
WASDE-663-V1:259c387d6910,WASDE-662-V1:18549967f949,663,2025-08-12,August 2025,2025-08-12T16:00:00Z,2025-08-14T03:59:59Z,United States,2023/24,Cane Sugar,"1000 Short Tons, Raw Value",4141,4141,0,WASDE-663-V1,false
WASDE-663-V1:259c387d6910,WASDE-662-V1:18549967f949,663,2025-08-12,August 2025,2025-08-12T16:00:00Z,2025-08-14T03:59:59Z,United States,2023/24,Deliveries,"1000 Short Tons, Raw Value",12534,12534,0,WASDE-663-V1,false
WASDE-663-V1:259c387d6910,WASDE-662-V1:18549967f949,663,2025-08-12,August 2025,2025-08-12T16:00:00Z,2025-08-14T03:59:59Z,United States,2023/24,Ending Stocks,"1000 Short Tons, Raw Value",2131,2131,0,WASDE-663-V1,false
WASDE-663-V1:259c387d6910,WASDE-662-V1:18549967f949,663,2025-08-12,August 2025,2025-08-12T16:00:00Z,2025-08-14T03:59:59Z,United States,2023/24,Exports,"1000 Short Tons, Raw Value",249,249,0,WASDE-663-V1,false
WASDE-663-V1:259c387d6910,WASDE-662-V1:18549967f949,663,2025-08-12,August 2025,2025-08-12T16:00:00Z,2025-08-14T03:59:59Z,United States,2023/24,Exports - Other,"1000 Short Tons, Raw Value",106,106,0,WASDE-663-V1,false
WASDE-663-V1:259c387d6910,WASDE-662-V1:18549967f949,663,2025-08-12,August 2025,2025-08-12T16:00:00Z,2025-08-14T03:59:59Z,United States,2023/24,Florida,"1000 Short Tons, Raw Value",2079,2079,0,WASDE-663-V1,false
WASDE-663-V1:259c387d6910,WASDE-662-V1:18549967f949,663,2025-08-12,August 2025,2025-08-12T16:00:00Z,2025-08-14T03:59:59Z,United States,2023/24,Food,"1000 Short Tons, Raw Value",12428,12428,0,WASDE-663-V1,false
WASDE-663-V1:259c387d6910,WASDE-662-V1:18549967f949,663,2025-08-12,August 2025,2025-08-12T16:00:00Z,2025-08-14T03:59:59Z,United States,2023/24,High-tier tariff/other,"1000 Short Tons, Raw Value",1231,1231,0,WASDE-663-V1,false
WASDE-663-V1:259c387d6910,WASDE-662-V1:18549967f949,663,2025-08-12,August 2025,2025-08-12T16:00:00Z,2025-08-14T03:59:59Z,United States,2023/24,Imports,"1000 Short Tons, Raw Value",3840,3840,0,WASDE-663-V1,false
WASDE-663-V1:259c387d6910,WASDE-662-V1:18549967f949,663,2025-08-12,August 2025,2025-08-12T16:00:00Z,2025-08-14T03:59:59Z,United States,2023/24,Louisiana,"1000 Short Tons, Raw Value",2022,2022,0,WASDE-663-V1,false
WASDE-663-V1:259c387d6910,WASDE-662-V1:18549967f949,663,2025-08-12,August 2025,2025-08-12T16:00:00Z,2025-08-14T03:59:59Z,United States,2023/24,Mexico,"1000 Short Tons, Raw Value",521,521,0,WASDE-663-V1,false
WASDE-663-V1:259c387d6910,WASDE-662-V1:18549967f949,663,2025-08-12,August 2025,2025-08-12T16:00:00Z,2025-08-14T03:59:59Z,United States,2023/24,Miscellaneous,"1000 Short Tons, Raw Value",81,81,0,WASDE-663-V1,false
WASDE-663-V1:259c387d6910,WASDE-662-V1:18549967f949,663,2025-08-12,August 2025,2025-08-12T16:00:00Z,2025-08-14T03:59:59Z,United States,2023/24,Non-program,"1000 Short Tons, Raw Value",1752,1752,0,WASDE-663-V1,false
WASDE-663-V1:259c387d6910,WASDE-662-V1:18549967f949,663,2025-08-12,August 2025,2025-08-12T16:00:00Z,2025-08-14T03:59:59Z,United States,2023/24,Other Program,"1000 Short Tons, Raw Value",300,300,0,WASDE-663-V1,false
WASDE-663-V1:259c387d6910,WASDE-662-V1:18549967f949,663,2025-08-12,August 2025,2025-08-12T16:00:00Z,2025-08-14T03:59:59Z,United States,2023/24,Production,"1000 Short Tons, Raw Value",9313,9313,0,WASDE-663-V1,false
WASDE-663-V1:259c387d6910,WASDE-662-V1:18549967f949,663,2025-08-12,August 2025,2025-08-12T16:00:00Z,2025-08-14T03:59:59Z,United States,2023/24,Stocks to Use Ratio,Percent,16.6,16.6,0,WASDE-663-V1,false
WASDE-663-V1:259c387d6910,WASDE-662-V1:18549967f949,663,2025-08-12,August 2025,2025-08-12T16:00:00Z,2025-08-14T03:59:59Z,United States,2023/24,TRQ,"1000 Short Tons, Raw Value",1788,1788,0,WASDE-663-V1,false
WASDE-663-V1:259c387d6910,WASDE-662-V1:18549967f949,663,2025-08-12,August 2025,2025-08-12T16:00:00Z,2025-08-14T03:59:59Z,United States,2023/24,Texas,"1000 Short Tons, Raw Value",40,40,0,WASDE-663-V1,false
WASDE-663-V1:259c387d6910,WASDE-662-V1:18549967f949,663,2025-08-12,August 2025,2025-08-12T16:00:00Z,2025-08-14T03:59:59Z,United States,2023/24,Total Supply,"1000 Short Tons, Raw Value",14995,14995,0,WASDE-663-V1,false
WASDE-663-V1:259c387d6910,WASDE-662-V1:18549967f949,663,2025-08-12,August 2025,2025-08-12T16:00:00Z,2025-08-14T03:59:59Z,United States,2023/24,Total Use,"1000 Short Tons, Raw Value",12864,12864,0,WASDE-663-V1,false
WASDE-663-V1:259c387d6910,WASDE-662-V1:18549967f949,663,2025-08-12,August 2025,2025-08-12T16:00:00Z,2025-08-14T03:59:59Z,United States,2024/25,Beet Sugar,"1000 Short Tons, Raw Value",5415,5322,93,WASDE-663-V1,false
WASDE-663-V1:259c387d6910,WASDE-662-V1:18549967f949,663,2025-08-12,August 2025,2025-08-12T16:00:00Z,2025-08-14T03:59:59Z,United States,2024/25,Beginning Stocks,"1000 Short Tons, Raw Value",2131,2131,0,WASDE-663-V1,false
WASDE-663-V1:259c387d6910,WASDE-662-V1:18549967f949,663,2025-08-12,August 2025,2025-08-12T16:00:00Z,2025-08-14T03:59:59Z,United States,2024/25,Cane Sugar,"1000 Short Tons, Raw Value",3971,3973,-2,WASDE-663-V1,false
WASDE-663-V1:259c387d6910,WASDE-662-V1:18549967f949,663,2025-08-12,August 2025,2025-08-12T16:00:00Z,2025-08-14T03:59:59Z,United States,2024/25,Deliveries,"1000 Short Tons, Raw Value",12155,12150,5,WASDE-663-V1,false
WASDE-663-V1:259c387d6910,WASDE-662-V1:18549967f949,663,2025-08-12,August 2025,2025-08-12T16:00:00Z,2025-08-14T03:59:59Z,United States,2024/25,Ending Stocks,"1000 Short Tons, Raw Value",2439,2132,307,WASDE-663-V1,false
WASDE-663-V1:259c387d6910,WASDE-662-V1:18549967f949,663,2025-08-12,August 2025,2025-08-12T16:00:00Z,2025-08-14T03:59:59Z,United States,2024/25,Exports,"1000 Short Tons, Raw Value",125,100,25,WASDE-663-V1,false
WASDE-663-V1:259c387d6910,WASDE-662-V1:18549967f949,663,2025-08-12,August 2025,2025-08-12T16:00:00Z,2025-08-14T03:59:59Z,United States,2024/25,Exports - Other,"1000 Short Tons, Raw Value",110,105,5,WASDE-663-V1,false
WASDE-663-V1:259c387d6910,WASDE-662-V1:18549967f949,663,2025-08-12,August 2025,2025-08-12T16:00:00Z,2025-08-14T03:59:59Z,United States,2024/25,Florida,"1000 Short Tons, Raw Value",1927,1929,-2,WASDE-663-V1,false
WASDE-663-V1:259c387d6910,WASDE-662-V1:18549967f949,663,2025-08-12,August 2025,2025-08-12T16:00:00Z,2025-08-14T03:59:59Z,United States,2024/25,Food,"1000 Short Tons, Raw Value",12045,12045,0,WASDE-663-V1,false
WASDE-663-V1:259c387d6910,WASDE-662-V1:18549967f949,663,2025-08-12,August 2025,2025-08-12T16:00:00Z,2025-08-14T03:59:59Z,United States,2024/25,High-tier tariff/other,"1000 Short Tons, Raw Value",864,727,137,WASDE-663-V1,false
WASDE-663-V1:259c387d6910,WASDE-662-V1:18549967f949,663,2025-08-12,August 2025,2025-08-12T16:00:00Z,2025-08-14T03:59:59Z,United States,2024/25,Imports,"1000 Short Tons, Raw Value",3202,2956,246,WASDE-663-V1,false
WASDE-663-V1:259c387d6910,WASDE-662-V1:18549967f949,663,2025-08-12,August 2025,2025-08-12T16:00:00Z,2025-08-14T03:59:59Z,United States,2024/25,Louisiana,"1000 Short Tons, Raw Value",2044,2045,-1,WASDE-663-V1,false
WASDE-663-V1:259c387d6910,WASDE-662-V1:18549967f949,663,2025-08-12,August 2025,2025-08-12T16:00:00Z,2025-08-14T03:59:59Z,United States,2024/25,Mexico,"1000 Short Tons, Raw Value",497,497,0,WASDE-663-V1,false
WASDE-663-V1:259c387d6910,WASDE-662-V1:18549967f949,663,2025-08-12,August 2025,2025-08-12T16:00:00Z,2025-08-14T03:59:59Z,United States,2024/25,Miscellaneous,"1000 Short Tons, Raw Value",0,0,0,WASDE-663-V1,false
WASDE-663-V1:259c387d6910,WASDE-662-V1:18549967f949,663,2025-08-12,August 2025,2025-08-12T16:00:00Z,2025-08-14T03:59:59Z,United States,2024/25,Non-program,"1000 Short Tons, Raw Value",1361,1224,137,WASDE-663-V1,false
WASDE-663-V1:259c387d6910,WASDE-662-V1:18549967f949,663,2025-08-12,August 2025,2025-08-12T16:00:00Z,2025-08-14T03:59:59Z,United States,2024/25,Other Program,"1000 Short Tons, Raw Value",325,200,125,WASDE-663-V1,false
WASDE-663-V1:259c387d6910,WASDE-662-V1:18549967f949,663,2025-08-12,August 2025,2025-08-12T16:00:00Z,2025-08-14T03:59:59Z,United States,2024/25,Production,"1000 Short Tons, Raw Value",9386,9295,91,WASDE-663-V1,false
WASDE-663-V1:259c387d6910,WASDE-662-V1:18549967f949,663,2025-08-12,August 2025,2025-08-12T16:00:00Z,2025-08-14T03:59:59Z,United States,2024/25,Stocks to Use Ratio,Percent,19.9,17.4,2.5,WASDE-663-V1,false
WASDE-663-V1:259c387d6910,WASDE-662-V1:18549967f949,663,2025-08-12,August 2025,2025-08-12T16:00:00Z,2025-08-14T03:59:59Z,United States,2024/25,TRQ,"1000 Short Tons, Raw Value",1516,1533,-17,WASDE-663-V1,false
WASDE-663-V1:259c387d6910,WASDE-662-V1:18549967f949,663,2025-08-12,August 2025,2025-08-12T16:00:00Z,2025-08-14T03:59:59Z,United States,2024/25,Texas,"1000 Short Tons, Raw Value",0,0,0,WASDE-663-V1,false
WASDE-663-V1:259c387d6910,WASDE-662-V1:18549967f949,663,2025-08-12,August 2025,2025-08-12T16:00:00Z,2025-08-14T03:59:59Z,United States,2024/25,Total Supply,"1000 Short Tons, Raw Value",14719,14382,337,WASDE-663-V1,false
WASDE-663-V1:259c387d6910,WASDE-662-V1:18549967f949,663,2025-08-12,August 2025,2025-08-12T16:00:00Z,2025-08-14T03:59:59Z,United States,2024/25,Total Use,"1000 Short Tons, Raw Value",12280,12250,30,WASDE-663-V1,false
WASDE-663-V1:259c387d6910,WASDE-662-V1:18549967f949,663,2025-08-12,August 2025,2025-08-12T16:00:00Z,2025-08-14T03:59:59Z,United States,2025/26,Beet Sugar,"1000 Short Tons, Raw Value",5266,5097,169,WASDE-663-V1,false
WASDE-663-V1:259c387d6910,WASDE-662-V1:18549967f949,663,2025-08-12,August 2025,2025-08-12T16:00:00Z,2025-08-14T03:59:59Z,United States,2025/26,Beginning Stocks,"1000 Short Tons, Raw Value",2439,2132,307,WASDE-663-V1,false
WASDE-663-V1:259c387d6910,WASDE-662-V1:18549967f949,663,2025-08-12,August 2025,2025-08-12T16:00:00Z,2025-08-14T03:59:59Z,United States,2025/26,Cane Sugar,"1000 Short Tons, Raw Value",4162,4098,64,WASDE-663-V1,false
WASDE-663-V1:259c387d6910,WASDE-662-V1:18549967f949,663,2025-08-12,August 2025,2025-08-12T16:00:00Z,2025-08-14T03:59:59Z,United States,2025/26,Deliveries,"1000 Short Tons, Raw Value",12065,12065,0,WASDE-663-V1,false
WASDE-663-V1:259c387d6910,WASDE-662-V1:18549967f949,663,2025-08-12,August 2025,2025-08-12T16:00:00Z,2025-08-14T03:59:59Z,United States,2025/26,Ending Stocks,"1000 Short Tons, Raw Value",2160,1643,517,WASDE-663-V1,false
WASDE-663-V1:259c387d6910,WASDE-662-V1:18549967f949,663,2025-08-12,August 2025,2025-08-12T16:00:00Z,2025-08-14T03:59:59Z,United States,2025/26,Exports,"1000 Short Tons, Raw Value",100,100,0,WASDE-663-V1,false
WASDE-663-V1:259c387d6910,WASDE-662-V1:18549967f949,663,2025-08-12,August 2025,2025-08-12T16:00:00Z,2025-08-14T03:59:59Z,United States,2025/26,Exports - Other,"1000 Short Tons, Raw Value",105,105,0,WASDE-663-V1,false
WASDE-663-V1:259c387d6910,WASDE-662-V1:18549967f949,663,2025-08-12,August 2025,2025-08-12T16:00:00Z,2025-08-14T03:59:59Z,United States,2025/26,Florida,"1000 Short Tons, Raw Value",2008,2010,-2,WASDE-663-V1,false
WASDE-663-V1:259c387d6910,WASDE-662-V1:18549967f949,663,2025-08-12,August 2025,2025-08-12T16:00:00Z,2025-08-14T03:59:59Z,United States,2025/26,Food,"1000 Short Tons, Raw Value",11960,11960,0,WASDE-663-V1,false
WASDE-663-V1:259c387d6910,WASDE-662-V1:18549967f949,663,2025-08-12,August 2025,2025-08-12T16:00:00Z,2025-08-14T03:59:59Z,United States,2025/26,High-tier tariff/other,"1000 Short Tons, Raw Value",422,422,0,WASDE-663-V1,false
WASDE-663-V1:259c387d6910,WASDE-662-V1:18549967f949,663,2025-08-12,August 2025,2025-08-12T16:00:00Z,2025-08-14T03:59:59Z,United States,2025/26,Imports,"1000 Short Tons, Raw Value",2457,2481,-24,WASDE-663-V1,false
WASDE-663-V1:259c387d6910,WASDE-662-V1:18549967f949,663,2025-08-12,August 2025,2025-08-12T16:00:00Z,2025-08-14T03:59:59Z,United States,2025/26,Louisiana,"1000 Short Tons, Raw Value",2154,2088,66,WASDE-663-V1,false
WASDE-663-V1:259c387d6910,WASDE-662-V1:18549967f949,663,2025-08-12,August 2025,2025-08-12T16:00:00Z,2025-08-14T03:59:59Z,United States,2025/26,Mexico,"1000 Short Tons, Raw Value",439,439,0,WASDE-663-V1,false
WASDE-663-V1:259c387d6910,WASDE-662-V1:18549967f949,663,2025-08-12,August 2025,2025-08-12T16:00:00Z,2025-08-14T03:59:59Z,United States,2025/26,Miscellaneous,"1000 Short Tons, Raw Value",0,0,0,WASDE-663-V1,false
WASDE-663-V1:259c387d6910,WASDE-662-V1:18549967f949,663,2025-08-12,August 2025,2025-08-12T16:00:00Z,2025-08-14T03:59:59Z,United States,2025/26,Non-program,"1000 Short Tons, Raw Value",861,861,0,WASDE-663-V1,false
WASDE-663-V1:259c387d6910,WASDE-662-V1:18549967f949,663,2025-08-12,August 2025,2025-08-12T16:00:00Z,2025-08-14T03:59:59Z,United States,2025/26,Other Program,"1000 Short Tons, Raw Value",200,200,0,WASDE-663-V1,false
WASDE-663-V1:259c387d6910,WASDE-662-V1:18549967f949,663,2025-08-12,August 2025,2025-08-12T16:00:00Z,2025-08-14T03:59:59Z,United States,2025/26,Production,"1000 Short Tons, Raw Value",9428,9195,233,WASDE-663-V1,false
WASDE-663-V1:259c387d6910,WASDE-662-V1:18549967f949,663,2025-08-12,August 2025,2025-08-12T16:00:00Z,2025-08-14T03:59:59Z,United States,2025/26,Stocks to Use Ratio,Percent,17.8,13.5,4.3,WASDE-663-V1,false
WASDE-663-V1:259c387d6910,WASDE-662-V1:18549967f949,663,2025-08-12,August 2025,2025-08-12T16:00:00Z,2025-08-14T03:59:59Z,United States,2025/26,TRQ,"1000 Short Tons, Raw Value",1396,1419,-23,WASDE-663-V1,false
WASDE-663-V1:259c387d6910,WASDE-662-V1:18549967f949,663,2025-08-12,August 2025,2025-08-12T16:00:00Z,2025-08-14T03:59:59Z,United States,2025/26,Texas,"1000 Short Tons, Raw Value",0,0,0,WASDE-663-V1,false
WASDE-663-V1:259c387d6910,WASDE-662-V1:18549967f949,663,2025-08-12,August 2025,2025-08-12T16:00:00Z,2025-08-14T03:59:59Z,United States,2025/26,Total Supply,"1000 Short Tons, Raw Value",14325,13808,517,WASDE-663-V1,false
WASDE-663-V1:259c387d6910,WASDE-662-V1:18549967f949,663,2025-08-12,August 2025,2025-08-12T16:00:00Z,2025-08-14T03:59:59Z,United States,2025/26,Total Use,"1000 Short Tons, Raw Value",12165,12165,0,WASDE-663-V1,false
WASDE-664-V1:d30b256bdffe,WASDE-663-V1:259c387d6910,664,2025-09-12,September 2025,2025-09-12T16:00:00Z,2025-09-14T03:59:59Z,Mexico,2024/25,Beginning Stocks,"1000 Metric Tons, Actual Weight",1418,1418,0,WASDE-664-V1,false
WASDE-664-V1:d30b256bdffe,WASDE-663-V1:259c387d6910,664,2025-09-12,September 2025,2025-09-12T16:00:00Z,2025-09-14T03:59:59Z,Mexico,2024/25,Domestic,"1000 Metric Tons, Actual Weight",4459,4459,0,WASDE-664-V1,false
WASDE-664-V1:d30b256bdffe,WASDE-663-V1:259c387d6910,664,2025-09-12,September 2025,2025-09-12T16:00:00Z,2025-09-14T03:59:59Z,Mexico,2024/25,Ending Stocks,"1000 Metric Tons, Actual Weight",1026,1064,-38,WASDE-664-V1,false
WASDE-664-V1:d30b256bdffe,WASDE-663-V1:259c387d6910,664,2025-09-12,September 2025,2025-09-12T16:00:00Z,2025-09-14T03:59:59Z,Mexico,2024/25,Exports,"1000 Metric Tons, Actual Weight",879,840,39,WASDE-664-V1,false
WASDE-664-V1:d30b256bdffe,WASDE-663-V1:259c387d6910,664,2025-09-12,September 2025,2025-09-12T16:00:00Z,2025-09-14T03:59:59Z,Mexico,2024/25,Imports,"1000 Metric Tons, Actual Weight",175,175,0,WASDE-664-V1,false
WASDE-664-V1:d30b256bdffe,WASDE-663-V1:259c387d6910,664,2025-09-12,September 2025,2025-09-12T16:00:00Z,2025-09-14T03:59:59Z,Mexico,2024/25,Production,"1000 Metric Tons, Actual Weight",4771,4771,0,WASDE-664-V1,false
WASDE-664-V1:d30b256bdffe,WASDE-663-V1:259c387d6910,664,2025-09-12,September 2025,2025-09-12T16:00:00Z,2025-09-14T03:59:59Z,Mexico,2025/26,Beginning Stocks,"1000 Metric Tons, Actual Weight",1026,1064,-38,WASDE-664-V1,false
WASDE-664-V1:d30b256bdffe,WASDE-663-V1:259c387d6910,664,2025-09-12,September 2025,2025-09-12T16:00:00Z,2025-09-14T03:59:59Z,Mexico,2025/26,Domestic,"1000 Metric Tons, Actual Weight",4569,4569,0,WASDE-664-V1,false
WASDE-664-V1:d30b256bdffe,WASDE-663-V1:259c387d6910,664,2025-09-12,September 2025,2025-09-12T16:00:00Z,2025-09-14T03:59:59Z,Mexico,2025/26,Ending Stocks,"1000 Metric Tons, Actual Weight",1081,1081,0,WASDE-664-V1,false
WASDE-664-V1:d30b256bdffe,WASDE-663-V1:259c387d6910,664,2025-09-12,September 2025,2025-09-12T16:00:00Z,2025-09-14T03:59:59Z,Mexico,2025/26,Exports,"1000 Metric Tons, Actual Weight",612,650,-38,WASDE-664-V1,false
WASDE-664-V1:d30b256bdffe,WASDE-663-V1:259c387d6910,664,2025-09-12,September 2025,2025-09-12T16:00:00Z,2025-09-14T03:59:59Z,Mexico,2025/26,Imports,"1000 Metric Tons, Actual Weight",142,142,0,WASDE-664-V1,false
WASDE-664-V1:d30b256bdffe,WASDE-663-V1:259c387d6910,664,2025-09-12,September 2025,2025-09-12T16:00:00Z,2025-09-14T03:59:59Z,Mexico,2025/26,Production,"1000 Metric Tons, Actual Weight",5094,5094,0,WASDE-664-V1,false
WASDE-664-V1:d30b256bdffe,WASDE-663-V1:259c387d6910,664,2025-09-12,September 2025,2025-09-12T16:00:00Z,2025-09-14T03:59:59Z,United States,2023/24,Beet Sugar,"1000 Short Tons, Raw Value",5172,5172,0,WASDE-664-V1,false
WASDE-664-V1:d30b256bdffe,WASDE-663-V1:259c387d6910,664,2025-09-12,September 2025,2025-09-12T16:00:00Z,2025-09-14T03:59:59Z,United States,2023/24,Beginning Stocks,"1000 Short Tons, Raw Value",1843,1843,0,WASDE-664-V1,false
WASDE-664-V1:d30b256bdffe,WASDE-663-V1:259c387d6910,664,2025-09-12,September 2025,2025-09-12T16:00:00Z,2025-09-14T03:59:59Z,United States,2023/24,Cane Sugar,"1000 Short Tons, Raw Value",4141,4141,0,WASDE-664-V1,false
WASDE-664-V1:d30b256bdffe,WASDE-663-V1:259c387d6910,664,2025-09-12,September 2025,2025-09-12T16:00:00Z,2025-09-14T03:59:59Z,United States,2023/24,Deliveries,"1000 Short Tons, Raw Value",12532,12534,-2,WASDE-664-V1,false
WASDE-664-V1:d30b256bdffe,WASDE-663-V1:259c387d6910,664,2025-09-12,September 2025,2025-09-12T16:00:00Z,2025-09-14T03:59:59Z,United States,2023/24,Ending Stocks,"1000 Short Tons, Raw Value",2131,2131,0,WASDE-664-V1,false
WASDE-664-V1:d30b256bdffe,WASDE-663-V1:259c387d6910,664,2025-09-12,September 2025,2025-09-12T16:00:00Z,2025-09-14T03:59:59Z,United States,2023/24,Exports,"1000 Short Tons, Raw Value",249,249,0,WASDE-664-V1,false
WASDE-664-V1:d30b256bdffe,WASDE-663-V1:259c387d6910,664,2025-09-12,September 2025,2025-09-12T16:00:00Z,2025-09-14T03:59:59Z,United States,2023/24,Exports - Other,"1000 Short Tons, Raw Value",106,106,0,WASDE-664-V1,false
WASDE-664-V1:d30b256bdffe,WASDE-663-V1:259c387d6910,664,2025-09-12,September 2025,2025-09-12T16:00:00Z,2025-09-14T03:59:59Z,United States,2023/24,Florida,"1000 Short Tons, Raw Value",2079,2079,0,WASDE-664-V1,false
WASDE-664-V1:d30b256bdffe,WASDE-663-V1:259c387d6910,664,2025-09-12,September 2025,2025-09-12T16:00:00Z,2025-09-14T03:59:59Z,United States,2023/24,Food,"1000 Short Tons, Raw Value",12425,12428,-3,WASDE-664-V1,false
WASDE-664-V1:d30b256bdffe,WASDE-663-V1:259c387d6910,664,2025-09-12,September 2025,2025-09-12T16:00:00Z,2025-09-14T03:59:59Z,United States,2023/24,High-tier tariff/other,"1000 Short Tons, Raw Value",1231,1231,0,WASDE-664-V1,false
WASDE-664-V1:d30b256bdffe,WASDE-663-V1:259c387d6910,664,2025-09-12,September 2025,2025-09-12T16:00:00Z,2025-09-14T03:59:59Z,United States,2023/24,Imports,"1000 Short Tons, Raw Value",3840,3840,0,WASDE-664-V1,false
WASDE-664-V1:d30b256bdffe,WASDE-663-V1:259c387d6910,664,2025-09-12,September 2025,2025-09-12T16:00:00Z,2025-09-14T03:59:59Z,United States,2023/24,Louisiana,"1000 Short Tons, Raw Value",2022,2022,0,WASDE-664-V1,false
WASDE-664-V1:d30b256bdffe,WASDE-663-V1:259c387d6910,664,2025-09-12,September 2025,2025-09-12T16:00:00Z,2025-09-14T03:59:59Z,United States,2023/24,Mexico,"1000 Short Tons, Raw Value",521,521,0,WASDE-664-V1,false
WASDE-664-V1:d30b256bdffe,WASDE-663-V1:259c387d6910,664,2025-09-12,September 2025,2025-09-12T16:00:00Z,2025-09-14T03:59:59Z,United States,2023/24,Miscellaneous,"1000 Short Tons, Raw Value",83,81,2,WASDE-664-V1,false
WASDE-664-V1:d30b256bdffe,WASDE-663-V1:259c387d6910,664,2025-09-12,September 2025,2025-09-12T16:00:00Z,2025-09-14T03:59:59Z,United States,2023/24,Non-program,"1000 Short Tons, Raw Value",1752,1752,0,WASDE-664-V1,false
WASDE-664-V1:d30b256bdffe,WASDE-663-V1:259c387d6910,664,2025-09-12,September 2025,2025-09-12T16:00:00Z,2025-09-14T03:59:59Z,United States,2023/24,Other Program,"1000 Short Tons, Raw Value",300,300,0,WASDE-664-V1,false
WASDE-664-V1:d30b256bdffe,WASDE-663-V1:259c387d6910,664,2025-09-12,September 2025,2025-09-12T16:00:00Z,2025-09-14T03:59:59Z,United States,2023/24,Production,"1000 Short Tons, Raw Value",9313,9313,0,WASDE-664-V1,false
WASDE-664-V1:d30b256bdffe,WASDE-663-V1:259c387d6910,664,2025-09-12,September 2025,2025-09-12T16:00:00Z,2025-09-14T03:59:59Z,United States,2023/24,Stocks to Use Ratio,Percent,16.6,16.6,0,WASDE-664-V1,false
WASDE-664-V1:d30b256bdffe,WASDE-663-V1:259c387d6910,664,2025-09-12,September 2025,2025-09-12T16:00:00Z,2025-09-14T03:59:59Z,United States,2023/24,TRQ,"1000 Short Tons, Raw Value",1788,1788,0,WASDE-664-V1,false
WASDE-664-V1:d30b256bdffe,WASDE-663-V1:259c387d6910,664,2025-09-12,September 2025,2025-09-12T16:00:00Z,2025-09-14T03:59:59Z,United States,2023/24,Texas,"1000 Short Tons, Raw Value",40,40,0,WASDE-664-V1,false
WASDE-664-V1:d30b256bdffe,WASDE-663-V1:259c387d6910,664,2025-09-12,September 2025,2025-09-12T16:00:00Z,2025-09-14T03:59:59Z,United States,2023/24,Total Supply,"1000 Short Tons, Raw Value",14995,14995,0,WASDE-664-V1,false
WASDE-664-V1:d30b256bdffe,WASDE-663-V1:259c387d6910,664,2025-09-12,September 2025,2025-09-12T16:00:00Z,2025-09-14T03:59:59Z,United States,2023/24,Total Use,"1000 Short Tons, Raw Value",12864,12864,0,WASDE-664-V1,false
WASDE-664-V1:d30b256bdffe,WASDE-663-V1:259c387d6910,664,2025-09-12,September 2025,2025-09-12T16:00:00Z,2025-09-14T03:59:59Z,United States,2024/25,Beet Sugar,"1000 Short Tons, Raw Value",5332,5415,-83,WASDE-664-V1,false
WASDE-664-V1:d30b256bdffe,WASDE-663-V1:259c387d6910,664,2025-09-12,September 2025,2025-09-12T16:00:00Z,2025-09-14T03:59:59Z,United States,2024/25,Beginning Stocks,"1000 Short Tons, Raw Value",2131,2131,0,WASDE-664-V1,false
WASDE-664-V1:d30b256bdffe,WASDE-663-V1:259c387d6910,664,2025-09-12,September 2025,2025-09-12T16:00:00Z,2025-09-14T03:59:59Z,United States,2024/25,Cane Sugar,"1000 Short Tons, Raw Value",3971,3971,0,WASDE-664-V1,false
WASDE-664-V1:d30b256bdffe,WASDE-663-V1:259c387d6910,664,2025-09-12,September 2025,2025-09-12T16:00:00Z,2025-09-14T03:59:59Z,United States,2024/25,Deliveries,"1000 Short Tons, Raw Value",12155,12155,0,WASDE-664-V1,false
WASDE-664-V1:d30b256bdffe,WASDE-663-V1:259c387d6910,664,2025-09-12,September 2025,2025-09-12T16:00:00Z,2025-09-14T03:59:59Z,United States,2024/25,Ending Stocks,"1000 Short Tons, Raw Value",2436,2439,-3,WASDE-664-V1,false
WASDE-664-V1:d30b256bdffe,WASDE-663-V1:259c387d6910,664,2025-09-12,September 2025,2025-09-12T16:00:00Z,2025-09-14T03:59:59Z,United States,2024/25,Exports,"1000 Short Tons, Raw Value",125,125,0,WASDE-664-V1,false
WASDE-664-V1:d30b256bdffe,WASDE-663-V1:259c387d6910,664,2025-09-12,September 2025,2025-09-12T16:00:00Z,2025-09-14T03:59:59Z,United States,2024/25,Exports - Other,"1000 Short Tons, Raw Value",110,110,0,WASDE-664-V1,false
WASDE-664-V1:d30b256bdffe,WASDE-663-V1:259c387d6910,664,2025-09-12,September 2025,2025-09-12T16:00:00Z,2025-09-14T03:59:59Z,United States,2024/25,Florida,"1000 Short Tons, Raw Value",1927,1927,0,WASDE-664-V1,false
WASDE-664-V1:d30b256bdffe,WASDE-663-V1:259c387d6910,664,2025-09-12,September 2025,2025-09-12T16:00:00Z,2025-09-14T03:59:59Z,United States,2024/25,Food,"1000 Short Tons, Raw Value",12045,12045,0,WASDE-664-V1,false
WASDE-664-V1:d30b256bdffe,WASDE-663-V1:259c387d6910,664,2025-09-12,September 2025,2025-09-12T16:00:00Z,2025-09-14T03:59:59Z,United States,2024/25,High-tier tariff/other,"1000 Short Tons, Raw Value",910,864,46,WASDE-664-V1,false
WASDE-664-V1:d30b256bdffe,WASDE-663-V1:259c387d6910,664,2025-09-12,September 2025,2025-09-12T16:00:00Z,2025-09-14T03:59:59Z,United States,2024/25,Imports,"1000 Short Tons, Raw Value",3283,3202,81,WASDE-664-V1,false
WASDE-664-V1:d30b256bdffe,WASDE-663-V1:259c387d6910,664,2025-09-12,September 2025,2025-09-12T16:00:00Z,2025-09-14T03:59:59Z,United States,2024/25,Louisiana,"1000 Short Tons, Raw Value",2044,2044,0,WASDE-664-V1,false
WASDE-664-V1:d30b256bdffe,WASDE-663-V1:259c387d6910,664,2025-09-12,September 2025,2025-09-12T16:00:00Z,2025-09-14T03:59:59Z,United States,2024/25,Mexico,"1000 Short Tons, Raw Value",497,497,0,WASDE-664-V1,false
WASDE-664-V1:d30b256bdffe,WASDE-663-V1:259c387d6910,664,2025-09-12,September 2025,2025-09-12T16:00:00Z,2025-09-14T03:59:59Z,United States,2024/25,Miscellaneous,"1000 Short Tons, Raw Value",0,0,0,WASDE-664-V1,false
WASDE-664-V1:d30b256bdffe,WASDE-663-V1:259c387d6910,664,2025-09-12,September 2025,2025-09-12T16:00:00Z,2025-09-14T03:59:59Z,United States,2024/25,Non-program,"1000 Short Tons, Raw Value",1406,1361,45,WASDE-664-V1,false
WASDE-664-V1:d30b256bdffe,WASDE-663-V1:259c387d6910,664,2025-09-12,September 2025,2025-09-12T16:00:00Z,2025-09-14T03:59:59Z,United States,2024/25,Other Program,"1000 Short Tons, Raw Value",360,325,35,WASDE-664-V1,false
WASDE-664-V1:d30b256bdffe,WASDE-663-V1:259c387d6910,664,2025-09-12,September 2025,2025-09-12T16:00:00Z,2025-09-14T03:59:59Z,United States,2024/25,Production,"1000 Short Tons, Raw Value",9303,9386,-83,WASDE-664-V1,false
WASDE-664-V1:d30b256bdffe,WASDE-663-V1:259c387d6910,664,2025-09-12,September 2025,2025-09-12T16:00:00Z,2025-09-14T03:59:59Z,United States,2024/25,Stocks to Use Ratio,Percent,19.8,19.9,-0.1,WASDE-664-V1,false
WASDE-664-V1:d30b256bdffe,WASDE-663-V1:259c387d6910,664,2025-09-12,September 2025,2025-09-12T16:00:00Z,2025-09-14T03:59:59Z,United States,2024/25,TRQ,"1000 Short Tons, Raw Value",1516,1516,0,WASDE-664-V1,false
WASDE-664-V1:d30b256bdffe,WASDE-663-V1:259c387d6910,664,2025-09-12,September 2025,2025-09-12T16:00:00Z,2025-09-14T03:59:59Z,United States,2024/25,Texas,"1000 Short Tons, Raw Value",0,0,0,WASDE-664-V1,false
WASDE-664-V1:d30b256bdffe,WASDE-663-V1:259c387d6910,664,2025-09-12,September 2025,2025-09-12T16:00:00Z,2025-09-14T03:59:59Z,United States,2024/25,Total Supply,"1000 Short Tons, Raw Value",14716,14719,-3,WASDE-664-V1,false
WASDE-664-V1:d30b256bdffe,WASDE-663-V1:259c387d6910,664,2025-09-12,September 2025,2025-09-12T16:00:00Z,2025-09-14T03:59:59Z,United States,2024/25,Total Use,"1000 Short Tons, Raw Value",12280,12280,0,WASDE-664-V1,false
WASDE-664-V1:d30b256bdffe,WASDE-663-V1:259c387d6910,664,2025-09-12,September 2025,2025-09-12T16:00:00Z,2025-09-14T03:59:59Z,United States,2025/26,Beet Sugar,"1000 Short Tons, Raw Value",5303,5266,37,WASDE-664-V1,false
WASDE-664-V1:d30b256bdffe,WASDE-663-V1:259c387d6910,664,2025-09-12,September 2025,2025-09-12T16:00:00Z,2025-09-14T03:59:59Z,United States,2025/26,Beginning Stocks,"1000 Short Tons, Raw Value",2436,2439,-3,WASDE-664-V1,false
WASDE-664-V1:d30b256bdffe,WASDE-663-V1:259c387d6910,664,2025-09-12,September 2025,2025-09-12T16:00:00Z,2025-09-14T03:59:59Z,United States,2025/26,Cane Sugar,"1000 Short Tons, Raw Value",4167,4162,5,WASDE-664-V1,false
WASDE-664-V1:d30b256bdffe,WASDE-663-V1:259c387d6910,664,2025-09-12,September 2025,2025-09-12T16:00:00Z,2025-09-14T03:59:59Z,United States,2025/26,Deliveries,"1000 Short Tons, Raw Value",12065,12065,0,WASDE-664-V1,false
WASDE-664-V1:d30b256bdffe,WASDE-663-V1:259c387d6910,664,2025-09-12,September 2025,2025-09-12T16:00:00Z,2025-09-14T03:59:59Z,United States,2025/26,Ending Stocks,"1000 Short Tons, Raw Value",1976,2160,-184,WASDE-664-V1,false
WASDE-664-V1:d30b256bdffe,WASDE-663-V1:259c387d6910,664,2025-09-12,September 2025,2025-09-12T16:00:00Z,2025-09-14T03:59:59Z,United States,2025/26,Exports,"1000 Short Tons, Raw Value",100,100,0,WASDE-664-V1,false
WASDE-664-V1:d30b256bdffe,WASDE-663-V1:259c387d6910,664,2025-09-12,September 2025,2025-09-12T16:00:00Z,2025-09-14T03:59:59Z,United States,2025/26,Exports - Other,"1000 Short Tons, Raw Value",105,105,0,WASDE-664-V1,false
WASDE-664-V1:d30b256bdffe,WASDE-663-V1:259c387d6910,664,2025-09-12,September 2025,2025-09-12T16:00:00Z,2025-09-14T03:59:59Z,United States,2025/26,Florida,"1000 Short Tons, Raw Value",2051,2008,43,WASDE-664-V1,false
WASDE-664-V1:d30b256bdffe,WASDE-663-V1:259c387d6910,664,2025-09-12,September 2025,2025-09-12T16:00:00Z,2025-09-14T03:59:59Z,United States,2025/26,Food,"1000 Short Tons, Raw Value",11960,11960,0,WASDE-664-V1,false
WASDE-664-V1:d30b256bdffe,WASDE-663-V1:259c387d6910,664,2025-09-12,September 2025,2025-09-12T16:00:00Z,2025-09-14T03:59:59Z,United States,2025/26,High-tier tariff/other,"1000 Short Tons, Raw Value",422,422,0,WASDE-664-V1,false
WASDE-664-V1:d30b256bdffe,WASDE-663-V1:259c387d6910,664,2025-09-12,September 2025,2025-09-12T16:00:00Z,2025-09-14T03:59:59Z,United States,2025/26,Imports,"1000 Short Tons, Raw Value",2235,2457,-222,WASDE-664-V1,false
WASDE-664-V1:d30b256bdffe,WASDE-663-V1:259c387d6910,664,2025-09-12,September 2025,2025-09-12T16:00:00Z,2025-09-14T03:59:59Z,United States,2025/26,Louisiana,"1000 Short Tons, Raw Value",2116,2154,-38,WASDE-664-V1,false
WASDE-664-V1:d30b256bdffe,WASDE-663-V1:259c387d6910,664,2025-09-12,September 2025,2025-09-12T16:00:00Z,2025-09-14T03:59:59Z,United States,2025/26,Mexico,"1000 Short Tons, Raw Value",220,439,-219,WASDE-664-V1,false
WASDE-664-V1:d30b256bdffe,WASDE-663-V1:259c387d6910,664,2025-09-12,September 2025,2025-09-12T16:00:00Z,2025-09-14T03:59:59Z,United States,2025/26,Miscellaneous,"1000 Short Tons, Raw Value",0,0,0,WASDE-664-V1,false
WASDE-664-V1:d30b256bdffe,WASDE-663-V1:259c387d6910,664,2025-09-12,September 2025,2025-09-12T16:00:00Z,2025-09-14T03:59:59Z,United States,2025/26,Non-program,"1000 Short Tons, Raw Value",642,861,-219,WASDE-664-V1,false
WASDE-664-V1:d30b256bdffe,WASDE-663-V1:259c387d6910,664,2025-09-12,September 2025,2025-09-12T16:00:00Z,2025-09-14T03:59:59Z,United States,2025/26,Other Program,"1000 Short Tons, Raw Value",200,200,0,WASDE-664-V1,false
WASDE-664-V1:d30b256bdffe,WASDE-663-V1:259c387d6910,664,2025-09-12,September 2025,2025-09-12T16:00:00Z,2025-09-14T03:59:59Z,United States,2025/26,Production,"1000 Short Tons, Raw Value",9470,9428,42,WASDE-664-V1,false
WASDE-664-V1:d30b256bdffe,WASDE-663-V1:259c387d6910,664,2025-09-12,September 2025,2025-09-12T16:00:00Z,2025-09-14T03:59:59Z,United States,2025/26,Stocks to Use Ratio,Percent,16.2,17.8,-1.6,WASDE-664-V1,false
WASDE-664-V1:d30b256bdffe,WASDE-663-V1:259c387d6910,664,2025-09-12,September 2025,2025-09-12T16:00:00Z,2025-09-14T03:59:59Z,United States,2025/26,TRQ,"1000 Short Tons, Raw Value",1393,1396,-3,WASDE-664-V1,false
WASDE-664-V1:d30b256bdffe,WASDE-663-V1:259c387d6910,664,2025-09-12,September 2025,2025-09-12T16:00:00Z,2025-09-14T03:59:59Z,United States,2025/26,Texas,"1000 Short Tons, Raw Value",0,0,0,WASDE-664-V1,false
WASDE-664-V1:d30b256bdffe,WASDE-663-V1:259c387d6910,664,2025-09-12,September 2025,2025-09-12T16:00:00Z,2025-09-14T03:59:59Z,United States,2025/26,Total Supply,"1000 Short Tons, Raw Value",14141,14325,-184,WASDE-664-V1,false
WASDE-664-V1:d30b256bdffe,WASDE-663-V1:259c387d6910,664,2025-09-12,September 2025,2025-09-12T16:00:00Z,2025-09-14T03:59:59Z,United States,2025/26,Total Use,"1000 Short Tons, Raw Value",12165,12165,0,WASDE-664-V1,false
WASDE-665-V1:0d3d5151fa32,WASDE-664-V1:d30b256bdffe,665,2025-11-14,November 2025,2025-11-14T17:00:00Z,2025-11-16T04:59:59Z,Mexico,2024/25,Beginning Stocks,"1000 Metric Tons, Actual Weight",1418,1418,0,WASDE-665-V1,false
WASDE-665-V1:0d3d5151fa32,WASDE-664-V1:d30b256bdffe,665,2025-11-14,November 2025,2025-11-14T17:00:00Z,2025-11-16T04:59:59Z,Mexico,2024/25,Domestic,"1000 Metric Tons, Actual Weight",4210,4459,-249,WASDE-665-V1,false
WASDE-665-V1:0d3d5151fa32,WASDE-664-V1:d30b256bdffe,665,2025-11-14,November 2025,2025-11-14T17:00:00Z,2025-11-16T04:59:59Z,Mexico,2024/25,Ending Stocks,"1000 Metric Tons, Actual Weight",1123,1026,97,WASDE-665-V1,false
WASDE-665-V1:0d3d5151fa32,WASDE-664-V1:d30b256bdffe,665,2025-11-14,November 2025,2025-11-14T17:00:00Z,2025-11-16T04:59:59Z,Mexico,2024/25,Exports,"1000 Metric Tons, Actual Weight",1023,879,144,WASDE-665-V1,false
WASDE-665-V1:0d3d5151fa32,WASDE-664-V1:d30b256bdffe,665,2025-11-14,November 2025,2025-11-14T17:00:00Z,2025-11-16T04:59:59Z,Mexico,2024/25,Imports,"1000 Metric Tons, Actual Weight",167,175,-8,WASDE-665-V1,false
WASDE-665-V1:0d3d5151fa32,WASDE-664-V1:d30b256bdffe,665,2025-11-14,November 2025,2025-11-14T17:00:00Z,2025-11-16T04:59:59Z,Mexico,2024/25,Production,"1000 Metric Tons, Actual Weight",4771,4771,0,WASDE-665-V1,false
WASDE-665-V1:0d3d5151fa32,WASDE-664-V1:d30b256bdffe,665,2025-11-14,November 2025,2025-11-14T17:00:00Z,2025-11-16T04:59:59Z,Mexico,2025/26,Beginning Stocks,"1000 Metric Tons, Actual Weight",1123,1026,97,WASDE-665-V1,false
WASDE-665-V1:0d3d5151fa32,WASDE-664-V1:d30b256bdffe,665,2025-11-14,November 2025,2025-11-14T17:00:00Z,2025-11-16T04:59:59Z,Mexico,2025/26,Domestic,"1000 Metric Tons, Actual Weight",4514,4569,-55,WASDE-665-V1,false
WASDE-665-V1:0d3d5151fa32,WASDE-664-V1:d30b256bdffe,665,2025-11-14,November 2025,2025-11-14T17:00:00Z,2025-11-16T04:59:59Z,Mexico,2025/26,Ending Stocks,"1000 Metric Tons, Actual Weight",1077,1081,-4,WASDE-665-V1,false
WASDE-665-V1:0d3d5151fa32,WASDE-664-V1:d30b256bdffe,665,2025-11-14,November 2025,2025-11-14T17:00:00Z,2025-11-16T04:59:59Z,Mexico,2025/26,Exports,"1000 Metric Tons, Actual Weight",649,612,37,WASDE-665-V1,false
WASDE-665-V1:0d3d5151fa32,WASDE-664-V1:d30b256bdffe,665,2025-11-14,November 2025,2025-11-14T17:00:00Z,2025-11-16T04:59:59Z,Mexico,2025/26,Imports,"1000 Metric Tons, Actual Weight",98,142,-44,WASDE-665-V1,false
WASDE-665-V1:0d3d5151fa32,WASDE-664-V1:d30b256bdffe,665,2025-11-14,November 2025,2025-11-14T17:00:00Z,2025-11-16T04:59:59Z,Mexico,2025/26,Production,"1000 Metric Tons, Actual Weight",5019,5094,-75,WASDE-665-V1,false
WASDE-665-V1:0d3d5151fa32,WASDE-664-V1:d30b256bdffe,665,2025-11-14,November 2025,2025-11-14T17:00:00Z,2025-11-16T04:59:59Z,United States,2023/24,Beet Sugar,"1000 Short Tons, Raw Value",5172,5172,0,WASDE-665-V1,false
WASDE-665-V1:0d3d5151fa32,WASDE-664-V1:d30b256bdffe,665,2025-11-14,November 2025,2025-11-14T17:00:00Z,2025-11-16T04:59:59Z,United States,2023/24,Beginning Stocks,"1000 Short Tons, Raw Value",1843,1843,0,WASDE-665-V1,false
WASDE-665-V1:0d3d5151fa32,WASDE-664-V1:d30b256bdffe,665,2025-11-14,November 2025,2025-11-14T17:00:00Z,2025-11-16T04:59:59Z,United States,2023/24,Cane Sugar,"1000 Short Tons, Raw Value",4141,4141,0,WASDE-665-V1,false
WASDE-665-V1:0d3d5151fa32,WASDE-664-V1:d30b256bdffe,665,2025-11-14,November 2025,2025-11-14T17:00:00Z,2025-11-16T04:59:59Z,United States,2023/24,Deliveries,"1000 Short Tons, Raw Value",12443,12532,-89,WASDE-665-V1,false
WASDE-665-V1:0d3d5151fa32,WASDE-664-V1:d30b256bdffe,665,2025-11-14,November 2025,2025-11-14T17:00:00Z,2025-11-16T04:59:59Z,United States,2023/24,Ending Stocks,"1000 Short Tons, Raw Value",2220,2131,89,WASDE-665-V1,false
WASDE-665-V1:0d3d5151fa32,WASDE-664-V1:d30b256bdffe,665,2025-11-14,November 2025,2025-11-14T17:00:00Z,2025-11-16T04:59:59Z,United States,2023/24,Exports,"1000 Short Tons, Raw Value",249,249,0,WASDE-665-V1,false
WASDE-665-V1:0d3d5151fa32,WASDE-664-V1:d30b256bdffe,665,2025-11-14,November 2025,2025-11-14T17:00:00Z,2025-11-16T04:59:59Z,United States,2023/24,Exports - Other,"1000 Short Tons, Raw Value",106,106,0,WASDE-665-V1,false
WASDE-665-V1:0d3d5151fa32,WASDE-664-V1:d30b256bdffe,665,2025-11-14,November 2025,2025-11-14T17:00:00Z,2025-11-16T04:59:59Z,United States,2023/24,Florida,"1000 Short Tons, Raw Value",2079,2079,0,WASDE-665-V1,false
WASDE-665-V1:0d3d5151fa32,WASDE-664-V1:d30b256bdffe,665,2025-11-14,November 2025,2025-11-14T17:00:00Z,2025-11-16T04:59:59Z,United States,2023/24,Food,"1000 Short Tons, Raw Value",12336,12425,-89,WASDE-665-V1,false
WASDE-665-V1:0d3d5151fa32,WASDE-664-V1:d30b256bdffe,665,2025-11-14,November 2025,2025-11-14T17:00:00Z,2025-11-16T04:59:59Z,United States,2023/24,High-tier tariff/other,"1000 Short Tons, Raw Value",1231,1231,0,WASDE-665-V1,false
WASDE-665-V1:0d3d5151fa32,WASDE-664-V1:d30b256bdffe,665,2025-11-14,November 2025,2025-11-14T17:00:00Z,2025-11-16T04:59:59Z,United States,2023/24,Imports,"1000 Short Tons, Raw Value",3840,3840,0,WASDE-665-V1,false
WASDE-665-V1:0d3d5151fa32,WASDE-664-V1:d30b256bdffe,665,2025-11-14,November 2025,2025-11-14T17:00:00Z,2025-11-16T04:59:59Z,United States,2023/24,Louisiana,"1000 Short Tons, Raw Value",2022,2022,0,WASDE-665-V1,false
WASDE-665-V1:0d3d5151fa32,WASDE-664-V1:d30b256bdffe,665,2025-11-14,November 2025,2025-11-14T17:00:00Z,2025-11-16T04:59:59Z,United States,2023/24,Mexico,"1000 Short Tons, Raw Value",521,521,0,WASDE-665-V1,false
WASDE-665-V1:0d3d5151fa32,WASDE-664-V1:d30b256bdffe,665,2025-11-14,November 2025,2025-11-14T17:00:00Z,2025-11-16T04:59:59Z,United States,2023/24,Miscellaneous,"1000 Short Tons, Raw Value",83,83,0,WASDE-665-V1,false
WASDE-665-V1:0d3d5151fa32,WASDE-664-V1:d30b256bdffe,665,2025-11-14,November 2025,2025-11-14T17:00:00Z,2025-11-16T04:59:59Z,United States,2023/24,Non-program,"1000 Short Tons, Raw Value",1752,1752,0,WASDE-665-V1,false
WASDE-665-V1:0d3d5151fa32,WASDE-664-V1:d30b256bdffe,665,2025-11-14,November 2025,2025-11-14T17:00:00Z,2025-11-16T04:59:59Z,United States,2023/24,Other Program,"1000 Short Tons, Raw Value",300,300,0,WASDE-665-V1,false
WASDE-665-V1:0d3d5151fa32,WASDE-664-V1:d30b256bdffe,665,2025-11-14,November 2025,2025-11-14T17:00:00Z,2025-11-16T04:59:59Z,United States,2023/24,Production,"1000 Short Tons, Raw Value",9313,9313,0,WASDE-665-V1,false
WASDE-665-V1:0d3d5151fa32,WASDE-664-V1:d30b256bdffe,665,2025-11-14,November 2025,2025-11-14T17:00:00Z,2025-11-16T04:59:59Z,United States,2023/24,Stocks to Use Ratio,Percent,17.4,16.6,0.8,WASDE-665-V1,false
WASDE-665-V1:0d3d5151fa32,WASDE-664-V1:d30b256bdffe,665,2025-11-14,November 2025,2025-11-14T17:00:00Z,2025-11-16T04:59:59Z,United States,2023/24,TRQ,"1000 Short Tons, Raw Value",1788,1788,0,WASDE-665-V1,false
WASDE-665-V1:0d3d5151fa32,WASDE-664-V1:d30b256bdffe,665,2025-11-14,November 2025,2025-11-14T17:00:00Z,2025-11-16T04:59:59Z,United States,2023/24,Texas,"1000 Short Tons, Raw Value",40,40,0,WASDE-665-V1,false
WASDE-665-V1:0d3d5151fa32,WASDE-664-V1:d30b256bdffe,665,2025-11-14,November 2025,2025-11-14T17:00:00Z,2025-11-16T04:59:59Z,United States,2023/24,Total Supply,"1000 Short Tons, Raw Value",14995,14995,0,WASDE-665-V1,false
WASDE-665-V1:0d3d5151fa32,WASDE-664-V1:d30b256bdffe,665,2025-11-14,November 2025,2025-11-14T17:00:00Z,2025-11-16T04:59:59Z,United States,2023/24,Total Use,"1000 Short Tons, Raw Value",12775,12864,-89,WASDE-665-V1,false
WASDE-665-V1:0d3d5151fa32,WASDE-664-V1:d30b256bdffe,665,2025-11-14,November 2025,2025-11-14T17:00:00Z,2025-11-16T04:59:59Z,United States,2024/25,Beet Sugar,"1000 Short Tons, Raw Value",5370,5332,38,WASDE-665-V1,false
WASDE-665-V1:0d3d5151fa32,WASDE-664-V1:d30b256bdffe,665,2025-11-14,November 2025,2025-11-14T17:00:00Z,2025-11-16T04:59:59Z,United States,2024/25,Beginning Stocks,"1000 Short Tons, Raw Value",2220,2131,89,WASDE-665-V1,false
WASDE-665-V1:0d3d5151fa32,WASDE-664-V1:d30b256bdffe,665,2025-11-14,November 2025,2025-11-14T17:00:00Z,2025-11-16T04:59:59Z,United States,2024/25,Cane Sugar,"1000 Short Tons, Raw Value",4027,3971,56,WASDE-665-V1,false
WASDE-665-V1:0d3d5151fa32,WASDE-664-V1:d30b256bdffe,665,2025-11-14,November 2025,2025-11-14T17:00:00Z,2025-11-16T04:59:59Z,United States,2024/25,Deliveries,"1000 Short Tons, Raw Value",12660,12155,505,WASDE-665-V1,false
WASDE-665-V1:0d3d5151fa32,WASDE-664-V1:d30b256bdffe,665,2025-11-14,November 2025,2025-11-14T17:00:00Z,2025-11-16T04:59:59Z,United States,2024/25,Ending Stocks,"1000 Short Tons, Raw Value",2489,2436,53,WASDE-665-V1,false
WASDE-665-V1:0d3d5151fa32,WASDE-664-V1:d30b256bdffe,665,2025-11-14,November 2025,2025-11-14T17:00:00Z,2025-11-16T04:59:59Z,United States,2024/25,Exports,"1000 Short Tons, Raw Value",111,125,-14,WASDE-665-V1,false
WASDE-665-V1:0d3d5151fa32,WASDE-664-V1:d30b256bdffe,665,2025-11-14,November 2025,2025-11-14T17:00:00Z,2025-11-16T04:59:59Z,United States,2024/25,Exports - Other,"1000 Short Tons, Raw Value",111,110,1,WASDE-665-V1,false
WASDE-665-V1:0d3d5151fa32,WASDE-664-V1:d30b256bdffe,665,2025-11-14,November 2025,2025-11-14T17:00:00Z,2025-11-16T04:59:59Z,United States,2024/25,Florida,"1000 Short Tons, Raw Value",1931,1927,4,WASDE-665-V1,false
WASDE-665-V1:0d3d5151fa32,WASDE-664-V1:d30b256bdffe,665,2025-11-14,November 2025,2025-11-14T17:00:00Z,2025-11-16T04:59:59Z,United States,2024/25,Food,"1000 Short Tons, Raw Value",12549,12045,504,WASDE-665-V1,false
WASDE-665-V1:0d3d5151fa32,WASDE-664-V1:d30b256bdffe,665,2025-11-14,November 2025,2025-11-14T17:00:00Z,2025-11-16T04:59:59Z,United States,2024/25,High-tier tariff/other,"1000 Short Tons, Raw Value",1014,910,104,WASDE-665-V1,false
WASDE-665-V1:0d3d5151fa32,WASDE-664-V1:d30b256bdffe,665,2025-11-14,November 2025,2025-11-14T17:00:00Z,2025-11-16T04:59:59Z,United States,2024/25,Imports,"1000 Short Tons, Raw Value",3415,3283,132,WASDE-665-V1,false
WASDE-665-V1:0d3d5151fa32,WASDE-664-V1:d30b256bdffe,665,2025-11-14,November 2025,2025-11-14T17:00:00Z,2025-11-16T04:59:59Z,United States,2024/25,Louisiana,"1000 Short Tons, Raw Value",2095,2044,51,WASDE-665-V1,false
WASDE-665-V1:0d3d5151fa32,WASDE-664-V1:d30b256bdffe,665,2025-11-14,November 2025,2025-11-14T17:00:00Z,2025-11-16T04:59:59Z,United States,2024/25,Mexico,"1000 Short Tons, Raw Value",504,497,7,WASDE-665-V1,false
WASDE-665-V1:0d3d5151fa32,WASDE-664-V1:d30b256bdffe,665,2025-11-14,November 2025,2025-11-14T17:00:00Z,2025-11-16T04:59:59Z,United States,2024/25,Miscellaneous,"1000 Short Tons, Raw Value",-227,0,-227,WASDE-665-V1,false
WASDE-665-V1:0d3d5151fa32,WASDE-664-V1:d30b256bdffe,665,2025-11-14,November 2025,2025-11-14T17:00:00Z,2025-11-16T04:59:59Z,United States,2024/25,Non-program,"1000 Short Tons, Raw Value",1518,1406,112,WASDE-665-V1,false
WASDE-665-V1:0d3d5151fa32,WASDE-664-V1:d30b256bdffe,665,2025-11-14,November 2025,2025-11-14T17:00:00Z,2025-11-16T04:59:59Z,United States,2024/25,Other Program,"1000 Short Tons, Raw Value",362,360,2,WASDE-665-V1,false
WASDE-665-V1:0d3d5151fa32,WASDE-664-V1:d30b256bdffe,665,2025-11-14,November 2025,2025-11-14T17:00:00Z,2025-11-16T04:59:59Z,United States,2024/25,Production,"1000 Short Tons, Raw Value",9396,9303,93,WASDE-665-V1,false
WASDE-665-V1:0d3d5151fa32,WASDE-664-V1:d30b256bdffe,665,2025-11-14,November 2025,2025-11-14T17:00:00Z,2025-11-16T04:59:59Z,United States,2024/25,Stocks to Use Ratio,Percent,19.8,19.8,0,WASDE-665-V1,false
WASDE-665-V1:0d3d5151fa32,WASDE-664-V1:d30b256bdffe,665,2025-11-14,November 2025,2025-11-14T17:00:00Z,2025-11-16T04:59:59Z,United States,2024/25,TRQ,"1000 Short Tons, Raw Value",1534,1516,18,WASDE-665-V1,false
WASDE-665-V1:0d3d5151fa32,WASDE-664-V1:d30b256bdffe,665,2025-11-14,November 2025,2025-11-14T17:00:00Z,2025-11-16T04:59:59Z,United States,2024/25,Texas,"1000 Short Tons, Raw Value",0,0,0,WASDE-665-V1,false
WASDE-665-V1:0d3d5151fa32,WASDE-664-V1:d30b256bdffe,665,2025-11-14,November 2025,2025-11-14T17:00:00Z,2025-11-16T04:59:59Z,United States,2024/25,Total Supply,"1000 Short Tons, Raw Value",15032,14716,316,WASDE-665-V1,false
WASDE-665-V1:0d3d5151fa32,WASDE-664-V1:d30b256bdffe,665,2025-11-14,November 2025,2025-11-14T17:00:00Z,2025-11-16T04:59:59Z,United States,2024/25,Total Use,"1000 Short Tons, Raw Value",12543,12280,263,WASDE-665-V1,false
WASDE-665-V1:0d3d5151fa32,WASDE-664-V1:d30b256bdffe,665,2025-11-14,November 2025,2025-11-14T17:00:00Z,2025-11-16T04:59:59Z,United States,2025/26,Beet Sugar,"1000 Short Tons, Raw Value",5211,5303,-92,WASDE-665-V1,false
WASDE-665-V1:0d3d5151fa32,WASDE-664-V1:d30b256bdffe,665,2025-11-14,November 2025,2025-11-14T17:00:00Z,2025-11-16T04:59:59Z,United States,2025/26,Beginning Stocks,"1000 Short Tons, Raw Value",2489,2436,53,WASDE-665-V1,false
WASDE-665-V1:0d3d5151fa32,WASDE-664-V1:d30b256bdffe,665,2025-11-14,November 2025,2025-11-14T17:00:00Z,2025-11-16T04:59:59Z,United States,2025/26,Cane Sugar,"1000 Short Tons, Raw Value",4108,4167,-59,WASDE-665-V1,false
WASDE-665-V1:0d3d5151fa32,WASDE-664-V1:d30b256bdffe,665,2025-11-14,November 2025,2025-11-14T17:00:00Z,2025-11-16T04:59:59Z,United States,2025/26,Deliveries,"1000 Short Tons, Raw Value",12176,12065,111,WASDE-665-V1,false
WASDE-665-V1:0d3d5151fa32,WASDE-664-V1:d30b256bdffe,665,2025-11-14,November 2025,2025-11-14T17:00:00Z,2025-11-16T04:59:59Z,United States,2025/26,Ending Stocks,"1000 Short Tons, Raw Value",1845,1976,-131,WASDE-665-V1,false
WASDE-665-V1:0d3d5151fa32,WASDE-664-V1:d30b256bdffe,665,2025-11-14,November 2025,2025-11-14T17:00:00Z,2025-11-16T04:59:59Z,United States,2025/26,Exports,"1000 Short Tons, Raw Value",100,100,0,WASDE-665-V1,false
WASDE-665-V1:0d3d5151fa32,WASDE-664-V1:d30b256bdffe,665,2025-11-14,November 2025,2025-11-14T17:00:00Z,2025-11-16T04:59:59Z,United States,2025/26,Exports - Other,"1000 Short Tons, Raw Value",105,105,0,WASDE-665-V1,false
WASDE-665-V1:0d3d5151fa32,WASDE-664-V1:d30b256bdffe,665,2025-11-14,November 2025,2025-11-14T17:00:00Z,2025-11-16T04:59:59Z,United States,2025/26,Florida,"1000 Short Tons, Raw Value",2053,2051,2,WASDE-665-V1,false
WASDE-665-V1:0d3d5151fa32,WASDE-664-V1:d30b256bdffe,665,2025-11-14,November 2025,2025-11-14T17:00:00Z,2025-11-16T04:59:59Z,United States,2025/26,Food,"1000 Short Tons, Raw Value",12071,11960,111,WASDE-665-V1,false
WASDE-665-V1:0d3d5151fa32,WASDE-664-V1:d30b256bdffe,665,2025-11-14,November 2025,2025-11-14T17:00:00Z,2025-11-16T04:59:59Z,United States,2025/26,High-tier tariff/other,"1000 Short Tons, Raw Value",525,422,103,WASDE-665-V1,false
WASDE-665-V1:0d3d5151fa32,WASDE-664-V1:d30b256bdffe,665,2025-11-14,November 2025,2025-11-14T17:00:00Z,2025-11-16T04:59:59Z,United States,2025/26,Imports,"1000 Short Tons, Raw Value",2313,2235,78,WASDE-665-V1,false
WASDE-665-V1:0d3d5151fa32,WASDE-664-V1:d30b256bdffe,665,2025-11-14,November 2025,2025-11-14T17:00:00Z,2025-11-16T04:59:59Z,United States,2025/26,Louisiana,"1000 Short Tons, Raw Value",2056,2116,-60,WASDE-665-V1,false
WASDE-665-V1:0d3d5151fa32,WASDE-664-V1:d30b256bdffe,665,2025-11-14,November 2025,2025-11-14T17:00:00Z,2025-11-16T04:59:59Z,United States,2025/26,Mexico,"1000 Short Tons, Raw Value",220,220,0,WASDE-665-V1,false
WASDE-665-V1:0d3d5151fa32,WASDE-664-V1:d30b256bdffe,665,2025-11-14,November 2025,2025-11-14T17:00:00Z,2025-11-16T04:59:59Z,United States,2025/26,Miscellaneous,"1000 Short Tons, Raw Value",0,0,0,WASDE-665-V1,false
WASDE-665-V1:0d3d5151fa32,WASDE-664-V1:d30b256bdffe,665,2025-11-14,November 2025,2025-11-14T17:00:00Z,2025-11-16T04:59:59Z,United States,2025/26,Non-program,"1000 Short Tons, Raw Value",744,642,102,WASDE-665-V1,false
WASDE-665-V1:0d3d5151fa32,WASDE-664-V1:d30b256bdffe,665,2025-11-14,November 2025,2025-11-14T17:00:00Z,2025-11-16T04:59:59Z,United States,2025/26,Other Program,"1000 Short Tons, Raw Value",200,200,0,WASDE-665-V1,false
WASDE-665-V1:0d3d5151fa32,WASDE-664-V1:d30b256bdffe,665,2025-11-14,November 2025,2025-11-14T17:00:00Z,2025-11-16T04:59:59Z,United States,2025/26,Production,"1000 Short Tons, Raw Value",9319,9470,-151,WASDE-665-V1,false
WASDE-665-V1:0d3d5151fa32,WASDE-664-V1:d30b256bdffe,665,2025-11-14,November 2025,2025-11-14T17:00:00Z,2025-11-16T04:59:59Z,United States,2025/26,Stocks to Use Ratio,Percent,15,16.2,-1.2,WASDE-665-V1,false
WASDE-665-V1:0d3d5151fa32,WASDE-664-V1:d30b256bdffe,665,2025-11-14,November 2025,2025-11-14T17:00:00Z,2025-11-16T04:59:59Z,United States,2025/26,TRQ,"1000 Short Tons, Raw Value",1369,1393,-24,WASDE-665-V1,false
WASDE-665-V1:0d3d5151fa32,WASDE-664-V1:d30b256bdffe,665,2025-11-14,November 2025,2025-11-14T17:00:00Z,2025-11-16T04:59:59Z,United States,2025/26,Texas,"1000 Short Tons, Raw Value",0,0,0,WASDE-665-V1,false
WASDE-665-V1:0d3d5151fa32,WASDE-664-V1:d30b256bdffe,665,2025-11-14,November 2025,2025-11-14T17:00:00Z,2025-11-16T04:59:59Z,United States,2025/26,Total Supply,"1000 Short Tons, Raw Value",14121,14141,-20,WASDE-665-V1,false
WASDE-665-V1:0d3d5151fa32,WASDE-664-V1:d30b256bdffe,665,2025-11-14,November 2025,2025-11-14T17:00:00Z,2025-11-16T04:59:59Z,United States,2025/26,Total Use,"1000 Short Tons, Raw Value",12276,12165,111,WASDE-665-V1,false
WASDE-666-V1:11bae8cc07de,WASDE-665-V1:0d3d5151fa32,666,2025-12-09,December 2025,2025-12-09T17:00:00Z,2025-12-11T04:59:59Z,Mexico,2024/25,Beginning Stocks,"1000 Metric Tons, Actual Weight",1418,1418,0,WASDE-666-V1,false
WASDE-666-V1:11bae8cc07de,WASDE-665-V1:0d3d5151fa32,666,2025-12-09,December 2025,2025-12-09T17:00:00Z,2025-12-11T04:59:59Z,Mexico,2024/25,Domestic,"1000 Metric Tons, Actual Weight",4210,4210,0,WASDE-666-V1,false
WASDE-666-V1:11bae8cc07de,WASDE-665-V1:0d3d5151fa32,666,2025-12-09,December 2025,2025-12-09T17:00:00Z,2025-12-11T04:59:59Z,Mexico,2024/25,Ending Stocks,"1000 Metric Tons, Actual Weight",1123,1123,0,WASDE-666-V1,false
WASDE-666-V1:11bae8cc07de,WASDE-665-V1:0d3d5151fa32,666,2025-12-09,December 2025,2025-12-09T17:00:00Z,2025-12-11T04:59:59Z,Mexico,2024/25,Exports,"1000 Metric Tons, Actual Weight",1023,1023,0,WASDE-666-V1,false
WASDE-666-V1:11bae8cc07de,WASDE-665-V1:0d3d5151fa32,666,2025-12-09,December 2025,2025-12-09T17:00:00Z,2025-12-11T04:59:59Z,Mexico,2024/25,Imports,"1000 Metric Tons, Actual Weight",167,167,0,WASDE-666-V1,false
WASDE-666-V1:11bae8cc07de,WASDE-665-V1:0d3d5151fa32,666,2025-12-09,December 2025,2025-12-09T17:00:00Z,2025-12-11T04:59:59Z,Mexico,2024/25,Production,"1000 Metric Tons, Actual Weight",4771,4771,0,WASDE-666-V1,false
WASDE-666-V1:11bae8cc07de,WASDE-665-V1:0d3d5151fa32,666,2025-12-09,December 2025,2025-12-09T17:00:00Z,2025-12-11T04:59:59Z,Mexico,2025/26,Beginning Stocks,"1000 Metric Tons, Actual Weight",1123,1123,0,WASDE-666-V1,false
WASDE-666-V1:11bae8cc07de,WASDE-665-V1:0d3d5151fa32,666,2025-12-09,December 2025,2025-12-09T17:00:00Z,2025-12-11T04:59:59Z,Mexico,2025/26,Domestic,"1000 Metric Tons, Actual Weight",4472,4514,-42,WASDE-666-V1,false
WASDE-666-V1:11bae8cc07de,WASDE-665-V1:0d3d5151fa32,666,2025-12-09,December 2025,2025-12-09T17:00:00Z,2025-12-11T04:59:59Z,Mexico,2025/26,Ending Stocks,"1000 Metric Tons, Actual Weight",1087,1077,10,WASDE-666-V1,false
WASDE-666-V1:11bae8cc07de,WASDE-665-V1:0d3d5151fa32,666,2025-12-09,December 2025,2025-12-09T17:00:00Z,2025-12-11T04:59:59Z,Mexico,2025/26,Exports,"1000 Metric Tons, Actual Weight",800,649,151,WASDE-666-V1,false
WASDE-666-V1:11bae8cc07de,WASDE-665-V1:0d3d5151fa32,666,2025-12-09,December 2025,2025-12-09T17:00:00Z,2025-12-11T04:59:59Z,Mexico,2025/26,Imports,"1000 Metric Tons, Actual Weight",142,98,44,WASDE-666-V1,false
WASDE-666-V1:11bae8cc07de,WASDE-665-V1:0d3d5151fa32,666,2025-12-09,December 2025,2025-12-09T17:00:00Z,2025-12-11T04:59:59Z,Mexico,2025/26,Production,"1000 Metric Tons, Actual Weight",5094,5019,75,WASDE-666-V1,false
WASDE-666-V1:11bae8cc07de,WASDE-665-V1:0d3d5151fa32,666,2025-12-09,December 2025,2025-12-09T17:00:00Z,2025-12-11T04:59:59Z,United States,2023/24,Beet Sugar,"1000 Short Tons, Raw Value",5172,5172,0,WASDE-666-V1,false
WASDE-666-V1:11bae8cc07de,WASDE-665-V1:0d3d5151fa32,666,2025-12-09,December 2025,2025-12-09T17:00:00Z,2025-12-11T04:59:59Z,United States,2023/24,Beginning Stocks,"1000 Short Tons, Raw Value",1843,1843,0,WASDE-666-V1,false
WASDE-666-V1:11bae8cc07de,WASDE-665-V1:0d3d5151fa32,666,2025-12-09,December 2025,2025-12-09T17:00:00Z,2025-12-11T04:59:59Z,United States,2023/24,Cane Sugar,"1000 Short Tons, Raw Value",4141,4141,0,WASDE-666-V1,false
WASDE-666-V1:11bae8cc07de,WASDE-665-V1:0d3d5151fa32,666,2025-12-09,December 2025,2025-12-09T17:00:00Z,2025-12-11T04:59:59Z,United States,2023/24,Deliveries,"1000 Short Tons, Raw Value",12443,12443,0,WASDE-666-V1,false
WASDE-666-V1:11bae8cc07de,WASDE-665-V1:0d3d5151fa32,666,2025-12-09,December 2025,2025-12-09T17:00:00Z,2025-12-11T04:59:59Z,United States,2023/24,Ending Stocks,"1000 Short Tons, Raw Value",2220,2220,0,WASDE-666-V1,false
WASDE-666-V1:11bae8cc07de,WASDE-665-V1:0d3d5151fa32,666,2025-12-09,December 2025,2025-12-09T17:00:00Z,2025-12-11T04:59:59Z,United States,2023/24,Exports,"1000 Short Tons, Raw Value",249,249,0,WASDE-666-V1,false
WASDE-666-V1:11bae8cc07de,WASDE-665-V1:0d3d5151fa32,666,2025-12-09,December 2025,2025-12-09T17:00:00Z,2025-12-11T04:59:59Z,United States,2023/24,Exports - Other,"1000 Short Tons, Raw Value",106,106,0,WASDE-666-V1,false
WASDE-666-V1:11bae8cc07de,WASDE-665-V1:0d3d5151fa32,666,2025-12-09,December 2025,2025-12-09T17:00:00Z,2025-12-11T04:59:59Z,United States,2023/24,Florida,"1000 Short Tons, Raw Value",2079,2079,0,WASDE-666-V1,false
WASDE-666-V1:11bae8cc07de,WASDE-665-V1:0d3d5151fa32,666,2025-12-09,December 2025,2025-12-09T17:00:00Z,2025-12-11T04:59:59Z,United States,2023/24,Food,"1000 Short Tons, Raw Value",12336,12336,0,WASDE-666-V1,false
WASDE-666-V1:11bae8cc07de,WASDE-665-V1:0d3d5151fa32,666,2025-12-09,December 2025,2025-12-09T17:00:00Z,2025-12-11T04:59:59Z,United States,2023/24,High-tier tariff/other,"1000 Short Tons, Raw Value",1231,1231,0,WASDE-666-V1,false
WASDE-666-V1:11bae8cc07de,WASDE-665-V1:0d3d5151fa32,666,2025-12-09,December 2025,2025-12-09T17:00:00Z,2025-12-11T04:59:59Z,United States,2023/24,Imports,"1000 Short Tons, Raw Value",3840,3840,0,WASDE-666-V1,false
WASDE-666-V1:11bae8cc07de,WASDE-665-V1:0d3d5151fa32,666,2025-12-09,December 2025,2025-12-09T17:00:00Z,2025-12-11T04:59:59Z,United States,2023/24,Louisiana,"1000 Short Tons, Raw Value",2022,2022,0,WASDE-666-V1,false
WASDE-666-V1:11bae8cc07de,WASDE-665-V1:0d3d5151fa32,666,2025-12-09,December 2025,2025-12-09T17:00:00Z,2025-12-11T04:59:59Z,United States,2023/24,Mexico,"1000 Short Tons, Raw Value",521,521,0,WASDE-666-V1,false
WASDE-666-V1:11bae8cc07de,WASDE-665-V1:0d3d5151fa32,666,2025-12-09,December 2025,2025-12-09T17:00:00Z,2025-12-11T04:59:59Z,United States,2023/24,Miscellaneous,"1000 Short Tons, Raw Value",83,83,0,WASDE-666-V1,false
WASDE-666-V1:11bae8cc07de,WASDE-665-V1:0d3d5151fa32,666,2025-12-09,December 2025,2025-12-09T17:00:00Z,2025-12-11T04:59:59Z,United States,2023/24,Non-program,"1000 Short Tons, Raw Value",1752,1752,0,WASDE-666-V1,false
WASDE-666-V1:11bae8cc07de,WASDE-665-V1:0d3d5151fa32,666,2025-12-09,December 2025,2025-12-09T17:00:00Z,2025-12-11T04:59:59Z,United States,2023/24,Other Program,"1000 Short Tons, Raw Value",300,300,0,WASDE-666-V1,false
WASDE-666-V1:11bae8cc07de,WASDE-665-V1:0d3d5151fa32,666,2025-12-09,December 2025,2025-12-09T17:00:00Z,2025-12-11T04:59:59Z,United States,2023/24,Production,"1000 Short Tons, Raw Value",9313,9313,0,WASDE-666-V1,false
WASDE-666-V1:11bae8cc07de,WASDE-665-V1:0d3d5151fa32,666,2025-12-09,December 2025,2025-12-09T17:00:00Z,2025-12-11T04:59:59Z,United States,2023/24,Stocks to Use Ratio,Percent,17.4,17.4,0,WASDE-666-V1,false
WASDE-666-V1:11bae8cc07de,WASDE-665-V1:0d3d5151fa32,666,2025-12-09,December 2025,2025-12-09T17:00:00Z,2025-12-11T04:59:59Z,United States,2023/24,TRQ,"1000 Short Tons, Raw Value",1788,1788,0,WASDE-666-V1,false
WASDE-666-V1:11bae8cc07de,WASDE-665-V1:0d3d5151fa32,666,2025-12-09,December 2025,2025-12-09T17:00:00Z,2025-12-11T04:59:59Z,United States,2023/24,Texas,"1000 Short Tons, Raw Value",40,40,0,WASDE-666-V1,false
WASDE-666-V1:11bae8cc07de,WASDE-665-V1:0d3d5151fa32,666,2025-12-09,December 2025,2025-12-09T17:00:00Z,2025-12-11T04:59:59Z,United States,2023/24,Total Supply,"1000 Short Tons, Raw Value",14995,14995,0,WASDE-666-V1,false
WASDE-666-V1:11bae8cc07de,WASDE-665-V1:0d3d5151fa32,666,2025-12-09,December 2025,2025-12-09T17:00:00Z,2025-12-11T04:59:59Z,United States,2023/24,Total Use,"1000 Short Tons, Raw Value",12775,12775,0,WASDE-666-V1,false
WASDE-666-V1:11bae8cc07de,WASDE-665-V1:0d3d5151fa32,666,2025-12-09,December 2025,2025-12-09T17:00:00Z,2025-12-11T04:59:59Z,United States,2024/25,Beet Sugar,"1000 Short Tons, Raw Value",5370,5370,0,WASDE-666-V1,false
WASDE-666-V1:11bae8cc07de,WASDE-665-V1:0d3d5151fa32,666,2025-12-09,December 2025,2025-12-09T17:00:00Z,2025-12-11T04:59:59Z,United States,2024/25,Beginning Stocks,"1000 Short Tons, Raw Value",2220,2220,0,WASDE-666-V1,false
WASDE-666-V1:11bae8cc07de,WASDE-665-V1:0d3d5151fa32,666,2025-12-09,December 2025,2025-12-09T17:00:00Z,2025-12-11T04:59:59Z,United States,2024/25,Cane Sugar,"1000 Short Tons, Raw Value",4027,4027,0,WASDE-666-V1,false
WASDE-666-V1:11bae8cc07de,WASDE-665-V1:0d3d5151fa32,666,2025-12-09,December 2025,2025-12-09T17:00:00Z,2025-12-11T04:59:59Z,United States,2024/25,Deliveries,"1000 Short Tons, Raw Value",12660,12660,0,WASDE-666-V1,false
WASDE-666-V1:11bae8cc07de,WASDE-665-V1:0d3d5151fa32,666,2025-12-09,December 2025,2025-12-09T17:00:00Z,2025-12-11T04:59:59Z,United States,2024/25,Ending Stocks,"1000 Short Tons, Raw Value",2489,2489,0,WASDE-666-V1,false
WASDE-666-V1:11bae8cc07de,WASDE-665-V1:0d3d5151fa32,666,2025-12-09,December 2025,2025-12-09T17:00:00Z,2025-12-11T04:59:59Z,United States,2024/25,Exports,"1000 Short Tons, Raw Value",111,111,0,WASDE-666-V1,false
WASDE-666-V1:11bae8cc07de,WASDE-665-V1:0d3d5151fa32,666,2025-12-09,December 2025,2025-12-09T17:00:00Z,2025-12-11T04:59:59Z,United States,2024/25,Exports - Other,"1000 Short Tons, Raw Value",111,111,0,WASDE-666-V1,false
WASDE-666-V1:11bae8cc07de,WASDE-665-V1:0d3d5151fa32,666,2025-12-09,December 2025,2025-12-09T17:00:00Z,2025-12-11T04:59:59Z,United States,2024/25,Florida,"1000 Short Tons, Raw Value",1931,1931,0,WASDE-666-V1,false
WASDE-666-V1:11bae8cc07de,WASDE-665-V1:0d3d5151fa32,666,2025-12-09,December 2025,2025-12-09T17:00:00Z,2025-12-11T04:59:59Z,United States,2024/25,Food,"1000 Short Tons, Raw Value",12549,12549,0,WASDE-666-V1,false
WASDE-666-V1:11bae8cc07de,WASDE-665-V1:0d3d5151fa32,666,2025-12-09,December 2025,2025-12-09T17:00:00Z,2025-12-11T04:59:59Z,United States,2024/25,High-tier tariff/other,"1000 Short Tons, Raw Value",1014,1014,0,WASDE-666-V1,false
WASDE-666-V1:11bae8cc07de,WASDE-665-V1:0d3d5151fa32,666,2025-12-09,December 2025,2025-12-09T17:00:00Z,2025-12-11T04:59:59Z,United States,2024/25,Imports,"1000 Short Tons, Raw Value",3415,3415,0,WASDE-666-V1,false
WASDE-666-V1:11bae8cc07de,WASDE-665-V1:0d3d5151fa32,666,2025-12-09,December 2025,2025-12-09T17:00:00Z,2025-12-11T04:59:59Z,United States,2024/25,Louisiana,"1000 Short Tons, Raw Value",2095,2095,0,WASDE-666-V1,false
WASDE-666-V1:11bae8cc07de,WASDE-665-V1:0d3d5151fa32,666,2025-12-09,December 2025,2025-12-09T17:00:00Z,2025-12-11T04:59:59Z,United States,2024/25,Mexico,"1000 Short Tons, Raw Value",504,504,0,WASDE-666-V1,false
WASDE-666-V1:11bae8cc07de,WASDE-665-V1:0d3d5151fa32,666,2025-12-09,December 2025,2025-12-09T17:00:00Z,2025-12-11T04:59:59Z,United States,2024/25,Miscellaneous,"1000 Short Tons, Raw Value",-228,-227,-1,WASDE-666-V1,false
WASDE-666-V1:11bae8cc07de,WASDE-665-V1:0d3d5151fa32,666,2025-12-09,December 2025,2025-12-09T17:00:00Z,2025-12-11T04:59:59Z,United States,2024/25,Non-program,"1000 Short Tons, Raw Value",1518,1518,0,WASDE-666-V1,false
WASDE-666-V1:11bae8cc07de,WASDE-665-V1:0d3d5151fa32,666,2025-12-09,December 2025,2025-12-09T17:00:00Z,2025-12-11T04:59:59Z,United States,2024/25,Other Program,"1000 Short Tons, Raw Value",362,362,0,WASDE-666-V1,false
WASDE-666-V1:11bae8cc07de,WASDE-665-V1:0d3d5151fa32,666,2025-12-09,December 2025,2025-12-09T17:00:00Z,2025-12-11T04:59:59Z,United States,2024/25,Production,"1000 Short Tons, Raw Value",9396,9396,0,WASDE-666-V1,false
WASDE-666-V1:11bae8cc07de,WASDE-665-V1:0d3d5151fa32,666,2025-12-09,December 2025,2025-12-09T17:00:00Z,2025-12-11T04:59:59Z,United States,2024/25,Stocks to Use Ratio,Percent,19.8,19.8,0,WASDE-666-V1,false
WASDE-666-V1:11bae8cc07de,WASDE-665-V1:0d3d5151fa32,666,2025-12-09,December 2025,2025-12-09T17:00:00Z,2025-12-11T04:59:59Z,United States,2024/25,TRQ,"1000 Short Tons, Raw Value",1534,1534,0,WASDE-666-V1,false
WASDE-666-V1:11bae8cc07de,WASDE-665-V1:0d3d5151fa32,666,2025-12-09,December 2025,2025-12-09T17:00:00Z,2025-12-11T04:59:59Z,United States,2024/25,Texas,"1000 Short Tons, Raw Value",0,0,0,WASDE-666-V1,false
WASDE-666-V1:11bae8cc07de,WASDE-665-V1:0d3d5151fa32,666,2025-12-09,December 2025,2025-12-09T17:00:00Z,2025-12-11T04:59:59Z,United States,2024/25,Total Supply,"1000 Short Tons, Raw Value",15032,15032,0,WASDE-666-V1,false
WASDE-666-V1:11bae8cc07de,WASDE-665-V1:0d3d5151fa32,666,2025-12-09,December 2025,2025-12-09T17:00:00Z,2025-12-11T04:59:59Z,United States,2024/25,Total Use,"1000 Short Tons, Raw Value",12543,12543,0,WASDE-666-V1,false
WASDE-666-V1:11bae8cc07de,WASDE-665-V1:0d3d5151fa32,666,2025-12-09,December 2025,2025-12-09T17:00:00Z,2025-12-11T04:59:59Z,United States,2025/26,Beet Sugar,"1000 Short Tons, Raw Value",5098,5211,-113,WASDE-666-V1,false
WASDE-666-V1:11bae8cc07de,WASDE-665-V1:0d3d5151fa32,666,2025-12-09,December 2025,2025-12-09T17:00:00Z,2025-12-11T04:59:59Z,United States,2025/26,Beginning Stocks,"1000 Short Tons, Raw Value",2489,2489,0,WASDE-666-V1,false
WASDE-666-V1:11bae8cc07de,WASDE-665-V1:0d3d5151fa32,666,2025-12-09,December 2025,2025-12-09T17:00:00Z,2025-12-11T04:59:59Z,United States,2025/26,Cane Sugar,"1000 Short Tons, Raw Value",4244,4108,136,WASDE-666-V1,false
WASDE-666-V1:11bae8cc07de,WASDE-665-V1:0d3d5151fa32,666,2025-12-09,December 2025,2025-12-09T17:00:00Z,2025-12-11T04:59:59Z,United States,2025/26,Deliveries,"1000 Short Tons, Raw Value",12153,12176,-23,WASDE-666-V1,false
WASDE-666-V1:11bae8cc07de,WASDE-665-V1:0d3d5151fa32,666,2025-12-09,December 2025,2025-12-09T17:00:00Z,2025-12-11T04:59:59Z,United States,2025/26,Ending Stocks,"1000 Short Tons, Raw Value",1867,1845,22,WASDE-666-V1,false
WASDE-666-V1:11bae8cc07de,WASDE-665-V1:0d3d5151fa32,666,2025-12-09,December 2025,2025-12-09T17:00:00Z,2025-12-11T04:59:59Z,United States,2025/26,Exports,"1000 Short Tons, Raw Value",100,100,0,WASDE-666-V1,false
WASDE-666-V1:11bae8cc07de,WASDE-665-V1:0d3d5151fa32,666,2025-12-09,December 2025,2025-12-09T17:00:00Z,2025-12-11T04:59:59Z,United States,2025/26,Exports - Other,"1000 Short Tons, Raw Value",105,105,0,WASDE-666-V1,false
WASDE-666-V1:11bae8cc07de,WASDE-665-V1:0d3d5151fa32,666,2025-12-09,December 2025,2025-12-09T17:00:00Z,2025-12-11T04:59:59Z,United States,2025/26,Florida,"1000 Short Tons, Raw Value",2082,2053,29,WASDE-666-V1,false
WASDE-666-V1:11bae8cc07de,WASDE-665-V1:0d3d5151fa32,666,2025-12-09,December 2025,2025-12-09T17:00:00Z,2025-12-11T04:59:59Z,United States,2025/26,Food,"1000 Short Tons, Raw Value",12048,12071,-23,WASDE-666-V1,false
WASDE-666-V1:11bae8cc07de,WASDE-665-V1:0d3d5151fa32,666,2025-12-09,December 2025,2025-12-09T17:00:00Z,2025-12-11T04:59:59Z,United States,2025/26,High-tier tariff/other,"1000 Short Tons, Raw Value",500,525,-25,WASDE-666-V1,false
WASDE-666-V1:11bae8cc07de,WASDE-665-V1:0d3d5151fa32,666,2025-12-09,December 2025,2025-12-09T17:00:00Z,2025-12-11T04:59:59Z,United States,2025/26,Imports,"1000 Short Tons, Raw Value",2289,2313,-24,WASDE-666-V1,false
WASDE-666-V1:11bae8cc07de,WASDE-665-V1:0d3d5151fa32,666,2025-12-09,December 2025,2025-12-09T17:00:00Z,2025-12-11T04:59:59Z,United States,2025/26,Louisiana,"1000 Short Tons, Raw Value",2162,2056,106,WASDE-666-V1,false
WASDE-666-V1:11bae8cc07de,WASDE-665-V1:0d3d5151fa32,666,2025-12-09,December 2025,2025-12-09T17:00:00Z,2025-12-11T04:59:59Z,United States,2025/26,Mexico,"1000 Short Tons, Raw Value",220,220,0,WASDE-666-V1,false
WASDE-666-V1:11bae8cc07de,WASDE-665-V1:0d3d5151fa32,666,2025-12-09,December 2025,2025-12-09T17:00:00Z,2025-12-11T04:59:59Z,United States,2025/26,Miscellaneous,"1000 Short Tons, Raw Value",0,0,0,WASDE-666-V1,false
WASDE-666-V1:11bae8cc07de,WASDE-665-V1:0d3d5151fa32,666,2025-12-09,December 2025,2025-12-09T17:00:00Z,2025-12-11T04:59:59Z,United States,2025/26,Non-program,"1000 Short Tons, Raw Value",720,744,-24,WASDE-666-V1,false
WASDE-666-V1:11bae8cc07de,WASDE-665-V1:0d3d5151fa32,666,2025-12-09,December 2025,2025-12-09T17:00:00Z,2025-12-11T04:59:59Z,United States,2025/26,Other Program,"1000 Short Tons, Raw Value",200,200,0,WASDE-666-V1,false
WASDE-666-V1:11bae8cc07de,WASDE-665-V1:0d3d5151fa32,666,2025-12-09,December 2025,2025-12-09T17:00:00Z,2025-12-11T04:59:59Z,United States,2025/26,Production,"1000 Short Tons, Raw Value",9342,9319,23,WASDE-666-V1,false
WASDE-666-V1:11bae8cc07de,WASDE-665-V1:0d3d5151fa32,666,2025-12-09,December 2025,2025-12-09T17:00:00Z,2025-12-11T04:59:59Z,United States,2025/26,Stocks to Use Ratio,Percent,15.2,15,0.2,WASDE-666-V1,false
WASDE-666-V1:11bae8cc07de,WASDE-665-V1:0d3d5151fa32,666,2025-12-09,December 2025,2025-12-09T17:00:00Z,2025-12-11T04:59:59Z,United States,2025/26,TRQ,"1000 Short Tons, Raw Value",1369,1369,0,WASDE-666-V1,false
WASDE-666-V1:11bae8cc07de,WASDE-665-V1:0d3d5151fa32,666,2025-12-09,December 2025,2025-12-09T17:00:00Z,2025-12-11T04:59:59Z,United States,2025/26,Texas,"1000 Short Tons, Raw Value",0,0,0,WASDE-666-V1,false
WASDE-666-V1:11bae8cc07de,WASDE-665-V1:0d3d5151fa32,666,2025-12-09,December 2025,2025-12-09T17:00:00Z,2025-12-11T04:59:59Z,United States,2025/26,Total Supply,"1000 Short Tons, Raw Value",14119,14121,-2,WASDE-666-V1,false
WASDE-666-V1:11bae8cc07de,WASDE-665-V1:0d3d5151fa32,666,2025-12-09,December 2025,2025-12-09T17:00:00Z,2025-12-11T04:59:59Z,United States,2025/26,Total Use,"1000 Short Tons, Raw Value",12253,12276,-23,WASDE-666-V1,false
WASDE-667-V1:3549f0f9c281,WASDE-666-V1:11bae8cc07de,667,2026-01-12,January 2026,2026-01-12T17:00:00Z,2026-01-14T04:59:59Z,Mexico,2024/25,Beginning Stocks,"1000 Metric Tons, Actual Weight",1418,1418,0,WASDE-667-V1,false
WASDE-667-V1:3549f0f9c281,WASDE-666-V1:11bae8cc07de,667,2026-01-12,January 2026,2026-01-12T17:00:00Z,2026-01-14T04:59:59Z,Mexico,2024/25,Domestic,"1000 Metric Tons, Actual Weight",4210,4210,0,WASDE-667-V1,false
WASDE-667-V1:3549f0f9c281,WASDE-666-V1:11bae8cc07de,667,2026-01-12,January 2026,2026-01-12T17:00:00Z,2026-01-14T04:59:59Z,Mexico,2024/25,Ending Stocks,"1000 Metric Tons, Actual Weight",1123,1123,0,WASDE-667-V1,false
WASDE-667-V1:3549f0f9c281,WASDE-666-V1:11bae8cc07de,667,2026-01-12,January 2026,2026-01-12T17:00:00Z,2026-01-14T04:59:59Z,Mexico,2024/25,Exports,"1000 Metric Tons, Actual Weight",1023,1023,0,WASDE-667-V1,false
WASDE-667-V1:3549f0f9c281,WASDE-666-V1:11bae8cc07de,667,2026-01-12,January 2026,2026-01-12T17:00:00Z,2026-01-14T04:59:59Z,Mexico,2024/25,Imports,"1000 Metric Tons, Actual Weight",167,167,0,WASDE-667-V1,false
WASDE-667-V1:3549f0f9c281,WASDE-666-V1:11bae8cc07de,667,2026-01-12,January 2026,2026-01-12T17:00:00Z,2026-01-14T04:59:59Z,Mexico,2024/25,Production,"1000 Metric Tons, Actual Weight",4771,4771,0,WASDE-667-V1,false
WASDE-667-V1:3549f0f9c281,WASDE-666-V1:11bae8cc07de,667,2026-01-12,January 2026,2026-01-12T17:00:00Z,2026-01-14T04:59:59Z,Mexico,2025/26,Beginning Stocks,"1000 Metric Tons, Actual Weight",1123,1123,0,WASDE-667-V1,false
WASDE-667-V1:3549f0f9c281,WASDE-666-V1:11bae8cc07de,667,2026-01-12,January 2026,2026-01-12T17:00:00Z,2026-01-14T04:59:59Z,Mexico,2025/26,Domestic,"1000 Metric Tons, Actual Weight",4320,4472,-152,WASDE-667-V1,false
WASDE-667-V1:3549f0f9c281,WASDE-666-V1:11bae8cc07de,667,2026-01-12,January 2026,2026-01-12T17:00:00Z,2026-01-14T04:59:59Z,Mexico,2025/26,Ending Stocks,"1000 Metric Tons, Actual Weight",1122,1087,35,WASDE-667-V1,false
WASDE-667-V1:3549f0f9c281,WASDE-666-V1:11bae8cc07de,667,2026-01-12,January 2026,2026-01-12T17:00:00Z,2026-01-14T04:59:59Z,Mexico,2025/26,Exports,"1000 Metric Tons, Actual Weight",803,800,3,WASDE-667-V1,false
WASDE-667-V1:3549f0f9c281,WASDE-666-V1:11bae8cc07de,667,2026-01-12,January 2026,2026-01-12T17:00:00Z,2026-01-14T04:59:59Z,Mexico,2025/26,Imports,"1000 Metric Tons, Actual Weight",75,142,-67,WASDE-667-V1,false
WASDE-667-V1:3549f0f9c281,WASDE-666-V1:11bae8cc07de,667,2026-01-12,January 2026,2026-01-12T17:00:00Z,2026-01-14T04:59:59Z,Mexico,2025/26,Production,"1000 Metric Tons, Actual Weight",5047,5094,-47,WASDE-667-V1,false
WASDE-667-V1:3549f0f9c281,WASDE-666-V1:11bae8cc07de,667,2026-01-12,January 2026,2026-01-12T17:00:00Z,2026-01-14T04:59:59Z,United States,2023/24,Beet Sugar,"1000 Short Tons, Raw Value",5172,5172,0,WASDE-667-V1,false
WASDE-667-V1:3549f0f9c281,WASDE-666-V1:11bae8cc07de,667,2026-01-12,January 2026,2026-01-12T17:00:00Z,2026-01-14T04:59:59Z,United States,2023/24,Beginning Stocks,"1000 Short Tons, Raw Value",1843,1843,0,WASDE-667-V1,false
WASDE-667-V1:3549f0f9c281,WASDE-666-V1:11bae8cc07de,667,2026-01-12,January 2026,2026-01-12T17:00:00Z,2026-01-14T04:59:59Z,United States,2023/24,Cane Sugar,"1000 Short Tons, Raw Value",4141,4141,0,WASDE-667-V1,false
WASDE-667-V1:3549f0f9c281,WASDE-666-V1:11bae8cc07de,667,2026-01-12,January 2026,2026-01-12T17:00:00Z,2026-01-14T04:59:59Z,United States,2023/24,Deliveries,"1000 Short Tons, Raw Value",12443,12443,0,WASDE-667-V1,false
WASDE-667-V1:3549f0f9c281,WASDE-666-V1:11bae8cc07de,667,2026-01-12,January 2026,2026-01-12T17:00:00Z,2026-01-14T04:59:59Z,United States,2023/24,Ending Stocks,"1000 Short Tons, Raw Value",2220,2220,0,WASDE-667-V1,false
WASDE-667-V1:3549f0f9c281,WASDE-666-V1:11bae8cc07de,667,2026-01-12,January 2026,2026-01-12T17:00:00Z,2026-01-14T04:59:59Z,United States,2023/24,Exports,"1000 Short Tons, Raw Value",249,249,0,WASDE-667-V1,false
WASDE-667-V1:3549f0f9c281,WASDE-666-V1:11bae8cc07de,667,2026-01-12,January 2026,2026-01-12T17:00:00Z,2026-01-14T04:59:59Z,United States,2023/24,Exports - Other,"1000 Short Tons, Raw Value",106,106,0,WASDE-667-V1,false
WASDE-667-V1:3549f0f9c281,WASDE-666-V1:11bae8cc07de,667,2026-01-12,January 2026,2026-01-12T17:00:00Z,2026-01-14T04:59:59Z,United States,2023/24,Florida,"1000 Short Tons, Raw Value",2079,2079,0,WASDE-667-V1,false
WASDE-667-V1:3549f0f9c281,WASDE-666-V1:11bae8cc07de,667,2026-01-12,January 2026,2026-01-12T17:00:00Z,2026-01-14T04:59:59Z,United States,2023/24,Food,"1000 Short Tons, Raw Value",12336,12336,0,WASDE-667-V1,false
WASDE-667-V1:3549f0f9c281,WASDE-666-V1:11bae8cc07de,667,2026-01-12,January 2026,2026-01-12T17:00:00Z,2026-01-14T04:59:59Z,United States,2023/24,High-tier tariff/other,"1000 Short Tons, Raw Value",1231,1231,0,WASDE-667-V1,false
WASDE-667-V1:3549f0f9c281,WASDE-666-V1:11bae8cc07de,667,2026-01-12,January 2026,2026-01-12T17:00:00Z,2026-01-14T04:59:59Z,United States,2023/24,Imports,"1000 Short Tons, Raw Value",3840,3840,0,WASDE-667-V1,false
WASDE-667-V1:3549f0f9c281,WASDE-666-V1:11bae8cc07de,667,2026-01-12,January 2026,2026-01-12T17:00:00Z,2026-01-14T04:59:59Z,United States,2023/24,Louisiana,"1000 Short Tons, Raw Value",2022,2022,0,WASDE-667-V1,false
WASDE-667-V1:3549f0f9c281,WASDE-666-V1:11bae8cc07de,667,2026-01-12,January 2026,2026-01-12T17:00:00Z,2026-01-14T04:59:59Z,United States,2023/24,Mexico,"1000 Short Tons, Raw Value",521,521,0,WASDE-667-V1,false
WASDE-667-V1:3549f0f9c281,WASDE-666-V1:11bae8cc07de,667,2026-01-12,January 2026,2026-01-12T17:00:00Z,2026-01-14T04:59:59Z,United States,2023/24,Miscellaneous,"1000 Short Tons, Raw Value",83,83,0,WASDE-667-V1,false
WASDE-667-V1:3549f0f9c281,WASDE-666-V1:11bae8cc07de,667,2026-01-12,January 2026,2026-01-12T17:00:00Z,2026-01-14T04:59:59Z,United States,2023/24,Non-program,"1000 Short Tons, Raw Value",1752,1752,0,WASDE-667-V1,false
WASDE-667-V1:3549f0f9c281,WASDE-666-V1:11bae8cc07de,667,2026-01-12,January 2026,2026-01-12T17:00:00Z,2026-01-14T04:59:59Z,United States,2023/24,Other Program,"1000 Short Tons, Raw Value",300,300,0,WASDE-667-V1,false
WASDE-667-V1:3549f0f9c281,WASDE-666-V1:11bae8cc07de,667,2026-01-12,January 2026,2026-01-12T17:00:00Z,2026-01-14T04:59:59Z,United States,2023/24,Production,"1000 Short Tons, Raw Value",9313,9313,0,WASDE-667-V1,false
WASDE-667-V1:3549f0f9c281,WASDE-666-V1:11bae8cc07de,667,2026-01-12,January 2026,2026-01-12T17:00:00Z,2026-01-14T04:59:59Z,United States,2023/24,Stocks to Use Ratio,Percent,17.4,17.4,0,WASDE-667-V1,false
WASDE-667-V1:3549f0f9c281,WASDE-666-V1:11bae8cc07de,667,2026-01-12,January 2026,2026-01-12T17:00:00Z,2026-01-14T04:59:59Z,United States,2023/24,TRQ,"1000 Short Tons, Raw Value",1788,1788,0,WASDE-667-V1,false
WASDE-667-V1:3549f0f9c281,WASDE-666-V1:11bae8cc07de,667,2026-01-12,January 2026,2026-01-12T17:00:00Z,2026-01-14T04:59:59Z,United States,2023/24,Texas,"1000 Short Tons, Raw Value",40,40,0,WASDE-667-V1,false
WASDE-667-V1:3549f0f9c281,WASDE-666-V1:11bae8cc07de,667,2026-01-12,January 2026,2026-01-12T17:00:00Z,2026-01-14T04:59:59Z,United States,2023/24,Total Supply,"1000 Short Tons, Raw Value",14995,14995,0,WASDE-667-V1,false
WASDE-667-V1:3549f0f9c281,WASDE-666-V1:11bae8cc07de,667,2026-01-12,January 2026,2026-01-12T17:00:00Z,2026-01-14T04:59:59Z,United States,2023/24,Total Use,"1000 Short Tons, Raw Value",12775,12775,0,WASDE-667-V1,false
WASDE-667-V1:3549f0f9c281,WASDE-666-V1:11bae8cc07de,667,2026-01-12,January 2026,2026-01-12T17:00:00Z,2026-01-14T04:59:59Z,United States,2024/25,Beet Sugar,"1000 Short Tons, Raw Value",5370,5370,0,WASDE-667-V1,false
WASDE-667-V1:3549f0f9c281,WASDE-666-V1:11bae8cc07de,667,2026-01-12,January 2026,2026-01-12T17:00:00Z,2026-01-14T04:59:59Z,United States,2024/25,Beginning Stocks,"1000 Short Tons, Raw Value",2220,2220,0,WASDE-667-V1,false
WASDE-667-V1:3549f0f9c281,WASDE-666-V1:11bae8cc07de,667,2026-01-12,January 2026,2026-01-12T17:00:00Z,2026-01-14T04:59:59Z,United States,2024/25,Cane Sugar,"1000 Short Tons, Raw Value",4027,4027,0,WASDE-667-V1,false
WASDE-667-V1:3549f0f9c281,WASDE-666-V1:11bae8cc07de,667,2026-01-12,January 2026,2026-01-12T17:00:00Z,2026-01-14T04:59:59Z,United States,2024/25,Deliveries,"1000 Short Tons, Raw Value",12637,12660,-23,WASDE-667-V1,false
WASDE-667-V1:3549f0f9c281,WASDE-666-V1:11bae8cc07de,667,2026-01-12,January 2026,2026-01-12T17:00:00Z,2026-01-14T04:59:59Z,United States,2024/25,Ending Stocks,"1000 Short Tons, Raw Value",2489,2489,0,WASDE-667-V1,false
WASDE-667-V1:3549f0f9c281,WASDE-666-V1:11bae8cc07de,667,2026-01-12,January 2026,2026-01-12T17:00:00Z,2026-01-14T04:59:59Z,United States,2024/25,Exports,"1000 Short Tons, Raw Value",111,111,0,WASDE-667-V1,false
WASDE-667-V1:3549f0f9c281,WASDE-666-V1:11bae8cc07de,667,2026-01-12,January 2026,2026-01-12T17:00:00Z,2026-01-14T04:59:59Z,United States,2024/25,Exports - Other,"1000 Short Tons, Raw Value",111,111,0,WASDE-667-V1,false
WASDE-667-V1:3549f0f9c281,WASDE-666-V1:11bae8cc07de,667,2026-01-12,January 2026,2026-01-12T17:00:00Z,2026-01-14T04:59:59Z,United States,2024/25,Florida,"1000 Short Tons, Raw Value",1931,1931,0,WASDE-667-V1,false
WASDE-667-V1:3549f0f9c281,WASDE-666-V1:11bae8cc07de,667,2026-01-12,January 2026,2026-01-12T17:00:00Z,2026-01-14T04:59:59Z,United States,2024/25,Food,"1000 Short Tons, Raw Value",12526,12549,-23,WASDE-667-V1,false
WASDE-667-V1:3549f0f9c281,WASDE-666-V1:11bae8cc07de,667,2026-01-12,January 2026,2026-01-12T17:00:00Z,2026-01-14T04:59:59Z,United States,2024/25,High-tier tariff/other,"1000 Short Tons, Raw Value",991,1014,-23,WASDE-667-V1,false
WASDE-667-V1:3549f0f9c281,WASDE-666-V1:11bae8cc07de,667,2026-01-12,January 2026,2026-01-12T17:00:00Z,2026-01-14T04:59:59Z,United States,2024/25,Imports,"1000 Short Tons, Raw Value",3393,3415,-22,WASDE-667-V1,false
WASDE-667-V1:3549f0f9c281,WASDE-666-V1:11bae8cc07de,667,2026-01-12,January 2026,2026-01-12T17:00:00Z,2026-01-14T04:59:59Z,United States,2024/25,Louisiana,"1000 Short Tons, Raw Value",2095,2095,0,WASDE-667-V1,false
WASDE-667-V1:3549f0f9c281,WASDE-666-V1:11bae8cc07de,667,2026-01-12,January 2026,2026-01-12T17:00:00Z,2026-01-14T04:59:59Z,United States,2024/25,Mexico,"1000 Short Tons, Raw Value",504,504,0,WASDE-667-V1,false
WASDE-667-V1:3549f0f9c281,WASDE-666-V1:11bae8cc07de,667,2026-01-12,January 2026,2026-01-12T17:00:00Z,2026-01-14T04:59:59Z,United States,2024/25,Miscellaneous,"1000 Short Tons, Raw Value",-228,-228,0,WASDE-667-V1,false
WASDE-667-V1:3549f0f9c281,WASDE-666-V1:11bae8cc07de,667,2026-01-12,January 2026,2026-01-12T17:00:00Z,2026-01-14T04:59:59Z,United States,2024/25,Non-program,"1000 Short Tons, Raw Value",1496,1518,-22,WASDE-667-V1,false
WASDE-667-V1:3549f0f9c281,WASDE-666-V1:11bae8cc07de,667,2026-01-12,January 2026,2026-01-12T17:00:00Z,2026-01-14T04:59:59Z,United States,2024/25,Other Program,"1000 Short Tons, Raw Value",362,362,0,WASDE-667-V1,false
WASDE-667-V1:3549f0f9c281,WASDE-666-V1:11bae8cc07de,667,2026-01-12,January 2026,2026-01-12T17:00:00Z,2026-01-14T04:59:59Z,United States,2024/25,Production,"1000 Short Tons, Raw Value",9396,9396,0,WASDE-667-V1,false
WASDE-667-V1:3549f0f9c281,WASDE-666-V1:11bae8cc07de,667,2026-01-12,January 2026,2026-01-12T17:00:00Z,2026-01-14T04:59:59Z,United States,2024/25,Stocks to Use Ratio,Percent,19.9,19.8,0.1,WASDE-667-V1,false
WASDE-667-V1:3549f0f9c281,WASDE-666-V1:11bae8cc07de,667,2026-01-12,January 2026,2026-01-12T17:00:00Z,2026-01-14T04:59:59Z,United States,2024/25,TRQ,"1000 Short Tons, Raw Value",1534,1534,0,WASDE-667-V1,false
WASDE-667-V1:3549f0f9c281,WASDE-666-V1:11bae8cc07de,667,2026-01-12,January 2026,2026-01-12T17:00:00Z,2026-01-14T04:59:59Z,United States,2024/25,Texas,"1000 Short Tons, Raw Value",0,0,0,WASDE-667-V1,false
WASDE-667-V1:3549f0f9c281,WASDE-666-V1:11bae8cc07de,667,2026-01-12,January 2026,2026-01-12T17:00:00Z,2026-01-14T04:59:59Z,United States,2024/25,Total Supply,"1000 Short Tons, Raw Value",15009,15032,-23,WASDE-667-V1,false
WASDE-667-V1:3549f0f9c281,WASDE-666-V1:11bae8cc07de,667,2026-01-12,January 2026,2026-01-12T17:00:00Z,2026-01-14T04:59:59Z,United States,2024/25,Total Use,"1000 Short Tons, Raw Value",12520,12543,-23,WASDE-667-V1,false
WASDE-667-V1:3549f0f9c281,WASDE-666-V1:11bae8cc07de,667,2026-01-12,January 2026,2026-01-12T17:00:00Z,2026-01-14T04:59:59Z,United States,2025/26,Beet Sugar,"1000 Short Tons, Raw Value",5102,5098,4,WASDE-667-V1,false
WASDE-667-V1:3549f0f9c281,WASDE-666-V1:11bae8cc07de,667,2026-01-12,January 2026,2026-01-12T17:00:00Z,2026-01-14T04:59:59Z,United States,2025/26,Beginning Stocks,"1000 Short Tons, Raw Value",2489,2489,0,WASDE-667-V1,false
WASDE-667-V1:3549f0f9c281,WASDE-666-V1:11bae8cc07de,667,2026-01-12,January 2026,2026-01-12T17:00:00Z,2026-01-14T04:59:59Z,United States,2025/26,Cane Sugar,"1000 Short Tons, Raw Value",4279,4244,35,WASDE-667-V1,false
WASDE-667-V1:3549f0f9c281,WASDE-666-V1:11bae8cc07de,667,2026-01-12,January 2026,2026-01-12T17:00:00Z,2026-01-14T04:59:59Z,United States,2025/26,Deliveries,"1000 Short Tons, Raw Value",12153,12153,0,WASDE-667-V1,false
WASDE-667-V1:3549f0f9c281,WASDE-666-V1:11bae8cc07de,667,2026-01-12,January 2026,2026-01-12T17:00:00Z,2026-01-14T04:59:59Z,United States,2025/26,Ending Stocks,"1000 Short Tons, Raw Value",1922,1867,55,WASDE-667-V1,false
WASDE-667-V1:3549f0f9c281,WASDE-666-V1:11bae8cc07de,667,2026-01-12,January 2026,2026-01-12T17:00:00Z,2026-01-14T04:59:59Z,United States,2025/26,Exports,"1000 Short Tons, Raw Value",50,100,-50,WASDE-667-V1,false
WASDE-667-V1:3549f0f9c281,WASDE-666-V1:11bae8cc07de,667,2026-01-12,January 2026,2026-01-12T17:00:00Z,2026-01-14T04:59:59Z,United States,2025/26,Exports - Other,"1000 Short Tons, Raw Value",105,105,0,WASDE-667-V1,false
WASDE-667-V1:3549f0f9c281,WASDE-666-V1:11bae8cc07de,667,2026-01-12,January 2026,2026-01-12T17:00:00Z,2026-01-14T04:59:59Z,United States,2025/26,Florida,"1000 Short Tons, Raw Value",2082,2082,0,WASDE-667-V1,false
WASDE-667-V1:3549f0f9c281,WASDE-666-V1:11bae8cc07de,667,2026-01-12,January 2026,2026-01-12T17:00:00Z,2026-01-14T04:59:59Z,United States,2025/26,Food,"1000 Short Tons, Raw Value",12048,12048,0,WASDE-667-V1,false
WASDE-667-V1:3549f0f9c281,WASDE-666-V1:11bae8cc07de,667,2026-01-12,January 2026,2026-01-12T17:00:00Z,2026-01-14T04:59:59Z,United States,2025/26,High-tier tariff/other,"1000 Short Tons, Raw Value",469,500,-31,WASDE-667-V1,false
WASDE-667-V1:3549f0f9c281,WASDE-666-V1:11bae8cc07de,667,2026-01-12,January 2026,2026-01-12T17:00:00Z,2026-01-14T04:59:59Z,United States,2025/26,Imports,"1000 Short Tons, Raw Value",2255,2289,-34,WASDE-667-V1,false
WASDE-667-V1:3549f0f9c281,WASDE-666-V1:11bae8cc07de,667,2026-01-12,January 2026,2026-01-12T17:00:00Z,2026-01-14T04:59:59Z,United States,2025/26,Louisiana,"1000 Short Tons, Raw Value",2197,2162,35,WASDE-667-V1,false
WASDE-667-V1:3549f0f9c281,WASDE-666-V1:11bae8cc07de,667,2026-01-12,January 2026,2026-01-12T17:00:00Z,2026-01-14T04:59:59Z,United States,2025/26,Mexico,"1000 Short Tons, Raw Value",220,220,0,WASDE-667-V1,false
WASDE-667-V1:3549f0f9c281,WASDE-666-V1:11bae8cc07de,667,2026-01-12,January 2026,2026-01-12T17:00:00Z,2026-01-14T04:59:59Z,United States,2025/26,Miscellaneous,"1000 Short Tons, Raw Value",0,0,0,WASDE-667-V1,false
WASDE-667-V1:3549f0f9c281,WASDE-666-V1:11bae8cc07de,667,2026-01-12,January 2026,2026-01-12T17:00:00Z,2026-01-14T04:59:59Z,United States,2025/26,Non-program,"1000 Short Tons, Raw Value",689,720,-31,WASDE-667-V1,false
WASDE-667-V1:3549f0f9c281,WASDE-666-V1:11bae8cc07de,667,2026-01-12,January 2026,2026-01-12T17:00:00Z,2026-01-14T04:59:59Z,United States,2025/26,Other Program,"1000 Short Tons, Raw Value",200,200,0,WASDE-667-V1,false
WASDE-667-V1:3549f0f9c281,WASDE-666-V1:11bae8cc07de,667,2026-01-12,January 2026,2026-01-12T17:00:00Z,2026-01-14T04:59:59Z,United States,2025/26,Production,"1000 Short Tons, Raw Value",9381,9342,39,WASDE-667-V1,false
WASDE-667-V1:3549f0f9c281,WASDE-666-V1:11bae8cc07de,667,2026-01-12,January 2026,2026-01-12T17:00:00Z,2026-01-14T04:59:59Z,United States,2025/26,Stocks to Use Ratio,Percent,15.8,15.2,0.6,WASDE-667-V1,false
WASDE-667-V1:3549f0f9c281,WASDE-666-V1:11bae8cc07de,667,2026-01-12,January 2026,2026-01-12T17:00:00Z,2026-01-14T04:59:59Z,United States,2025/26,TRQ,"1000 Short Tons, Raw Value",1366,1369,-3,WASDE-667-V1,false
WASDE-667-V1:3549f0f9c281,WASDE-666-V1:11bae8cc07de,667,2026-01-12,January 2026,2026-01-12T17:00:00Z,2026-01-14T04:59:59Z,United States,2025/26,Texas,"1000 Short Tons, Raw Value",0,0,0,WASDE-667-V1,false
WASDE-667-V1:3549f0f9c281,WASDE-666-V1:11bae8cc07de,667,2026-01-12,January 2026,2026-01-12T17:00:00Z,2026-01-14T04:59:59Z,United States,2025/26,Total Supply,"1000 Short Tons, Raw Value",14125,14119,6,WASDE-667-V1,false
WASDE-667-V1:3549f0f9c281,WASDE-666-V1:11bae8cc07de,667,2026-01-12,January 2026,2026-01-12T17:00:00Z,2026-01-14T04:59:59Z,United States,2025/26,Total Use,"1000 Short Tons, Raw Value",12203,12253,-50,WASDE-667-V1,false
WASDE-668-V1:263a6955bf60,WASDE-667-V1:3549f0f9c281,668,2026-02-10,February 2026,2026-02-10T17:00:00Z,2026-02-12T04:59:59Z,Mexico,2024/25,Beginning Stocks,"1000 Metric Tons, Actual Weight",1418,1418,0,WASDE-668-V1,false
WASDE-668-V1:263a6955bf60,WASDE-667-V1:3549f0f9c281,668,2026-02-10,February 2026,2026-02-10T17:00:00Z,2026-02-12T04:59:59Z,Mexico,2024/25,Domestic,"1000 Metric Tons, Actual Weight",4210,4210,0,WASDE-668-V1,false
WASDE-668-V1:263a6955bf60,WASDE-667-V1:3549f0f9c281,668,2026-02-10,February 2026,2026-02-10T17:00:00Z,2026-02-12T04:59:59Z,Mexico,2024/25,Ending Stocks,"1000 Metric Tons, Actual Weight",1123,1123,0,WASDE-668-V1,false
WASDE-668-V1:263a6955bf60,WASDE-667-V1:3549f0f9c281,668,2026-02-10,February 2026,2026-02-10T17:00:00Z,2026-02-12T04:59:59Z,Mexico,2024/25,Exports,"1000 Metric Tons, Actual Weight",1023,1023,0,WASDE-668-V1,false
WASDE-668-V1:263a6955bf60,WASDE-667-V1:3549f0f9c281,668,2026-02-10,February 2026,2026-02-10T17:00:00Z,2026-02-12T04:59:59Z,Mexico,2024/25,Imports,"1000 Metric Tons, Actual Weight",167,167,0,WASDE-668-V1,false
WASDE-668-V1:263a6955bf60,WASDE-667-V1:3549f0f9c281,668,2026-02-10,February 2026,2026-02-10T17:00:00Z,2026-02-12T04:59:59Z,Mexico,2024/25,Production,"1000 Metric Tons, Actual Weight",4771,4771,0,WASDE-668-V1,false
WASDE-668-V1:263a6955bf60,WASDE-667-V1:3549f0f9c281,668,2026-02-10,February 2026,2026-02-10T17:00:00Z,2026-02-12T04:59:59Z,Mexico,2025/26,Beginning Stocks,"1000 Metric Tons, Actual Weight",1123,1123,0,WASDE-668-V1,false
WASDE-668-V1:263a6955bf60,WASDE-667-V1:3549f0f9c281,668,2026-02-10,February 2026,2026-02-10T17:00:00Z,2026-02-12T04:59:59Z,Mexico,2025/26,Domestic,"1000 Metric Tons, Actual Weight",4311,4320,-9,WASDE-668-V1,false
WASDE-668-V1:263a6955bf60,WASDE-667-V1:3549f0f9c281,668,2026-02-10,February 2026,2026-02-10T17:00:00Z,2026-02-12T04:59:59Z,Mexico,2025/26,Ending Stocks,"1000 Metric Tons, Actual Weight",1082,1122,-40,WASDE-668-V1,false
WASDE-668-V1:263a6955bf60,WASDE-667-V1:3549f0f9c281,668,2026-02-10,February 2026,2026-02-10T17:00:00Z,2026-02-12T04:59:59Z,Mexico,2025/26,Exports,"1000 Metric Tons, Actual Weight",820,803,17,WASDE-668-V1,false
WASDE-668-V1:263a6955bf60,WASDE-667-V1:3549f0f9c281,668,2026-02-10,February 2026,2026-02-10T17:00:00Z,2026-02-12T04:59:59Z,Mexico,2025/26,Imports,"1000 Metric Tons, Actual Weight",66,75,-9,WASDE-668-V1,false
WASDE-668-V1:263a6955bf60,WASDE-667-V1:3549f0f9c281,668,2026-02-10,February 2026,2026-02-10T17:00:00Z,2026-02-12T04:59:59Z,Mexico,2025/26,Production,"1000 Metric Tons, Actual Weight",5024,5047,-23,WASDE-668-V1,false
WASDE-668-V1:263a6955bf60,WASDE-667-V1:3549f0f9c281,668,2026-02-10,February 2026,2026-02-10T17:00:00Z,2026-02-12T04:59:59Z,United States,2023/24,Beet Sugar,"1000 Short Tons, Raw Value",5172,5172,0,WASDE-668-V1,false
WASDE-668-V1:263a6955bf60,WASDE-667-V1:3549f0f9c281,668,2026-02-10,February 2026,2026-02-10T17:00:00Z,2026-02-12T04:59:59Z,United States,2023/24,Beginning Stocks,"1000 Short Tons, Raw Value",1843,1843,0,WASDE-668-V1,false
WASDE-668-V1:263a6955bf60,WASDE-667-V1:3549f0f9c281,668,2026-02-10,February 2026,2026-02-10T17:00:00Z,2026-02-12T04:59:59Z,United States,2023/24,Cane Sugar,"1000 Short Tons, Raw Value",4141,4141,0,WASDE-668-V1,false
WASDE-668-V1:263a6955bf60,WASDE-667-V1:3549f0f9c281,668,2026-02-10,February 2026,2026-02-10T17:00:00Z,2026-02-12T04:59:59Z,United States,2023/24,Deliveries,"1000 Short Tons, Raw Value",12443,12443,0,WASDE-668-V1,false
WASDE-668-V1:263a6955bf60,WASDE-667-V1:3549f0f9c281,668,2026-02-10,February 2026,2026-02-10T17:00:00Z,2026-02-12T04:59:59Z,United States,2023/24,Ending Stocks,"1000 Short Tons, Raw Value",2220,2220,0,WASDE-668-V1,false
WASDE-668-V1:263a6955bf60,WASDE-667-V1:3549f0f9c281,668,2026-02-10,February 2026,2026-02-10T17:00:00Z,2026-02-12T04:59:59Z,United States,2023/24,Exports,"1000 Short Tons, Raw Value",249,249,0,WASDE-668-V1,false
WASDE-668-V1:263a6955bf60,WASDE-667-V1:3549f0f9c281,668,2026-02-10,February 2026,2026-02-10T17:00:00Z,2026-02-12T04:59:59Z,United States,2023/24,Exports - Other,"1000 Short Tons, Raw Value",106,106,0,WASDE-668-V1,false
WASDE-668-V1:263a6955bf60,WASDE-667-V1:3549f0f9c281,668,2026-02-10,February 2026,2026-02-10T17:00:00Z,2026-02-12T04:59:59Z,United States,2023/24,Florida,"1000 Short Tons, Raw Value",2079,2079,0,WASDE-668-V1,false
WASDE-668-V1:263a6955bf60,WASDE-667-V1:3549f0f9c281,668,2026-02-10,February 2026,2026-02-10T17:00:00Z,2026-02-12T04:59:59Z,United States,2023/24,Food,"1000 Short Tons, Raw Value",12336,12336,0,WASDE-668-V1,false
WASDE-668-V1:263a6955bf60,WASDE-667-V1:3549f0f9c281,668,2026-02-10,February 2026,2026-02-10T17:00:00Z,2026-02-12T04:59:59Z,United States,2023/24,High-tier tariff/other,"1000 Short Tons, Raw Value",1231,1231,0,WASDE-668-V1,false
WASDE-668-V1:263a6955bf60,WASDE-667-V1:3549f0f9c281,668,2026-02-10,February 2026,2026-02-10T17:00:00Z,2026-02-12T04:59:59Z,United States,2023/24,Imports,"1000 Short Tons, Raw Value",3840,3840,0,WASDE-668-V1,false
WASDE-668-V1:263a6955bf60,WASDE-667-V1:3549f0f9c281,668,2026-02-10,February 2026,2026-02-10T17:00:00Z,2026-02-12T04:59:59Z,United States,2023/24,Louisiana,"1000 Short Tons, Raw Value",2022,2022,0,WASDE-668-V1,false
WASDE-668-V1:263a6955bf60,WASDE-667-V1:3549f0f9c281,668,2026-02-10,February 2026,2026-02-10T17:00:00Z,2026-02-12T04:59:59Z,United States,2023/24,Mexico,"1000 Short Tons, Raw Value",521,521,0,WASDE-668-V1,false
WASDE-668-V1:263a6955bf60,WASDE-667-V1:3549f0f9c281,668,2026-02-10,February 2026,2026-02-10T17:00:00Z,2026-02-12T04:59:59Z,United States,2023/24,Miscellaneous,"1000 Short Tons, Raw Value",83,83,0,WASDE-668-V1,false
WASDE-668-V1:263a6955bf60,WASDE-667-V1:3549f0f9c281,668,2026-02-10,February 2026,2026-02-10T17:00:00Z,2026-02-12T04:59:59Z,United States,2023/24,Non-program,"1000 Short Tons, Raw Value",1752,1752,0,WASDE-668-V1,false
WASDE-668-V1:263a6955bf60,WASDE-667-V1:3549f0f9c281,668,2026-02-10,February 2026,2026-02-10T17:00:00Z,2026-02-12T04:59:59Z,United States,2023/24,Other Program,"1000 Short Tons, Raw Value",300,300,0,WASDE-668-V1,false
WASDE-668-V1:263a6955bf60,WASDE-667-V1:3549f0f9c281,668,2026-02-10,February 2026,2026-02-10T17:00:00Z,2026-02-12T04:59:59Z,United States,2023/24,Production,"1000 Short Tons, Raw Value",9313,9313,0,WASDE-668-V1,false
WASDE-668-V1:263a6955bf60,WASDE-667-V1:3549f0f9c281,668,2026-02-10,February 2026,2026-02-10T17:00:00Z,2026-02-12T04:59:59Z,United States,2023/24,Stocks to Use Ratio,Percent,17.4,17.4,0,WASDE-668-V1,false
WASDE-668-V1:263a6955bf60,WASDE-667-V1:3549f0f9c281,668,2026-02-10,February 2026,2026-02-10T17:00:00Z,2026-02-12T04:59:59Z,United States,2023/24,TRQ,"1000 Short Tons, Raw Value",1788,1788,0,WASDE-668-V1,false
WASDE-668-V1:263a6955bf60,WASDE-667-V1:3549f0f9c281,668,2026-02-10,February 2026,2026-02-10T17:00:00Z,2026-02-12T04:59:59Z,United States,2023/24,Texas,"1000 Short Tons, Raw Value",40,40,0,WASDE-668-V1,false
WASDE-668-V1:263a6955bf60,WASDE-667-V1:3549f0f9c281,668,2026-02-10,February 2026,2026-02-10T17:00:00Z,2026-02-12T04:59:59Z,United States,2023/24,Total Supply,"1000 Short Tons, Raw Value",14995,14995,0,WASDE-668-V1,false
WASDE-668-V1:263a6955bf60,WASDE-667-V1:3549f0f9c281,668,2026-02-10,February 2026,2026-02-10T17:00:00Z,2026-02-12T04:59:59Z,United States,2023/24,Total Use,"1000 Short Tons, Raw Value",12775,12775,0,WASDE-668-V1,false
WASDE-668-V1:263a6955bf60,WASDE-667-V1:3549f0f9c281,668,2026-02-10,February 2026,2026-02-10T17:00:00Z,2026-02-12T04:59:59Z,United States,2024/25,Beet Sugar,"1000 Short Tons, Raw Value",5370,5370,0,WASDE-668-V1,false
WASDE-668-V1:263a6955bf60,WASDE-667-V1:3549f0f9c281,668,2026-02-10,February 2026,2026-02-10T17:00:00Z,2026-02-12T04:59:59Z,United States,2024/25,Beginning Stocks,"1000 Short Tons, Raw Value",2220,2220,0,WASDE-668-V1,false
WASDE-668-V1:263a6955bf60,WASDE-667-V1:3549f0f9c281,668,2026-02-10,February 2026,2026-02-10T17:00:00Z,2026-02-12T04:59:59Z,United States,2024/25,Cane Sugar,"1000 Short Tons, Raw Value",4027,4027,0,WASDE-668-V1,false
WASDE-668-V1:263a6955bf60,WASDE-667-V1:3549f0f9c281,668,2026-02-10,February 2026,2026-02-10T17:00:00Z,2026-02-12T04:59:59Z,United States,2024/25,Deliveries,"1000 Short Tons, Raw Value",12450,12637,-187,WASDE-668-V1,false
WASDE-668-V1:263a6955bf60,WASDE-667-V1:3549f0f9c281,668,2026-02-10,February 2026,2026-02-10T17:00:00Z,2026-02-12T04:59:59Z,United States,2024/25,Ending Stocks,"1000 Short Tons, Raw Value",2489,2489,0,WASDE-668-V1,false
WASDE-668-V1:263a6955bf60,WASDE-667-V1:3549f0f9c281,668,2026-02-10,February 2026,2026-02-10T17:00:00Z,2026-02-12T04:59:59Z,United States,2024/25,Exports,"1000 Short Tons, Raw Value",111,111,0,WASDE-668-V1,false
WASDE-668-V1:263a6955bf60,WASDE-667-V1:3549f0f9c281,668,2026-02-10,February 2026,2026-02-10T17:00:00Z,2026-02-12T04:59:59Z,United States,2024/25,Exports - Other,"1000 Short Tons, Raw Value",111,111,0,WASDE-668-V1,false
WASDE-668-V1:263a6955bf60,WASDE-667-V1:3549f0f9c281,668,2026-02-10,February 2026,2026-02-10T17:00:00Z,2026-02-12T04:59:59Z,United States,2024/25,Florida,"1000 Short Tons, Raw Value",1931,1931,0,WASDE-668-V1,false
WASDE-668-V1:263a6955bf60,WASDE-667-V1:3549f0f9c281,668,2026-02-10,February 2026,2026-02-10T17:00:00Z,2026-02-12T04:59:59Z,United States,2024/25,Food,"1000 Short Tons, Raw Value",12340,12526,-186,WASDE-668-V1,false
WASDE-668-V1:263a6955bf60,WASDE-667-V1:3549f0f9c281,668,2026-02-10,February 2026,2026-02-10T17:00:00Z,2026-02-12T04:59:59Z,United States,2024/25,High-tier tariff/other,"1000 Short Tons, Raw Value",980,991,-11,WASDE-668-V1,false
WASDE-668-V1:263a6955bf60,WASDE-667-V1:3549f0f9c281,668,2026-02-10,February 2026,2026-02-10T17:00:00Z,2026-02-12T04:59:59Z,United States,2024/25,Imports,"1000 Short Tons, Raw Value",3393,3393,0,WASDE-668-V1,false
WASDE-668-V1:263a6955bf60,WASDE-667-V1:3549f0f9c281,668,2026-02-10,February 2026,2026-02-10T17:00:00Z,2026-02-12T04:59:59Z,United States,2024/25,Louisiana,"1000 Short Tons, Raw Value",2095,2095,0,WASDE-668-V1,false
WASDE-668-V1:263a6955bf60,WASDE-667-V1:3549f0f9c281,668,2026-02-10,February 2026,2026-02-10T17:00:00Z,2026-02-12T04:59:59Z,United States,2024/25,Mexico,"1000 Short Tons, Raw Value",504,504,0,WASDE-668-V1,false
WASDE-668-V1:263a6955bf60,WASDE-667-V1:3549f0f9c281,668,2026-02-10,February 2026,2026-02-10T17:00:00Z,2026-02-12T04:59:59Z,United States,2024/25,Miscellaneous,"1000 Short Tons, Raw Value",-41,-228,187,WASDE-668-V1,false
WASDE-668-V1:263a6955bf60,WASDE-667-V1:3549f0f9c281,668,2026-02-10,February 2026,2026-02-10T17:00:00Z,2026-02-12T04:59:59Z,United States,2024/25,Non-program,"1000 Short Tons, Raw Value",1485,1496,-11,WASDE-668-V1,false
WASDE-668-V1:263a6955bf60,WASDE-667-V1:3549f0f9c281,668,2026-02-10,February 2026,2026-02-10T17:00:00Z,2026-02-12T04:59:59Z,United States,2024/25,Other Program,"1000 Short Tons, Raw Value",373,362,11,WASDE-668-V1,false
WASDE-668-V1:263a6955bf60,WASDE-667-V1:3549f0f9c281,668,2026-02-10,February 2026,2026-02-10T17:00:00Z,2026-02-12T04:59:59Z,United States,2024/25,Production,"1000 Short Tons, Raw Value",9396,9396,0,WASDE-668-V1,false
WASDE-668-V1:263a6955bf60,WASDE-667-V1:3549f0f9c281,668,2026-02-10,February 2026,2026-02-10T17:00:00Z,2026-02-12T04:59:59Z,United States,2024/25,Stocks to Use Ratio,Percent,19.9,19.9,0,WASDE-668-V1,false
WASDE-668-V1:263a6955bf60,WASDE-667-V1:3549f0f9c281,668,2026-02-10,February 2026,2026-02-10T17:00:00Z,2026-02-12T04:59:59Z,United States,2024/25,TRQ,"1000 Short Tons, Raw Value",1534,1534,0,WASDE-668-V1,false
WASDE-668-V1:263a6955bf60,WASDE-667-V1:3549f0f9c281,668,2026-02-10,February 2026,2026-02-10T17:00:00Z,2026-02-12T04:59:59Z,United States,2024/25,Texas,"1000 Short Tons, Raw Value",0,0,0,WASDE-668-V1,false
WASDE-668-V1:263a6955bf60,WASDE-667-V1:3549f0f9c281,668,2026-02-10,February 2026,2026-02-10T17:00:00Z,2026-02-12T04:59:59Z,United States,2024/25,Total Supply,"1000 Short Tons, Raw Value",15009,15009,0,WASDE-668-V1,false
WASDE-668-V1:263a6955bf60,WASDE-667-V1:3549f0f9c281,668,2026-02-10,February 2026,2026-02-10T17:00:00Z,2026-02-12T04:59:59Z,United States,2024/25,Total Use,"1000 Short Tons, Raw Value",12520,12520,0,WASDE-668-V1,false
WASDE-668-V1:263a6955bf60,WASDE-667-V1:3549f0f9c281,668,2026-02-10,February 2026,2026-02-10T17:00:00Z,2026-02-12T04:59:59Z,United States,2025/26,Beet Sugar,"1000 Short Tons, Raw Value",5102,5102,0,WASDE-668-V1,false
WASDE-668-V1:263a6955bf60,WASDE-667-V1:3549f0f9c281,668,2026-02-10,February 2026,2026-02-10T17:00:00Z,2026-02-12T04:59:59Z,United States,2025/26,Beginning Stocks,"1000 Short Tons, Raw Value",2489,2489,0,WASDE-668-V1,false
WASDE-668-V1:263a6955bf60,WASDE-667-V1:3549f0f9c281,668,2026-02-10,February 2026,2026-02-10T17:00:00Z,2026-02-12T04:59:59Z,United States,2025/26,Cane Sugar,"1000 Short Tons, Raw Value",4308,4279,29,WASDE-668-V1,false
WASDE-668-V1:263a6955bf60,WASDE-667-V1:3549f0f9c281,668,2026-02-10,February 2026,2026-02-10T17:00:00Z,2026-02-12T04:59:59Z,United States,2025/26,Deliveries,"1000 Short Tons, Raw Value",12153,12153,0,WASDE-668-V1,false
WASDE-668-V1:263a6955bf60,WASDE-667-V1:3549f0f9c281,668,2026-02-10,February 2026,2026-02-10T17:00:00Z,2026-02-12T04:59:59Z,United States,2025/26,Ending Stocks,"1000 Short Tons, Raw Value",1940,1922,18,WASDE-668-V1,false
WASDE-668-V1:263a6955bf60,WASDE-667-V1:3549f0f9c281,668,2026-02-10,February 2026,2026-02-10T17:00:00Z,2026-02-12T04:59:59Z,United States,2025/26,Exports,"1000 Short Tons, Raw Value",50,50,0,WASDE-668-V1,false
WASDE-668-V1:263a6955bf60,WASDE-667-V1:3549f0f9c281,668,2026-02-10,February 2026,2026-02-10T17:00:00Z,2026-02-12T04:59:59Z,United States,2025/26,Exports - Other,"1000 Short Tons, Raw Value",105,105,0,WASDE-668-V1,false
WASDE-668-V1:263a6955bf60,WASDE-667-V1:3549f0f9c281,668,2026-02-10,February 2026,2026-02-10T17:00:00Z,2026-02-12T04:59:59Z,United States,2025/26,Florida,"1000 Short Tons, Raw Value",2082,2082,0,WASDE-668-V1,false
WASDE-668-V1:263a6955bf60,WASDE-667-V1:3549f0f9c281,668,2026-02-10,February 2026,2026-02-10T17:00:00Z,2026-02-12T04:59:59Z,United States,2025/26,Food,"1000 Short Tons, Raw Value",12048,12048,0,WASDE-668-V1,false
WASDE-668-V1:263a6955bf60,WASDE-667-V1:3549f0f9c281,668,2026-02-10,February 2026,2026-02-10T17:00:00Z,2026-02-12T04:59:59Z,United States,2025/26,High-tier tariff/other,"1000 Short Tons, Raw Value",508,469,39,WASDE-668-V1,false
WASDE-668-V1:263a6955bf60,WASDE-667-V1:3549f0f9c281,668,2026-02-10,February 2026,2026-02-10T17:00:00Z,2026-02-12T04:59:59Z,United States,2025/26,Imports,"1000 Short Tons, Raw Value",2243,2255,-12,WASDE-668-V1,false
WASDE-668-V1:263a6955bf60,WASDE-667-V1:3549f0f9c281,668,2026-02-10,February 2026,2026-02-10T17:00:00Z,2026-02-12T04:59:59Z,United States,2025/26,Louisiana,"1000 Short Tons, Raw Value",2226,2197,29,WASDE-668-V1,false
WASDE-668-V1:263a6955bf60,WASDE-667-V1:3549f0f9c281,668,2026-02-10,February 2026,2026-02-10T17:00:00Z,2026-02-12T04:59:59Z,United States,2025/26,Mexico,"1000 Short Tons, Raw Value",220,220,0,WASDE-668-V1,false
WASDE-668-V1:263a6955bf60,WASDE-667-V1:3549f0f9c281,668,2026-02-10,February 2026,2026-02-10T17:00:00Z,2026-02-12T04:59:59Z,United States,2025/26,Miscellaneous,"1000 Short Tons, Raw Value",0,0,0,WASDE-668-V1,false
WASDE-668-V1:263a6955bf60,WASDE-667-V1:3549f0f9c281,668,2026-02-10,February 2026,2026-02-10T17:00:00Z,2026-02-12T04:59:59Z,United States,2025/26,Non-program,"1000 Short Tons, Raw Value",728,689,39,WASDE-668-V1,false
WASDE-668-V1:263a6955bf60,WASDE-667-V1:3549f0f9c281,668,2026-02-10,February 2026,2026-02-10T17:00:00Z,2026-02-12T04:59:59Z,United States,2025/26,Other Program,"1000 Short Tons, Raw Value",200,200,0,WASDE-668-V1,false
WASDE-668-V1:263a6955bf60,WASDE-667-V1:3549f0f9c281,668,2026-02-10,February 2026,2026-02-10T17:00:00Z,2026-02-12T04:59:59Z,United States,2025/26,Production,"1000 Short Tons, Raw Value",9410,9381,29,WASDE-668-V1,false
WASDE-668-V1:263a6955bf60,WASDE-667-V1:3549f0f9c281,668,2026-02-10,February 2026,2026-02-10T17:00:00Z,2026-02-12T04:59:59Z,United States,2025/26,Stocks to Use Ratio,Percent,15.9,15.8,0.1,WASDE-668-V1,false
WASDE-668-V1:263a6955bf60,WASDE-667-V1:3549f0f9c281,668,2026-02-10,February 2026,2026-02-10T17:00:00Z,2026-02-12T04:59:59Z,United States,2025/26,TRQ,"1000 Short Tons, Raw Value",1316,1366,-50,WASDE-668-V1,false
WASDE-668-V1:263a6955bf60,WASDE-667-V1:3549f0f9c281,668,2026-02-10,February 2026,2026-02-10T17:00:00Z,2026-02-12T04:59:59Z,United States,2025/26,Texas,"1000 Short Tons, Raw Value",0,0,0,WASDE-668-V1,false
WASDE-668-V1:263a6955bf60,WASDE-667-V1:3549f0f9c281,668,2026-02-10,February 2026,2026-02-10T17:00:00Z,2026-02-12T04:59:59Z,United States,2025/26,Total Supply,"1000 Short Tons, Raw Value",14142,14125,17,WASDE-668-V1,false
WASDE-668-V1:263a6955bf60,WASDE-667-V1:3549f0f9c281,668,2026-02-10,February 2026,2026-02-10T17:00:00Z,2026-02-12T04:59:59Z,United States,2025/26,Total Use,"1000 Short Tons, Raw Value",12203,12203,0,WASDE-668-V1,false
WASDE-669-V1:ca03470e35d2,WASDE-668-V1:263a6955bf60,669,2026-03-10,March 2026,2026-03-10T16:00:00Z,2026-03-12T03:59:59Z,Mexico,2024/25,Beginning Stocks,"1000 Metric Tons, Actual Weight",1418,1418,0,WASDE-669-V1,false
WASDE-669-V1:ca03470e35d2,WASDE-668-V1:263a6955bf60,669,2026-03-10,March 2026,2026-03-10T16:00:00Z,2026-03-12T03:59:59Z,Mexico,2024/25,Domestic,"1000 Metric Tons, Actual Weight",4210,4210,0,WASDE-669-V1,false
WASDE-669-V1:ca03470e35d2,WASDE-668-V1:263a6955bf60,669,2026-03-10,March 2026,2026-03-10T16:00:00Z,2026-03-12T03:59:59Z,Mexico,2024/25,Ending Stocks,"1000 Metric Tons, Actual Weight",1123,1123,0,WASDE-669-V1,false
WASDE-669-V1:ca03470e35d2,WASDE-668-V1:263a6955bf60,669,2026-03-10,March 2026,2026-03-10T16:00:00Z,2026-03-12T03:59:59Z,Mexico,2024/25,Exports,"1000 Metric Tons, Actual Weight",1023,1023,0,WASDE-669-V1,false
WASDE-669-V1:ca03470e35d2,WASDE-668-V1:263a6955bf60,669,2026-03-10,March 2026,2026-03-10T16:00:00Z,2026-03-12T03:59:59Z,Mexico,2024/25,Imports,"1000 Metric Tons, Actual Weight",167,167,0,WASDE-669-V1,false
WASDE-669-V1:ca03470e35d2,WASDE-668-V1:263a6955bf60,669,2026-03-10,March 2026,2026-03-10T16:00:00Z,2026-03-12T03:59:59Z,Mexico,2024/25,Production,"1000 Metric Tons, Actual Weight",4771,4771,0,WASDE-669-V1,false
WASDE-669-V1:ca03470e35d2,WASDE-668-V1:263a6955bf60,669,2026-03-10,March 2026,2026-03-10T16:00:00Z,2026-03-12T03:59:59Z,Mexico,2025/26,Beginning Stocks,"1000 Metric Tons, Actual Weight",1123,1123,0,WASDE-669-V1,false
WASDE-669-V1:ca03470e35d2,WASDE-668-V1:263a6955bf60,669,2026-03-10,March 2026,2026-03-10T16:00:00Z,2026-03-12T03:59:59Z,Mexico,2025/26,Domestic,"1000 Metric Tons, Actual Weight",4297,4311,-14,WASDE-669-V1,false
WASDE-669-V1:ca03470e35d2,WASDE-668-V1:263a6955bf60,669,2026-03-10,March 2026,2026-03-10T16:00:00Z,2026-03-12T03:59:59Z,Mexico,2025/26,Ending Stocks,"1000 Metric Tons, Actual Weight",1068,1082,-14,WASDE-669-V1,false
WASDE-669-V1:ca03470e35d2,WASDE-668-V1:263a6955bf60,669,2026-03-10,March 2026,2026-03-10T16:00:00Z,2026-03-12T03:59:59Z,Mexico,2025/26,Exports,"1000 Metric Tons, Actual Weight",834,820,14,WASDE-669-V1,false
WASDE-669-V1:ca03470e35d2,WASDE-668-V1:263a6955bf60,669,2026-03-10,March 2026,2026-03-10T16:00:00Z,2026-03-12T03:59:59Z,Mexico,2025/26,Imports,"1000 Metric Tons, Actual Weight",52,66,-14,WASDE-669-V1,false
WASDE-669-V1:ca03470e35d2,WASDE-668-V1:263a6955bf60,669,2026-03-10,March 2026,2026-03-10T16:00:00Z,2026-03-12T03:59:59Z,Mexico,2025/26,Production,"1000 Metric Tons, Actual Weight",5024,5024,0,WASDE-669-V1,false
WASDE-669-V1:ca03470e35d2,WASDE-668-V1:263a6955bf60,669,2026-03-10,March 2026,2026-03-10T16:00:00Z,2026-03-12T03:59:59Z,United States,2023/24,Beet Sugar,"1000 Short Tons, Raw Value",5172,5172,0,WASDE-669-V1,false
WASDE-669-V1:ca03470e35d2,WASDE-668-V1:263a6955bf60,669,2026-03-10,March 2026,2026-03-10T16:00:00Z,2026-03-12T03:59:59Z,United States,2023/24,Beginning Stocks,"1000 Short Tons, Raw Value",1843,1843,0,WASDE-669-V1,false
WASDE-669-V1:ca03470e35d2,WASDE-668-V1:263a6955bf60,669,2026-03-10,March 2026,2026-03-10T16:00:00Z,2026-03-12T03:59:59Z,United States,2023/24,Cane Sugar,"1000 Short Tons, Raw Value",4141,4141,0,WASDE-669-V1,false
WASDE-669-V1:ca03470e35d2,WASDE-668-V1:263a6955bf60,669,2026-03-10,March 2026,2026-03-10T16:00:00Z,2026-03-12T03:59:59Z,United States,2023/24,Deliveries,"1000 Short Tons, Raw Value",12443,12443,0,WASDE-669-V1,false
WASDE-669-V1:ca03470e35d2,WASDE-668-V1:263a6955bf60,669,2026-03-10,March 2026,2026-03-10T16:00:00Z,2026-03-12T03:59:59Z,United States,2023/24,Ending Stocks,"1000 Short Tons, Raw Value",2220,2220,0,WASDE-669-V1,false
WASDE-669-V1:ca03470e35d2,WASDE-668-V1:263a6955bf60,669,2026-03-10,March 2026,2026-03-10T16:00:00Z,2026-03-12T03:59:59Z,United States,2023/24,Exports,"1000 Short Tons, Raw Value",249,249,0,WASDE-669-V1,false
WASDE-669-V1:ca03470e35d2,WASDE-668-V1:263a6955bf60,669,2026-03-10,March 2026,2026-03-10T16:00:00Z,2026-03-12T03:59:59Z,United States,2023/24,Exports - Other,"1000 Short Tons, Raw Value",106,106,0,WASDE-669-V1,false
WASDE-669-V1:ca03470e35d2,WASDE-668-V1:263a6955bf60,669,2026-03-10,March 2026,2026-03-10T16:00:00Z,2026-03-12T03:59:59Z,United States,2023/24,Florida,"1000 Short Tons, Raw Value",2079,2079,0,WASDE-669-V1,false
WASDE-669-V1:ca03470e35d2,WASDE-668-V1:263a6955bf60,669,2026-03-10,March 2026,2026-03-10T16:00:00Z,2026-03-12T03:59:59Z,United States,2023/24,Food,"1000 Short Tons, Raw Value",12336,12336,0,WASDE-669-V1,false
WASDE-669-V1:ca03470e35d2,WASDE-668-V1:263a6955bf60,669,2026-03-10,March 2026,2026-03-10T16:00:00Z,2026-03-12T03:59:59Z,United States,2023/24,High-tier tariff/other,"1000 Short Tons, Raw Value",1231,1231,0,WASDE-669-V1,false
WASDE-669-V1:ca03470e35d2,WASDE-668-V1:263a6955bf60,669,2026-03-10,March 2026,2026-03-10T16:00:00Z,2026-03-12T03:59:59Z,United States,2023/24,Imports,"1000 Short Tons, Raw Value",3840,3840,0,WASDE-669-V1,false
WASDE-669-V1:ca03470e35d2,WASDE-668-V1:263a6955bf60,669,2026-03-10,March 2026,2026-03-10T16:00:00Z,2026-03-12T03:59:59Z,United States,2023/24,Louisiana,"1000 Short Tons, Raw Value",2022,2022,0,WASDE-669-V1,false
WASDE-669-V1:ca03470e35d2,WASDE-668-V1:263a6955bf60,669,2026-03-10,March 2026,2026-03-10T16:00:00Z,2026-03-12T03:59:59Z,United States,2023/24,Mexico,"1000 Short Tons, Raw Value",521,521,0,WASDE-669-V1,false
WASDE-669-V1:ca03470e35d2,WASDE-668-V1:263a6955bf60,669,2026-03-10,March 2026,2026-03-10T16:00:00Z,2026-03-12T03:59:59Z,United States,2023/24,Miscellaneous,"1000 Short Tons, Raw Value",83,83,0,WASDE-669-V1,false
WASDE-669-V1:ca03470e35d2,WASDE-668-V1:263a6955bf60,669,2026-03-10,March 2026,2026-03-10T16:00:00Z,2026-03-12T03:59:59Z,United States,2023/24,Non-program,"1000 Short Tons, Raw Value",1752,1752,0,WASDE-669-V1,false
WASDE-669-V1:ca03470e35d2,WASDE-668-V1:263a6955bf60,669,2026-03-10,March 2026,2026-03-10T16:00:00Z,2026-03-12T03:59:59Z,United States,2023/24,Other Program,"1000 Short Tons, Raw Value",300,300,0,WASDE-669-V1,false
WASDE-669-V1:ca03470e35d2,WASDE-668-V1:263a6955bf60,669,2026-03-10,March 2026,2026-03-10T16:00:00Z,2026-03-12T03:59:59Z,United States,2023/24,Production,"1000 Short Tons, Raw Value",9313,9313,0,WASDE-669-V1,false
WASDE-669-V1:ca03470e35d2,WASDE-668-V1:263a6955bf60,669,2026-03-10,March 2026,2026-03-10T16:00:00Z,2026-03-12T03:59:59Z,United States,2023/24,Stocks to Use Ratio,Percent,17.4,17.4,0,WASDE-669-V1,false
WASDE-669-V1:ca03470e35d2,WASDE-668-V1:263a6955bf60,669,2026-03-10,March 2026,2026-03-10T16:00:00Z,2026-03-12T03:59:59Z,United States,2023/24,TRQ,"1000 Short Tons, Raw Value",1788,1788,0,WASDE-669-V1,false
WASDE-669-V1:ca03470e35d2,WASDE-668-V1:263a6955bf60,669,2026-03-10,March 2026,2026-03-10T16:00:00Z,2026-03-12T03:59:59Z,United States,2023/24,Texas,"1000 Short Tons, Raw Value",40,40,0,WASDE-669-V1,false
WASDE-669-V1:ca03470e35d2,WASDE-668-V1:263a6955bf60,669,2026-03-10,March 2026,2026-03-10T16:00:00Z,2026-03-12T03:59:59Z,United States,2023/24,Total Supply,"1000 Short Tons, Raw Value",14995,14995,0,WASDE-669-V1,false
WASDE-669-V1:ca03470e35d2,WASDE-668-V1:263a6955bf60,669,2026-03-10,March 2026,2026-03-10T16:00:00Z,2026-03-12T03:59:59Z,United States,2023/24,Total Use,"1000 Short Tons, Raw Value",12775,12775,0,WASDE-669-V1,false
WASDE-669-V1:ca03470e35d2,WASDE-668-V1:263a6955bf60,669,2026-03-10,March 2026,2026-03-10T16:00:00Z,2026-03-12T03:59:59Z,United States,2024/25,Beet Sugar,"1000 Short Tons, Raw Value",5370,5370,0,WASDE-669-V1,false
WASDE-669-V1:ca03470e35d2,WASDE-668-V1:263a6955bf60,669,2026-03-10,March 2026,2026-03-10T16:00:00Z,2026-03-12T03:59:59Z,United States,2024/25,Beginning Stocks,"1000 Short Tons, Raw Value",2220,2220,0,WASDE-669-V1,false
WASDE-669-V1:ca03470e35d2,WASDE-668-V1:263a6955bf60,669,2026-03-10,March 2026,2026-03-10T16:00:00Z,2026-03-12T03:59:59Z,United States,2024/25,Cane Sugar,"1000 Short Tons, Raw Value",4027,4027,0,WASDE-669-V1,false
WASDE-669-V1:ca03470e35d2,WASDE-668-V1:263a6955bf60,669,2026-03-10,March 2026,2026-03-10T16:00:00Z,2026-03-12T03:59:59Z,United States,2024/25,Deliveries,"1000 Short Tons, Raw Value",12450,12450,0,WASDE-669-V1,false
WASDE-669-V1:ca03470e35d2,WASDE-668-V1:263a6955bf60,669,2026-03-10,March 2026,2026-03-10T16:00:00Z,2026-03-12T03:59:59Z,United States,2024/25,Ending Stocks,"1000 Short Tons, Raw Value",2490,2489,1,WASDE-669-V1,false
WASDE-669-V1:ca03470e35d2,WASDE-668-V1:263a6955bf60,669,2026-03-10,March 2026,2026-03-10T16:00:00Z,2026-03-12T03:59:59Z,United States,2024/25,Exports,"1000 Short Tons, Raw Value",111,111,0,WASDE-669-V1,false
WASDE-669-V1:ca03470e35d2,WASDE-668-V1:263a6955bf60,669,2026-03-10,March 2026,2026-03-10T16:00:00Z,2026-03-12T03:59:59Z,United States,2024/25,Exports - Other,"1000 Short Tons, Raw Value",111,111,0,WASDE-669-V1,false
WASDE-669-V1:ca03470e35d2,WASDE-668-V1:263a6955bf60,669,2026-03-10,March 2026,2026-03-10T16:00:00Z,2026-03-12T03:59:59Z,United States,2024/25,Florida,"1000 Short Tons, Raw Value",1932,1931,1,WASDE-669-V1,false
WASDE-669-V1:ca03470e35d2,WASDE-668-V1:263a6955bf60,669,2026-03-10,March 2026,2026-03-10T16:00:00Z,2026-03-12T03:59:59Z,United States,2024/25,Food,"1000 Short Tons, Raw Value",12340,12340,0,WASDE-669-V1,false
WASDE-669-V1:ca03470e35d2,WASDE-668-V1:263a6955bf60,669,2026-03-10,March 2026,2026-03-10T16:00:00Z,2026-03-12T03:59:59Z,United States,2024/25,High-tier tariff/other,"1000 Short Tons, Raw Value",980,980,0,WASDE-669-V1,false
WASDE-669-V1:ca03470e35d2,WASDE-668-V1:263a6955bf60,669,2026-03-10,March 2026,2026-03-10T16:00:00Z,2026-03-12T03:59:59Z,United States,2024/25,Imports,"1000 Short Tons, Raw Value",3393,3393,0,WASDE-669-V1,false
WASDE-669-V1:ca03470e35d2,WASDE-668-V1:263a6955bf60,669,2026-03-10,March 2026,2026-03-10T16:00:00Z,2026-03-12T03:59:59Z,United States,2024/25,Louisiana,"1000 Short Tons, Raw Value",2095,2095,0,WASDE-669-V1,false
WASDE-669-V1:ca03470e35d2,WASDE-668-V1:263a6955bf60,669,2026-03-10,March 2026,2026-03-10T16:00:00Z,2026-03-12T03:59:59Z,United States,2024/25,Mexico,"1000 Short Tons, Raw Value",504,504,0,WASDE-669-V1,false
WASDE-669-V1:ca03470e35d2,WASDE-668-V1:263a6955bf60,669,2026-03-10,March 2026,2026-03-10T16:00:00Z,2026-03-12T03:59:59Z,United States,2024/25,Miscellaneous,"1000 Short Tons, Raw Value",-41,-41,0,WASDE-669-V1,false
WASDE-669-V1:ca03470e35d2,WASDE-668-V1:263a6955bf60,669,2026-03-10,March 2026,2026-03-10T16:00:00Z,2026-03-12T03:59:59Z,United States,2024/25,Non-program,"1000 Short Tons, Raw Value",1485,1485,0,WASDE-669-V1,false
WASDE-669-V1:ca03470e35d2,WASDE-668-V1:263a6955bf60,669,2026-03-10,March 2026,2026-03-10T16:00:00Z,2026-03-12T03:59:59Z,United States,2024/25,Other Program,"1000 Short Tons, Raw Value",373,373,0,WASDE-669-V1,false
WASDE-669-V1:ca03470e35d2,WASDE-668-V1:263a6955bf60,669,2026-03-10,March 2026,2026-03-10T16:00:00Z,2026-03-12T03:59:59Z,United States,2024/25,Production,"1000 Short Tons, Raw Value",9397,9396,1,WASDE-669-V1,false
WASDE-669-V1:ca03470e35d2,WASDE-668-V1:263a6955bf60,669,2026-03-10,March 2026,2026-03-10T16:00:00Z,2026-03-12T03:59:59Z,United States,2024/25,Stocks to Use Ratio,Percent,19.9,19.9,0,WASDE-669-V1,false
WASDE-669-V1:ca03470e35d2,WASDE-668-V1:263a6955bf60,669,2026-03-10,March 2026,2026-03-10T16:00:00Z,2026-03-12T03:59:59Z,United States,2024/25,TRQ,"1000 Short Tons, Raw Value",1534,1534,0,WASDE-669-V1,false
WASDE-669-V1:ca03470e35d2,WASDE-668-V1:263a6955bf60,669,2026-03-10,March 2026,2026-03-10T16:00:00Z,2026-03-12T03:59:59Z,United States,2024/25,Texas,"1000 Short Tons, Raw Value",0,0,0,WASDE-669-V1,false
WASDE-669-V1:ca03470e35d2,WASDE-668-V1:263a6955bf60,669,2026-03-10,March 2026,2026-03-10T16:00:00Z,2026-03-12T03:59:59Z,United States,2024/25,Total Supply,"1000 Short Tons, Raw Value",15009,15009,0,WASDE-669-V1,false
WASDE-669-V1:ca03470e35d2,WASDE-668-V1:263a6955bf60,669,2026-03-10,March 2026,2026-03-10T16:00:00Z,2026-03-12T03:59:59Z,United States,2024/25,Total Use,"1000 Short Tons, Raw Value",12520,12520,0,WASDE-669-V1,false
WASDE-669-V1:ca03470e35d2,WASDE-668-V1:263a6955bf60,669,2026-03-10,March 2026,2026-03-10T16:00:00Z,2026-03-12T03:59:59Z,United States,2025/26,Beet Sugar,"1000 Short Tons, Raw Value",5093,5102,-9,WASDE-669-V1,false
WASDE-669-V1:ca03470e35d2,WASDE-668-V1:263a6955bf60,669,2026-03-10,March 2026,2026-03-10T16:00:00Z,2026-03-12T03:59:59Z,United States,2025/26,Beginning Stocks,"1000 Short Tons, Raw Value",2490,2489,1,WASDE-669-V1,false
WASDE-669-V1:ca03470e35d2,WASDE-668-V1:263a6955bf60,669,2026-03-10,March 2026,2026-03-10T16:00:00Z,2026-03-12T03:59:59Z,United States,2025/26,Cane Sugar,"1000 Short Tons, Raw Value",4187,4308,-121,WASDE-669-V1,false
WASDE-669-V1:ca03470e35d2,WASDE-668-V1:263a6955bf60,669,2026-03-10,March 2026,2026-03-10T16:00:00Z,2026-03-12T03:59:59Z,United States,2025/26,Deliveries,"1000 Short Tons, Raw Value",12270,12153,117,WASDE-669-V1,false
WASDE-669-V1:ca03470e35d2,WASDE-668-V1:263a6955bf60,669,2026-03-10,March 2026,2026-03-10T16:00:00Z,2026-03-12T03:59:59Z,United States,2025/26,Ending Stocks,"1000 Short Tons, Raw Value",1878,1940,-62,WASDE-669-V1,false
WASDE-669-V1:ca03470e35d2,WASDE-668-V1:263a6955bf60,669,2026-03-10,March 2026,2026-03-10T16:00:00Z,2026-03-12T03:59:59Z,United States,2025/26,Exports,"1000 Short Tons, Raw Value",50,50,0,WASDE-669-V1,false
WASDE-669-V1:ca03470e35d2,WASDE-668-V1:263a6955bf60,669,2026-03-10,March 2026,2026-03-10T16:00:00Z,2026-03-12T03:59:59Z,United States,2025/26,Exports - Other,"1000 Short Tons, Raw Value",105,105,0,WASDE-669-V1,false
WASDE-669-V1:ca03470e35d2,WASDE-668-V1:263a6955bf60,669,2026-03-10,March 2026,2026-03-10T16:00:00Z,2026-03-12T03:59:59Z,United States,2025/26,Florida,"1000 Short Tons, Raw Value",1956,2082,-126,WASDE-669-V1,false
WASDE-669-V1:ca03470e35d2,WASDE-668-V1:263a6955bf60,669,2026-03-10,March 2026,2026-03-10T16:00:00Z,2026-03-12T03:59:59Z,United States,2025/26,Food,"1000 Short Tons, Raw Value",12165,12048,117,WASDE-669-V1,false
WASDE-669-V1:ca03470e35d2,WASDE-668-V1:263a6955bf60,669,2026-03-10,March 2026,2026-03-10T16:00:00Z,2026-03-12T03:59:59Z,United States,2025/26,High-tier tariff/other,"1000 Short Tons, Raw Value",642,508,134,WASDE-669-V1,false
WASDE-669-V1:ca03470e35d2,WASDE-668-V1:263a6955bf60,669,2026-03-10,March 2026,2026-03-10T16:00:00Z,2026-03-12T03:59:59Z,United States,2025/26,Imports,"1000 Short Tons, Raw Value",2427,2243,184,WASDE-669-V1,false
WASDE-669-V1:ca03470e35d2,WASDE-668-V1:263a6955bf60,669,2026-03-10,March 2026,2026-03-10T16:00:00Z,2026-03-12T03:59:59Z,United States,2025/26,Louisiana,"1000 Short Tons, Raw Value",2232,2226,6,WASDE-669-V1,false
WASDE-669-V1:ca03470e35d2,WASDE-668-V1:263a6955bf60,669,2026-03-10,March 2026,2026-03-10T16:00:00Z,2026-03-12T03:59:59Z,United States,2025/26,Mexico,"1000 Short Tons, Raw Value",220,220,0,WASDE-669-V1,false
WASDE-669-V1:ca03470e35d2,WASDE-668-V1:263a6955bf60,669,2026-03-10,March 2026,2026-03-10T16:00:00Z,2026-03-12T03:59:59Z,United States,2025/26,Miscellaneous,"1000 Short Tons, Raw Value",0,0,0,WASDE-669-V1,false
WASDE-669-V1:ca03470e35d2,WASDE-668-V1:263a6955bf60,669,2026-03-10,March 2026,2026-03-10T16:00:00Z,2026-03-12T03:59:59Z,United States,2025/26,Non-program,"1000 Short Tons, Raw Value",861,728,133,WASDE-669-V1,false
WASDE-669-V1:ca03470e35d2,WASDE-668-V1:263a6955bf60,669,2026-03-10,March 2026,2026-03-10T16:00:00Z,2026-03-12T03:59:59Z,United States,2025/26,Other Program,"1000 Short Tons, Raw Value",250,200,50,WASDE-669-V1,false
WASDE-669-V1:ca03470e35d2,WASDE-668-V1:263a6955bf60,669,2026-03-10,March 2026,2026-03-10T16:00:00Z,2026-03-12T03:59:59Z,United States,2025/26,Production,"1000 Short Tons, Raw Value",9280,9410,-130,WASDE-669-V1,false
WASDE-669-V1:ca03470e35d2,WASDE-668-V1:263a6955bf60,669,2026-03-10,March 2026,2026-03-10T16:00:00Z,2026-03-12T03:59:59Z,United States,2025/26,Stocks to Use Ratio,Percent,15.2,15.9,-0.7,WASDE-669-V1,false
WASDE-669-V1:ca03470e35d2,WASDE-668-V1:263a6955bf60,669,2026-03-10,March 2026,2026-03-10T16:00:00Z,2026-03-12T03:59:59Z,United States,2025/26,TRQ,"1000 Short Tons, Raw Value",1316,1316,0,WASDE-669-V1,false
WASDE-669-V1:ca03470e35d2,WASDE-668-V1:263a6955bf60,669,2026-03-10,March 2026,2026-03-10T16:00:00Z,2026-03-12T03:59:59Z,United States,2025/26,Texas,"1000 Short Tons, Raw Value",0,0,0,WASDE-669-V1,false
WASDE-669-V1:ca03470e35d2,WASDE-668-V1:263a6955bf60,669,2026-03-10,March 2026,2026-03-10T16:00:00Z,2026-03-12T03:59:59Z,United States,2025/26,Total Supply,"1000 Short Tons, Raw Value",14197,14142,55,WASDE-669-V1,false
WASDE-669-V1:ca03470e35d2,WASDE-668-V1:263a6955bf60,669,2026-03-10,March 2026,2026-03-10T16:00:00Z,2026-03-12T03:59:59Z,United States,2025/26,Total Use,"1000 Short Tons, Raw Value",12320,12203,117,WASDE-669-V1,false
WASDE-670-V1:edd6819d2509,WASDE-669-V1:ca03470e35d2,670,2026-04-09,April 2026,2026-04-09T16:00:00Z,2026-04-11T03:59:59Z,Mexico,2024/25,Beginning Stocks,"1000 Metric Tons, Actual Weight",1418,1418,0,WASDE-670-V1,false
WASDE-670-V1:edd6819d2509,WASDE-669-V1:ca03470e35d2,670,2026-04-09,April 2026,2026-04-09T16:00:00Z,2026-04-11T03:59:59Z,Mexico,2024/25,Domestic,"1000 Metric Tons, Actual Weight",4210,4210,0,WASDE-670-V1,false
WASDE-670-V1:edd6819d2509,WASDE-669-V1:ca03470e35d2,670,2026-04-09,April 2026,2026-04-09T16:00:00Z,2026-04-11T03:59:59Z,Mexico,2024/25,Ending Stocks,"1000 Metric Tons, Actual Weight",1123,1123,0,WASDE-670-V1,false
WASDE-670-V1:edd6819d2509,WASDE-669-V1:ca03470e35d2,670,2026-04-09,April 2026,2026-04-09T16:00:00Z,2026-04-11T03:59:59Z,Mexico,2024/25,Exports,"1000 Metric Tons, Actual Weight",1023,1023,0,WASDE-670-V1,false
WASDE-670-V1:edd6819d2509,WASDE-669-V1:ca03470e35d2,670,2026-04-09,April 2026,2026-04-09T16:00:00Z,2026-04-11T03:59:59Z,Mexico,2024/25,Imports,"1000 Metric Tons, Actual Weight",167,167,0,WASDE-670-V1,false
WASDE-670-V1:edd6819d2509,WASDE-669-V1:ca03470e35d2,670,2026-04-09,April 2026,2026-04-09T16:00:00Z,2026-04-11T03:59:59Z,Mexico,2024/25,Production,"1000 Metric Tons, Actual Weight",4771,4771,0,WASDE-670-V1,false
WASDE-670-V1:edd6819d2509,WASDE-669-V1:ca03470e35d2,670,2026-04-09,April 2026,2026-04-09T16:00:00Z,2026-04-11T03:59:59Z,Mexico,2025/26,Beginning Stocks,"1000 Metric Tons, Actual Weight",1123,1123,0,WASDE-670-V1,false
WASDE-670-V1:edd6819d2509,WASDE-669-V1:ca03470e35d2,670,2026-04-09,April 2026,2026-04-09T16:00:00Z,2026-04-11T03:59:59Z,Mexico,2025/26,Domestic,"1000 Metric Tons, Actual Weight",4297,4297,0,WASDE-670-V1,false
WASDE-670-V1:edd6819d2509,WASDE-669-V1:ca03470e35d2,670,2026-04-09,April 2026,2026-04-09T16:00:00Z,2026-04-11T03:59:59Z,Mexico,2025/26,Ending Stocks,"1000 Metric Tons, Actual Weight",1068,1068,0,WASDE-670-V1,false
WASDE-670-V1:edd6819d2509,WASDE-669-V1:ca03470e35d2,670,2026-04-09,April 2026,2026-04-09T16:00:00Z,2026-04-11T03:59:59Z,Mexico,2025/26,Exports,"1000 Metric Tons, Actual Weight",935,834,101,WASDE-670-V1,false
WASDE-670-V1:edd6819d2509,WASDE-669-V1:ca03470e35d2,670,2026-04-09,April 2026,2026-04-09T16:00:00Z,2026-04-11T03:59:59Z,Mexico,2025/26,Imports,"1000 Metric Tons, Actual Weight",52,52,0,WASDE-670-V1,false
WASDE-670-V1:edd6819d2509,WASDE-669-V1:ca03470e35d2,670,2026-04-09,April 2026,2026-04-09T16:00:00Z,2026-04-11T03:59:59Z,Mexico,2025/26,Production,"1000 Metric Tons, Actual Weight",5125,5024,101,WASDE-670-V1,false
WASDE-670-V1:edd6819d2509,WASDE-669-V1:ca03470e35d2,670,2026-04-09,April 2026,2026-04-09T16:00:00Z,2026-04-11T03:59:59Z,United States,2023/24,Beet Sugar,"1000 Short Tons, Raw Value",5172,5172,0,WASDE-670-V1,false
WASDE-670-V1:edd6819d2509,WASDE-669-V1:ca03470e35d2,670,2026-04-09,April 2026,2026-04-09T16:00:00Z,2026-04-11T03:59:59Z,United States,2023/24,Beginning Stocks,"1000 Short Tons, Raw Value",1843,1843,0,WASDE-670-V1,false
WASDE-670-V1:edd6819d2509,WASDE-669-V1:ca03470e35d2,670,2026-04-09,April 2026,2026-04-09T16:00:00Z,2026-04-11T03:59:59Z,United States,2023/24,Cane Sugar,"1000 Short Tons, Raw Value",4141,4141,0,WASDE-670-V1,false
WASDE-670-V1:edd6819d2509,WASDE-669-V1:ca03470e35d2,670,2026-04-09,April 2026,2026-04-09T16:00:00Z,2026-04-11T03:59:59Z,United States,2023/24,Deliveries,"1000 Short Tons, Raw Value",12443,12443,0,WASDE-670-V1,false
WASDE-670-V1:edd6819d2509,WASDE-669-V1:ca03470e35d2,670,2026-04-09,April 2026,2026-04-09T16:00:00Z,2026-04-11T03:59:59Z,United States,2023/24,Ending Stocks,"1000 Short Tons, Raw Value",2220,2220,0,WASDE-670-V1,false
WASDE-670-V1:edd6819d2509,WASDE-669-V1:ca03470e35d2,670,2026-04-09,April 2026,2026-04-09T16:00:00Z,2026-04-11T03:59:59Z,United States,2023/24,Exports,"1000 Short Tons, Raw Value",249,249,0,WASDE-670-V1,false
WASDE-670-V1:edd6819d2509,WASDE-669-V1:ca03470e35d2,670,2026-04-09,April 2026,2026-04-09T16:00:00Z,2026-04-11T03:59:59Z,United States,2023/24,Exports - Other,"1000 Short Tons, Raw Value",106,106,0,WASDE-670-V1,false
WASDE-670-V1:edd6819d2509,WASDE-669-V1:ca03470e35d2,670,2026-04-09,April 2026,2026-04-09T16:00:00Z,2026-04-11T03:59:59Z,United States,2023/24,Florida,"1000 Short Tons, Raw Value",2079,2079,0,WASDE-670-V1,false
WASDE-670-V1:edd6819d2509,WASDE-669-V1:ca03470e35d2,670,2026-04-09,April 2026,2026-04-09T16:00:00Z,2026-04-11T03:59:59Z,United States,2023/24,Food,"1000 Short Tons, Raw Value",12336,12336,0,WASDE-670-V1,false
WASDE-670-V1:edd6819d2509,WASDE-669-V1:ca03470e35d2,670,2026-04-09,April 2026,2026-04-09T16:00:00Z,2026-04-11T03:59:59Z,United States,2023/24,High-tier tariff/other,"1000 Short Tons, Raw Value",1231,1231,0,WASDE-670-V1,false
WASDE-670-V1:edd6819d2509,WASDE-669-V1:ca03470e35d2,670,2026-04-09,April 2026,2026-04-09T16:00:00Z,2026-04-11T03:59:59Z,United States,2023/24,Imports,"1000 Short Tons, Raw Value",3840,3840,0,WASDE-670-V1,false
WASDE-670-V1:edd6819d2509,WASDE-669-V1:ca03470e35d2,670,2026-04-09,April 2026,2026-04-09T16:00:00Z,2026-04-11T03:59:59Z,United States,2023/24,Louisiana,"1000 Short Tons, Raw Value",2022,2022,0,WASDE-670-V1,false
WASDE-670-V1:edd6819d2509,WASDE-669-V1:ca03470e35d2,670,2026-04-09,April 2026,2026-04-09T16:00:00Z,2026-04-11T03:59:59Z,United States,2023/24,Mexico,"1000 Short Tons, Raw Value",521,521,0,WASDE-670-V1,false
WASDE-670-V1:edd6819d2509,WASDE-669-V1:ca03470e35d2,670,2026-04-09,April 2026,2026-04-09T16:00:00Z,2026-04-11T03:59:59Z,United States,2023/24,Miscellaneous,"1000 Short Tons, Raw Value",83,83,0,WASDE-670-V1,false
WASDE-670-V1:edd6819d2509,WASDE-669-V1:ca03470e35d2,670,2026-04-09,April 2026,2026-04-09T16:00:00Z,2026-04-11T03:59:59Z,United States,2023/24,Non-program,"1000 Short Tons, Raw Value",1752,1752,0,WASDE-670-V1,false
WASDE-670-V1:edd6819d2509,WASDE-669-V1:ca03470e35d2,670,2026-04-09,April 2026,2026-04-09T16:00:00Z,2026-04-11T03:59:59Z,United States,2023/24,Other Program,"1000 Short Tons, Raw Value",300,300,0,WASDE-670-V1,false
WASDE-670-V1:edd6819d2509,WASDE-669-V1:ca03470e35d2,670,2026-04-09,April 2026,2026-04-09T16:00:00Z,2026-04-11T03:59:59Z,United States,2023/24,Production,"1000 Short Tons, Raw Value",9313,9313,0,WASDE-670-V1,false
WASDE-670-V1:edd6819d2509,WASDE-669-V1:ca03470e35d2,670,2026-04-09,April 2026,2026-04-09T16:00:00Z,2026-04-11T03:59:59Z,United States,2023/24,Stocks to Use Ratio,Percent,17.4,17.4,0,WASDE-670-V1,false
WASDE-670-V1:edd6819d2509,WASDE-669-V1:ca03470e35d2,670,2026-04-09,April 2026,2026-04-09T16:00:00Z,2026-04-11T03:59:59Z,United States,2023/24,TRQ,"1000 Short Tons, Raw Value",1788,1788,0,WASDE-670-V1,false
WASDE-670-V1:edd6819d2509,WASDE-669-V1:ca03470e35d2,670,2026-04-09,April 2026,2026-04-09T16:00:00Z,2026-04-11T03:59:59Z,United States,2023/24,Texas,"1000 Short Tons, Raw Value",40,40,0,WASDE-670-V1,false
WASDE-670-V1:edd6819d2509,WASDE-669-V1:ca03470e35d2,670,2026-04-09,April 2026,2026-04-09T16:00:00Z,2026-04-11T03:59:59Z,United States,2023/24,Total Supply,"1000 Short Tons, Raw Value",14995,14995,0,WASDE-670-V1,false
WASDE-670-V1:edd6819d2509,WASDE-669-V1:ca03470e35d2,670,2026-04-09,April 2026,2026-04-09T16:00:00Z,2026-04-11T03:59:59Z,United States,2023/24,Total Use,"1000 Short Tons, Raw Value",12775,12775,0,WASDE-670-V1,false
WASDE-670-V1:edd6819d2509,WASDE-669-V1:ca03470e35d2,670,2026-04-09,April 2026,2026-04-09T16:00:00Z,2026-04-11T03:59:59Z,United States,2024/25,Beet Sugar,"1000 Short Tons, Raw Value",5370,5370,0,WASDE-670-V1,false
WASDE-670-V1:edd6819d2509,WASDE-669-V1:ca03470e35d2,670,2026-04-09,April 2026,2026-04-09T16:00:00Z,2026-04-11T03:59:59Z,United States,2024/25,Beginning Stocks,"1000 Short Tons, Raw Value",2220,2220,0,WASDE-670-V1,false
WASDE-670-V1:edd6819d2509,WASDE-669-V1:ca03470e35d2,670,2026-04-09,April 2026,2026-04-09T16:00:00Z,2026-04-11T03:59:59Z,United States,2024/25,Cane Sugar,"1000 Short Tons, Raw Value",4027,4027,0,WASDE-670-V1,false
WASDE-670-V1:edd6819d2509,WASDE-669-V1:ca03470e35d2,670,2026-04-09,April 2026,2026-04-09T16:00:00Z,2026-04-11T03:59:59Z,United States,2024/25,Deliveries,"1000 Short Tons, Raw Value",12450,12450,0,WASDE-670-V1,false
WASDE-670-V1:edd6819d2509,WASDE-669-V1:ca03470e35d2,670,2026-04-09,April 2026,2026-04-09T16:00:00Z,2026-04-11T03:59:59Z,United States,2024/25,Ending Stocks,"1000 Short Tons, Raw Value",2490,2490,0,WASDE-670-V1,false
WASDE-670-V1:edd6819d2509,WASDE-669-V1:ca03470e35d2,670,2026-04-09,April 2026,2026-04-09T16:00:00Z,2026-04-11T03:59:59Z,United States,2024/25,Exports,"1000 Short Tons, Raw Value",111,111,0,WASDE-670-V1,false
WASDE-670-V1:edd6819d2509,WASDE-669-V1:ca03470e35d2,670,2026-04-09,April 2026,2026-04-09T16:00:00Z,2026-04-11T03:59:59Z,United States,2024/25,Exports - Other,"1000 Short Tons, Raw Value",111,111,0,WASDE-670-V1,false
WASDE-670-V1:edd6819d2509,WASDE-669-V1:ca03470e35d2,670,2026-04-09,April 2026,2026-04-09T16:00:00Z,2026-04-11T03:59:59Z,United States,2024/25,Florida,"1000 Short Tons, Raw Value",1932,1932,0,WASDE-670-V1,false
WASDE-670-V1:edd6819d2509,WASDE-669-V1:ca03470e35d2,670,2026-04-09,April 2026,2026-04-09T16:00:00Z,2026-04-11T03:59:59Z,United States,2024/25,Food,"1000 Short Tons, Raw Value",12340,12340,0,WASDE-670-V1,false
WASDE-670-V1:edd6819d2509,WASDE-669-V1:ca03470e35d2,670,2026-04-09,April 2026,2026-04-09T16:00:00Z,2026-04-11T03:59:59Z,United States,2024/25,High-tier tariff/other,"1000 Short Tons, Raw Value",980,980,0,WASDE-670-V1,false
WASDE-670-V1:edd6819d2509,WASDE-669-V1:ca03470e35d2,670,2026-04-09,April 2026,2026-04-09T16:00:00Z,2026-04-11T03:59:59Z,United States,2024/25,Imports,"1000 Short Tons, Raw Value",3393,3393,0,WASDE-670-V1,false
WASDE-670-V1:edd6819d2509,WASDE-669-V1:ca03470e35d2,670,2026-04-09,April 2026,2026-04-09T16:00:00Z,2026-04-11T03:59:59Z,United States,2024/25,Louisiana,"1000 Short Tons, Raw Value",2095,2095,0,WASDE-670-V1,false
WASDE-670-V1:edd6819d2509,WASDE-669-V1:ca03470e35d2,670,2026-04-09,April 2026,2026-04-09T16:00:00Z,2026-04-11T03:59:59Z,United States,2024/25,Mexico,"1000 Short Tons, Raw Value",504,504,0,WASDE-670-V1,false
WASDE-670-V1:edd6819d2509,WASDE-669-V1:ca03470e35d2,670,2026-04-09,April 2026,2026-04-09T16:00:00Z,2026-04-11T03:59:59Z,United States,2024/25,Miscellaneous,"1000 Short Tons, Raw Value",-41,-41,0,WASDE-670-V1,false
WASDE-670-V1:edd6819d2509,WASDE-669-V1:ca03470e35d2,670,2026-04-09,April 2026,2026-04-09T16:00:00Z,2026-04-11T03:59:59Z,United States,2024/25,Non-program,"1000 Short Tons, Raw Value",1485,1485,0,WASDE-670-V1,false
WASDE-670-V1:edd6819d2509,WASDE-669-V1:ca03470e35d2,670,2026-04-09,April 2026,2026-04-09T16:00:00Z,2026-04-11T03:59:59Z,United States,2024/25,Other Program,"1000 Short Tons, Raw Value",373,373,0,WASDE-670-V1,false
WASDE-670-V1:edd6819d2509,WASDE-669-V1:ca03470e35d2,670,2026-04-09,April 2026,2026-04-09T16:00:00Z,2026-04-11T03:59:59Z,United States,2024/25,Production,"1000 Short Tons, Raw Value",9397,9397,0,WASDE-670-V1,false
WASDE-670-V1:edd6819d2509,WASDE-669-V1:ca03470e35d2,670,2026-04-09,April 2026,2026-04-09T16:00:00Z,2026-04-11T03:59:59Z,United States,2024/25,Stocks to Use Ratio,Percent,19.9,19.9,0,WASDE-670-V1,false
WASDE-670-V1:edd6819d2509,WASDE-669-V1:ca03470e35d2,670,2026-04-09,April 2026,2026-04-09T16:00:00Z,2026-04-11T03:59:59Z,United States,2024/25,TRQ,"1000 Short Tons, Raw Value",1534,1534,0,WASDE-670-V1,false
WASDE-670-V1:edd6819d2509,WASDE-669-V1:ca03470e35d2,670,2026-04-09,April 2026,2026-04-09T16:00:00Z,2026-04-11T03:59:59Z,United States,2024/25,Texas,"1000 Short Tons, Raw Value",0,0,0,WASDE-670-V1,false
WASDE-670-V1:edd6819d2509,WASDE-669-V1:ca03470e35d2,670,2026-04-09,April 2026,2026-04-09T16:00:00Z,2026-04-11T03:59:59Z,United States,2024/25,Total Supply,"1000 Short Tons, Raw Value",15009,15009,0,WASDE-670-V1,false
WASDE-670-V1:edd6819d2509,WASDE-669-V1:ca03470e35d2,670,2026-04-09,April 2026,2026-04-09T16:00:00Z,2026-04-11T03:59:59Z,United States,2024/25,Total Use,"1000 Short Tons, Raw Value",12520,12520,0,WASDE-670-V1,false
WASDE-670-V1:edd6819d2509,WASDE-669-V1:ca03470e35d2,670,2026-04-09,April 2026,2026-04-09T16:00:00Z,2026-04-11T03:59:59Z,United States,2025/26,Beet Sugar,"1000 Short Tons, Raw Value",5060,5093,-33,WASDE-670-V1,false
WASDE-670-V1:edd6819d2509,WASDE-669-V1:ca03470e35d2,670,2026-04-09,April 2026,2026-04-09T16:00:00Z,2026-04-11T03:59:59Z,United States,2025/26,Beginning Stocks,"1000 Short Tons, Raw Value",2490,2490,0,WASDE-670-V1,false
WASDE-670-V1:edd6819d2509,WASDE-669-V1:ca03470e35d2,670,2026-04-09,April 2026,2026-04-09T16:00:00Z,2026-04-11T03:59:59Z,United States,2025/26,Cane Sugar,"1000 Short Tons, Raw Value",4207,4187,20,WASDE-670-V1,false
WASDE-670-V1:edd6819d2509,WASDE-669-V1:ca03470e35d2,670,2026-04-09,April 2026,2026-04-09T16:00:00Z,2026-04-11T03:59:59Z,United States,2025/26,Deliveries,"1000 Short Tons, Raw Value",12364,12270,94,WASDE-670-V1,false
WASDE-670-V1:edd6819d2509,WASDE-669-V1:ca03470e35d2,670,2026-04-09,April 2026,2026-04-09T16:00:00Z,2026-04-11T03:59:59Z,United States,2025/26,Ending Stocks,"1000 Short Tons, Raw Value",1880,1878,2,WASDE-670-V1,false
WASDE-670-V1:edd6819d2509,WASDE-669-V1:ca03470e35d2,670,2026-04-09,April 2026,2026-04-09T16:00:00Z,2026-04-11T03:59:59Z,United States,2025/26,Exports,"1000 Short Tons, Raw Value",25,50,-25,WASDE-670-V1,false
WASDE-670-V1:edd6819d2509,WASDE-669-V1:ca03470e35d2,670,2026-04-09,April 2026,2026-04-09T16:00:00Z,2026-04-11T03:59:59Z,United States,2025/26,Exports - Other,"1000 Short Tons, Raw Value",105,105,0,WASDE-670-V1,false
WASDE-670-V1:edd6819d2509,WASDE-669-V1:ca03470e35d2,670,2026-04-09,April 2026,2026-04-09T16:00:00Z,2026-04-11T03:59:59Z,United States,2025/26,Florida,"1000 Short Tons, Raw Value",1976,1956,20,WASDE-670-V1,false
WASDE-670-V1:edd6819d2509,WASDE-669-V1:ca03470e35d2,670,2026-04-09,April 2026,2026-04-09T16:00:00Z,2026-04-11T03:59:59Z,United States,2025/26,Food,"1000 Short Tons, Raw Value",12259,12165,94,WASDE-670-V1,false
WASDE-670-V1:edd6819d2509,WASDE-669-V1:ca03470e35d2,670,2026-04-09,April 2026,2026-04-09T16:00:00Z,2026-04-11T03:59:59Z,United States,2025/26,High-tier tariff/other,"1000 Short Tons, Raw Value",676,642,34,WASDE-670-V1,false
WASDE-670-V1:edd6819d2509,WASDE-669-V1:ca03470e35d2,670,2026-04-09,April 2026,2026-04-09T16:00:00Z,2026-04-11T03:59:59Z,United States,2025/26,Imports,"1000 Short Tons, Raw Value",2512,2427,85,WASDE-670-V1,false
WASDE-670-V1:edd6819d2509,WASDE-669-V1:ca03470e35d2,670,2026-04-09,April 2026,2026-04-09T16:00:00Z,2026-04-11T03:59:59Z,United States,2025/26,Louisiana,"1000 Short Tons, Raw Value",2232,2232,0,WASDE-670-V1,false
WASDE-670-V1:edd6819d2509,WASDE-669-V1:ca03470e35d2,670,2026-04-09,April 2026,2026-04-09T16:00:00Z,2026-04-11T03:59:59Z,United States,2025/26,Mexico,"1000 Short Tons, Raw Value",220,220,0,WASDE-670-V1,false
WASDE-670-V1:edd6819d2509,WASDE-669-V1:ca03470e35d2,670,2026-04-09,April 2026,2026-04-09T16:00:00Z,2026-04-11T03:59:59Z,United States,2025/26,Miscellaneous,"1000 Short Tons, Raw Value",0,0,0,WASDE-670-V1,false
WASDE-670-V1:edd6819d2509,WASDE-669-V1:ca03470e35d2,670,2026-04-09,April 2026,2026-04-09T16:00:00Z,2026-04-11T03:59:59Z,United States,2025/26,Non-program,"1000 Short Tons, Raw Value",896,861,35,WASDE-670-V1,false
WASDE-670-V1:edd6819d2509,WASDE-669-V1:ca03470e35d2,670,2026-04-09,April 2026,2026-04-09T16:00:00Z,2026-04-11T03:59:59Z,United States,2025/26,Other Program,"1000 Short Tons, Raw Value",300,250,50,WASDE-670-V1,false
WASDE-670-V1:edd6819d2509,WASDE-669-V1:ca03470e35d2,670,2026-04-09,April 2026,2026-04-09T16:00:00Z,2026-04-11T03:59:59Z,United States,2025/26,Production,"1000 Short Tons, Raw Value",9268,9280,-12,WASDE-670-V1,false
WASDE-670-V1:edd6819d2509,WASDE-669-V1:ca03470e35d2,670,2026-04-09,April 2026,2026-04-09T16:00:00Z,2026-04-11T03:59:59Z,United States,2025/26,Stocks to Use Ratio,Percent,15.2,15.2,0,WASDE-670-V1,false
WASDE-670-V1:edd6819d2509,WASDE-669-V1:ca03470e35d2,670,2026-04-09,April 2026,2026-04-09T16:00:00Z,2026-04-11T03:59:59Z,United States,2025/26,TRQ,"1000 Short Tons, Raw Value",1316,1316,0,WASDE-670-V1,false
WASDE-670-V1:edd6819d2509,WASDE-669-V1:ca03470e35d2,670,2026-04-09,April 2026,2026-04-09T16:00:00Z,2026-04-11T03:59:59Z,United States,2025/26,Texas,"1000 Short Tons, Raw Value",0,0,0,WASDE-670-V1,false
WASDE-670-V1:edd6819d2509,WASDE-669-V1:ca03470e35d2,670,2026-04-09,April 2026,2026-04-09T16:00:00Z,2026-04-11T03:59:59Z,United States,2025/26,Total Supply,"1000 Short Tons, Raw Value",14269,14197,72,WASDE-670-V1,false
WASDE-670-V1:edd6819d2509,WASDE-669-V1:ca03470e35d2,670,2026-04-09,April 2026,2026-04-09T16:00:00Z,2026-04-11T03:59:59Z,United States,2025/26,Total Use,"1000 Short Tons, Raw Value",12389,12320,69,WASDE-670-V1,false
WASDE-671-V2:de983bfa4a5f,WASDE-670-V1:edd6819d2509,671,2026-05-12,May 2026,2026-05-12T16:00:00Z,2026-05-14T03:59:59Z,Mexico,2025/26,Beginning Stocks,"1000 Metric Tons, Actual Weight",1123,1123,0,WASDE-671-V2,true
WASDE-671-V2:de983bfa4a5f,WASDE-670-V1:edd6819d2509,671,2026-05-12,May 2026,2026-05-12T16:00:00Z,2026-05-14T03:59:59Z,Mexico,2025/26,Domestic,"1000 Metric Tons, Actual Weight",4297,4297,0,WASDE-671-V2,true
WASDE-671-V2:de983bfa4a5f,WASDE-670-V1:edd6819d2509,671,2026-05-12,May 2026,2026-05-12T16:00:00Z,2026-05-14T03:59:59Z,Mexico,2025/26,Ending Stocks,"1000 Metric Tons, Actual Weight",1068,1068,0,WASDE-671-V2,true
WASDE-671-V2:de983bfa4a5f,WASDE-670-V1:edd6819d2509,671,2026-05-12,May 2026,2026-05-12T16:00:00Z,2026-05-14T03:59:59Z,Mexico,2025/26,Exports,"1000 Metric Tons, Actual Weight",989,935,54,WASDE-671-V2,true
WASDE-671-V2:de983bfa4a5f,WASDE-670-V1:edd6819d2509,671,2026-05-12,May 2026,2026-05-12T16:00:00Z,2026-05-14T03:59:59Z,Mexico,2025/26,Imports,"1000 Metric Tons, Actual Weight",52,52,0,WASDE-671-V2,true
WASDE-671-V2:de983bfa4a5f,WASDE-670-V1:edd6819d2509,671,2026-05-12,May 2026,2026-05-12T16:00:00Z,2026-05-14T03:59:59Z,Mexico,2025/26,Production,"1000 Metric Tons, Actual Weight",5179,5125,54,WASDE-671-V2,true
WASDE-671-V2:de983bfa4a5f,WASDE-670-V1:edd6819d2509,671,2026-05-12,May 2026,2026-05-12T16:00:00Z,2026-05-14T03:59:59Z,United States,2024/25,Beet Sugar,"1000 Short Tons, Raw Value",5370,5370,0,WASDE-671-V2,true
WASDE-671-V2:de983bfa4a5f,WASDE-670-V1:edd6819d2509,671,2026-05-12,May 2026,2026-05-12T16:00:00Z,2026-05-14T03:59:59Z,United States,2024/25,Beginning Stocks,"1000 Short Tons, Raw Value",2220,2220,0,WASDE-671-V2,true
WASDE-671-V2:de983bfa4a5f,WASDE-670-V1:edd6819d2509,671,2026-05-12,May 2026,2026-05-12T16:00:00Z,2026-05-14T03:59:59Z,United States,2024/25,Cane Sugar,"1000 Short Tons, Raw Value",4027,4027,0,WASDE-671-V2,true
WASDE-671-V2:de983bfa4a5f,WASDE-670-V1:edd6819d2509,671,2026-05-12,May 2026,2026-05-12T16:00:00Z,2026-05-14T03:59:59Z,United States,2024/25,Deliveries,"1000 Short Tons, Raw Value",12450,12450,0,WASDE-671-V2,true
WASDE-671-V2:de983bfa4a5f,WASDE-670-V1:edd6819d2509,671,2026-05-12,May 2026,2026-05-12T16:00:00Z,2026-05-14T03:59:59Z,United States,2024/25,Ending Stocks,"1000 Short Tons, Raw Value",2490,2490,0,WASDE-671-V2,true
WASDE-671-V2:de983bfa4a5f,WASDE-670-V1:edd6819d2509,671,2026-05-12,May 2026,2026-05-12T16:00:00Z,2026-05-14T03:59:59Z,United States,2024/25,Exports,"1000 Short Tons, Raw Value",111,111,0,WASDE-671-V2,true
WASDE-671-V2:de983bfa4a5f,WASDE-670-V1:edd6819d2509,671,2026-05-12,May 2026,2026-05-12T16:00:00Z,2026-05-14T03:59:59Z,United States,2024/25,Exports - Other,"1000 Short Tons, Raw Value",111,111,0,WASDE-671-V2,true
WASDE-671-V2:de983bfa4a5f,WASDE-670-V1:edd6819d2509,671,2026-05-12,May 2026,2026-05-12T16:00:00Z,2026-05-14T03:59:59Z,United States,2024/25,Florida,"1000 Short Tons, Raw Value",1932,1932,0,WASDE-671-V2,true
WASDE-671-V2:de983bfa4a5f,WASDE-670-V1:edd6819d2509,671,2026-05-12,May 2026,2026-05-12T16:00:00Z,2026-05-14T03:59:59Z,United States,2024/25,Food,"1000 Short Tons, Raw Value",12340,12340,0,WASDE-671-V2,true
WASDE-671-V2:de983bfa4a5f,WASDE-670-V1:edd6819d2509,671,2026-05-12,May 2026,2026-05-12T16:00:00Z,2026-05-14T03:59:59Z,United States,2024/25,High-tier tariff/other,"1000 Short Tons, Raw Value",980,980,0,WASDE-671-V2,true
WASDE-671-V2:de983bfa4a5f,WASDE-670-V1:edd6819d2509,671,2026-05-12,May 2026,2026-05-12T16:00:00Z,2026-05-14T03:59:59Z,United States,2024/25,Imports,"1000 Short Tons, Raw Value",3393,3393,0,WASDE-671-V2,true
WASDE-671-V2:de983bfa4a5f,WASDE-670-V1:edd6819d2509,671,2026-05-12,May 2026,2026-05-12T16:00:00Z,2026-05-14T03:59:59Z,United States,2024/25,Louisiana,"1000 Short Tons, Raw Value",2095,2095,0,WASDE-671-V2,true
WASDE-671-V2:de983bfa4a5f,WASDE-670-V1:edd6819d2509,671,2026-05-12,May 2026,2026-05-12T16:00:00Z,2026-05-14T03:59:59Z,United States,2024/25,Mexico,"1000 Short Tons, Raw Value",504,504,0,WASDE-671-V2,true
WASDE-671-V2:de983bfa4a5f,WASDE-670-V1:edd6819d2509,671,2026-05-12,May 2026,2026-05-12T16:00:00Z,2026-05-14T03:59:59Z,United States,2024/25,Miscellaneous,"1000 Short Tons, Raw Value",-41,-41,0,WASDE-671-V2,true
WASDE-671-V2:de983bfa4a5f,WASDE-670-V1:edd6819d2509,671,2026-05-12,May 2026,2026-05-12T16:00:00Z,2026-05-14T03:59:59Z,United States,2024/25,Non-program,"1000 Short Tons, Raw Value",1485,1485,0,WASDE-671-V2,true
WASDE-671-V2:de983bfa4a5f,WASDE-670-V1:edd6819d2509,671,2026-05-12,May 2026,2026-05-12T16:00:00Z,2026-05-14T03:59:59Z,United States,2024/25,Other Program,"1000 Short Tons, Raw Value",373,373,0,WASDE-671-V2,true
WASDE-671-V2:de983bfa4a5f,WASDE-670-V1:edd6819d2509,671,2026-05-12,May 2026,2026-05-12T16:00:00Z,2026-05-14T03:59:59Z,United States,2024/25,Production,"1000 Short Tons, Raw Value",9397,9397,0,WASDE-671-V2,true
WASDE-671-V2:de983bfa4a5f,WASDE-670-V1:edd6819d2509,671,2026-05-12,May 2026,2026-05-12T16:00:00Z,2026-05-14T03:59:59Z,United States,2024/25,Stocks to Use Ratio,Percent,19.9,19.9,0,WASDE-671-V2,true
WASDE-671-V2:de983bfa4a5f,WASDE-670-V1:edd6819d2509,671,2026-05-12,May 2026,2026-05-12T16:00:00Z,2026-05-14T03:59:59Z,United States,2024/25,TRQ,"1000 Short Tons, Raw Value",1534,1534,0,WASDE-671-V2,true
WASDE-671-V2:de983bfa4a5f,WASDE-670-V1:edd6819d2509,671,2026-05-12,May 2026,2026-05-12T16:00:00Z,2026-05-14T03:59:59Z,United States,2024/25,Texas,"1000 Short Tons, Raw Value",0,0,0,WASDE-671-V2,true
WASDE-671-V2:de983bfa4a5f,WASDE-670-V1:edd6819d2509,671,2026-05-12,May 2026,2026-05-12T16:00:00Z,2026-05-14T03:59:59Z,United States,2024/25,Total Supply,"1000 Short Tons, Raw Value",15009,15009,0,WASDE-671-V2,true
WASDE-671-V2:de983bfa4a5f,WASDE-670-V1:edd6819d2509,671,2026-05-12,May 2026,2026-05-12T16:00:00Z,2026-05-14T03:59:59Z,United States,2024/25,Total Use,"1000 Short Tons, Raw Value",12520,12520,0,WASDE-671-V2,true
WASDE-671-V2:de983bfa4a5f,WASDE-670-V1:edd6819d2509,671,2026-05-12,May 2026,2026-05-12T16:00:00Z,2026-05-14T03:59:59Z,United States,2025/26,Beet Sugar,"1000 Short Tons, Raw Value",5021,5060,-39,WASDE-671-V2,true
WASDE-671-V2:de983bfa4a5f,WASDE-670-V1:edd6819d2509,671,2026-05-12,May 2026,2026-05-12T16:00:00Z,2026-05-14T03:59:59Z,United States,2025/26,Beginning Stocks,"1000 Short Tons, Raw Value",2490,2490,0,WASDE-671-V2,true
WASDE-671-V2:de983bfa4a5f,WASDE-670-V1:edd6819d2509,671,2026-05-12,May 2026,2026-05-12T16:00:00Z,2026-05-14T03:59:59Z,United States,2025/26,Cane Sugar,"1000 Short Tons, Raw Value",4218,4207,11,WASDE-671-V2,true
WASDE-671-V2:de983bfa4a5f,WASDE-670-V1:edd6819d2509,671,2026-05-12,May 2026,2026-05-12T16:00:00Z,2026-05-14T03:59:59Z,United States,2025/26,Deliveries,"1000 Short Tons, Raw Value",12364,12364,0,WASDE-671-V2,true
WASDE-671-V2:de983bfa4a5f,WASDE-670-V1:edd6819d2509,671,2026-05-12,May 2026,2026-05-12T16:00:00Z,2026-05-14T03:59:59Z,United States,2025/26,Ending Stocks,"1000 Short Tons, Raw Value",1992,1880,112,WASDE-671-V2,true
WASDE-671-V2:de983bfa4a5f,WASDE-670-V1:edd6819d2509,671,2026-05-12,May 2026,2026-05-12T16:00:00Z,2026-05-14T03:59:59Z,United States,2025/26,Exports,"1000 Short Tons, Raw Value",25,25,0,WASDE-671-V2,true
WASDE-671-V2:de983bfa4a5f,WASDE-670-V1:edd6819d2509,671,2026-05-12,May 2026,2026-05-12T16:00:00Z,2026-05-14T03:59:59Z,United States,2025/26,Exports - Other,"1000 Short Tons, Raw Value",105,105,0,WASDE-671-V2,true
WASDE-671-V2:de983bfa4a5f,WASDE-670-V1:edd6819d2509,671,2026-05-12,May 2026,2026-05-12T16:00:00Z,2026-05-14T03:59:59Z,United States,2025/26,Florida,"1000 Short Tons, Raw Value",1987,1976,11,WASDE-671-V2,true
WASDE-671-V2:de983bfa4a5f,WASDE-670-V1:edd6819d2509,671,2026-05-12,May 2026,2026-05-12T16:00:00Z,2026-05-14T03:59:59Z,United States,2025/26,Food,"1000 Short Tons, Raw Value",12259,12259,0,WASDE-671-V2,true
WASDE-671-V2:de983bfa4a5f,WASDE-670-V1:edd6819d2509,671,2026-05-12,May 2026,2026-05-12T16:00:00Z,2026-05-14T03:59:59Z,United States,2025/26,High-tier tariff/other,"1000 Short Tons, Raw Value",817,676,141,WASDE-671-V2,true
WASDE-671-V2:de983bfa4a5f,WASDE-670-V1:edd6819d2509,671,2026-05-12,May 2026,2026-05-12T16:00:00Z,2026-05-14T03:59:59Z,United States,2025/26,Imports,"1000 Short Tons, Raw Value",2653,2512,141,WASDE-671-V2,true
WASDE-671-V2:de983bfa4a5f,WASDE-670-V1:edd6819d2509,671,2026-05-12,May 2026,2026-05-12T16:00:00Z,2026-05-14T03:59:59Z,United States,2025/26,Louisiana,"1000 Short Tons, Raw Value",2232,2232,0,WASDE-671-V2,true
WASDE-671-V2:de983bfa4a5f,WASDE-670-V1:edd6819d2509,671,2026-05-12,May 2026,2026-05-12T16:00:00Z,2026-05-14T03:59:59Z,United States,2025/26,Mexico,"1000 Short Tons, Raw Value",220,220,0,WASDE-671-V2,true
WASDE-671-V2:de983bfa4a5f,WASDE-670-V1:edd6819d2509,671,2026-05-12,May 2026,2026-05-12T16:00:00Z,2026-05-14T03:59:59Z,United States,2025/26,Miscellaneous,"1000 Short Tons, Raw Value",0,0,0,WASDE-671-V2,true
WASDE-671-V2:de983bfa4a5f,WASDE-670-V1:edd6819d2509,671,2026-05-12,May 2026,2026-05-12T16:00:00Z,2026-05-14T03:59:59Z,United States,2025/26,Non-program,"1000 Short Tons, Raw Value",1037,896,141,WASDE-671-V2,true
WASDE-671-V2:de983bfa4a5f,WASDE-670-V1:edd6819d2509,671,2026-05-12,May 2026,2026-05-12T16:00:00Z,2026-05-14T03:59:59Z,United States,2025/26,Other Program,"1000 Short Tons, Raw Value",300,300,0,WASDE-671-V2,true
WASDE-671-V2:de983bfa4a5f,WASDE-670-V1:edd6819d2509,671,2026-05-12,May 2026,2026-05-12T16:00:00Z,2026-05-14T03:59:59Z,United States,2025/26,Production,"1000 Short Tons, Raw Value",9239,9268,-29,WASDE-671-V2,true
WASDE-671-V2:de983bfa4a5f,WASDE-670-V1:edd6819d2509,671,2026-05-12,May 2026,2026-05-12T16:00:00Z,2026-05-14T03:59:59Z,United States,2025/26,Stocks to Use Ratio,Percent,16.1,15.2,0.9,WASDE-671-V2,true
WASDE-671-V2:de983bfa4a5f,WASDE-670-V1:edd6819d2509,671,2026-05-12,May 2026,2026-05-12T16:00:00Z,2026-05-14T03:59:59Z,United States,2025/26,TRQ,"1000 Short Tons, Raw Value",1316,1316,0,WASDE-671-V2,true
WASDE-671-V2:de983bfa4a5f,WASDE-670-V1:edd6819d2509,671,2026-05-12,May 2026,2026-05-12T16:00:00Z,2026-05-14T03:59:59Z,United States,2025/26,Texas,"1000 Short Tons, Raw Value",0,0,0,WASDE-671-V2,true
WASDE-671-V2:de983bfa4a5f,WASDE-670-V1:edd6819d2509,671,2026-05-12,May 2026,2026-05-12T16:00:00Z,2026-05-14T03:59:59Z,United States,2025/26,Total Supply,"1000 Short Tons, Raw Value",14381,14269,112,WASDE-671-V2,true
WASDE-671-V2:de983bfa4a5f,WASDE-670-V1:edd6819d2509,671,2026-05-12,May 2026,2026-05-12T16:00:00Z,2026-05-14T03:59:59Z,United States,2025/26,Total Use,"1000 Short Tons, Raw Value",12389,12389,0,WASDE-671-V2,true
WASDE-672-V2:d14f9e19550c,WASDE-671-V2:de983bfa4a5f,672,2026-06-11,June 2026,2026-06-11T16:00:00Z,2026-06-13T03:59:59Z,Mexico,2025/26,Beginning Stocks,"1000 Metric Tons, Actual Weight",1123,1123,0,WASDE-672-V2,true
WASDE-672-V2:d14f9e19550c,WASDE-671-V2:de983bfa4a5f,672,2026-06-11,June 2026,2026-06-11T16:00:00Z,2026-06-13T03:59:59Z,Mexico,2025/26,Domestic,"1000 Metric Tons, Actual Weight",4297,4297,0,WASDE-672-V2,true
WASDE-672-V2:d14f9e19550c,WASDE-671-V2:de983bfa4a5f,672,2026-06-11,June 2026,2026-06-11T16:00:00Z,2026-06-13T03:59:59Z,Mexico,2025/26,Ending Stocks,"1000 Metric Tons, Actual Weight",1176,1068,108,WASDE-672-V2,true
WASDE-672-V2:d14f9e19550c,WASDE-671-V2:de983bfa4a5f,672,2026-06-11,June 2026,2026-06-11T16:00:00Z,2026-06-13T03:59:59Z,Mexico,2025/26,Exports,"1000 Metric Tons, Actual Weight",938,989,-51,WASDE-672-V2,true
WASDE-672-V2:d14f9e19550c,WASDE-671-V2:de983bfa4a5f,672,2026-06-11,June 2026,2026-06-11T16:00:00Z,2026-06-13T03:59:59Z,Mexico,2025/26,Imports,"1000 Metric Tons, Actual Weight",52,52,0,WASDE-672-V2,true
WASDE-672-V2:d14f9e19550c,WASDE-671-V2:de983bfa4a5f,672,2026-06-11,June 2026,2026-06-11T16:00:00Z,2026-06-13T03:59:59Z,Mexico,2025/26,Production,"1000 Metric Tons, Actual Weight",5236,5179,57,WASDE-672-V2,true
WASDE-672-V2:d14f9e19550c,WASDE-671-V2:de983bfa4a5f,672,2026-06-11,June 2026,2026-06-11T16:00:00Z,2026-06-13T03:59:59Z,Mexico,2026/27,Beginning Stocks,"1000 Metric Tons, Actual Weight",1176,1068,108,WASDE-672-V2,true
WASDE-672-V2:d14f9e19550c,WASDE-671-V2:de983bfa4a5f,672,2026-06-11,June 2026,2026-06-11T16:00:00Z,2026-06-13T03:59:59Z,Mexico,2026/27,Domestic,"1000 Metric Tons, Actual Weight",4226,4226,0,WASDE-672-V2,true
WASDE-672-V2:d14f9e19550c,WASDE-671-V2:de983bfa4a5f,672,2026-06-11,June 2026,2026-06-11T16:00:00Z,2026-06-13T03:59:59Z,Mexico,2026/27,Ending Stocks,"1000 Metric Tons, Actual Weight",1063,1117,-54,WASDE-672-V2,true
WASDE-672-V2:d14f9e19550c,WASDE-671-V2:de983bfa4a5f,672,2026-06-11,June 2026,2026-06-11T16:00:00Z,2026-06-13T03:59:59Z,Mexico,2026/27,Exports,"1000 Metric Tons, Actual Weight",1198,895,303,WASDE-672-V2,true
WASDE-672-V2:d14f9e19550c,WASDE-671-V2:de983bfa4a5f,672,2026-06-11,June 2026,2026-06-11T16:00:00Z,2026-06-13T03:59:59Z,Mexico,2026/27,Imports,"1000 Metric Tons, Actual Weight",28,28,0,WASDE-672-V2,true
WASDE-672-V2:d14f9e19550c,WASDE-671-V2:de983bfa4a5f,672,2026-06-11,June 2026,2026-06-11T16:00:00Z,2026-06-13T03:59:59Z,Mexico,2026/27,Production,"1000 Metric Tons, Actual Weight",5283,5142,141,WASDE-672-V2,true
WASDE-672-V2:d14f9e19550c,WASDE-671-V2:de983bfa4a5f,672,2026-06-11,June 2026,2026-06-11T16:00:00Z,2026-06-13T03:59:59Z,United States,2024/25,Beet Sugar,"1000 Short Tons, Raw Value",5370,5370,0,WASDE-672-V2,true
WASDE-672-V2:d14f9e19550c,WASDE-671-V2:de983bfa4a5f,672,2026-06-11,June 2026,2026-06-11T16:00:00Z,2026-06-13T03:59:59Z,United States,2024/25,Beginning Stocks,"1000 Short Tons, Raw Value",2220,2220,0,WASDE-672-V2,true
WASDE-672-V2:d14f9e19550c,WASDE-671-V2:de983bfa4a5f,672,2026-06-11,June 2026,2026-06-11T16:00:00Z,2026-06-13T03:59:59Z,United States,2024/25,Cane Sugar,"1000 Short Tons, Raw Value",4027,4027,0,WASDE-672-V2,true
WASDE-672-V2:d14f9e19550c,WASDE-671-V2:de983bfa4a5f,672,2026-06-11,June 2026,2026-06-11T16:00:00Z,2026-06-13T03:59:59Z,United States,2024/25,Deliveries,"1000 Short Tons, Raw Value",12450,12450,0,WASDE-672-V2,true
WASDE-672-V2:d14f9e19550c,WASDE-671-V2:de983bfa4a5f,672,2026-06-11,June 2026,2026-06-11T16:00:00Z,2026-06-13T03:59:59Z,United States,2024/25,Ending Stocks,"1000 Short Tons, Raw Value",2490,2490,0,WASDE-672-V2,true
WASDE-672-V2:d14f9e19550c,WASDE-671-V2:de983bfa4a5f,672,2026-06-11,June 2026,2026-06-11T16:00:00Z,2026-06-13T03:59:59Z,United States,2024/25,Exports,"1000 Short Tons, Raw Value",111,111,0,WASDE-672-V2,true
WASDE-672-V2:d14f9e19550c,WASDE-671-V2:de983bfa4a5f,672,2026-06-11,June 2026,2026-06-11T16:00:00Z,2026-06-13T03:59:59Z,United States,2024/25,Exports - Other,"1000 Short Tons, Raw Value",111,111,0,WASDE-672-V2,true
WASDE-672-V2:d14f9e19550c,WASDE-671-V2:de983bfa4a5f,672,2026-06-11,June 2026,2026-06-11T16:00:00Z,2026-06-13T03:59:59Z,United States,2024/25,Florida,"1000 Short Tons, Raw Value",1932,1932,0,WASDE-672-V2,true
WASDE-672-V2:d14f9e19550c,WASDE-671-V2:de983bfa4a5f,672,2026-06-11,June 2026,2026-06-11T16:00:00Z,2026-06-13T03:59:59Z,United States,2024/25,Food,"1000 Short Tons, Raw Value",12340,12340,0,WASDE-672-V2,true
WASDE-672-V2:d14f9e19550c,WASDE-671-V2:de983bfa4a5f,672,2026-06-11,June 2026,2026-06-11T16:00:00Z,2026-06-13T03:59:59Z,United States,2024/25,High-tier tariff/other,"1000 Short Tons, Raw Value",980,980,0,WASDE-672-V2,true
WASDE-672-V2:d14f9e19550c,WASDE-671-V2:de983bfa4a5f,672,2026-06-11,June 2026,2026-06-11T16:00:00Z,2026-06-13T03:59:59Z,United States,2024/25,Imports,"1000 Short Tons, Raw Value",3393,3393,0,WASDE-672-V2,true
WASDE-672-V2:d14f9e19550c,WASDE-671-V2:de983bfa4a5f,672,2026-06-11,June 2026,2026-06-11T16:00:00Z,2026-06-13T03:59:59Z,United States,2024/25,Louisiana,"1000 Short Tons, Raw Value",2095,2095,0,WASDE-672-V2,true
WASDE-672-V2:d14f9e19550c,WASDE-671-V2:de983bfa4a5f,672,2026-06-11,June 2026,2026-06-11T16:00:00Z,2026-06-13T03:59:59Z,United States,2024/25,Mexico,"1000 Short Tons, Raw Value",504,504,0,WASDE-672-V2,true
WASDE-672-V2:d14f9e19550c,WASDE-671-V2:de983bfa4a5f,672,2026-06-11,June 2026,2026-06-11T16:00:00Z,2026-06-13T03:59:59Z,United States,2024/25,Miscellaneous,"1000 Short Tons, Raw Value",-41,-41,0,WASDE-672-V2,true
WASDE-672-V2:d14f9e19550c,WASDE-671-V2:de983bfa4a5f,672,2026-06-11,June 2026,2026-06-11T16:00:00Z,2026-06-13T03:59:59Z,United States,2024/25,Non-program,"1000 Short Tons, Raw Value",1485,1485,0,WASDE-672-V2,true
WASDE-672-V2:d14f9e19550c,WASDE-671-V2:de983bfa4a5f,672,2026-06-11,June 2026,2026-06-11T16:00:00Z,2026-06-13T03:59:59Z,United States,2024/25,Other Program,"1000 Short Tons, Raw Value",373,373,0,WASDE-672-V2,true
WASDE-672-V2:d14f9e19550c,WASDE-671-V2:de983bfa4a5f,672,2026-06-11,June 2026,2026-06-11T16:00:00Z,2026-06-13T03:59:59Z,United States,2024/25,Production,"1000 Short Tons, Raw Value",9397,9397,0,WASDE-672-V2,true
WASDE-672-V2:d14f9e19550c,WASDE-671-V2:de983bfa4a5f,672,2026-06-11,June 2026,2026-06-11T16:00:00Z,2026-06-13T03:59:59Z,United States,2024/25,Stocks to Use Ratio,Percent,19.9,19.9,0,WASDE-672-V2,true
WASDE-672-V2:d14f9e19550c,WASDE-671-V2:de983bfa4a5f,672,2026-06-11,June 2026,2026-06-11T16:00:00Z,2026-06-13T03:59:59Z,United States,2024/25,TRQ,"1000 Short Tons, Raw Value",1534,1534,0,WASDE-672-V2,true
WASDE-672-V2:d14f9e19550c,WASDE-671-V2:de983bfa4a5f,672,2026-06-11,June 2026,2026-06-11T16:00:00Z,2026-06-13T03:59:59Z,United States,2024/25,Texas,"1000 Short Tons, Raw Value",0,0,0,WASDE-672-V2,true
WASDE-672-V2:d14f9e19550c,WASDE-671-V2:de983bfa4a5f,672,2026-06-11,June 2026,2026-06-11T16:00:00Z,2026-06-13T03:59:59Z,United States,2024/25,Total Supply,"1000 Short Tons, Raw Value",15009,15009,0,WASDE-672-V2,true
WASDE-672-V2:d14f9e19550c,WASDE-671-V2:de983bfa4a5f,672,2026-06-11,June 2026,2026-06-11T16:00:00Z,2026-06-13T03:59:59Z,United States,2024/25,Total Use,"1000 Short Tons, Raw Value",12520,12520,0,WASDE-672-V2,true
WASDE-672-V2:d14f9e19550c,WASDE-671-V2:de983bfa4a5f,672,2026-06-11,June 2026,2026-06-11T16:00:00Z,2026-06-13T03:59:59Z,United States,2025/26,Beet Sugar,"1000 Short Tons, Raw Value",5009,5021,-12,WASDE-672-V2,true
WASDE-672-V2:d14f9e19550c,WASDE-671-V2:de983bfa4a5f,672,2026-06-11,June 2026,2026-06-11T16:00:00Z,2026-06-13T03:59:59Z,United States,2025/26,Beginning Stocks,"1000 Short Tons, Raw Value",2490,2490,0,WASDE-672-V2,true
WASDE-672-V2:d14f9e19550c,WASDE-671-V2:de983bfa4a5f,672,2026-06-11,June 2026,2026-06-11T16:00:00Z,2026-06-13T03:59:59Z,United States,2025/26,Cane Sugar,"1000 Short Tons, Raw Value",4214,4218,-4,WASDE-672-V2,true
WASDE-672-V2:d14f9e19550c,WASDE-671-V2:de983bfa4a5f,672,2026-06-11,June 2026,2026-06-11T16:00:00Z,2026-06-13T03:59:59Z,United States,2025/26,Deliveries,"1000 Short Tons, Raw Value",12490,12364,126,WASDE-672-V2,true
WASDE-672-V2:d14f9e19550c,WASDE-671-V2:de983bfa4a5f,672,2026-06-11,June 2026,2026-06-11T16:00:00Z,2026-06-13T03:59:59Z,United States,2025/26,Ending Stocks,"1000 Short Tons, Raw Value",1851,1992,-141,WASDE-672-V2,true
WASDE-672-V2:d14f9e19550c,WASDE-671-V2:de983bfa4a5f,672,2026-06-11,June 2026,2026-06-11T16:00:00Z,2026-06-13T03:59:59Z,United States,2025/26,Exports,"1000 Short Tons, Raw Value",25,25,0,WASDE-672-V2,true
WASDE-672-V2:d14f9e19550c,WASDE-671-V2:de983bfa4a5f,672,2026-06-11,June 2026,2026-06-11T16:00:00Z,2026-06-13T03:59:59Z,United States,2025/26,Exports - Other,"1000 Short Tons, Raw Value",105,105,0,WASDE-672-V2,true
WASDE-672-V2:d14f9e19550c,WASDE-671-V2:de983bfa4a5f,672,2026-06-11,June 2026,2026-06-11T16:00:00Z,2026-06-13T03:59:59Z,United States,2025/26,Florida,"1000 Short Tons, Raw Value",1983,1987,-4,WASDE-672-V2,true
WASDE-672-V2:d14f9e19550c,WASDE-671-V2:de983bfa4a5f,672,2026-06-11,June 2026,2026-06-11T16:00:00Z,2026-06-13T03:59:59Z,United States,2025/26,Food,"1000 Short Tons, Raw Value",12385,12259,126,WASDE-672-V2,true
WASDE-672-V2:d14f9e19550c,WASDE-671-V2:de983bfa4a5f,672,2026-06-11,June 2026,2026-06-11T16:00:00Z,2026-06-13T03:59:59Z,United States,2025/26,High-tier tariff/other,"1000 Short Tons, Raw Value",817,817,0,WASDE-672-V2,true
WASDE-672-V2:d14f9e19550c,WASDE-671-V2:de983bfa4a5f,672,2026-06-11,June 2026,2026-06-11T16:00:00Z,2026-06-13T03:59:59Z,United States,2025/26,Imports,"1000 Short Tons, Raw Value",2653,2653,0,WASDE-672-V2,true
WASDE-672-V2:d14f9e19550c,WASDE-671-V2:de983bfa4a5f,672,2026-06-11,June 2026,2026-06-11T16:00:00Z,2026-06-13T03:59:59Z,United States,2025/26,Louisiana,"1000 Short Tons, Raw Value",2232,2232,0,WASDE-672-V2,true
WASDE-672-V2:d14f9e19550c,WASDE-671-V2:de983bfa4a5f,672,2026-06-11,June 2026,2026-06-11T16:00:00Z,2026-06-13T03:59:59Z,United States,2025/26,Mexico,"1000 Short Tons, Raw Value",220,220,0,WASDE-672-V2,true
WASDE-672-V2:d14f9e19550c,WASDE-671-V2:de983bfa4a5f,672,2026-06-11,June 2026,2026-06-11T16:00:00Z,2026-06-13T03:59:59Z,United States,2025/26,Miscellaneous,"1000 Short Tons, Raw Value",0,0,0,WASDE-672-V2,true
WASDE-672-V2:d14f9e19550c,WASDE-671-V2:de983bfa4a5f,672,2026-06-11,June 2026,2026-06-11T16:00:00Z,2026-06-13T03:59:59Z,United States,2025/26,Non-program,"1000 Short Tons, Raw Value",1037,1037,0,WASDE-672-V2,true
WASDE-672-V2:d14f9e19550c,WASDE-671-V2:de983bfa4a5f,672,2026-06-11,June 2026,2026-06-11T16:00:00Z,2026-06-13T03:59:59Z,United States,2025/26,Other Program,"1000 Short Tons, Raw Value",300,300,0,WASDE-672-V2,true
WASDE-672-V2:d14f9e19550c,WASDE-671-V2:de983bfa4a5f,672,2026-06-11,June 2026,2026-06-11T16:00:00Z,2026-06-13T03:59:59Z,United States,2025/26,Production,"1000 Short Tons, Raw Value",9223,9239,-16,WASDE-672-V2,true
WASDE-672-V2:d14f9e19550c,WASDE-671-V2:de983bfa4a5f,672,2026-06-11,June 2026,2026-06-11T16:00:00Z,2026-06-13T03:59:59Z,United States,2025/26,Stocks to Use Ratio,Percent,14.8,16.1,-1.3,WASDE-672-V2,true
WASDE-672-V2:d14f9e19550c,WASDE-671-V2:de983bfa4a5f,672,2026-06-11,June 2026,2026-06-11T16:00:00Z,2026-06-13T03:59:59Z,United States,2025/26,TRQ,"1000 Short Tons, Raw Value",1316,1316,0,WASDE-672-V2,true
WASDE-672-V2:d14f9e19550c,WASDE-671-V2:de983bfa4a5f,672,2026-06-11,June 2026,2026-06-11T16:00:00Z,2026-06-13T03:59:59Z,United States,2025/26,Texas,"1000 Short Tons, Raw Value",0,0,0,WASDE-672-V2,true
WASDE-672-V2:d14f9e19550c,WASDE-671-V2:de983bfa4a5f,672,2026-06-11,June 2026,2026-06-11T16:00:00Z,2026-06-13T03:59:59Z,United States,2025/26,Total Supply,"1000 Short Tons, Raw Value",14366,14381,-15,WASDE-672-V2,true
WASDE-672-V2:d14f9e19550c,WASDE-671-V2:de983bfa4a5f,672,2026-06-11,June 2026,2026-06-11T16:00:00Z,2026-06-13T03:59:59Z,United States,2025/26,Total Use,"1000 Short Tons, Raw Value",12515,12389,126,WASDE-672-V2,true
WASDE-672-V2:d14f9e19550c,WASDE-671-V2:de983bfa4a5f,672,2026-06-11,June 2026,2026-06-11T16:00:00Z,2026-06-13T03:59:59Z,United States,2026/27,Beet Sugar,"1000 Short Tons, Raw Value",4939,4722,217,WASDE-672-V2,true
WASDE-672-V2:d14f9e19550c,WASDE-671-V2:de983bfa4a5f,672,2026-06-11,June 2026,2026-06-11T16:00:00Z,2026-06-13T03:59:59Z,United States,2026/27,Beginning Stocks,"1000 Short Tons, Raw Value",1851,1992,-141,WASDE-672-V2,true
WASDE-672-V2:d14f9e19550c,WASDE-671-V2:de983bfa4a5f,672,2026-06-11,June 2026,2026-06-11T16:00:00Z,2026-06-13T03:59:59Z,United States,2026/27,Cane Sugar,"1000 Short Tons, Raw Value",4125,4088,37,WASDE-672-V2,true
WASDE-672-V2:d14f9e19550c,WASDE-671-V2:de983bfa4a5f,672,2026-06-11,June 2026,2026-06-11T16:00:00Z,2026-06-13T03:59:59Z,United States,2026/27,Deliveries,"1000 Short Tons, Raw Value",12490,12364,126,WASDE-672-V2,true
WASDE-672-V2:d14f9e19550c,WASDE-671-V2:de983bfa4a5f,672,2026-06-11,June 2026,2026-06-11T16:00:00Z,2026-06-13T03:59:59Z,United States,2026/27,Ending Stocks,"1000 Short Tons, Raw Value",1660,1673,-13,WASDE-672-V2,true
WASDE-672-V2:d14f9e19550c,WASDE-671-V2:de983bfa4a5f,672,2026-06-11,June 2026,2026-06-11T16:00:00Z,2026-06-13T03:59:59Z,United States,2026/27,Exports,"1000 Short Tons, Raw Value",25,25,0,WASDE-672-V2,true
WASDE-672-V2:d14f9e19550c,WASDE-671-V2:de983bfa4a5f,672,2026-06-11,June 2026,2026-06-11T16:00:00Z,2026-06-13T03:59:59Z,United States,2026/27,Exports - Other,"1000 Short Tons, Raw Value",105,105,0,WASDE-672-V2,true
WASDE-672-V2:d14f9e19550c,WASDE-671-V2:de983bfa4a5f,672,2026-06-11,June 2026,2026-06-11T16:00:00Z,2026-06-13T03:59:59Z,United States,2026/27,Florida,"1000 Short Tons, Raw Value",1979,1942,37,WASDE-672-V2,true
WASDE-672-V2:d14f9e19550c,WASDE-671-V2:de983bfa4a5f,672,2026-06-11,June 2026,2026-06-11T16:00:00Z,2026-06-13T03:59:59Z,United States,2026/27,Food,"1000 Short Tons, Raw Value",12385,12259,126,WASDE-672-V2,true
WASDE-672-V2:d14f9e19550c,WASDE-671-V2:de983bfa4a5f,672,2026-06-11,June 2026,2026-06-11T16:00:00Z,2026-06-13T03:59:59Z,United States,2026/27,High-tier tariff/other,"1000 Short Tons, Raw Value",492,492,0,WASDE-672-V2,true
WASDE-672-V2:d14f9e19550c,WASDE-671-V2:de983bfa4a5f,672,2026-06-11,June 2026,2026-06-11T16:00:00Z,2026-06-13T03:59:59Z,United States,2026/27,Imports,"1000 Short Tons, Raw Value",3260,3260,0,WASDE-672-V2,true
WASDE-672-V2:d14f9e19550c,WASDE-671-V2:de983bfa4a5f,672,2026-06-11,June 2026,2026-06-11T16:00:00Z,2026-06-13T03:59:59Z,United States,2026/27,Louisiana,"1000 Short Tons, Raw Value",2146,2146,0,WASDE-672-V2,true
WASDE-672-V2:d14f9e19550c,WASDE-671-V2:de983bfa4a5f,672,2026-06-11,June 2026,2026-06-11T16:00:00Z,2026-06-13T03:59:59Z,United States,2026/27,Mexico,"1000 Short Tons, Raw Value",1046,1046,0,WASDE-672-V2,true
WASDE-672-V2:d14f9e19550c,WASDE-671-V2:de983bfa4a5f,672,2026-06-11,June 2026,2026-06-11T16:00:00Z,2026-06-13T03:59:59Z,United States,2026/27,Miscellaneous,"1000 Short Tons, Raw Value",0,0,0,WASDE-672-V2,true
WASDE-672-V2:d14f9e19550c,WASDE-671-V2:de983bfa4a5f,672,2026-06-11,June 2026,2026-06-11T16:00:00Z,2026-06-13T03:59:59Z,United States,2026/27,Non-program,"1000 Short Tons, Raw Value",1538,1538,0,WASDE-672-V2,true
WASDE-672-V2:d14f9e19550c,WASDE-671-V2:de983bfa4a5f,672,2026-06-11,June 2026,2026-06-11T16:00:00Z,2026-06-13T03:59:59Z,United States,2026/27,Other Program,"1000 Short Tons, Raw Value",300,300,0,WASDE-672-V2,true
WASDE-672-V2:d14f9e19550c,WASDE-671-V2:de983bfa4a5f,672,2026-06-11,June 2026,2026-06-11T16:00:00Z,2026-06-13T03:59:59Z,United States,2026/27,Production,"1000 Short Tons, Raw Value",9063,8810,253,WASDE-672-V2,true
WASDE-672-V2:d14f9e19550c,WASDE-671-V2:de983bfa4a5f,672,2026-06-11,June 2026,2026-06-11T16:00:00Z,2026-06-13T03:59:59Z,United States,2026/27,Stocks to Use Ratio,Percent,13.3,13.5,-0.2,WASDE-672-V2,true
WASDE-672-V2:d14f9e19550c,WASDE-671-V2:de983bfa4a5f,672,2026-06-11,June 2026,2026-06-11T16:00:00Z,2026-06-13T03:59:59Z,United States,2026/27,TRQ,"1000 Short Tons, Raw Value",1422,1422,0,WASDE-672-V2,true
WASDE-672-V2:d14f9e19550c,WASDE-671-V2:de983bfa4a5f,672,2026-06-11,June 2026,2026-06-11T16:00:00Z,2026-06-13T03:59:59Z,United States,2026/27,Texas,"1000 Short Tons, Raw Value",0,0,0,WASDE-672-V2,true
WASDE-672-V2:d14f9e19550c,WASDE-671-V2:de983bfa4a5f,672,2026-06-11,June 2026,2026-06-11T16:00:00Z,2026-06-13T03:59:59Z,United States,2026/27,Total Supply,"1000 Short Tons, Raw Value",14174,14062,112,WASDE-672-V2,true
WASDE-672-V2:d14f9e19550c,WASDE-671-V2:de983bfa4a5f,672,2026-06-11,June 2026,2026-06-11T16:00:00Z,2026-06-13T03:59:59Z,United States,2026/27,Total Use,"1000 Short Tons, Raw Value",12515,12389,126,WASDE-672-V2,true
WASDE-673-V1:67d5cd456b4f,WASDE-672-V2:d14f9e19550c,673,2026-07-10,July 2026,2026-07-10T16:00:00Z,2026-07-12T03:59:59Z,Mexico,2025/26,Beginning Stocks,"1000 Metric Tons, Actual Weight",1123,1123,0,WASDE-673-V1,false
WASDE-673-V1:67d5cd456b4f,WASDE-672-V2:d14f9e19550c,673,2026-07-10,July 2026,2026-07-10T16:00:00Z,2026-07-12T03:59:59Z,Mexico,2025/26,Domestic,"1000 Metric Tons, Actual Weight",4241,4297,-56,WASDE-673-V1,false
WASDE-673-V1:67d5cd456b4f,WASDE-672-V2:d14f9e19550c,673,2026-07-10,July 2026,2026-07-10T16:00:00Z,2026-07-12T03:59:59Z,Mexico,2025/26,Ending Stocks,"1000 Metric Tons, Actual Weight",1195,1176,19,WASDE-673-V1,false
WASDE-673-V1:67d5cd456b4f,WASDE-672-V2:d14f9e19550c,673,2026-07-10,July 2026,2026-07-10T16:00:00Z,2026-07-12T03:59:59Z,Mexico,2025/26,Exports,"1000 Metric Tons, Actual Weight",1040,938,102,WASDE-673-V1,false
WASDE-673-V1:67d5cd456b4f,WASDE-672-V2:d14f9e19550c,673,2026-07-10,July 2026,2026-07-10T16:00:00Z,2026-07-12T03:59:59Z,Mexico,2025/26,Imports,"1000 Metric Tons, Actual Weight",42,52,-10,WASDE-673-V1,false
WASDE-673-V1:67d5cd456b4f,WASDE-672-V2:d14f9e19550c,673,2026-07-10,July 2026,2026-07-10T16:00:00Z,2026-07-12T03:59:59Z,Mexico,2025/26,Production,"1000 Metric Tons, Actual Weight",5310,5236,74,WASDE-673-V1,false
WASDE-673-V1:67d5cd456b4f,WASDE-672-V2:d14f9e19550c,673,2026-07-10,July 2026,2026-07-10T16:00:00Z,2026-07-12T03:59:59Z,Mexico,2026/27,Beginning Stocks,"1000 Metric Tons, Actual Weight",1195,1176,19,WASDE-673-V1,false
WASDE-673-V1:67d5cd456b4f,WASDE-672-V2:d14f9e19550c,673,2026-07-10,July 2026,2026-07-10T16:00:00Z,2026-07-12T03:59:59Z,Mexico,2026/27,Domestic,"1000 Metric Tons, Actual Weight",4226,4226,0,WASDE-673-V1,false
WASDE-673-V1:67d5cd456b4f,WASDE-672-V2:d14f9e19550c,673,2026-07-10,July 2026,2026-07-10T16:00:00Z,2026-07-12T03:59:59Z,Mexico,2026/27,Ending Stocks,"1000 Metric Tons, Actual Weight",1082,1063,19,WASDE-673-V1,false
WASDE-673-V1:67d5cd456b4f,WASDE-672-V2:d14f9e19550c,673,2026-07-10,July 2026,2026-07-10T16:00:00Z,2026-07-12T03:59:59Z,Mexico,2026/27,Exports,"1000 Metric Tons, Actual Weight",1292,1198,94,WASDE-673-V1,false
WASDE-673-V1:67d5cd456b4f,WASDE-672-V2:d14f9e19550c,673,2026-07-10,July 2026,2026-07-10T16:00:00Z,2026-07-12T03:59:59Z,Mexico,2026/27,Imports,"1000 Metric Tons, Actual Weight",28,28,0,WASDE-673-V1,false
WASDE-673-V1:67d5cd456b4f,WASDE-672-V2:d14f9e19550c,673,2026-07-10,July 2026,2026-07-10T16:00:00Z,2026-07-12T03:59:59Z,Mexico,2026/27,Production,"1000 Metric Tons, Actual Weight",5377,5283,94,WASDE-673-V1,false
WASDE-673-V1:67d5cd456b4f,WASDE-672-V2:d14f9e19550c,673,2026-07-10,July 2026,2026-07-10T16:00:00Z,2026-07-12T03:59:59Z,United States,2024/25,Beet Sugar,"1000 Short Tons, Raw Value",5370,5370,0,WASDE-673-V1,false
WASDE-673-V1:67d5cd456b4f,WASDE-672-V2:d14f9e19550c,673,2026-07-10,July 2026,2026-07-10T16:00:00Z,2026-07-12T03:59:59Z,United States,2024/25,Beginning Stocks,"1000 Short Tons, Raw Value",2141,2220,-79,WASDE-673-V1,false
WASDE-673-V1:67d5cd456b4f,WASDE-672-V2:d14f9e19550c,673,2026-07-10,July 2026,2026-07-10T16:00:00Z,2026-07-12T03:59:59Z,United States,2024/25,Cane Sugar,"1000 Short Tons, Raw Value",4027,4027,0,WASDE-673-V1,false
WASDE-673-V1:67d5cd456b4f,WASDE-672-V2:d14f9e19550c,673,2026-07-10,July 2026,2026-07-10T16:00:00Z,2026-07-12T03:59:59Z,United States,2024/25,Deliveries,"1000 Short Tons, Raw Value",12485,12450,35,WASDE-673-V1,false
WASDE-673-V1:67d5cd456b4f,WASDE-672-V2:d14f9e19550c,673,2026-07-10,July 2026,2026-07-10T16:00:00Z,2026-07-12T03:59:59Z,United States,2024/25,Ending Stocks,"1000 Short Tons, Raw Value",2376,2490,-114,WASDE-673-V1,false
WASDE-673-V1:67d5cd456b4f,WASDE-672-V2:d14f9e19550c,673,2026-07-10,July 2026,2026-07-10T16:00:00Z,2026-07-12T03:59:59Z,United States,2024/25,Exports,"1000 Short Tons, Raw Value",111,111,0,WASDE-673-V1,false
WASDE-673-V1:67d5cd456b4f,WASDE-672-V2:d14f9e19550c,673,2026-07-10,July 2026,2026-07-10T16:00:00Z,2026-07-12T03:59:59Z,United States,2024/25,Exports - Other,"1000 Short Tons, Raw Value",111,111,0,WASDE-673-V1,false
WASDE-673-V1:67d5cd456b4f,WASDE-672-V2:d14f9e19550c,673,2026-07-10,July 2026,2026-07-10T16:00:00Z,2026-07-12T03:59:59Z,United States,2024/25,Florida,"1000 Short Tons, Raw Value",1932,1932,0,WASDE-673-V1,false
WASDE-673-V1:67d5cd456b4f,WASDE-672-V2:d14f9e19550c,673,2026-07-10,July 2026,2026-07-10T16:00:00Z,2026-07-12T03:59:59Z,United States,2024/25,Food,"1000 Short Tons, Raw Value",12375,12340,35,WASDE-673-V1,false
WASDE-673-V1:67d5cd456b4f,WASDE-672-V2:d14f9e19550c,673,2026-07-10,July 2026,2026-07-10T16:00:00Z,2026-07-12T03:59:59Z,United States,2024/25,High-tier tariff/other,"1000 Short Tons, Raw Value",980,980,0,WASDE-673-V1,false
WASDE-673-V1:67d5cd456b4f,WASDE-672-V2:d14f9e19550c,673,2026-07-10,July 2026,2026-07-10T16:00:00Z,2026-07-12T03:59:59Z,United States,2024/25,Imports,"1000 Short Tons, Raw Value",3393,3393,0,WASDE-673-V1,false
WASDE-673-V1:67d5cd456b4f,WASDE-672-V2:d14f9e19550c,673,2026-07-10,July 2026,2026-07-10T16:00:00Z,2026-07-12T03:59:59Z,United States,2024/25,Louisiana,"1000 Short Tons, Raw Value",2095,2095,0,WASDE-673-V1,false
WASDE-673-V1:67d5cd456b4f,WASDE-672-V2:d14f9e19550c,673,2026-07-10,July 2026,2026-07-10T16:00:00Z,2026-07-12T03:59:59Z,United States,2024/25,Mexico,"1000 Short Tons, Raw Value",504,504,0,WASDE-673-V1,false
WASDE-673-V1:67d5cd456b4f,WASDE-672-V2:d14f9e19550c,673,2026-07-10,July 2026,2026-07-10T16:00:00Z,2026-07-12T03:59:59Z,United States,2024/25,Miscellaneous,"1000 Short Tons, Raw Value",-41,-41,0,WASDE-673-V1,false
WASDE-673-V1:67d5cd456b4f,WASDE-672-V2:d14f9e19550c,673,2026-07-10,July 2026,2026-07-10T16:00:00Z,2026-07-12T03:59:59Z,United States,2024/25,Non-program,"1000 Short Tons, Raw Value",1485,1485,0,WASDE-673-V1,false
WASDE-673-V1:67d5cd456b4f,WASDE-672-V2:d14f9e19550c,673,2026-07-10,July 2026,2026-07-10T16:00:00Z,2026-07-12T03:59:59Z,United States,2024/25,Other Program,"1000 Short Tons, Raw Value",373,373,0,WASDE-673-V1,false
WASDE-673-V1:67d5cd456b4f,WASDE-672-V2:d14f9e19550c,673,2026-07-10,July 2026,2026-07-10T16:00:00Z,2026-07-12T03:59:59Z,United States,2024/25,Production,"1000 Short Tons, Raw Value",9397,9397,0,WASDE-673-V1,false
WASDE-673-V1:67d5cd456b4f,WASDE-672-V2:d14f9e19550c,673,2026-07-10,July 2026,2026-07-10T16:00:00Z,2026-07-12T03:59:59Z,United States,2024/25,Stocks to Use Ratio,Percent,18.9,19.9,-1,WASDE-673-V1,false
WASDE-673-V1:67d5cd456b4f,WASDE-672-V2:d14f9e19550c,673,2026-07-10,July 2026,2026-07-10T16:00:00Z,2026-07-12T03:59:59Z,United States,2024/25,TRQ,"1000 Short Tons, Raw Value",1534,1534,0,WASDE-673-V1,false
WASDE-673-V1:67d5cd456b4f,WASDE-672-V2:d14f9e19550c,673,2026-07-10,July 2026,2026-07-10T16:00:00Z,2026-07-12T03:59:59Z,United States,2024/25,Texas,"1000 Short Tons, Raw Value",0,0,0,WASDE-673-V1,false
WASDE-673-V1:67d5cd456b4f,WASDE-672-V2:d14f9e19550c,673,2026-07-10,July 2026,2026-07-10T16:00:00Z,2026-07-12T03:59:59Z,United States,2024/25,Total Supply,"1000 Short Tons, Raw Value",14931,15009,-78,WASDE-673-V1,false
WASDE-673-V1:67d5cd456b4f,WASDE-672-V2:d14f9e19550c,673,2026-07-10,July 2026,2026-07-10T16:00:00Z,2026-07-12T03:59:59Z,United States,2024/25,Total Use,"1000 Short Tons, Raw Value",12555,12520,35,WASDE-673-V1,false
WASDE-673-V1:67d5cd456b4f,WASDE-672-V2:d14f9e19550c,673,2026-07-10,July 2026,2026-07-10T16:00:00Z,2026-07-12T03:59:59Z,United States,2025/26,Beet Sugar,"1000 Short Tons, Raw Value",4996,5009,-13,WASDE-673-V1,false
WASDE-673-V1:67d5cd456b4f,WASDE-672-V2:d14f9e19550c,673,2026-07-10,July 2026,2026-07-10T16:00:00Z,2026-07-12T03:59:59Z,United States,2025/26,Beginning Stocks,"1000 Short Tons, Raw Value",2376,2490,-114,WASDE-673-V1,false
WASDE-673-V1:67d5cd456b4f,WASDE-672-V2:d14f9e19550c,673,2026-07-10,July 2026,2026-07-10T16:00:00Z,2026-07-12T03:59:59Z,United States,2025/26,Cane Sugar,"1000 Short Tons, Raw Value",4189,4214,-25,WASDE-673-V1,false
WASDE-673-V1:67d5cd456b4f,WASDE-672-V2:d14f9e19550c,673,2026-07-10,July 2026,2026-07-10T16:00:00Z,2026-07-12T03:59:59Z,United States,2025/26,Deliveries,"1000 Short Tons, Raw Value",12546,12490,56,WASDE-673-V1,false
WASDE-673-V1:67d5cd456b4f,WASDE-672-V2:d14f9e19550c,673,2026-07-10,July 2026,2026-07-10T16:00:00Z,2026-07-12T03:59:59Z,United States,2025/26,Ending Stocks,"1000 Short Tons, Raw Value",1686,1851,-165,WASDE-673-V1,false
WASDE-673-V1:67d5cd456b4f,WASDE-672-V2:d14f9e19550c,673,2026-07-10,July 2026,2026-07-10T16:00:00Z,2026-07-12T03:59:59Z,United States,2025/26,Exports,"1000 Short Tons, Raw Value",25,25,0,WASDE-673-V1,false
WASDE-673-V1:67d5cd456b4f,WASDE-672-V2:d14f9e19550c,673,2026-07-10,July 2026,2026-07-10T16:00:00Z,2026-07-12T03:59:59Z,United States,2025/26,Exports - Other,"1000 Short Tons, Raw Value",105,105,0,WASDE-673-V1,false
WASDE-673-V1:67d5cd456b4f,WASDE-672-V2:d14f9e19550c,673,2026-07-10,July 2026,2026-07-10T16:00:00Z,2026-07-12T03:59:59Z,United States,2025/26,Florida,"1000 Short Tons, Raw Value",1957,1983,-26,WASDE-673-V1,false
WASDE-673-V1:67d5cd456b4f,WASDE-672-V2:d14f9e19550c,673,2026-07-10,July 2026,2026-07-10T16:00:00Z,2026-07-12T03:59:59Z,United States,2025/26,Food,"1000 Short Tons, Raw Value",12441,12385,56,WASDE-673-V1,false
WASDE-673-V1:67d5cd456b4f,WASDE-672-V2:d14f9e19550c,673,2026-07-10,July 2026,2026-07-10T16:00:00Z,2026-07-12T03:59:59Z,United States,2025/26,High-tier tariff/other,"1000 Short Tons, Raw Value",835,817,18,WASDE-673-V1,false
WASDE-673-V1:67d5cd456b4f,WASDE-672-V2:d14f9e19550c,673,2026-07-10,July 2026,2026-07-10T16:00:00Z,2026-07-12T03:59:59Z,United States,2025/26,Imports,"1000 Short Tons, Raw Value",2696,2653,43,WASDE-673-V1,false
WASDE-673-V1:67d5cd456b4f,WASDE-672-V2:d14f9e19550c,673,2026-07-10,July 2026,2026-07-10T16:00:00Z,2026-07-12T03:59:59Z,United States,2025/26,Louisiana,"1000 Short Tons, Raw Value",2232,2232,0,WASDE-673-V1,false
WASDE-673-V1:67d5cd456b4f,WASDE-672-V2:d14f9e19550c,673,2026-07-10,July 2026,2026-07-10T16:00:00Z,2026-07-12T03:59:59Z,United States,2025/26,Mexico,"1000 Short Tons, Raw Value",220,220,0,WASDE-673-V1,false
WASDE-673-V1:67d5cd456b4f,WASDE-672-V2:d14f9e19550c,673,2026-07-10,July 2026,2026-07-10T16:00:00Z,2026-07-12T03:59:59Z,United States,2025/26,Miscellaneous,"1000 Short Tons, Raw Value",0,0,0,WASDE-673-V1,false
WASDE-673-V1:67d5cd456b4f,WASDE-672-V2:d14f9e19550c,673,2026-07-10,July 2026,2026-07-10T16:00:00Z,2026-07-12T03:59:59Z,United States,2025/26,Non-program,"1000 Short Tons, Raw Value",1055,1037,18,WASDE-673-V1,false
WASDE-673-V1:67d5cd456b4f,WASDE-672-V2:d14f9e19550c,673,2026-07-10,July 2026,2026-07-10T16:00:00Z,2026-07-12T03:59:59Z,United States,2025/26,Other Program,"1000 Short Tons, Raw Value",325,300,25,WASDE-673-V1,false
WASDE-673-V1:67d5cd456b4f,WASDE-672-V2:d14f9e19550c,673,2026-07-10,July 2026,2026-07-10T16:00:00Z,2026-07-12T03:59:59Z,United States,2025/26,Production,"1000 Short Tons, Raw Value",9185,9223,-38,WASDE-673-V1,false
WASDE-673-V1:67d5cd456b4f,WASDE-672-V2:d14f9e19550c,673,2026-07-10,July 2026,2026-07-10T16:00:00Z,2026-07-12T03:59:59Z,United States,2025/26,Stocks to Use Ratio,Percent,13.4,14.8,-1.4,WASDE-673-V1,false
WASDE-673-V1:67d5cd456b4f,WASDE-672-V2:d14f9e19550c,673,2026-07-10,July 2026,2026-07-10T16:00:00Z,2026-07-12T03:59:59Z,United States,2025/26,TRQ,"1000 Short Tons, Raw Value",1316,1316,0,WASDE-673-V1,false
WASDE-673-V1:67d5cd456b4f,WASDE-672-V2:d14f9e19550c,673,2026-07-10,July 2026,2026-07-10T16:00:00Z,2026-07-12T03:59:59Z,United States,2025/26,Texas,"1000 Short Tons, Raw Value",0,0,0,WASDE-673-V1,false
WASDE-673-V1:67d5cd456b4f,WASDE-672-V2:d14f9e19550c,673,2026-07-10,July 2026,2026-07-10T16:00:00Z,2026-07-12T03:59:59Z,United States,2025/26,Total Supply,"1000 Short Tons, Raw Value",14257,14366,-109,WASDE-673-V1,false
WASDE-673-V1:67d5cd456b4f,WASDE-672-V2:d14f9e19550c,673,2026-07-10,July 2026,2026-07-10T16:00:00Z,2026-07-12T03:59:59Z,United States,2025/26,Total Use,"1000 Short Tons, Raw Value",12571,12515,56,WASDE-673-V1,false
WASDE-673-V1:67d5cd456b4f,WASDE-672-V2:d14f9e19550c,673,2026-07-10,July 2026,2026-07-10T16:00:00Z,2026-07-12T03:59:59Z,United States,2026/27,Beet Sugar,"1000 Short Tons, Raw Value",4821,4939,-118,WASDE-673-V1,false
WASDE-673-V1:67d5cd456b4f,WASDE-672-V2:d14f9e19550c,673,2026-07-10,July 2026,2026-07-10T16:00:00Z,2026-07-12T03:59:59Z,United States,2026/27,Beginning Stocks,"1000 Short Tons, Raw Value",1686,1851,-165,WASDE-673-V1,false
WASDE-673-V1:67d5cd456b4f,WASDE-672-V2:d14f9e19550c,673,2026-07-10,July 2026,2026-07-10T16:00:00Z,2026-07-12T03:59:59Z,United States,2026/27,Cane Sugar,"1000 Short Tons, Raw Value",4182,4125,57,WASDE-673-V1,false
WASDE-673-V1:67d5cd456b4f,WASDE-672-V2:d14f9e19550c,673,2026-07-10,July 2026,2026-07-10T16:00:00Z,2026-07-12T03:59:59Z,United States,2026/27,Deliveries,"1000 Short Tons, Raw Value",12546,12490,56,WASDE-673-V1,false
WASDE-673-V1:67d5cd456b4f,WASDE-672-V2:d14f9e19550c,673,2026-07-10,July 2026,2026-07-10T16:00:00Z,2026-07-12T03:59:59Z,United States,2026/27,Ending Stocks,"1000 Short Tons, Raw Value",1697,1660,37,WASDE-673-V1,false
WASDE-673-V1:67d5cd456b4f,WASDE-672-V2:d14f9e19550c,673,2026-07-10,July 2026,2026-07-10T16:00:00Z,2026-07-12T03:59:59Z,United States,2026/27,Exports,"1000 Short Tons, Raw Value",25,25,0,WASDE-673-V1,false
WASDE-673-V1:67d5cd456b4f,WASDE-672-V2:d14f9e19550c,673,2026-07-10,July 2026,2026-07-10T16:00:00Z,2026-07-12T03:59:59Z,United States,2026/27,Exports - Other,"1000 Short Tons, Raw Value",105,105,0,WASDE-673-V1,false
WASDE-673-V1:67d5cd456b4f,WASDE-672-V2:d14f9e19550c,673,2026-07-10,July 2026,2026-07-10T16:00:00Z,2026-07-12T03:59:59Z,United States,2026/27,Florida,"1000 Short Tons, Raw Value",2016,1979,37,WASDE-673-V1,false
WASDE-673-V1:67d5cd456b4f,WASDE-672-V2:d14f9e19550c,673,2026-07-10,July 2026,2026-07-10T16:00:00Z,2026-07-12T03:59:59Z,United States,2026/27,Food,"1000 Short Tons, Raw Value",12441,12385,56,WASDE-673-V1,false
WASDE-673-V1:67d5cd456b4f,WASDE-672-V2:d14f9e19550c,673,2026-07-10,July 2026,2026-07-10T16:00:00Z,2026-07-12T03:59:59Z,United States,2026/27,High-tier tariff/other,"1000 Short Tons, Raw Value",510,492,18,WASDE-673-V1,false
WASDE-673-V1:67d5cd456b4f,WASDE-672-V2:d14f9e19550c,673,2026-07-10,July 2026,2026-07-10T16:00:00Z,2026-07-12T03:59:59Z,United States,2026/27,Imports,"1000 Short Tons, Raw Value",3579,3260,319,WASDE-673-V1,false
WASDE-673-V1:67d5cd456b4f,WASDE-672-V2:d14f9e19550c,673,2026-07-10,July 2026,2026-07-10T16:00:00Z,2026-07-12T03:59:59Z,United States,2026/27,Louisiana,"1000 Short Tons, Raw Value",2166,2146,20,WASDE-673-V1,false
WASDE-673-V1:67d5cd456b4f,WASDE-672-V2:d14f9e19550c,673,2026-07-10,July 2026,2026-07-10T16:00:00Z,2026-07-12T03:59:59Z,United States,2026/27,Mexico,"1000 Short Tons, Raw Value",1346,1046,300,WASDE-673-V1,false
WASDE-673-V1:67d5cd456b4f,WASDE-672-V2:d14f9e19550c,673,2026-07-10,July 2026,2026-07-10T16:00:00Z,2026-07-12T03:59:59Z,United States,2026/27,Miscellaneous,"1000 Short Tons, Raw Value",0,0,0,WASDE-673-V1,false
WASDE-673-V1:67d5cd456b4f,WASDE-672-V2:d14f9e19550c,673,2026-07-10,July 2026,2026-07-10T16:00:00Z,2026-07-12T03:59:59Z,United States,2026/27,Non-program,"1000 Short Tons, Raw Value",1856,1538,318,WASDE-673-V1,false
WASDE-673-V1:67d5cd456b4f,WASDE-672-V2:d14f9e19550c,673,2026-07-10,July 2026,2026-07-10T16:00:00Z,2026-07-12T03:59:59Z,United States,2026/27,Other Program,"1000 Short Tons, Raw Value",300,300,0,WASDE-673-V1,false
WASDE-673-V1:67d5cd456b4f,WASDE-672-V2:d14f9e19550c,673,2026-07-10,July 2026,2026-07-10T16:00:00Z,2026-07-12T03:59:59Z,United States,2026/27,Production,"1000 Short Tons, Raw Value",9004,9063,-59,WASDE-673-V1,false
WASDE-673-V1:67d5cd456b4f,WASDE-672-V2:d14f9e19550c,673,2026-07-10,July 2026,2026-07-10T16:00:00Z,2026-07-12T03:59:59Z,United States,2026/27,Stocks to Use Ratio,Percent,13.5,13.3,0.2,WASDE-673-V1,false
WASDE-673-V1:67d5cd456b4f,WASDE-672-V2:d14f9e19550c,673,2026-07-10,July 2026,2026-07-10T16:00:00Z,2026-07-12T03:59:59Z,United States,2026/27,TRQ,"1000 Short Tons, Raw Value",1422,1422,0,WASDE-673-V1,false
WASDE-673-V1:67d5cd456b4f,WASDE-672-V2:d14f9e19550c,673,2026-07-10,July 2026,2026-07-10T16:00:00Z,2026-07-12T03:59:59Z,United States,2026/27,Texas,"1000 Short Tons, Raw Value",0,0,0,WASDE-673-V1,false
WASDE-673-V1:67d5cd456b4f,WASDE-672-V2:d14f9e19550c,673,2026-07-10,July 2026,2026-07-10T16:00:00Z,2026-07-12T03:59:59Z,United States,2026/27,Total Supply,"1000 Short Tons, Raw Value",14268,14174,94,WASDE-673-V1,false
WASDE-673-V1:67d5cd456b4f,WASDE-672-V2:d14f9e19550c,673,2026-07-10,July 2026,2026-07-10T16:00:00Z,2026-07-12T03:59:59Z,United States,2026/27,Total Use,"1000 Short Tons, Raw Value",12571,12515,56,WASDE-673-V1,false
WASDE-674-V1:d0747313a577,WASDE-673-V1:67d5cd456b4f,674,2026-08-12,August 2026,2026-08-12T16:00:00Z,2026-08-14T03:59:59Z,Mexico,2025/26,Beginning Stocks,"1000 Metric Tons, Actual Weight",1123,1123,0,WASDE-674-V1,false
WASDE-674-V1:d0747313a577,WASDE-673-V1:67d5cd456b4f,674,2026-08-12,August 2026,2026-08-12T16:00:00Z,2026-08-14T03:59:59Z,Mexico,2025/26,Domestic,"1000 Metric Tons, Actual Weight",4250,4241,9,WASDE-674-V1,false
WASDE-674-V1:d0747313a577,WASDE-673-V1:67d5cd456b4f,674,2026-08-12,August 2026,2026-08-12T16:00:00Z,2026-08-14T03:59:59Z,Mexico,2025/26,Ending Stocks,"1000 Metric Tons, Actual Weight",1259,1195,64,WASDE-674-V1,false
WASDE-674-V1:d0747313a577,WASDE-673-V1:67d5cd456b4f,674,2026-08-12,August 2026,2026-08-12T16:00:00Z,2026-08-14T03:59:59Z,Mexico,2025/26,Exports,"1000 Metric Tons, Actual Weight",981,1040,-59,WASDE-674-V1,false
WASDE-674-V1:d0747313a577,WASDE-673-V1:67d5cd456b4f,674,2026-08-12,August 2026,2026-08-12T16:00:00Z,2026-08-14T03:59:59Z,Mexico,2025/26,Imports,"1000 Metric Tons, Actual Weight",42,42,0,WASDE-674-V1,false
WASDE-674-V1:d0747313a577,WASDE-673-V1:67d5cd456b4f,674,2026-08-12,August 2026,2026-08-12T16:00:00Z,2026-08-14T03:59:59Z,Mexico,2025/26,Production,"1000 Metric Tons, Actual Weight",5325,5310,15,WASDE-674-V1,false
WASDE-674-V1:d0747313a577,WASDE-673-V1:67d5cd456b4f,674,2026-08-12,August 2026,2026-08-12T16:00:00Z,2026-08-14T03:59:59Z,Mexico,2026/27,Beginning Stocks,"1000 Metric Tons, Actual Weight",1259,1195,64,WASDE-674-V1,false
WASDE-674-V1:d0747313a577,WASDE-673-V1:67d5cd456b4f,674,2026-08-12,August 2026,2026-08-12T16:00:00Z,2026-08-14T03:59:59Z,Mexico,2026/27,Domestic,"1000 Metric Tons, Actual Weight",4226,4226,0,WASDE-674-V1,false
WASDE-674-V1:d0747313a577,WASDE-673-V1:67d5cd456b4f,674,2026-08-12,August 2026,2026-08-12T16:00:00Z,2026-08-14T03:59:59Z,Mexico,2026/27,Ending Stocks,"1000 Metric Tons, Actual Weight",1082,1082,0,WASDE-674-V1,false
WASDE-674-V1:d0747313a577,WASDE-673-V1:67d5cd456b4f,674,2026-08-12,August 2026,2026-08-12T16:00:00Z,2026-08-14T03:59:59Z,Mexico,2026/27,Exports,"1000 Metric Tons, Actual Weight",1357,1292,65,WASDE-674-V1,false
WASDE-674-V1:d0747313a577,WASDE-673-V1:67d5cd456b4f,674,2026-08-12,August 2026,2026-08-12T16:00:00Z,2026-08-14T03:59:59Z,Mexico,2026/27,Imports,"1000 Metric Tons, Actual Weight",28,28,0,WASDE-674-V1,false
WASDE-674-V1:d0747313a577,WASDE-673-V1:67d5cd456b4f,674,2026-08-12,August 2026,2026-08-12T16:00:00Z,2026-08-14T03:59:59Z,Mexico,2026/27,Production,"1000 Metric Tons, Actual Weight",5377,5377,0,WASDE-674-V1,false
WASDE-674-V1:d0747313a577,WASDE-673-V1:67d5cd456b4f,674,2026-08-12,August 2026,2026-08-12T16:00:00Z,2026-08-14T03:59:59Z,United States,2024/25,Beet Sugar,"1000 Short Tons, Raw Value",5370,5370,0,WASDE-674-V1,false
WASDE-674-V1:d0747313a577,WASDE-673-V1:67d5cd456b4f,674,2026-08-12,August 2026,2026-08-12T16:00:00Z,2026-08-14T03:59:59Z,United States,2024/25,Beginning Stocks,"1000 Short Tons, Raw Value",2141,2141,0,WASDE-674-V1,false
WASDE-674-V1:d0747313a577,WASDE-673-V1:67d5cd456b4f,674,2026-08-12,August 2026,2026-08-12T16:00:00Z,2026-08-14T03:59:59Z,United States,2024/25,Cane Sugar,"1000 Short Tons, Raw Value",4027,4027,0,WASDE-674-V1,false
WASDE-674-V1:d0747313a577,WASDE-673-V1:67d5cd456b4f,674,2026-08-12,August 2026,2026-08-12T16:00:00Z,2026-08-14T03:59:59Z,United States,2024/25,Deliveries,"1000 Short Tons, Raw Value",12485,12485,0,WASDE-674-V1,false
WASDE-674-V1:d0747313a577,WASDE-673-V1:67d5cd456b4f,674,2026-08-12,August 2026,2026-08-12T16:00:00Z,2026-08-14T03:59:59Z,United States,2024/25,Ending Stocks,"1000 Short Tons, Raw Value",2376,2376,0,WASDE-674-V1,false
WASDE-674-V1:d0747313a577,WASDE-673-V1:67d5cd456b4f,674,2026-08-12,August 2026,2026-08-12T16:00:00Z,2026-08-14T03:59:59Z,United States,2024/25,Exports,"1000 Short Tons, Raw Value",111,111,0,WASDE-674-V1,false
WASDE-674-V1:d0747313a577,WASDE-673-V1:67d5cd456b4f,674,2026-08-12,August 2026,2026-08-12T16:00:00Z,2026-08-14T03:59:59Z,United States,2024/25,Exports - Other,"1000 Short Tons, Raw Value",111,111,0,WASDE-674-V1,false
WASDE-674-V1:d0747313a577,WASDE-673-V1:67d5cd456b4f,674,2026-08-12,August 2026,2026-08-12T16:00:00Z,2026-08-14T03:59:59Z,United States,2024/25,Florida,"1000 Short Tons, Raw Value",1932,1932,0,WASDE-674-V1,false
WASDE-674-V1:d0747313a577,WASDE-673-V1:67d5cd456b4f,674,2026-08-12,August 2026,2026-08-12T16:00:00Z,2026-08-14T03:59:59Z,United States,2024/25,Food,"1000 Short Tons, Raw Value",12375,12375,0,WASDE-674-V1,false
WASDE-674-V1:d0747313a577,WASDE-673-V1:67d5cd456b4f,674,2026-08-12,August 2026,2026-08-12T16:00:00Z,2026-08-14T03:59:59Z,United States,2024/25,High-tier tariff/other,"1000 Short Tons, Raw Value",980,980,0,WASDE-674-V1,false
WASDE-674-V1:d0747313a577,WASDE-673-V1:67d5cd456b4f,674,2026-08-12,August 2026,2026-08-12T16:00:00Z,2026-08-14T03:59:59Z,United States,2024/25,Imports,"1000 Short Tons, Raw Value",3393,3393,0,WASDE-674-V1,false
WASDE-674-V1:d0747313a577,WASDE-673-V1:67d5cd456b4f,674,2026-08-12,August 2026,2026-08-12T16:00:00Z,2026-08-14T03:59:59Z,United States,2024/25,Louisiana,"1000 Short Tons, Raw Value",2095,2095,0,WASDE-674-V1,false
WASDE-674-V1:d0747313a577,WASDE-673-V1:67d5cd456b4f,674,2026-08-12,August 2026,2026-08-12T16:00:00Z,2026-08-14T03:59:59Z,United States,2024/25,Mexico,"1000 Short Tons, Raw Value",504,504,0,WASDE-674-V1,false
WASDE-674-V1:d0747313a577,WASDE-673-V1:67d5cd456b4f,674,2026-08-12,August 2026,2026-08-12T16:00:00Z,2026-08-14T03:59:59Z,United States,2024/25,Miscellaneous,"1000 Short Tons, Raw Value",-41,-41,0,WASDE-674-V1,false
WASDE-674-V1:d0747313a577,WASDE-673-V1:67d5cd456b4f,674,2026-08-12,August 2026,2026-08-12T16:00:00Z,2026-08-14T03:59:59Z,United States,2024/25,Non-program,"1000 Short Tons, Raw Value",1485,1485,0,WASDE-674-V1,false
WASDE-674-V1:d0747313a577,WASDE-673-V1:67d5cd456b4f,674,2026-08-12,August 2026,2026-08-12T16:00:00Z,2026-08-14T03:59:59Z,United States,2024/25,Other Program,"1000 Short Tons, Raw Value",373,373,0,WASDE-674-V1,false
WASDE-674-V1:d0747313a577,WASDE-673-V1:67d5cd456b4f,674,2026-08-12,August 2026,2026-08-12T16:00:00Z,2026-08-14T03:59:59Z,United States,2024/25,Production,"1000 Short Tons, Raw Value",9397,9397,0,WASDE-674-V1,false
WASDE-674-V1:d0747313a577,WASDE-673-V1:67d5cd456b4f,674,2026-08-12,August 2026,2026-08-12T16:00:00Z,2026-08-14T03:59:59Z,United States,2024/25,Stocks to Use Ratio,Percent,18.9,18.9,0,WASDE-674-V1,false
WASDE-674-V1:d0747313a577,WASDE-673-V1:67d5cd456b4f,674,2026-08-12,August 2026,2026-08-12T16:00:00Z,2026-08-14T03:59:59Z,United States,2024/25,TRQ,"1000 Short Tons, Raw Value",1534,1534,0,WASDE-674-V1,false
WASDE-674-V1:d0747313a577,WASDE-673-V1:67d5cd456b4f,674,2026-08-12,August 2026,2026-08-12T16:00:00Z,2026-08-14T03:59:59Z,United States,2024/25,Texas,"1000 Short Tons, Raw Value",0,0,0,WASDE-674-V1,false
WASDE-674-V1:d0747313a577,WASDE-673-V1:67d5cd456b4f,674,2026-08-12,August 2026,2026-08-12T16:00:00Z,2026-08-14T03:59:59Z,United States,2024/25,Total Supply,"1000 Short Tons, Raw Value",14931,14931,0,WASDE-674-V1,false
WASDE-674-V1:d0747313a577,WASDE-673-V1:67d5cd456b4f,674,2026-08-12,August 2026,2026-08-12T16:00:00Z,2026-08-14T03:59:59Z,United States,2024/25,Total Use,"1000 Short Tons, Raw Value",12555,12555,0,WASDE-674-V1,false
WASDE-674-V1:d0747313a577,WASDE-673-V1:67d5cd456b4f,674,2026-08-12,August 2026,2026-08-12T16:00:00Z,2026-08-14T03:59:59Z,United States,2025/26,Beet Sugar,"1000 Short Tons, Raw Value",5068,4996,72,WASDE-674-V1,false
WASDE-674-V1:d0747313a577,WASDE-673-V1:67d5cd456b4f,674,2026-08-12,August 2026,2026-08-12T16:00:00Z,2026-08-14T03:59:59Z,United States,2025/26,Beginning Stocks,"1000 Short Tons, Raw Value",2376,2376,0,WASDE-674-V1,false
WASDE-674-V1:d0747313a577,WASDE-673-V1:67d5cd456b4f,674,2026-08-12,August 2026,2026-08-12T16:00:00Z,2026-08-14T03:59:59Z,United States,2025/26,Cane Sugar,"1000 Short Tons, Raw Value",4189,4189,0,WASDE-674-V1,false
WASDE-674-V1:d0747313a577,WASDE-673-V1:67d5cd456b4f,674,2026-08-12,August 2026,2026-08-12T16:00:00Z,2026-08-14T03:59:59Z,United States,2025/26,Deliveries,"1000 Short Tons, Raw Value",12546,12546,0,WASDE-674-V1,false
WASDE-674-V1:d0747313a577,WASDE-673-V1:67d5cd456b4f,674,2026-08-12,August 2026,2026-08-12T16:00:00Z,2026-08-14T03:59:59Z,United States,2025/26,Ending Stocks,"1000 Short Tons, Raw Value",1904,1686,218,WASDE-674-V1,false
WASDE-674-V1:d0747313a577,WASDE-673-V1:67d5cd456b4f,674,2026-08-12,August 2026,2026-08-12T16:00:00Z,2026-08-14T03:59:59Z,United States,2025/26,Exports,"1000 Short Tons, Raw Value",25,25,0,WASDE-674-V1,false
WASDE-674-V1:d0747313a577,WASDE-673-V1:67d5cd456b4f,674,2026-08-12,August 2026,2026-08-12T16:00:00Z,2026-08-14T03:59:59Z,United States,2025/26,Exports - Other,"1000 Short Tons, Raw Value",105,105,0,WASDE-674-V1,false
WASDE-674-V1:d0747313a577,WASDE-673-V1:67d5cd456b4f,674,2026-08-12,August 2026,2026-08-12T16:00:00Z,2026-08-14T03:59:59Z,United States,2025/26,Florida,"1000 Short Tons, Raw Value",1957,1957,0,WASDE-674-V1,false
WASDE-674-V1:d0747313a577,WASDE-673-V1:67d5cd456b4f,674,2026-08-12,August 2026,2026-08-12T16:00:00Z,2026-08-14T03:59:59Z,United States,2025/26,Food,"1000 Short Tons, Raw Value",12441,12441,0,WASDE-674-V1,false
WASDE-674-V1:d0747313a577,WASDE-673-V1:67d5cd456b4f,674,2026-08-12,August 2026,2026-08-12T16:00:00Z,2026-08-14T03:59:59Z,United States,2025/26,High-tier tariff/other,"1000 Short Tons, Raw Value",982,835,147,WASDE-674-V1,false
WASDE-674-V1:d0747313a577,WASDE-673-V1:67d5cd456b4f,674,2026-08-12,August 2026,2026-08-12T16:00:00Z,2026-08-14T03:59:59Z,United States,2025/26,Imports,"1000 Short Tons, Raw Value",2843,2696,147,WASDE-674-V1,false
WASDE-674-V1:d0747313a577,WASDE-673-V1:67d5cd456b4f,674,2026-08-12,August 2026,2026-08-12T16:00:00Z,2026-08-14T03:59:59Z,United States,2025/26,Louisiana,"1000 Short Tons, Raw Value",2232,2232,0,WASDE-674-V1,false
WASDE-674-V1:d0747313a577,WASDE-673-V1:67d5cd456b4f,674,2026-08-12,August 2026,2026-08-12T16:00:00Z,2026-08-14T03:59:59Z,United States,2025/26,Mexico,"1000 Short Tons, Raw Value",220,220,0,WASDE-674-V1,false
WASDE-674-V1:d0747313a577,WASDE-673-V1:67d5cd456b4f,674,2026-08-12,August 2026,2026-08-12T16:00:00Z,2026-08-14T03:59:59Z,United States,2025/26,Miscellaneous,"1000 Short Tons, Raw Value",0,0,0,WASDE-674-V1,false
WASDE-674-V1:d0747313a577,WASDE-673-V1:67d5cd456b4f,674,2026-08-12,August 2026,2026-08-12T16:00:00Z,2026-08-14T03:59:59Z,United States,2025/26,Non-program,"1000 Short Tons, Raw Value",1202,1055,147,WASDE-674-V1,false
WASDE-674-V1:d0747313a577,WASDE-673-V1:67d5cd456b4f,674,2026-08-12,August 2026,2026-08-12T16:00:00Z,2026-08-14T03:59:59Z,United States,2025/26,Other Program,"1000 Short Tons, Raw Value",325,325,0,WASDE-674-V1,false
WASDE-674-V1:d0747313a577,WASDE-673-V1:67d5cd456b4f,674,2026-08-12,August 2026,2026-08-12T16:00:00Z,2026-08-14T03:59:59Z,United States,2025/26,Production,"1000 Short Tons, Raw Value",9257,9185,72,WASDE-674-V1,false
WASDE-674-V1:d0747313a577,WASDE-673-V1:67d5cd456b4f,674,2026-08-12,August 2026,2026-08-12T16:00:00Z,2026-08-14T03:59:59Z,United States,2025/26,Stocks to Use Ratio,Percent,15.1,13.4,1.7,WASDE-674-V1,false
WASDE-674-V1:d0747313a577,WASDE-673-V1:67d5cd456b4f,674,2026-08-12,August 2026,2026-08-12T16:00:00Z,2026-08-14T03:59:59Z,United States,2025/26,TRQ,"1000 Short Tons, Raw Value",1316,1316,0,WASDE-674-V1,false
WASDE-674-V1:d0747313a577,WASDE-673-V1:67d5cd456b4f,674,2026-08-12,August 2026,2026-08-12T16:00:00Z,2026-08-14T03:59:59Z,United States,2025/26,Texas,"1000 Short Tons, Raw Value",0,0,0,WASDE-674-V1,false
WASDE-674-V1:d0747313a577,WASDE-673-V1:67d5cd456b4f,674,2026-08-12,August 2026,2026-08-12T16:00:00Z,2026-08-14T03:59:59Z,United States,2025/26,Total Supply,"1000 Short Tons, Raw Value",14476,14257,219,WASDE-674-V1,false
WASDE-674-V1:d0747313a577,WASDE-673-V1:67d5cd456b4f,674,2026-08-12,August 2026,2026-08-12T16:00:00Z,2026-08-14T03:59:59Z,United States,2025/26,Total Use,"1000 Short Tons, Raw Value",12571,12571,0,WASDE-674-V1,false
WASDE-674-V1:d0747313a577,WASDE-673-V1:67d5cd456b4f,674,2026-08-12,August 2026,2026-08-12T16:00:00Z,2026-08-14T03:59:59Z,United States,2026/27,Beet Sugar,"1000 Short Tons, Raw Value",4791,4821,-30,WASDE-674-V1,false
WASDE-674-V1:d0747313a577,WASDE-673-V1:67d5cd456b4f,674,2026-08-12,August 2026,2026-08-12T16:00:00Z,2026-08-14T03:59:59Z,United States,2026/27,Beginning Stocks,"1000 Short Tons, Raw Value",1904,1686,218,WASDE-674-V1,false
WASDE-674-V1:d0747313a577,WASDE-673-V1:67d5cd456b4f,674,2026-08-12,August 2026,2026-08-12T16:00:00Z,2026-08-14T03:59:59Z,United States,2026/27,Cane Sugar,"1000 Short Tons, Raw Value",4159,4182,-23,WASDE-674-V1,false
WASDE-674-V1:d0747313a577,WASDE-673-V1:67d5cd456b4f,674,2026-08-12,August 2026,2026-08-12T16:00:00Z,2026-08-14T03:59:59Z,United States,2026/27,Deliveries,"1000 Short Tons, Raw Value",12546,12546,0,WASDE-674-V1,false
WASDE-674-V1:d0747313a577,WASDE-673-V1:67d5cd456b4f,674,2026-08-12,August 2026,2026-08-12T16:00:00Z,2026-08-14T03:59:59Z,United States,2026/27,Ending Stocks,"1000 Short Tons, Raw Value",1865,1697,168,WASDE-674-V1,false
WASDE-674-V1:d0747313a577,WASDE-673-V1:67d5cd456b4f,674,2026-08-12,August 2026,2026-08-12T16:00:00Z,2026-08-14T03:59:59Z,United States,2026/27,Exports,"1000 Short Tons, Raw Value",25,25,0,WASDE-674-V1,false
WASDE-674-V1:d0747313a577,WASDE-673-V1:67d5cd456b4f,674,2026-08-12,August 2026,2026-08-12T16:00:00Z,2026-08-14T03:59:59Z,United States,2026/27,Exports - Other,"1000 Short Tons, Raw Value",105,105,0,WASDE-674-V1,false
WASDE-674-V1:d0747313a577,WASDE-673-V1:67d5cd456b4f,674,2026-08-12,August 2026,2026-08-12T16:00:00Z,2026-08-14T03:59:59Z,United States,2026/27,Florida,"1000 Short Tons, Raw Value",1893,2016,-123,WASDE-674-V1,false
WASDE-674-V1:d0747313a577,WASDE-673-V1:67d5cd456b4f,674,2026-08-12,August 2026,2026-08-12T16:00:00Z,2026-08-14T03:59:59Z,United States,2026/27,Food,"1000 Short Tons, Raw Value",12441,12441,0,WASDE-674-V1,false
WASDE-674-V1:d0747313a577,WASDE-673-V1:67d5cd456b4f,674,2026-08-12,August 2026,2026-08-12T16:00:00Z,2026-08-14T03:59:59Z,United States,2026/27,High-tier tariff/other,"1000 Short Tons, Raw Value",517,510,7,WASDE-674-V1,false
WASDE-674-V1:d0747313a577,WASDE-673-V1:67d5cd456b4f,674,2026-08-12,August 2026,2026-08-12T16:00:00Z,2026-08-14T03:59:59Z,United States,2026/27,Imports,"1000 Short Tons, Raw Value",3582,3579,3,WASDE-674-V1,false
WASDE-674-V1:d0747313a577,WASDE-673-V1:67d5cd456b4f,674,2026-08-12,August 2026,2026-08-12T16:00:00Z,2026-08-14T03:59:59Z,United States,2026/27,Louisiana,"1000 Short Tons, Raw Value",2266,2166,100,WASDE-674-V1,false
WASDE-674-V1:d0747313a577,WASDE-673-V1:67d5cd456b4f,674,2026-08-12,August 2026,2026-08-12T16:00:00Z,2026-08-14T03:59:59Z,United States,2026/27,Mexico,"1000 Short Tons, Raw Value",1346,1346,0,WASDE-674-V1,false
WASDE-674-V1:d0747313a577,WASDE-673-V1:67d5cd456b4f,674,2026-08-12,August 2026,2026-08-12T16:00:00Z,2026-08-14T03:59:59Z,United States,2026/27,Miscellaneous,"1000 Short Tons, Raw Value",0,0,0,WASDE-674-V1,false
WASDE-674-V1:d0747313a577,WASDE-673-V1:67d5cd456b4f,674,2026-08-12,August 2026,2026-08-12T16:00:00Z,2026-08-14T03:59:59Z,United States,2026/27,Non-program,"1000 Short Tons, Raw Value",1863,1856,7,WASDE-674-V1,false
WASDE-674-V1:d0747313a577,WASDE-673-V1:67d5cd456b4f,674,2026-08-12,August 2026,2026-08-12T16:00:00Z,2026-08-14T03:59:59Z,United States,2026/27,Other Program,"1000 Short Tons, Raw Value",300,300,0,WASDE-674-V1,false
WASDE-674-V1:d0747313a577,WASDE-673-V1:67d5cd456b4f,674,2026-08-12,August 2026,2026-08-12T16:00:00Z,2026-08-14T03:59:59Z,United States,2026/27,Production,"1000 Short Tons, Raw Value",8950,9004,-54,WASDE-674-V1,false
WASDE-674-V1:d0747313a577,WASDE-673-V1:67d5cd456b4f,674,2026-08-12,August 2026,2026-08-12T16:00:00Z,2026-08-14T03:59:59Z,United States,2026/27,Stocks to Use Ratio,Percent,14.8,13.5,1.3,WASDE-674-V1,false
WASDE-674-V1:d0747313a577,WASDE-673-V1:67d5cd456b4f,674,2026-08-12,August 2026,2026-08-12T16:00:00Z,2026-08-14T03:59:59Z,United States,2026/27,TRQ,"1000 Short Tons, Raw Value",1419,1422,-3,WASDE-674-V1,false
WASDE-674-V1:d0747313a577,WASDE-673-V1:67d5cd456b4f,674,2026-08-12,August 2026,2026-08-12T16:00:00Z,2026-08-14T03:59:59Z,United States,2026/27,Texas,"1000 Short Tons, Raw Value",0,0,0,WASDE-674-V1,false
WASDE-674-V1:d0747313a577,WASDE-673-V1:67d5cd456b4f,674,2026-08-12,August 2026,2026-08-12T16:00:00Z,2026-08-14T03:59:59Z,United States,2026/27,Total Supply,"1000 Short Tons, Raw Value",14436,14268,168,WASDE-674-V1,false
WASDE-674-V1:d0747313a577,WASDE-673-V1:67d5cd456b4f,674,2026-08-12,August 2026,2026-08-12T16:00:00Z,2026-08-14T03:59:59Z,United States,2026/27,Total Use,"1000 Short Tons, Raw Value",12571,12571,0,WASDE-674-V1,false
