vintage_id,wasde_number,report_date,report_label,effective_at_utc,available_at_utc,available_at_basis,retrieved_at_utc,source_version,is_corrected_repost,source_id,source_url,source_sha256,report_title,commodity,region,market_year,projection_status,attribute,raw_value,value,raw_unit,normalized_unit,unit_warning
WASDE-660-V1:3a6282552187,660,2025-05-12,May 2025,2025-05-12T16:00:00Z,2025-05-14T03:59:59Z,conservative end of next calendar day in America/New_York; USDA says consolidated CSV updates the day after WASDE,2026-08-20T15:50:03Z,WASDE-660-V1,false,usda_wasde_660_v1_3a6282552187,https://www.usda.gov/sites/default/files/documents/oce-wasde-report-data-2025-05.csv,3a6282552187f6e7feadf0f921d199231a8570be519e38220c405848be29619e,Mexico Sugar Supply and Use and High Fructose Corn Syrup Consumption,Sugar,Mexico,2024/25,Est.,Beginning Stocks,1418.00,1418,"1000 Metric Tons, Actual Weight","1000 Metric Tons, Actual Weight",
WASDE-660-V1:3a6282552187,660,2025-05-12,May 2025,2025-05-12T16:00:00Z,2025-05-14T03:59:59Z,conservative end of next calendar day in America/New_York; USDA says consolidated CSV updates the day after WASDE,2026-08-20T15:50:03Z,WASDE-660-V1,false,usda_wasde_660_v1_3a6282552187,https://www.usda.gov/sites/default/files/documents/oce-wasde-report-data-2025-05.csv,3a6282552187f6e7feadf0f921d199231a8570be519e38220c405848be29619e,Mexico Sugar Supply and Use and High Fructose Corn Syrup Consumption,Sugar,Mexico,2024/25,Est.,Domestic,4614.00,4614,"1000 Metric Tons, Actual Weight","1000 Metric Tons, Actual Weight",
WASDE-660-V1:3a6282552187,660,2025-05-12,May 2025,2025-05-12T16:00:00Z,2025-05-14T03:59:59Z,conservative end of next calendar day in America/New_York; USDA says consolidated CSV updates the day after WASDE,2026-08-20T15:50:03Z,WASDE-660-V1,false,usda_wasde_660_v1_3a6282552187,https://www.usda.gov/sites/default/files/documents/oce-wasde-report-data-2025-05.csv,3a6282552187f6e7feadf0f921d199231a8570be519e38220c405848be29619e,Mexico Sugar Supply and Use and High Fructose Corn Syrup Consumption,Sugar,Mexico,2024/25,Est.,Ending Stocks,1081.00,1081,"1000 Metric Tons, Actual Weight","1000 Metric Tons, Actual Weight",
WASDE-660-V1:3a6282552187,660,2025-05-12,May 2025,2025-05-12T16:00:00Z,2025-05-14T03:59:59Z,conservative end of next calendar day in America/New_York; USDA says consolidated CSV updates the day after WASDE,2026-08-20T15:50:03Z,WASDE-660-V1,false,usda_wasde_660_v1_3a6282552187,https://www.usda.gov/sites/default/files/documents/oce-wasde-report-data-2025-05.csv,3a6282552187f6e7feadf0f921d199231a8570be519e38220c405848be29619e,Mexico Sugar Supply and Use and High Fructose Corn Syrup Consumption,Sugar,Mexico,2024/25,Est.,Exports,723.00,723,"1000 Metric Tons, Actual Weight","1000 Metric Tons, Actual Weight",
WASDE-660-V1:3a6282552187,660,2025-05-12,May 2025,2025-05-12T16:00:00Z,2025-05-14T03:59:59Z,conservative end of next calendar day in America/New_York; USDA says consolidated CSV updates the day after WASDE,2026-08-20T15:50:03Z,WASDE-660-V1,false,usda_wasde_660_v1_3a6282552187,https://www.usda.gov/sites/default/files/documents/oce-wasde-report-data-2025-05.csv,3a6282552187f6e7feadf0f921d199231a8570be519e38220c405848be29619e,Mexico Sugar Supply and Use and High Fructose Corn Syrup Consumption,Sugar,Mexico,2024/25,Est.,Imports,189.00,189,"1000 Metric Tons, Actual Weight","1000 Metric Tons, Actual Weight",
WASDE-660-V1:3a6282552187,660,2025-05-12,May 2025,2025-05-12T16:00:00Z,2025-05-14T03:59:59Z,conservative end of next calendar day in America/New_York; USDA says consolidated CSV updates the day after WASDE,2026-08-20T15:50:03Z,WASDE-660-V1,false,usda_wasde_660_v1_3a6282552187,https://www.usda.gov/sites/default/files/documents/oce-wasde-report-data-2025-05.csv,3a6282552187f6e7feadf0f921d199231a8570be519e38220c405848be29619e,Mexico Sugar Supply and Use and High Fructose Corn Syrup Consumption,Sugar,Mexico,2024/25,Est.,Production,4811.00,4811,"1000 Metric Tons, Actual Weight","1000 Metric Tons, Actual Weight",
WASDE-660-V1:3a6282552187,660,2025-05-12,May 2025,2025-05-12T16:00:00Z,2025-05-14T03:59:59Z,conservative end of next calendar day in America/New_York; USDA says consolidated CSV updates the day after WASDE,2026-08-20T15:50:03Z,WASDE-660-V1,false,usda_wasde_660_v1_3a6282552187,https://www.usda.gov/sites/default/files/documents/oce-wasde-report-data-2025-05.csv,3a6282552187f6e7feadf0f921d199231a8570be519e38220c405848be29619e,Mexico Sugar Supply and Use and High Fructose Corn Syrup Consumption,Sugar,Mexico,2025/26,Proj.,Beginning Stocks,1081.00,1081,"1000 Metric Tons, Actual Weight","1000 Metric Tons, Actual Weight",
WASDE-660-V1:3a6282552187,660,2025-05-12,May 2025,2025-05-12T16:00:00Z,2025-05-14T03:59:59Z,conservative end of next calendar day in America/New_York; USDA says consolidated CSV updates the day after WASDE,2026-08-20T15:50:03Z,WASDE-660-V1,false,usda_wasde_660_v1_3a6282552187,https://www.usda.gov/sites/default/files/documents/oce-wasde-report-data-2025-05.csv,3a6282552187f6e7feadf0f921d199231a8570be519e38220c405848be29619e,Mexico Sugar Supply and Use and High Fructose Corn Syrup Consumption,Sugar,Mexico,2025/26,Proj.,Domestic,4569.00,4569,"1000 Metric Tons, Actual Weight","1000 Metric Tons, Actual Weight",
WASDE-660-V1:3a6282552187,660,2025-05-12,May 2025,2025-05-12T16:00:00Z,2025-05-14T03:59:59Z,conservative end of next calendar day in America/New_York; USDA says consolidated CSV updates the day after WASDE,2026-08-20T15:50:03Z,WASDE-660-V1,false,usda_wasde_660_v1_3a6282552187,https://www.usda.gov/sites/default/files/documents/oce-wasde-report-data-2025-05.csv,3a6282552187f6e7feadf0f921d199231a8570be519e38220c405848be29619e,Mexico Sugar Supply and Use and High Fructose Corn Syrup Consumption,Sugar,Mexico,2025/26,Proj.,Ending Stocks,1081.00,1081,"1000 Metric Tons, Actual Weight","1000 Metric Tons, Actual Weight",
WASDE-660-V1:3a6282552187,660,2025-05-12,May 2025,2025-05-12T16:00:00Z,2025-05-14T03:59:59Z,conservative end of next calendar day in America/New_York; USDA says consolidated CSV updates the day after WASDE,2026-08-20T15:50:03Z,WASDE-660-V1,false,usda_wasde_660_v1_3a6282552187,https://www.usda.gov/sites/default/files/documents/oce-wasde-report-data-2025-05.csv,3a6282552187f6e7feadf0f921d199231a8570be519e38220c405848be29619e,Mexico Sugar Supply and Use and High Fructose Corn Syrup Consumption,Sugar,Mexico,2025/26,Proj.,Exports,667.00,667,"1000 Metric Tons, Actual Weight","1000 Metric Tons, Actual Weight",
WASDE-660-V1:3a6282552187,660,2025-05-12,May 2025,2025-05-12T16:00:00Z,2025-05-14T03:59:59Z,conservative end of next calendar day in America/New_York; USDA says consolidated CSV updates the day after WASDE,2026-08-20T15:50:03Z,WASDE-660-V1,false,usda_wasde_660_v1_3a6282552187,https://www.usda.gov/sites/default/files/documents/oce-wasde-report-data-2025-05.csv,3a6282552187f6e7feadf0f921d199231a8570be519e38220c405848be29619e,Mexico Sugar Supply and Use and High Fructose Corn Syrup Consumption,Sugar,Mexico,2025/26,Proj.,Imports,142.00,142,"1000 Metric Tons, Actual Weight","1000 Metric Tons, Actual Weight",
WASDE-660-V1:3a6282552187,660,2025-05-12,May 2025,2025-05-12T16:00:00Z,2025-05-14T03:59:59Z,conservative end of next calendar day in America/New_York; USDA says consolidated CSV updates the day after WASDE,2026-08-20T15:50:03Z,WASDE-660-V1,false,usda_wasde_660_v1_3a6282552187,https://www.usda.gov/sites/default/files/documents/oce-wasde-report-data-2025-05.csv,3a6282552187f6e7feadf0f921d199231a8570be519e38220c405848be29619e,Mexico Sugar Supply and Use and High Fructose Corn Syrup Consumption,Sugar,Mexico,2025/26,Proj.,Production,5094.00,5094,"1000 Metric Tons, Actual Weight","1000 Metric Tons, Actual Weight",
WASDE-660-V1:3a6282552187,660,2025-05-12,May 2025,2025-05-12T16:00:00Z,2025-05-14T03:59:59Z,conservative end of next calendar day in America/New_York; USDA says consolidated CSV updates the day after WASDE,2026-08-20T15:50:03Z,WASDE-660-V1,false,usda_wasde_660_v1_3a6282552187,https://www.usda.gov/sites/default/files/documents/oce-wasde-report-data-2025-05.csv,3a6282552187f6e7feadf0f921d199231a8570be519e38220c405848be29619e,U.S. Sugar Supply and Use,Sugar,United States,2023/24,,Beet Sugar,5172.00,5172,"1000 Short Tons, Raw Value","1000 Short Tons, Raw Value",
WASDE-660-V1:3a6282552187,660,2025-05-12,May 2025,2025-05-12T16:00:00Z,2025-05-14T03:59:59Z,conservative end of next calendar day in America/New_York; USDA says consolidated CSV updates the day after WASDE,2026-08-20T15:50:03Z,WASDE-660-V1,false,usda_wasde_660_v1_3a6282552187,https://www.usda.gov/sites/default/files/documents/oce-wasde-report-data-2025-05.csv,3a6282552187f6e7feadf0f921d199231a8570be519e38220c405848be29619e,U.S. Sugar Supply and Use,Sugar,United States,2023/24,,Beginning Stocks,1843.00,1843,"1000 Short Tons, Raw Value","1000 Short Tons, Raw Value",
WASDE-660-V1:3a6282552187,660,2025-05-12,May 2025,2025-05-12T16:00:00Z,2025-05-14T03:59:59Z,conservative end of next calendar day in America/New_York; USDA says consolidated CSV updates the day after WASDE,2026-08-20T15:50:03Z,WASDE-660-V1,false,usda_wasde_660_v1_3a6282552187,https://www.usda.gov/sites/default/files/documents/oce-wasde-report-data-2025-05.csv,3a6282552187f6e7feadf0f921d199231a8570be519e38220c405848be29619e,U.S. Sugar Supply and Use,Sugar,United States,2023/24,,Cane Sugar,4141.00,4141,"1000 Short Tons, Raw Value","1000 Short Tons, Raw Value",
WASDE-660-V1:3a6282552187,660,2025-05-12,May 2025,2025-05-12T16:00:00Z,2025-05-14T03:59:59Z,conservative end of next calendar day in America/New_York; USDA says consolidated CSV updates the day after WASDE,2026-08-20T15:50:03Z,WASDE-660-V1,false,usda_wasde_660_v1_3a6282552187,https://www.usda.gov/sites/default/files/documents/oce-wasde-report-data-2025-05.csv,3a6282552187f6e7feadf0f921d199231a8570be519e38220c405848be29619e,U.S. Sugar Supply and Use,Sugar,United States,2023/24,,Deliveries,12534.00,12534,"1000 Short Tons, Raw Value","1000 Short Tons, Raw Value",
WASDE-660-V1:3a6282552187,660,2025-05-12,May 2025,2025-05-12T16:00:00Z,2025-05-14T03:59:59Z,conservative end of next calendar day in America/New_York; USDA says consolidated CSV updates the day after WASDE,2026-08-20T15:50:03Z,WASDE-660-V1,false,usda_wasde_660_v1_3a6282552187,https://www.usda.gov/sites/default/files/documents/oce-wasde-report-data-2025-05.csv,3a6282552187f6e7feadf0f921d199231a8570be519e38220c405848be29619e,U.S. Sugar Supply and Use,Sugar,United States,2023/24,,Ending Stocks,2131.00,2131,"1000 Short Tons, Raw Value","1000 Short Tons, Raw Value",
WASDE-660-V1:3a6282552187,660,2025-05-12,May 2025,2025-05-12T16:00:00Z,2025-05-14T03:59:59Z,conservative end of next calendar day in America/New_York; USDA says consolidated CSV updates the day after WASDE,2026-08-20T15:50:03Z,WASDE-660-V1,false,usda_wasde_660_v1_3a6282552187,https://www.usda.gov/sites/default/files/documents/oce-wasde-report-data-2025-05.csv,3a6282552187f6e7feadf0f921d199231a8570be519e38220c405848be29619e,U.S. Sugar Supply and Use,Sugar,United States,2023/24,,Exports,249.00,249,"1000 Short Tons, Raw Value","1000 Short Tons, Raw Value",
WASDE-660-V1:3a6282552187,660,2025-05-12,May 2025,2025-05-12T16:00:00Z,2025-05-14T03:59:59Z,conservative end of next calendar day in America/New_York; USDA says consolidated CSV updates the day after WASDE,2026-08-20T15:50:03Z,WASDE-660-V1,false,usda_wasde_660_v1_3a6282552187,https://www.usda.gov/sites/default/files/documents/oce-wasde-report-data-2025-05.csv,3a6282552187f6e7feadf0f921d199231a8570be519e38220c405848be29619e,U.S. Sugar Supply and Use,Sugar,United States,2023/24,,Exports - Other,106.00,106,"1000 Short Tons, Raw Value","1000 Short Tons, Raw Value",
WASDE-660-V1:3a6282552187,660,2025-05-12,May 2025,2025-05-12T16:00:00Z,2025-05-14T03:59:59Z,conservative end of next calendar day in America/New_York; USDA says consolidated CSV updates the day after WASDE,2026-08-20T15:50:03Z,WASDE-660-V1,false,usda_wasde_660_v1_3a6282552187,https://www.usda.gov/sites/default/files/documents/oce-wasde-report-data-2025-05.csv,3a6282552187f6e7feadf0f921d199231a8570be519e38220c405848be29619e,U.S. Sugar Supply and Use,Sugar,United States,2023/24,,Florida,2079.00,2079,"1000 Short Tons, Raw Value","1000 Short Tons, Raw Value",
WASDE-660-V1:3a6282552187,660,2025-05-12,May 2025,2025-05-12T16:00:00Z,2025-05-14T03:59:59Z,conservative end of next calendar day in America/New_York; USDA says consolidated CSV updates the day after WASDE,2026-08-20T15:50:03Z,WASDE-660-V1,false,usda_wasde_660_v1_3a6282552187,https://www.usda.gov/sites/default/files/documents/oce-wasde-report-data-2025-05.csv,3a6282552187f6e7feadf0f921d199231a8570be519e38220c405848be29619e,U.S. Sugar Supply and Use,Sugar,United States,2023/24,,Food,12428.00,12428,"1000 Short Tons, Raw Value","1000 Short Tons, Raw Value",
WASDE-660-V1:3a6282552187,660,2025-05-12,May 2025,2025-05-12T16:00:00Z,2025-05-14T03:59:59Z,conservative end of next calendar day in America/New_York; USDA says consolidated CSV updates the day after WASDE,2026-08-20T15:50:03Z,WASDE-660-V1,false,usda_wasde_660_v1_3a6282552187,https://www.usda.gov/sites/default/files/documents/oce-wasde-report-data-2025-05.csv,3a6282552187f6e7feadf0f921d199231a8570be519e38220c405848be29619e,U.S. Sugar Supply and Use,Sugar,United States,2023/24,,High-tier tariff/other,1231.00,1231,"1000 Short Tons, Raw Value","1000 Short Tons, Raw Value",
WASDE-660-V1:3a6282552187,660,2025-05-12,May 2025,2025-05-12T16:00:00Z,2025-05-14T03:59:59Z,conservative end of next calendar day in America/New_York; USDA says consolidated CSV updates the day after WASDE,2026-08-20T15:50:03Z,WASDE-660-V1,false,usda_wasde_660_v1_3a6282552187,https://www.usda.gov/sites/default/files/documents/oce-wasde-report-data-2025-05.csv,3a6282552187f6e7feadf0f921d199231a8570be519e38220c405848be29619e,U.S. Sugar Supply and Use,Sugar,United States,2023/24,,Imports,3840.00,3840,"1000 Short Tons, Raw Value","1000 Short Tons, Raw Value",
WASDE-660-V1:3a6282552187,660,2025-05-12,May 2025,2025-05-12T16:00:00Z,2025-05-14T03:59:59Z,conservative end of next calendar day in America/New_York; USDA says consolidated CSV updates the day after WASDE,2026-08-20T15:50:03Z,WASDE-660-V1,false,usda_wasde_660_v1_3a6282552187,https://www.usda.gov/sites/default/files/documents/oce-wasde-report-data-2025-05.csv,3a6282552187f6e7feadf0f921d199231a8570be519e38220c405848be29619e,U.S. Sugar Supply and Use,Sugar,United States,2023/24,,Louisiana,2022.00,2022,"1000 Short Tons, Raw Value","1000 Short Tons, Raw Value",
WASDE-660-V1:3a6282552187,660,2025-05-12,May 2025,2025-05-12T16:00:00Z,2025-05-14T03:59:59Z,conservative end of next calendar day in America/New_York; USDA says consolidated CSV updates the day after WASDE,2026-08-20T15:50:03Z,WASDE-660-V1,false,usda_wasde_660_v1_3a6282552187,https://www.usda.gov/sites/default/files/documents/oce-wasde-report-data-2025-05.csv,3a6282552187f6e7feadf0f921d199231a8570be519e38220c405848be29619e,U.S. Sugar Supply and Use,Sugar,United States,2023/24,,Mexico,521.00,521,"1000 Short Tons, Raw Value","1000 Short Tons, Raw Value",
WASDE-660-V1:3a6282552187,660,2025-05-12,May 2025,2025-05-12T16:00:00Z,2025-05-14T03:59:59Z,conservative end of next calendar day in America/New_York; USDA says consolidated CSV updates the day after WASDE,2026-08-20T15:50:03Z,WASDE-660-V1,false,usda_wasde_660_v1_3a6282552187,https://www.usda.gov/sites/default/files/documents/oce-wasde-report-data-2025-05.csv,3a6282552187f6e7feadf0f921d199231a8570be519e38220c405848be29619e,U.S. Sugar Supply and Use,Sugar,United States,2023/24,,Miscellaneous,81.00,81,"1000 Short Tons, Raw Value","1000 Short Tons, Raw Value",
WASDE-660-V1:3a6282552187,660,2025-05-12,May 2025,2025-05-12T16:00:00Z,2025-05-14T03:59:59Z,conservative end of next calendar day in America/New_York; USDA says consolidated CSV updates the day after WASDE,2026-08-20T15:50:03Z,WASDE-660-V1,false,usda_wasde_660_v1_3a6282552187,https://www.usda.gov/sites/default/files/documents/oce-wasde-report-data-2025-05.csv,3a6282552187f6e7feadf0f921d199231a8570be519e38220c405848be29619e,U.S. Sugar Supply and Use,Sugar,United States,2023/24,,Non-program,1752.00,1752,"1000 Short Tons, Raw Value","1000 Short Tons, Raw Value",
WASDE-660-V1:3a6282552187,660,2025-05-12,May 2025,2025-05-12T16:00:00Z,2025-05-14T03:59:59Z,conservative end of next calendar day in America/New_York; USDA says consolidated CSV updates the day after WASDE,2026-08-20T15:50:03Z,WASDE-660-V1,false,usda_wasde_660_v1_3a6282552187,https://www.usda.gov/sites/default/files/documents/oce-wasde-report-data-2025-05.csv,3a6282552187f6e7feadf0f921d199231a8570be519e38220c405848be29619e,U.S. Sugar Supply and Use,Sugar,United States,2023/24,,Other Program,300.00,300,"1000 Short Tons, Raw Value","1000 Short Tons, Raw Value",
WASDE-660-V1:3a6282552187,660,2025-05-12,May 2025,2025-05-12T16:00:00Z,2025-05-14T03:59:59Z,conservative end of next calendar day in America/New_York; USDA says consolidated CSV updates the day after WASDE,2026-08-20T15:50:03Z,WASDE-660-V1,false,usda_wasde_660_v1_3a6282552187,https://www.usda.gov/sites/default/files/documents/oce-wasde-report-data-2025-05.csv,3a6282552187f6e7feadf0f921d199231a8570be519e38220c405848be29619e,U.S. Sugar Supply and Use,Sugar,United States,2023/24,,Production,9313.00,9313,"1000 Short Tons, Raw Value","1000 Short Tons, Raw Value",
WASDE-660-V1:3a6282552187,660,2025-05-12,May 2025,2025-05-12T16:00:00Z,2025-05-14T03:59:59Z,conservative end of next calendar day in America/New_York; USDA says consolidated CSV updates the day after WASDE,2026-08-20T15:50:03Z,WASDE-660-V1,false,usda_wasde_660_v1_3a6282552187,https://www.usda.gov/sites/default/files/documents/oce-wasde-report-data-2025-05.csv,3a6282552187f6e7feadf0f921d199231a8570be519e38220c405848be29619e,U.S. Sugar Supply and Use,Sugar,United States,2023/24,,Stocks to Use Ratio,16.60,16.6,"1000 Short Tons, Raw Value",Percent,USDA historical CSV labels Stocks to Use Ratio with the table's tonnage unit; value is normalized as percent while the raw unit is retained.
WASDE-660-V1:3a6282552187,660,2025-05-12,May 2025,2025-05-12T16:00:00Z,2025-05-14T03:59:59Z,conservative end of next calendar day in America/New_York; USDA says consolidated CSV updates the day after WASDE,2026-08-20T15:50:03Z,WASDE-660-V1,false,usda_wasde_660_v1_3a6282552187,https://www.usda.gov/sites/default/files/documents/oce-wasde-report-data-2025-05.csv,3a6282552187f6e7feadf0f921d199231a8570be519e38220c405848be29619e,U.S. Sugar Supply and Use,Sugar,United States,2023/24,,TRQ,1788.00,1788,"1000 Short Tons, Raw Value","1000 Short Tons, Raw Value",
WASDE-660-V1:3a6282552187,660,2025-05-12,May 2025,2025-05-12T16:00:00Z,2025-05-14T03:59:59Z,conservative end of next calendar day in America/New_York; USDA says consolidated CSV updates the day after WASDE,2026-08-20T15:50:03Z,WASDE-660-V1,false,usda_wasde_660_v1_3a6282552187,https://www.usda.gov/sites/default/files/documents/oce-wasde-report-data-2025-05.csv,3a6282552187f6e7feadf0f921d199231a8570be519e38220c405848be29619e,U.S. Sugar Supply and Use,Sugar,United States,2023/24,,Texas,40.00,40,"1000 Short Tons, Raw Value","1000 Short Tons, Raw Value",
WASDE-660-V1:3a6282552187,660,2025-05-12,May 2025,2025-05-12T16:00:00Z,2025-05-14T03:59:59Z,conservative end of next calendar day in America/New_York; USDA says consolidated CSV updates the day after WASDE,2026-08-20T15:50:03Z,WASDE-660-V1,false,usda_wasde_660_v1_3a6282552187,https://www.usda.gov/sites/default/files/documents/oce-wasde-report-data-2025-05.csv,3a6282552187f6e7feadf0f921d199231a8570be519e38220c405848be29619e,U.S. Sugar Supply and Use,Sugar,United States,2023/24,,Total Supply,14995.00,14995,"1000 Short Tons, Raw Value","1000 Short Tons, Raw Value",
WASDE-660-V1:3a6282552187,660,2025-05-12,May 2025,2025-05-12T16:00:00Z,2025-05-14T03:59:59Z,conservative end of next calendar day in America/New_York; USDA says consolidated CSV updates the day after WASDE,2026-08-20T15:50:03Z,WASDE-660-V1,false,usda_wasde_660_v1_3a6282552187,https://www.usda.gov/sites/default/files/documents/oce-wasde-report-data-2025-05.csv,3a6282552187f6e7feadf0f921d199231a8570be519e38220c405848be29619e,U.S. Sugar Supply and Use,Sugar,United States,2023/24,,Total Use,12864.00,12864,"1000 Short Tons, Raw Value","1000 Short Tons, Raw Value",
WASDE-660-V1:3a6282552187,660,2025-05-12,May 2025,2025-05-12T16:00:00Z,2025-05-14T03:59:59Z,conservative end of next calendar day in America/New_York; USDA says consolidated CSV updates the day after WASDE,2026-08-20T15:50:03Z,WASDE-660-V1,false,usda_wasde_660_v1_3a6282552187,https://www.usda.gov/sites/default/files/documents/oce-wasde-report-data-2025-05.csv,3a6282552187f6e7feadf0f921d199231a8570be519e38220c405848be29619e,U.S. Sugar Supply and Use,Sugar,United States,2024/25,Est.,Beet Sugar,5334.00,5334,"1000 Short Tons, Raw Value","1000 Short Tons, Raw Value",
WASDE-660-V1:3a6282552187,660,2025-05-12,May 2025,2025-05-12T16:00:00Z,2025-05-14T03:59:59Z,conservative end of next calendar day in America/New_York; USDA says consolidated CSV updates the day after WASDE,2026-08-20T15:50:03Z,WASDE-660-V1,false,usda_wasde_660_v1_3a6282552187,https://www.usda.gov/sites/default/files/documents/oce-wasde-report-data-2025-05.csv,3a6282552187f6e7feadf0f921d199231a8570be519e38220c405848be29619e,U.S. Sugar Supply and Use,Sugar,United States,2024/25,Est.,Beginning Stocks,2131.00,2131,"1000 Short Tons, Raw Value","1000 Short Tons, Raw Value",
WASDE-660-V1:3a6282552187,660,2025-05-12,May 2025,2025-05-12T16:00:00Z,2025-05-14T03:59:59Z,conservative end of next calendar day in America/New_York; USDA says consolidated CSV updates the day after WASDE,2026-08-20T15:50:03Z,WASDE-660-V1,false,usda_wasde_660_v1_3a6282552187,https://www.usda.gov/sites/default/files/documents/oce-wasde-report-data-2025-05.csv,3a6282552187f6e7feadf0f921d199231a8570be519e38220c405848be29619e,U.S. Sugar Supply and Use,Sugar,United States,2024/25,Est.,Cane Sugar,3977.00,3977,"1000 Short Tons, Raw Value","1000 Short Tons, Raw Value",
WASDE-660-V1:3a6282552187,660,2025-05-12,May 2025,2025-05-12T16:00:00Z,2025-05-14T03:59:59Z,conservative end of next calendar day in America/New_York; USDA says consolidated CSV updates the day after WASDE,2026-08-20T15:50:03Z,WASDE-660-V1,false,usda_wasde_660_v1_3a6282552187,https://www.usda.gov/sites/default/files/documents/oce-wasde-report-data-2025-05.csv,3a6282552187f6e7feadf0f921d199231a8570be519e38220c405848be29619e,U.S. Sugar Supply and Use,Sugar,United States,2024/25,Est.,Deliveries,12255.00,12255,"1000 Short Tons, Raw Value","1000 Short Tons, Raw Value",
WASDE-660-V1:3a6282552187,660,2025-05-12,May 2025,2025-05-12T16:00:00Z,2025-05-14T03:59:59Z,conservative end of next calendar day in America/New_York; USDA says consolidated CSV updates the day after WASDE,2026-08-20T15:50:03Z,WASDE-660-V1,false,usda_wasde_660_v1_3a6282552187,https://www.usda.gov/sites/default/files/documents/oce-wasde-report-data-2025-05.csv,3a6282552187f6e7feadf0f921d199231a8570be519e38220c405848be29619e,U.S. Sugar Supply and Use,Sugar,United States,2024/25,Est.,Ending Stocks,2032.00,2032,"1000 Short Tons, Raw Value","1000 Short Tons, Raw Value",
WASDE-660-V1:3a6282552187,660,2025-05-12,May 2025,2025-05-12T16:00:00Z,2025-05-14T03:59:59Z,conservative end of next calendar day in America/New_York; USDA says consolidated CSV updates the day after WASDE,2026-08-20T15:50:03Z,WASDE-660-V1,false,usda_wasde_660_v1_3a6282552187,https://www.usda.gov/sites/default/files/documents/oce-wasde-report-data-2025-05.csv,3a6282552187f6e7feadf0f921d199231a8570be519e38220c405848be29619e,U.S. Sugar Supply and Use,Sugar,United States,2024/25,Est.,Exports,100.00,100,"1000 Short Tons, Raw Value","1000 Short Tons, Raw Value",
WASDE-660-V1:3a6282552187,660,2025-05-12,May 2025,2025-05-12T16:00:00Z,2025-05-14T03:59:59Z,conservative end of next calendar day in America/New_York; USDA says consolidated CSV updates the day after WASDE,2026-08-20T15:50:03Z,WASDE-660-V1,false,usda_wasde_660_v1_3a6282552187,https://www.usda.gov/sites/default/files/documents/oce-wasde-report-data-2025-05.csv,3a6282552187f6e7feadf0f921d199231a8570be519e38220c405848be29619e,U.S. Sugar Supply and Use,Sugar,United States,2024/25,Est.,Exports - Other,105.00,105,"1000 Short Tons, Raw Value","1000 Short Tons, Raw Value",
WASDE-660-V1:3a6282552187,660,2025-05-12,May 2025,2025-05-12T16:00:00Z,2025-05-14T03:59:59Z,conservative end of next calendar day in America/New_York; USDA says consolidated CSV updates the day after WASDE,2026-08-20T15:50:03Z,WASDE-660-V1,false,usda_wasde_660_v1_3a6282552187,https://www.usda.gov/sites/default/files/documents/oce-wasde-report-data-2025-05.csv,3a6282552187f6e7feadf0f921d199231a8570be519e38220c405848be29619e,U.S. Sugar Supply and Use,Sugar,United States,2024/25,Est.,Florida,1929.00,1929,"1000 Short Tons, Raw Value","1000 Short Tons, Raw Value",
WASDE-660-V1:3a6282552187,660,2025-05-12,May 2025,2025-05-12T16:00:00Z,2025-05-14T03:59:59Z,conservative end of next calendar day in America/New_York; USDA says consolidated CSV updates the day after WASDE,2026-08-20T15:50:03Z,WASDE-660-V1,false,usda_wasde_660_v1_3a6282552187,https://www.usda.gov/sites/default/files/documents/oce-wasde-report-data-2025-05.csv,3a6282552187f6e7feadf0f921d199231a8570be519e38220c405848be29619e,U.S. Sugar Supply and Use,Sugar,United States,2024/25,Est.,Food,12150.00,12150,"1000 Short Tons, Raw Value","1000 Short Tons, Raw Value",
WASDE-660-V1:3a6282552187,660,2025-05-12,May 2025,2025-05-12T16:00:00Z,2025-05-14T03:59:59Z,conservative end of next calendar day in America/New_York; USDA says consolidated CSV updates the day after WASDE,2026-08-20T15:50:03Z,WASDE-660-V1,false,usda_wasde_660_v1_3a6282552187,https://www.usda.gov/sites/default/files/documents/oce-wasde-report-data-2025-05.csv,3a6282552187f6e7feadf0f921d199231a8570be519e38220c405848be29619e,U.S. Sugar Supply and Use,Sugar,United States,2024/25,Est.,High-tier tariff/other,715.00,715,"1000 Short Tons, Raw Value","1000 Short Tons, Raw Value",
WASDE-660-V1:3a6282552187,660,2025-05-12,May 2025,2025-05-12T16:00:00Z,2025-05-14T03:59:59Z,conservative end of next calendar day in America/New_York; USDA says consolidated CSV updates the day after WASDE,2026-08-20T15:50:03Z,WASDE-660-V1,false,usda_wasde_660_v1_3a6282552187,https://www.usda.gov/sites/default/files/documents/oce-wasde-report-data-2025-05.csv,3a6282552187f6e7feadf0f921d199231a8570be519e38220c405848be29619e,U.S. Sugar Supply and Use,Sugar,United States,2024/25,Est.,Imports,2944.00,2944,"1000 Short Tons, Raw Value","1000 Short Tons, Raw Value",
WASDE-660-V1:3a6282552187,660,2025-05-12,May 2025,2025-05-12T16:00:00Z,2025-05-14T03:59:59Z,conservative end of next calendar day in America/New_York; USDA says consolidated CSV updates the day after WASDE,2026-08-20T15:50:03Z,WASDE-660-V1,false,usda_wasde_660_v1_3a6282552187,https://www.usda.gov/sites/default/files/documents/oce-wasde-report-data-2025-05.csv,3a6282552187f6e7feadf0f921d199231a8570be519e38220c405848be29619e,U.S. Sugar Supply and Use,Sugar,United States,2024/25,Est.,Louisiana,2049.00,2049,"1000 Short Tons, Raw Value","1000 Short Tons, Raw Value",
WASDE-660-V1:3a6282552187,660,2025-05-12,May 2025,2025-05-12T16:00:00Z,2025-05-14T03:59:59Z,conservative end of next calendar day in America/New_York; USDA says consolidated CSV updates the day after WASDE,2026-08-20T15:50:03Z,WASDE-660-V1,false,usda_wasde_660_v1_3a6282552187,https://www.usda.gov/sites/default/files/documents/oce-wasde-report-data-2025-05.csv,3a6282552187f6e7feadf0f921d199231a8570be519e38220c405848be29619e,U.S. Sugar Supply and Use,Sugar,United States,2024/25,Est.,Mexico,497.00,497,"1000 Short Tons, Raw Value","1000 Short Tons, Raw Value",
WASDE-660-V1:3a6282552187,660,2025-05-12,May 2025,2025-05-12T16:00:00Z,2025-05-14T03:59:59Z,conservative end of next calendar day in America/New_York; USDA says consolidated CSV updates the day after WASDE,2026-08-20T15:50:03Z,WASDE-660-V1,false,usda_wasde_660_v1_3a6282552187,https://www.usda.gov/sites/default/files/documents/oce-wasde-report-data-2025-05.csv,3a6282552187f6e7feadf0f921d199231a8570be519e38220c405848be29619e,U.S. Sugar Supply and Use,Sugar,United States,2024/25,Est.,Miscellaneous,.00,0,"1000 Short Tons, Raw Value","1000 Short Tons, Raw Value",
WASDE-660-V1:3a6282552187,660,2025-05-12,May 2025,2025-05-12T16:00:00Z,2025-05-14T03:59:59Z,conservative end of next calendar day in America/New_York; USDA says consolidated CSV updates the day after WASDE,2026-08-20T15:50:03Z,WASDE-660-V1,false,usda_wasde_660_v1_3a6282552187,https://www.usda.gov/sites/default/files/documents/oce-wasde-report-data-2025-05.csv,3a6282552187f6e7feadf0f921d199231a8570be519e38220c405848be29619e,U.S. Sugar Supply and Use,Sugar,United States,2024/25,Est.,Non-program,1212.00,1212,"1000 Short Tons, Raw Value","1000 Short Tons, Raw Value",
WASDE-660-V1:3a6282552187,660,2025-05-12,May 2025,2025-05-12T16:00:00Z,2025-05-14T03:59:59Z,conservative end of next calendar day in America/New_York; USDA says consolidated CSV updates the day after WASDE,2026-08-20T15:50:03Z,WASDE-660-V1,false,usda_wasde_660_v1_3a6282552187,https://www.usda.gov/sites/default/files/documents/oce-wasde-report-data-2025-05.csv,3a6282552187f6e7feadf0f921d199231a8570be519e38220c405848be29619e,U.S. Sugar Supply and Use,Sugar,United States,2024/25,Est.,Other Program,200.00,200,"1000 Short Tons, Raw Value","1000 Short Tons, Raw Value",
WASDE-660-V1:3a6282552187,660,2025-05-12,May 2025,2025-05-12T16:00:00Z,2025-05-14T03:59:59Z,conservative end of next calendar day in America/New_York; USDA says consolidated CSV updates the day after WASDE,2026-08-20T15:50:03Z,WASDE-660-V1,false,usda_wasde_660_v1_3a6282552187,https://www.usda.gov/sites/default/files/documents/oce-wasde-report-data-2025-05.csv,3a6282552187f6e7feadf0f921d199231a8570be519e38220c405848be29619e,U.S. Sugar Supply and Use,Sugar,United States,2024/25,Est.,Production,9311.00,9311,"1000 Short Tons, Raw Value","1000 Short Tons, Raw Value",
WASDE-660-V1:3a6282552187,660,2025-05-12,May 2025,2025-05-12T16:00:00Z,2025-05-14T03:59:59Z,conservative end of next calendar day in America/New_York; USDA says consolidated CSV updates the day after WASDE,2026-08-20T15:50:03Z,WASDE-660-V1,false,usda_wasde_660_v1_3a6282552187,https://www.usda.gov/sites/default/files/documents/oce-wasde-report-data-2025-05.csv,3a6282552187f6e7feadf0f921d199231a8570be519e38220c405848be29619e,U.S. Sugar Supply and Use,Sugar,United States,2024/25,Est.,Stocks to Use Ratio,16.40,16.4,"1000 Short Tons, Raw Value",Percent,USDA historical CSV labels Stocks to Use Ratio with the table's tonnage unit; value is normalized as percent while the raw unit is retained.
WASDE-660-V1:3a6282552187,660,2025-05-12,May 2025,2025-05-12T16:00:00Z,2025-05-14T03:59:59Z,conservative end of next calendar day in America/New_York; USDA says consolidated CSV updates the day after WASDE,2026-08-20T15:50:03Z,WASDE-660-V1,false,usda_wasde_660_v1_3a6282552187,https://www.usda.gov/sites/default/files/documents/oce-wasde-report-data-2025-05.csv,3a6282552187f6e7feadf0f921d199231a8570be519e38220c405848be29619e,U.S. Sugar Supply and Use,Sugar,United States,2024/25,Est.,TRQ,1533.00,1533,"1000 Short Tons, Raw Value","1000 Short Tons, Raw Value",
WASDE-660-V1:3a6282552187,660,2025-05-12,May 2025,2025-05-12T16:00:00Z,2025-05-14T03:59:59Z,conservative end of next calendar day in America/New_York; USDA says consolidated CSV updates the day after WASDE,2026-08-20T15:50:03Z,WASDE-660-V1,false,usda_wasde_660_v1_3a6282552187,https://www.usda.gov/sites/default/files/documents/oce-wasde-report-data-2025-05.csv,3a6282552187f6e7feadf0f921d199231a8570be519e38220c405848be29619e,U.S. Sugar Supply and Use,Sugar,United States,2024/25,Est.,Texas,.00,0,"1000 Short Tons, Raw Value","1000 Short Tons, Raw Value",
WASDE-660-V1:3a6282552187,660,2025-05-12,May 2025,2025-05-12T16:00:00Z,2025-05-14T03:59:59Z,conservative end of next calendar day in America/New_York; USDA says consolidated CSV updates the day after WASDE,2026-08-20T15:50:03Z,WASDE-660-V1,false,usda_wasde_660_v1_3a6282552187,https://www.usda.gov/sites/default/files/documents/oce-wasde-report-data-2025-05.csv,3a6282552187f6e7feadf0f921d199231a8570be519e38220c405848be29619e,U.S. Sugar Supply and Use,Sugar,United States,2024/25,Est.,Total Supply,14387.00,14387,"1000 Short Tons, Raw Value","1000 Short Tons, Raw Value",
WASDE-660-V1:3a6282552187,660,2025-05-12,May 2025,2025-05-12T16:00:00Z,2025-05-14T03:59:59Z,conservative end of next calendar day in America/New_York; USDA says consolidated CSV updates the day after WASDE,2026-08-20T15:50:03Z,WASDE-660-V1,false,usda_wasde_660_v1_3a6282552187,https://www.usda.gov/sites/default/files/documents/oce-wasde-report-data-2025-05.csv,3a6282552187f6e7feadf0f921d199231a8570be519e38220c405848be29619e,U.S. Sugar Supply and Use,Sugar,United States,2024/25,Est.,Total Use,12355.00,12355,"1000 Short Tons, Raw Value","1000 Short Tons, Raw Value",
WASDE-660-V1:3a6282552187,660,2025-05-12,May 2025,2025-05-12T16:00:00Z,2025-05-14T03:59:59Z,conservative end of next calendar day in America/New_York; USDA says consolidated CSV updates the day after WASDE,2026-08-20T15:50:03Z,WASDE-660-V1,false,usda_wasde_660_v1_3a6282552187,https://www.usda.gov/sites/default/files/documents/oce-wasde-report-data-2025-05.csv,3a6282552187f6e7feadf0f921d199231a8570be519e38220c405848be29619e,U.S. Sugar Supply and Use,Sugar,United States,2025/26,Proj.,Beet Sugar,5180.00,5180,"1000 Short Tons, Raw Value","1000 Short Tons, Raw Value",
WASDE-660-V1:3a6282552187,660,2025-05-12,May 2025,2025-05-12T16:00:00Z,2025-05-14T03:59:59Z,conservative end of next calendar day in America/New_York; USDA says consolidated CSV updates the day after WASDE,2026-08-20T15:50:03Z,WASDE-660-V1,false,usda_wasde_660_v1_3a6282552187,https://www.usda.gov/sites/default/files/documents/oce-wasde-report-data-2025-05.csv,3a6282552187f6e7feadf0f921d199231a8570be519e38220c405848be29619e,U.S. Sugar Supply and Use,Sugar,United States,2025/26,Proj.,Beginning Stocks,2032.00,2032,"1000 Short Tons, Raw Value","1000 Short Tons, Raw Value",
WASDE-660-V1:3a6282552187,660,2025-05-12,May 2025,2025-05-12T16:00:00Z,2025-05-14T03:59:59Z,conservative end of next calendar day in America/New_York; USDA says consolidated CSV updates the day after WASDE,2026-08-20T15:50:03Z,WASDE-660-V1,false,usda_wasde_660_v1_3a6282552187,https://www.usda.gov/sites/default/files/documents/oce-wasde-report-data-2025-05.csv,3a6282552187f6e7feadf0f921d199231a8570be519e38220c405848be29619e,U.S. Sugar Supply and Use,Sugar,United States,2025/26,Proj.,Cane Sugar,4105.00,4105,"1000 Short Tons, Raw Value","1000 Short Tons, Raw Value",
WASDE-660-V1:3a6282552187,660,2025-05-12,May 2025,2025-05-12T16:00:00Z,2025-05-14T03:59:59Z,conservative end of next calendar day in America/New_York; USDA says consolidated CSV updates the day after WASDE,2026-08-20T15:50:03Z,WASDE-660-V1,false,usda_wasde_660_v1_3a6282552187,https://www.usda.gov/sites/default/files/documents/oce-wasde-report-data-2025-05.csv,3a6282552187f6e7feadf0f921d199231a8570be519e38220c405848be29619e,U.S. Sugar Supply and Use,Sugar,United States,2025/26,Proj.,Deliveries,12255.00,12255,"1000 Short Tons, Raw Value","1000 Short Tons, Raw Value",
WASDE-660-V1:3a6282552187,660,2025-05-12,May 2025,2025-05-12T16:00:00Z,2025-05-14T03:59:59Z,conservative end of next calendar day in America/New_York; USDA says consolidated CSV updates the day after WASDE,2026-08-20T15:50:03Z,WASDE-660-V1,false,usda_wasde_660_v1_3a6282552187,https://www.usda.gov/sites/default/files/documents/oce-wasde-report-data-2025-05.csv,3a6282552187f6e7feadf0f921d199231a8570be519e38220c405848be29619e,U.S. Sugar Supply and Use,Sugar,United States,2025/26,Proj.,Ending Stocks,1436.00,1436,"1000 Short Tons, Raw Value","1000 Short Tons, Raw Value",
WASDE-660-V1:3a6282552187,660,2025-05-12,May 2025,2025-05-12T16:00:00Z,2025-05-14T03:59:59Z,conservative end of next calendar day in America/New_York; USDA says consolidated CSV updates the day after WASDE,2026-08-20T15:50:03Z,WASDE-660-V1,false,usda_wasde_660_v1_3a6282552187,https://www.usda.gov/sites/default/files/documents/oce-wasde-report-data-2025-05.csv,3a6282552187f6e7feadf0f921d199231a8570be519e38220c405848be29619e,U.S. Sugar Supply and Use,Sugar,United States,2025/26,Proj.,Exports,100.00,100,"1000 Short Tons, Raw Value","1000 Short Tons, Raw Value",
WASDE-660-V1:3a6282552187,660,2025-05-12,May 2025,2025-05-12T16:00:00Z,2025-05-14T03:59:59Z,conservative end of next calendar day in America/New_York; USDA says consolidated CSV updates the day after WASDE,2026-08-20T15:50:03Z,WASDE-660-V1,false,usda_wasde_660_v1_3a6282552187,https://www.usda.gov/sites/default/files/documents/oce-wasde-report-data-2025-05.csv,3a6282552187f6e7feadf0f921d199231a8570be519e38220c405848be29619e,U.S. Sugar Supply and Use,Sugar,United States,2025/26,Proj.,Exports - Other,105.00,105,"1000 Short Tons, Raw Value","1000 Short Tons, Raw Value",
WASDE-660-V1:3a6282552187,660,2025-05-12,May 2025,2025-05-12T16:00:00Z,2025-05-14T03:59:59Z,conservative end of next calendar day in America/New_York; USDA says consolidated CSV updates the day after WASDE,2026-08-20T15:50:03Z,WASDE-660-V1,false,usda_wasde_660_v1_3a6282552187,https://www.usda.gov/sites/default/files/documents/oce-wasde-report-data-2025-05.csv,3a6282552187f6e7feadf0f921d199231a8570be519e38220c405848be29619e,U.S. Sugar Supply and Use,Sugar,United States,2025/26,Proj.,Florida,2017.00,2017,"1000 Short Tons, Raw Value","1000 Short Tons, Raw Value",
WASDE-660-V1:3a6282552187,660,2025-05-12,May 2025,2025-05-12T16:00:00Z,2025-05-14T03:59:59Z,conservative end of next calendar day in America/New_York; USDA says consolidated CSV updates the day after WASDE,2026-08-20T15:50:03Z,WASDE-660-V1,false,usda_wasde_660_v1_3a6282552187,https://www.usda.gov/sites/default/files/documents/oce-wasde-report-data-2025-05.csv,3a6282552187f6e7feadf0f921d199231a8570be519e38220c405848be29619e,U.S. Sugar Supply and Use,Sugar,United States,2025/26,Proj.,Food,12150.00,12150,"1000 Short Tons, Raw Value","1000 Short Tons, Raw Value",
WASDE-660-V1:3a6282552187,660,2025-05-12,May 2025,2025-05-12T16:00:00Z,2025-05-14T03:59:59Z,conservative end of next calendar day in America/New_York; USDA says consolidated CSV updates the day after WASDE,2026-08-20T15:50:03Z,WASDE-660-V1,false,usda_wasde_660_v1_3a6282552187,https://www.usda.gov/sites/default/files/documents/oce-wasde-report-data-2025-05.csv,3a6282552187f6e7feadf0f921d199231a8570be519e38220c405848be29619e,U.S. Sugar Supply and Use,Sugar,United States,2025/26,Proj.,High-tier tariff/other,186.00,186,"1000 Short Tons, Raw Value","1000 Short Tons, Raw Value",
WASDE-660-V1:3a6282552187,660,2025-05-12,May 2025,2025-05-12T16:00:00Z,2025-05-14T03:59:59Z,conservative end of next calendar day in America/New_York; USDA says consolidated CSV updates the day after WASDE,2026-08-20T15:50:03Z,WASDE-660-V1,false,usda_wasde_660_v1_3a6282552187,https://www.usda.gov/sites/default/files/documents/oce-wasde-report-data-2025-05.csv,3a6282552187f6e7feadf0f921d199231a8570be519e38220c405848be29619e,U.S. Sugar Supply and Use,Sugar,United States,2025/26,Proj.,Imports,2475.00,2475,"1000 Short Tons, Raw Value","1000 Short Tons, Raw Value",
WASDE-660-V1:3a6282552187,660,2025-05-12,May 2025,2025-05-12T16:00:00Z,2025-05-14T03:59:59Z,conservative end of next calendar day in America/New_York; USDA says consolidated CSV updates the day after WASDE,2026-08-20T15:50:03Z,WASDE-660-V1,false,usda_wasde_660_v1_3a6282552187,https://www.usda.gov/sites/default/files/documents/oce-wasde-report-data-2025-05.csv,3a6282552187f6e7feadf0f921d199231a8570be519e38220c405848be29619e,U.S. Sugar Supply and Use,Sugar,United States,2025/26,Proj.,Louisiana,2088.00,2088,"1000 Short Tons, Raw Value","1000 Short Tons, Raw Value",
WASDE-660-V1:3a6282552187,660,2025-05-12,May 2025,2025-05-12T16:00:00Z,2025-05-14T03:59:59Z,conservative end of next calendar day in America/New_York; USDA says consolidated CSV updates the day after WASDE,2026-08-20T15:50:03Z,WASDE-660-V1,false,usda_wasde_660_v1_3a6282552187,https://www.usda.gov/sites/default/files/documents/oce-wasde-report-data-2025-05.csv,3a6282552187f6e7feadf0f921d199231a8570be519e38220c405848be29619e,U.S. Sugar Supply and Use,Sugar,United States,2025/26,Proj.,Mexico,669.00,669,"1000 Short Tons, Raw Value","1000 Short Tons, Raw Value",
WASDE-660-V1:3a6282552187,660,2025-05-12,May 2025,2025-05-12T16:00:00Z,2025-05-14T03:59:59Z,conservative end of next calendar day in America/New_York; USDA says consolidated CSV updates the day after WASDE,2026-08-20T15:50:03Z,WASDE-660-V1,false,usda_wasde_660_v1_3a6282552187,https://www.usda.gov/sites/default/files/documents/oce-wasde-report-data-2025-05.csv,3a6282552187f6e7feadf0f921d199231a8570be519e38220c405848be29619e,U.S. Sugar Supply and Use,Sugar,United States,2025/26,Proj.,Miscellaneous,.00,0,"1000 Short Tons, Raw Value","1000 Short Tons, Raw Value",
WASDE-660-V1:3a6282552187,660,2025-05-12,May 2025,2025-05-12T16:00:00Z,2025-05-14T03:59:59Z,conservative end of next calendar day in America/New_York; USDA says consolidated CSV updates the day after WASDE,2026-08-20T15:50:03Z,WASDE-660-V1,false,usda_wasde_660_v1_3a6282552187,https://www.usda.gov/sites/default/files/documents/oce-wasde-report-data-2025-05.csv,3a6282552187f6e7feadf0f921d199231a8570be519e38220c405848be29619e,U.S. Sugar Supply and Use,Sugar,United States,2025/26,Proj.,Non-program,855.00,855,"1000 Short Tons, Raw Value","1000 Short Tons, Raw Value",
WASDE-660-V1:3a6282552187,660,2025-05-12,May 2025,2025-05-12T16:00:00Z,2025-05-14T03:59:59Z,conservative end of next calendar day in America/New_York; USDA says consolidated CSV updates the day after WASDE,2026-08-20T15:50:03Z,WASDE-660-V1,false,usda_wasde_660_v1_3a6282552187,https://www.usda.gov/sites/default/files/documents/oce-wasde-report-data-2025-05.csv,3a6282552187f6e7feadf0f921d199231a8570be519e38220c405848be29619e,U.S. Sugar Supply and Use,Sugar,United States,2025/26,Proj.,Other Program,200.00,200,"1000 Short Tons, Raw Value","1000 Short Tons, Raw Value",
WASDE-660-V1:3a6282552187,660,2025-05-12,May 2025,2025-05-12T16:00:00Z,2025-05-14T03:59:59Z,conservative end of next calendar day in America/New_York; USDA says consolidated CSV updates the day after WASDE,2026-08-20T15:50:03Z,WASDE-660-V1,false,usda_wasde_660_v1_3a6282552187,https://www.usda.gov/sites/default/files/documents/oce-wasde-report-data-2025-05.csv,3a6282552187f6e7feadf0f921d199231a8570be519e38220c405848be29619e,U.S. Sugar Supply and Use,Sugar,United States,2025/26,Proj.,Production,9285.00,9285,"1000 Short Tons, Raw Value","1000 Short Tons, Raw Value",
WASDE-660-V1:3a6282552187,660,2025-05-12,May 2025,2025-05-12T16:00:00Z,2025-05-14T03:59:59Z,conservative end of next calendar day in America/New_York; USDA says consolidated CSV updates the day after WASDE,2026-08-20T15:50:03Z,WASDE-660-V1,false,usda_wasde_660_v1_3a6282552187,https://www.usda.gov/sites/default/files/documents/oce-wasde-report-data-2025-05.csv,3a6282552187f6e7feadf0f921d199231a8570be519e38220c405848be29619e,U.S. Sugar Supply and Use,Sugar,United States,2025/26,Proj.,Stocks to Use Ratio,11.60,11.6,"1000 Short Tons, Raw Value",Percent,USDA historical CSV labels Stocks to Use Ratio with the table's tonnage unit; value is normalized as percent while the raw unit is retained.
WASDE-660-V1:3a6282552187,660,2025-05-12,May 2025,2025-05-12T16:00:00Z,2025-05-14T03:59:59Z,conservative end of next calendar day in America/New_York; USDA says consolidated CSV updates the day after WASDE,2026-08-20T15:50:03Z,WASDE-660-V1,false,usda_wasde_660_v1_3a6282552187,https://www.usda.gov/sites/default/files/documents/oce-wasde-report-data-2025-05.csv,3a6282552187f6e7feadf0f921d199231a8570be519e38220c405848be29619e,U.S. Sugar Supply and Use,Sugar,United States,2025/26,Proj.,TRQ,1419.00,1419,"1000 Short Tons, Raw Value","1000 Short Tons, Raw Value",
WASDE-660-V1:3a6282552187,660,2025-05-12,May 2025,2025-05-12T16:00:00Z,2025-05-14T03:59:59Z,conservative end of next calendar day in America/New_York; USDA says consolidated CSV updates the day after WASDE,2026-08-20T15:50:03Z,WASDE-660-V1,false,usda_wasde_660_v1_3a6282552187,https://www.usda.gov/sites/default/files/documents/oce-wasde-report-data-2025-05.csv,3a6282552187f6e7feadf0f921d199231a8570be519e38220c405848be29619e,U.S. Sugar Supply and Use,Sugar,United States,2025/26,Proj.,Texas,.00,0,"1000 Short Tons, Raw Value","1000 Short Tons, Raw Value",
WASDE-660-V1:3a6282552187,660,2025-05-12,May 2025,2025-05-12T16:00:00Z,2025-05-14T03:59:59Z,conservative end of next calendar day in America/New_York; USDA says consolidated CSV updates the day after WASDE,2026-08-20T15:50:03Z,WASDE-660-V1,false,usda_wasde_660_v1_3a6282552187,https://www.usda.gov/sites/default/files/documents/oce-wasde-report-data-2025-05.csv,3a6282552187f6e7feadf0f921d199231a8570be519e38220c405848be29619e,U.S. Sugar Supply and Use,Sugar,United States,2025/26,Proj.,Total Supply,13791.00,13791,"1000 Short Tons, Raw Value","1000 Short Tons, Raw Value",
WASDE-660-V1:3a6282552187,660,2025-05-12,May 2025,2025-05-12T16:00:00Z,2025-05-14T03:59:59Z,conservative end of next calendar day in America/New_York; USDA says consolidated CSV updates the day after WASDE,2026-08-20T15:50:03Z,WASDE-660-V1,false,usda_wasde_660_v1_3a6282552187,https://www.usda.gov/sites/default/files/documents/oce-wasde-report-data-2025-05.csv,3a6282552187f6e7feadf0f921d199231a8570be519e38220c405848be29619e,U.S. Sugar Supply and Use,Sugar,United States,2025/26,Proj.,Total Use,12355.00,12355,"1000 Short Tons, Raw Value","1000 Short Tons, Raw Value",
WASDE-661-V1:141438d7c714,661,2025-06-12,June 2025,2025-06-12T16:00:00Z,2025-06-14T03:59:59Z,conservative end of next calendar day in America/New_York; USDA says consolidated CSV updates the day after WASDE,2026-08-20T15:50:03Z,WASDE-661-V1,false,usda_wasde_661_v1_141438d7c714,https://www.usda.gov/sites/default/files/documents/oce-wasde-report-data-2025-06.csv,141438d7c714fd7c86d7e438b3ded925c1d6cf4a14c1ba9f725ef1c7dc95a1ea,Mexico Sugar Supply and Use and High Fructose Corn Syrup Consumption,Sugar,Mexico,2024/25,Est.,Beginning Stocks,1418.00,1418,"1000 Metric Tons, Actual Weight","1000 Metric Tons, Actual Weight",
WASDE-661-V1:141438d7c714,661,2025-06-12,June 2025,2025-06-12T16:00:00Z,2025-06-14T03:59:59Z,conservative end of next calendar day in America/New_York; USDA says consolidated CSV updates the day after WASDE,2026-08-20T15:50:03Z,WASDE-661-V1,false,usda_wasde_661_v1_141438d7c714,https://www.usda.gov/sites/default/files/documents/oce-wasde-report-data-2025-06.csv,141438d7c714fd7c86d7e438b3ded925c1d6cf4a14c1ba9f725ef1c7dc95a1ea,Mexico Sugar Supply and Use and High Fructose Corn Syrup Consumption,Sugar,Mexico,2024/25,Est.,Domestic,4553.00,4553,"1000 Metric Tons, Actual Weight","1000 Metric Tons, Actual Weight",
WASDE-661-V1:141438d7c714,661,2025-06-12,June 2025,2025-06-12T16:00:00Z,2025-06-14T03:59:59Z,conservative end of next calendar day in America/New_York; USDA says consolidated CSV updates the day after WASDE,2026-08-20T15:50:03Z,WASDE-661-V1,false,usda_wasde_661_v1_141438d7c714,https://www.usda.gov/sites/default/files/documents/oce-wasde-report-data-2025-06.csv,141438d7c714fd7c86d7e438b3ded925c1d6cf4a14c1ba9f725ef1c7dc95a1ea,Mexico Sugar Supply and Use and High Fructose Corn Syrup Consumption,Sugar,Mexico,2024/25,Est.,Ending Stocks,1071.00,1071,"1000 Metric Tons, Actual Weight","1000 Metric Tons, Actual Weight",
WASDE-661-V1:141438d7c714,661,2025-06-12,June 2025,2025-06-12T16:00:00Z,2025-06-14T03:59:59Z,conservative end of next calendar day in America/New_York; USDA says consolidated CSV updates the day after WASDE,2026-08-20T15:50:03Z,WASDE-661-V1,false,usda_wasde_661_v1_141438d7c714,https://www.usda.gov/sites/default/files/documents/oce-wasde-report-data-2025-06.csv,141438d7c714fd7c86d7e438b3ded925c1d6cf4a14c1ba9f725ef1c7dc95a1ea,Mexico Sugar Supply and Use and High Fructose Corn Syrup Consumption,Sugar,Mexico,2024/25,Est.,Exports,743.00,743,"1000 Metric Tons, Actual Weight","1000 Metric Tons, Actual Weight",
WASDE-661-V1:141438d7c714,661,2025-06-12,June 2025,2025-06-12T16:00:00Z,2025-06-14T03:59:59Z,conservative end of next calendar day in America/New_York; USDA says consolidated CSV updates the day after WASDE,2026-08-20T15:50:03Z,WASDE-661-V1,false,usda_wasde_661_v1_141438d7c714,https://www.usda.gov/sites/default/files/documents/oce-wasde-report-data-2025-06.csv,141438d7c714fd7c86d7e438b3ded925c1d6cf4a14c1ba9f725ef1c7dc95a1ea,Mexico Sugar Supply and Use and High Fructose Corn Syrup Consumption,Sugar,Mexico,2024/25,Est.,Imports,175.00,175,"1000 Metric Tons, Actual Weight","1000 Metric Tons, Actual Weight",
WASDE-661-V1:141438d7c714,661,2025-06-12,June 2025,2025-06-12T16:00:00Z,2025-06-14T03:59:59Z,conservative end of next calendar day in America/New_York; USDA says consolidated CSV updates the day after WASDE,2026-08-20T15:50:03Z,WASDE-661-V1,false,usda_wasde_661_v1_141438d7c714,https://www.usda.gov/sites/default/files/documents/oce-wasde-report-data-2025-06.csv,141438d7c714fd7c86d7e438b3ded925c1d6cf4a14c1ba9f725ef1c7dc95a1ea,Mexico Sugar Supply and Use and High Fructose Corn Syrup Consumption,Sugar,Mexico,2024/25,Est.,Production,4774.00,4774,"1000 Metric Tons, Actual Weight","1000 Metric Tons, Actual Weight",
WASDE-661-V1:141438d7c714,661,2025-06-12,June 2025,2025-06-12T16:00:00Z,2025-06-14T03:59:59Z,conservative end of next calendar day in America/New_York; USDA says consolidated CSV updates the day after WASDE,2026-08-20T15:50:03Z,WASDE-661-V1,false,usda_wasde_661_v1_141438d7c714,https://www.usda.gov/sites/default/files/documents/oce-wasde-report-data-2025-06.csv,141438d7c714fd7c86d7e438b3ded925c1d6cf4a14c1ba9f725ef1c7dc95a1ea,Mexico Sugar Supply and Use and High Fructose Corn Syrup Consumption,Sugar,Mexico,2025/26,Proj.,Beginning Stocks,1071.00,1071,"1000 Metric Tons, Actual Weight","1000 Metric Tons, Actual Weight",
WASDE-661-V1:141438d7c714,661,2025-06-12,June 2025,2025-06-12T16:00:00Z,2025-06-14T03:59:59Z,conservative end of next calendar day in America/New_York; USDA says consolidated CSV updates the day after WASDE,2026-08-20T15:50:03Z,WASDE-661-V1,false,usda_wasde_661_v1_141438d7c714,https://www.usda.gov/sites/default/files/documents/oce-wasde-report-data-2025-06.csv,141438d7c714fd7c86d7e438b3ded925c1d6cf4a14c1ba9f725ef1c7dc95a1ea,Mexico Sugar Supply and Use and High Fructose Corn Syrup Consumption,Sugar,Mexico,2025/26,Proj.,Domestic,4569.00,4569,"1000 Metric Tons, Actual Weight","1000 Metric Tons, Actual Weight",
WASDE-661-V1:141438d7c714,661,2025-06-12,June 2025,2025-06-12T16:00:00Z,2025-06-14T03:59:59Z,conservative end of next calendar day in America/New_York; USDA says consolidated CSV updates the day after WASDE,2026-08-20T15:50:03Z,WASDE-661-V1,false,usda_wasde_661_v1_141438d7c714,https://www.usda.gov/sites/default/files/documents/oce-wasde-report-data-2025-06.csv,141438d7c714fd7c86d7e438b3ded925c1d6cf4a14c1ba9f725ef1c7dc95a1ea,Mexico Sugar Supply and Use and High Fructose Corn Syrup Consumption,Sugar,Mexico,2025/26,Proj.,Ending Stocks,1081.00,1081,"1000 Metric Tons, Actual Weight","1000 Metric Tons, Actual Weight",
WASDE-661-V1:141438d7c714,661,2025-06-12,June 2025,2025-06-12T16:00:00Z,2025-06-14T03:59:59Z,conservative end of next calendar day in America/New_York; USDA says consolidated CSV updates the day after WASDE,2026-08-20T15:50:03Z,WASDE-661-V1,false,usda_wasde_661_v1_141438d7c714,https://www.usda.gov/sites/default/files/documents/oce-wasde-report-data-2025-06.csv,141438d7c714fd7c86d7e438b3ded925c1d6cf4a14c1ba9f725ef1c7dc95a1ea,Mexico Sugar Supply and Use and High Fructose Corn Syrup Consumption,Sugar,Mexico,2025/26,Proj.,Exports,657.00,657,"1000 Metric Tons, Actual Weight","1000 Metric Tons, Actual Weight",
WASDE-661-V1:141438d7c714,661,2025-06-12,June 2025,2025-06-12T16:00:00Z,2025-06-14T03:59:59Z,conservative end of next calendar day in America/New_York; USDA says consolidated CSV updates the day after WASDE,2026-08-20T15:50:03Z,WASDE-661-V1,false,usda_wasde_661_v1_141438d7c714,https://www.usda.gov/sites/default/files/documents/oce-wasde-report-data-2025-06.csv,141438d7c714fd7c86d7e438b3ded925c1d6cf4a14c1ba9f725ef1c7dc95a1ea,Mexico Sugar Supply and Use and High Fructose Corn Syrup Consumption,Sugar,Mexico,2025/26,Proj.,Imports,142.00,142,"1000 Metric Tons, Actual Weight","1000 Metric Tons, Actual Weight",
WASDE-661-V1:141438d7c714,661,2025-06-12,June 2025,2025-06-12T16:00:00Z,2025-06-14T03:59:59Z,conservative end of next calendar day in America/New_York; USDA says consolidated CSV updates the day after WASDE,2026-08-20T15:50:03Z,WASDE-661-V1,false,usda_wasde_661_v1_141438d7c714,https://www.usda.gov/sites/default/files/documents/oce-wasde-report-data-2025-06.csv,141438d7c714fd7c86d7e438b3ded925c1d6cf4a14c1ba9f725ef1c7dc95a1ea,Mexico Sugar Supply and Use and High Fructose Corn Syrup Consumption,Sugar,Mexico,2025/26,Proj.,Production,5094.00,5094,"1000 Metric Tons, Actual Weight","1000 Metric Tons, Actual Weight",
WASDE-661-V1:141438d7c714,661,2025-06-12,June 2025,2025-06-12T16:00:00Z,2025-06-14T03:59:59Z,conservative end of next calendar day in America/New_York; USDA says consolidated CSV updates the day after WASDE,2026-08-20T15:50:03Z,WASDE-661-V1,false,usda_wasde_661_v1_141438d7c714,https://www.usda.gov/sites/default/files/documents/oce-wasde-report-data-2025-06.csv,141438d7c714fd7c86d7e438b3ded925c1d6cf4a14c1ba9f725ef1c7dc95a1ea,U.S. Sugar Supply and Use,Sugar,United States,2023/24,,Beet Sugar,5172.00,5172,"1000 Short Tons, Raw Value","1000 Short Tons, Raw Value",
WASDE-661-V1:141438d7c714,661,2025-06-12,June 2025,2025-06-12T16:00:00Z,2025-06-14T03:59:59Z,conservative end of next calendar day in America/New_York; USDA says consolidated CSV updates the day after WASDE,2026-08-20T15:50:03Z,WASDE-661-V1,false,usda_wasde_661_v1_141438d7c714,https://www.usda.gov/sites/default/files/documents/oce-wasde-report-data-2025-06.csv,141438d7c714fd7c86d7e438b3ded925c1d6cf4a14c1ba9f725ef1c7dc95a1ea,U.S. Sugar Supply and Use,Sugar,United States,2023/24,,Beginning Stocks,1843.00,1843,"1000 Short Tons, Raw Value","1000 Short Tons, Raw Value",
WASDE-661-V1:141438d7c714,661,2025-06-12,June 2025,2025-06-12T16:00:00Z,2025-06-14T03:59:59Z,conservative end of next calendar day in America/New_York; USDA says consolidated CSV updates the day after WASDE,2026-08-20T15:50:03Z,WASDE-661-V1,false,usda_wasde_661_v1_141438d7c714,https://www.usda.gov/sites/default/files/documents/oce-wasde-report-data-2025-06.csv,141438d7c714fd7c86d7e438b3ded925c1d6cf4a14c1ba9f725ef1c7dc95a1ea,U.S. Sugar Supply and Use,Sugar,United States,2023/24,,Cane Sugar,4141.00,4141,"1000 Short Tons, Raw Value","1000 Short Tons, Raw Value",
WASDE-661-V1:141438d7c714,661,2025-06-12,June 2025,2025-06-12T16:00:00Z,2025-06-14T03:59:59Z,conservative end of next calendar day in America/New_York; USDA says consolidated CSV updates the day after WASDE,2026-08-20T15:50:03Z,WASDE-661-V1,false,usda_wasde_661_v1_141438d7c714,https://www.usda.gov/sites/default/files/documents/oce-wasde-report-data-2025-06.csv,141438d7c714fd7c86d7e438b3ded925c1d6cf4a14c1ba9f725ef1c7dc95a1ea,U.S. Sugar Supply and Use,Sugar,United States,2023/24,,Deliveries,12534.00,12534,"1000 Short Tons, Raw Value","1000 Short Tons, Raw Value",
WASDE-661-V1:141438d7c714,661,2025-06-12,June 2025,2025-06-12T16:00:00Z,2025-06-14T03:59:59Z,conservative end of next calendar day in America/New_York; USDA says consolidated CSV updates the day after WASDE,2026-08-20T15:50:03Z,WASDE-661-V1,false,usda_wasde_661_v1_141438d7c714,https://www.usda.gov/sites/default/files/documents/oce-wasde-report-data-2025-06.csv,141438d7c714fd7c86d7e438b3ded925c1d6cf4a14c1ba9f725ef1c7dc95a1ea,U.S. Sugar Supply and Use,Sugar,United States,2023/24,,Ending Stocks,2131.00,2131,"1000 Short Tons, Raw Value","1000 Short Tons, Raw Value",
WASDE-661-V1:141438d7c714,661,2025-06-12,June 2025,2025-06-12T16:00:00Z,2025-06-14T03:59:59Z,conservative end of next calendar day in America/New_York; USDA says consolidated CSV updates the day after WASDE,2026-08-20T15:50:03Z,WASDE-661-V1,false,usda_wasde_661_v1_141438d7c714,https://www.usda.gov/sites/default/files/documents/oce-wasde-report-data-2025-06.csv,141438d7c714fd7c86d7e438b3ded925c1d6cf4a14c1ba9f725ef1c7dc95a1ea,U.S. Sugar Supply and Use,Sugar,United States,2023/24,,Exports,249.00,249,"1000 Short Tons, Raw Value","1000 Short Tons, Raw Value",
WASDE-661-V1:141438d7c714,661,2025-06-12,June 2025,2025-06-12T16:00:00Z,2025-06-14T03:59:59Z,conservative end of next calendar day in America/New_York; USDA says consolidated CSV updates the day after WASDE,2026-08-20T15:50:03Z,WASDE-661-V1,false,usda_wasde_661_v1_141438d7c714,https://www.usda.gov/sites/default/files/documents/oce-wasde-report-data-2025-06.csv,141438d7c714fd7c86d7e438b3ded925c1d6cf4a14c1ba9f725ef1c7dc95a1ea,U.S. Sugar Supply and Use,Sugar,United States,2023/24,,Exports - Other,106.00,106,"1000 Short Tons, Raw Value","1000 Short Tons, Raw Value",
WASDE-661-V1:141438d7c714,661,2025-06-12,June 2025,2025-06-12T16:00:00Z,2025-06-14T03:59:59Z,conservative end of next calendar day in America/New_York; USDA says consolidated CSV updates the day after WASDE,2026-08-20T15:50:03Z,WASDE-661-V1,false,usda_wasde_661_v1_141438d7c714,https://www.usda.gov/sites/default/files/documents/oce-wasde-report-data-2025-06.csv,141438d7c714fd7c86d7e438b3ded925c1d6cf4a14c1ba9f725ef1c7dc95a1ea,U.S. Sugar Supply and Use,Sugar,United States,2023/24,,Florida,2079.00,2079,"1000 Short Tons, Raw Value","1000 Short Tons, Raw Value",
WASDE-661-V1:141438d7c714,661,2025-06-12,June 2025,2025-06-12T16:00:00Z,2025-06-14T03:59:59Z,conservative end of next calendar day in America/New_York; USDA says consolidated CSV updates the day after WASDE,2026-08-20T15:50:03Z,WASDE-661-V1,false,usda_wasde_661_v1_141438d7c714,https://www.usda.gov/sites/default/files/documents/oce-wasde-report-data-2025-06.csv,141438d7c714fd7c86d7e438b3ded925c1d6cf4a14c1ba9f725ef1c7dc95a1ea,U.S. Sugar Supply and Use,Sugar,United States,2023/24,,Food,12428.00,12428,"1000 Short Tons, Raw Value","1000 Short Tons, Raw Value",
WASDE-661-V1:141438d7c714,661,2025-06-12,June 2025,2025-06-12T16:00:00Z,2025-06-14T03:59:59Z,conservative end of next calendar day in America/New_York; USDA says consolidated CSV updates the day after WASDE,2026-08-20T15:50:03Z,WASDE-661-V1,false,usda_wasde_661_v1_141438d7c714,https://www.usda.gov/sites/default/files/documents/oce-wasde-report-data-2025-06.csv,141438d7c714fd7c86d7e438b3ded925c1d6cf4a14c1ba9f725ef1c7dc95a1ea,U.S. Sugar Supply and Use,Sugar,United States,2023/24,,High-tier tariff/other,1231.00,1231,"1000 Short Tons, Raw Value","1000 Short Tons, Raw Value",
WASDE-661-V1:141438d7c714,661,2025-06-12,June 2025,2025-06-12T16:00:00Z,2025-06-14T03:59:59Z,conservative end of next calendar day in America/New_York; USDA says consolidated CSV updates the day after WASDE,2026-08-20T15:50:03Z,WASDE-661-V1,false,usda_wasde_661_v1_141438d7c714,https://www.usda.gov/sites/default/files/documents/oce-wasde-report-data-2025-06.csv,141438d7c714fd7c86d7e438b3ded925c1d6cf4a14c1ba9f725ef1c7dc95a1ea,U.S. Sugar Supply and Use,Sugar,United States,2023/24,,Imports,3840.00,3840,"1000 Short Tons, Raw Value","1000 Short Tons, Raw Value",
WASDE-661-V1:141438d7c714,661,2025-06-12,June 2025,2025-06-12T16:00:00Z,2025-06-14T03:59:59Z,conservative end of next calendar day in America/New_York; USDA says consolidated CSV updates the day after WASDE,2026-08-20T15:50:03Z,WASDE-661-V1,false,usda_wasde_661_v1_141438d7c714,https://www.usda.gov/sites/default/files/documents/oce-wasde-report-data-2025-06.csv,141438d7c714fd7c86d7e438b3ded925c1d6cf4a14c1ba9f725ef1c7dc95a1ea,U.S. Sugar Supply and Use,Sugar,United States,2023/24,,Louisiana,2022.00,2022,"1000 Short Tons, Raw Value","1000 Short Tons, Raw Value",
WASDE-661-V1:141438d7c714,661,2025-06-12,June 2025,2025-06-12T16:00:00Z,2025-06-14T03:59:59Z,conservative end of next calendar day in America/New_York; USDA says consolidated CSV updates the day after WASDE,2026-08-20T15:50:03Z,WASDE-661-V1,false,usda_wasde_661_v1_141438d7c714,https://www.usda.gov/sites/default/files/documents/oce-wasde-report-data-2025-06.csv,141438d7c714fd7c86d7e438b3ded925c1d6cf4a14c1ba9f725ef1c7dc95a1ea,U.S. Sugar Supply and Use,Sugar,United States,2023/24,,Mexico,521.00,521,"1000 Short Tons, Raw Value","1000 Short Tons, Raw Value",
WASDE-661-V1:141438d7c714,661,2025-06-12,June 2025,2025-06-12T16:00:00Z,2025-06-14T03:59:59Z,conservative end of next calendar day in America/New_York; USDA says consolidated CSV updates the day after WASDE,2026-08-20T15:50:03Z,WASDE-661-V1,false,usda_wasde_661_v1_141438d7c714,https://www.usda.gov/sites/default/files/documents/oce-wasde-report-data-2025-06.csv,141438d7c714fd7c86d7e438b3ded925c1d6cf4a14c1ba9f725ef1c7dc95a1ea,U.S. Sugar Supply and Use,Sugar,United States,2023/24,,Miscellaneous,81.00,81,"1000 Short Tons, Raw Value","1000 Short Tons, Raw Value",
WASDE-661-V1:141438d7c714,661,2025-06-12,June 2025,2025-06-12T16:00:00Z,2025-06-14T03:59:59Z,conservative end of next calendar day in America/New_York; USDA says consolidated CSV updates the day after WASDE,2026-08-20T15:50:03Z,WASDE-661-V1,false,usda_wasde_661_v1_141438d7c714,https://www.usda.gov/sites/default/files/documents/oce-wasde-report-data-2025-06.csv,141438d7c714fd7c86d7e438b3ded925c1d6cf4a14c1ba9f725ef1c7dc95a1ea,U.S. Sugar Supply and Use,Sugar,United States,2023/24,,Non-program,1752.00,1752,"1000 Short Tons, Raw Value","1000 Short Tons, Raw Value",
WASDE-661-V1:141438d7c714,661,2025-06-12,June 2025,2025-06-12T16:00:00Z,2025-06-14T03:59:59Z,conservative end of next calendar day in America/New_York; USDA says consolidated CSV updates the day after WASDE,2026-08-20T15:50:03Z,WASDE-661-V1,false,usda_wasde_661_v1_141438d7c714,https://www.usda.gov/sites/default/files/documents/oce-wasde-report-data-2025-06.csv,141438d7c714fd7c86d7e438b3ded925c1d6cf4a14c1ba9f725ef1c7dc95a1ea,U.S. Sugar Supply and Use,Sugar,United States,2023/24,,Other Program,300.00,300,"1000 Short Tons, Raw Value","1000 Short Tons, Raw Value",
WASDE-661-V1:141438d7c714,661,2025-06-12,June 2025,2025-06-12T16:00:00Z,2025-06-14T03:59:59Z,conservative end of next calendar day in America/New_York; USDA says consolidated CSV updates the day after WASDE,2026-08-20T15:50:03Z,WASDE-661-V1,false,usda_wasde_661_v1_141438d7c714,https://www.usda.gov/sites/default/files/documents/oce-wasde-report-data-2025-06.csv,141438d7c714fd7c86d7e438b3ded925c1d6cf4a14c1ba9f725ef1c7dc95a1ea,U.S. Sugar Supply and Use,Sugar,United States,2023/24,,Production,9313.00,9313,"1000 Short Tons, Raw Value","1000 Short Tons, Raw Value",
WASDE-661-V1:141438d7c714,661,2025-06-12,June 2025,2025-06-12T16:00:00Z,2025-06-14T03:59:59Z,conservative end of next calendar day in America/New_York; USDA says consolidated CSV updates the day after WASDE,2026-08-20T15:50:03Z,WASDE-661-V1,false,usda_wasde_661_v1_141438d7c714,https://www.usda.gov/sites/default/files/documents/oce-wasde-report-data-2025-06.csv,141438d7c714fd7c86d7e438b3ded925c1d6cf4a14c1ba9f725ef1c7dc95a1ea,U.S. Sugar Supply and Use,Sugar,United States,2023/24,,Stocks to Use Ratio,16.60,16.6,"1000 Short Tons, Raw Value",Percent,USDA historical CSV labels Stocks to Use Ratio with the table's tonnage unit; value is normalized as percent while the raw unit is retained.
WASDE-661-V1:141438d7c714,661,2025-06-12,June 2025,2025-06-12T16:00:00Z,2025-06-14T03:59:59Z,conservative end of next calendar day in America/New_York; USDA says consolidated CSV updates the day after WASDE,2026-08-20T15:50:03Z,WASDE-661-V1,false,usda_wasde_661_v1_141438d7c714,https://www.usda.gov/sites/default/files/documents/oce-wasde-report-data-2025-06.csv,141438d7c714fd7c86d7e438b3ded925c1d6cf4a14c1ba9f725ef1c7dc95a1ea,U.S. Sugar Supply and Use,Sugar,United States,2023/24,,TRQ,1788.00,1788,"1000 Short Tons, Raw Value","1000 Short Tons, Raw Value",
WASDE-661-V1:141438d7c714,661,2025-06-12,June 2025,2025-06-12T16:00:00Z,2025-06-14T03:59:59Z,conservative end of next calendar day in America/New_York; USDA says consolidated CSV updates the day after WASDE,2026-08-20T15:50:03Z,WASDE-661-V1,false,usda_wasde_661_v1_141438d7c714,https://www.usda.gov/sites/default/files/documents/oce-wasde-report-data-2025-06.csv,141438d7c714fd7c86d7e438b3ded925c1d6cf4a14c1ba9f725ef1c7dc95a1ea,U.S. Sugar Supply and Use,Sugar,United States,2023/24,,Texas,40.00,40,"1000 Short Tons, Raw Value","1000 Short Tons, Raw Value",
WASDE-661-V1:141438d7c714,661,2025-06-12,June 2025,2025-06-12T16:00:00Z,2025-06-14T03:59:59Z,conservative end of next calendar day in America/New_York; USDA says consolidated CSV updates the day after WASDE,2026-08-20T15:50:03Z,WASDE-661-V1,false,usda_wasde_661_v1_141438d7c714,https://www.usda.gov/sites/default/files/documents/oce-wasde-report-data-2025-06.csv,141438d7c714fd7c86d7e438b3ded925c1d6cf4a14c1ba9f725ef1c7dc95a1ea,U.S. Sugar Supply and Use,Sugar,United States,2023/24,,Total Supply,14995.00,14995,"1000 Short Tons, Raw Value","1000 Short Tons, Raw Value",
WASDE-661-V1:141438d7c714,661,2025-06-12,June 2025,2025-06-12T16:00:00Z,2025-06-14T03:59:59Z,conservative end of next calendar day in America/New_York; USDA says consolidated CSV updates the day after WASDE,2026-08-20T15:50:03Z,WASDE-661-V1,false,usda_wasde_661_v1_141438d7c714,https://www.usda.gov/sites/default/files/documents/oce-wasde-report-data-2025-06.csv,141438d7c714fd7c86d7e438b3ded925c1d6cf4a14c1ba9f725ef1c7dc95a1ea,U.S. Sugar Supply and Use,Sugar,United States,2023/24,,Total Use,12864.00,12864,"1000 Short Tons, Raw Value","1000 Short Tons, Raw Value",
WASDE-661-V1:141438d7c714,661,2025-06-12,June 2025,2025-06-12T16:00:00Z,2025-06-14T03:59:59Z,conservative end of next calendar day in America/New_York; USDA says consolidated CSV updates the day after WASDE,2026-08-20T15:50:03Z,WASDE-661-V1,false,usda_wasde_661_v1_141438d7c714,https://www.usda.gov/sites/default/files/documents/oce-wasde-report-data-2025-06.csv,141438d7c714fd7c86d7e438b3ded925c1d6cf4a14c1ba9f725ef1c7dc95a1ea,U.S. Sugar Supply and Use,Sugar,United States,2024/25,Est.,Beet Sugar,5318.00,5318,"1000 Short Tons, Raw Value","1000 Short Tons, Raw Value",
WASDE-661-V1:141438d7c714,661,2025-06-12,June 2025,2025-06-12T16:00:00Z,2025-06-14T03:59:59Z,conservative end of next calendar day in America/New_York; USDA says consolidated CSV updates the day after WASDE,2026-08-20T15:50:03Z,WASDE-661-V1,false,usda_wasde_661_v1_141438d7c714,https://www.usda.gov/sites/default/files/documents/oce-wasde-report-data-2025-06.csv,141438d7c714fd7c86d7e438b3ded925c1d6cf4a14c1ba9f725ef1c7dc95a1ea,U.S. Sugar Supply and Use,Sugar,United States,2024/25,Est.,Beginning Stocks,2131.00,2131,"1000 Short Tons, Raw Value","1000 Short Tons, Raw Value",
WASDE-661-V1:141438d7c714,661,2025-06-12,June 2025,2025-06-12T16:00:00Z,2025-06-14T03:59:59Z,conservative end of next calendar day in America/New_York; USDA says consolidated CSV updates the day after WASDE,2026-08-20T15:50:03Z,WASDE-661-V1,false,usda_wasde_661_v1_141438d7c714,https://www.usda.gov/sites/default/files/documents/oce-wasde-report-data-2025-06.csv,141438d7c714fd7c86d7e438b3ded925c1d6cf4a14c1ba9f725ef1c7dc95a1ea,U.S. Sugar Supply and Use,Sugar,United States,2024/25,Est.,Cane Sugar,3973.00,3973,"1000 Short Tons, Raw Value","1000 Short Tons, Raw Value",
WASDE-661-V1:141438d7c714,661,2025-06-12,June 2025,2025-06-12T16:00:00Z,2025-06-14T03:59:59Z,conservative end of next calendar day in America/New_York; USDA says consolidated CSV updates the day after WASDE,2026-08-20T15:50:03Z,WASDE-661-V1,false,usda_wasde_661_v1_141438d7c714,https://www.usda.gov/sites/default/files/documents/oce-wasde-report-data-2025-06.csv,141438d7c714fd7c86d7e438b3ded925c1d6cf4a14c1ba9f725ef1c7dc95a1ea,U.S. Sugar Supply and Use,Sugar,United States,2024/25,Est.,Deliveries,12230.00,12230,"1000 Short Tons, Raw Value","1000 Short Tons, Raw Value",
WASDE-661-V1:141438d7c714,661,2025-06-12,June 2025,2025-06-12T16:00:00Z,2025-06-14T03:59:59Z,conservative end of next calendar day in America/New_York; USDA says consolidated CSV updates the day after WASDE,2026-08-20T15:50:03Z,WASDE-661-V1,false,usda_wasde_661_v1_141438d7c714,https://www.usda.gov/sites/default/files/documents/oce-wasde-report-data-2025-06.csv,141438d7c714fd7c86d7e438b3ded925c1d6cf4a14c1ba9f725ef1c7dc95a1ea,U.S. Sugar Supply and Use,Sugar,United States,2024/25,Est.,Ending Stocks,2045.00,2045,"1000 Short Tons, Raw Value","1000 Short Tons, Raw Value",
WASDE-661-V1:141438d7c714,661,2025-06-12,June 2025,2025-06-12T16:00:00Z,2025-06-14T03:59:59Z,conservative end of next calendar day in America/New_York; USDA says consolidated CSV updates the day after WASDE,2026-08-20T15:50:03Z,WASDE-661-V1,false,usda_wasde_661_v1_141438d7c714,https://www.usda.gov/sites/default/files/documents/oce-wasde-report-data-2025-06.csv,141438d7c714fd7c86d7e438b3ded925c1d6cf4a14c1ba9f725ef1c7dc95a1ea,U.S. Sugar Supply and Use,Sugar,United States,2024/25,Est.,Exports,100.00,100,"1000 Short Tons, Raw Value","1000 Short Tons, Raw Value",
WASDE-661-V1:141438d7c714,661,2025-06-12,June 2025,2025-06-12T16:00:00Z,2025-06-14T03:59:59Z,conservative end of next calendar day in America/New_York; USDA says consolidated CSV updates the day after WASDE,2026-08-20T15:50:03Z,WASDE-661-V1,false,usda_wasde_661_v1_141438d7c714,https://www.usda.gov/sites/default/files/documents/oce-wasde-report-data-2025-06.csv,141438d7c714fd7c86d7e438b3ded925c1d6cf4a14c1ba9f725ef1c7dc95a1ea,U.S. Sugar Supply and Use,Sugar,United States,2024/25,Est.,Exports - Other,105.00,105,"1000 Short Tons, Raw Value","1000 Short Tons, Raw Value",
WASDE-661-V1:141438d7c714,661,2025-06-12,June 2025,2025-06-12T16:00:00Z,2025-06-14T03:59:59Z,conservative end of next calendar day in America/New_York; USDA says consolidated CSV updates the day after WASDE,2026-08-20T15:50:03Z,WASDE-661-V1,false,usda_wasde_661_v1_141438d7c714,https://www.usda.gov/sites/default/files/documents/oce-wasde-report-data-2025-06.csv,141438d7c714fd7c86d7e438b3ded925c1d6cf4a14c1ba9f725ef1c7dc95a1ea,U.S. Sugar Supply and Use,Sugar,United States,2024/25,Est.,Florida,1929.00,1929,"1000 Short Tons, Raw Value","1000 Short Tons, Raw Value",
WASDE-661-V1:141438d7c714,661,2025-06-12,June 2025,2025-06-12T16:00:00Z,2025-06-14T03:59:59Z,conservative end of next calendar day in America/New_York; USDA says consolidated CSV updates the day after WASDE,2026-08-20T15:50:03Z,WASDE-661-V1,false,usda_wasde_661_v1_141438d7c714,https://www.usda.gov/sites/default/files/documents/oce-wasde-report-data-2025-06.csv,141438d7c714fd7c86d7e438b3ded925c1d6cf4a14c1ba9f725ef1c7dc95a1ea,U.S. Sugar Supply and Use,Sugar,United States,2024/25,Est.,Food,12125.00,12125,"1000 Short Tons, Raw Value","1000 Short Tons, Raw Value",
WASDE-661-V1:141438d7c714,661,2025-06-12,June 2025,2025-06-12T16:00:00Z,2025-06-14T03:59:59Z,conservative end of next calendar day in America/New_York; USDA says consolidated CSV updates the day after WASDE,2026-08-20T15:50:03Z,WASDE-661-V1,false,usda_wasde_661_v1_141438d7c714,https://www.usda.gov/sites/default/files/documents/oce-wasde-report-data-2025-06.csv,141438d7c714fd7c86d7e438b3ded925c1d6cf4a14c1ba9f725ef1c7dc95a1ea,U.S. Sugar Supply and Use,Sugar,United States,2024/25,Est.,High-tier tariff/other,724.00,724,"1000 Short Tons, Raw Value","1000 Short Tons, Raw Value",
WASDE-661-V1:141438d7c714,661,2025-06-12,June 2025,2025-06-12T16:00:00Z,2025-06-14T03:59:59Z,conservative end of next calendar day in America/New_York; USDA says consolidated CSV updates the day after WASDE,2026-08-20T15:50:03Z,WASDE-661-V1,false,usda_wasde_661_v1_141438d7c714,https://www.usda.gov/sites/default/files/documents/oce-wasde-report-data-2025-06.csv,141438d7c714fd7c86d7e438b3ded925c1d6cf4a14c1ba9f725ef1c7dc95a1ea,U.S. Sugar Supply and Use,Sugar,United States,2024/25,Est.,Imports,2953.00,2953,"1000 Short Tons, Raw Value","1000 Short Tons, Raw Value",
WASDE-661-V1:141438d7c714,661,2025-06-12,June 2025,2025-06-12T16:00:00Z,2025-06-14T03:59:59Z,conservative end of next calendar day in America/New_York; USDA says consolidated CSV updates the day after WASDE,2026-08-20T15:50:03Z,WASDE-661-V1,false,usda_wasde_661_v1_141438d7c714,https://www.usda.gov/sites/default/files/documents/oce-wasde-report-data-2025-06.csv,141438d7c714fd7c86d7e438b3ded925c1d6cf4a14c1ba9f725ef1c7dc95a1ea,U.S. Sugar Supply and Use,Sugar,United States,2024/25,Est.,Louisiana,2045.00,2045,"1000 Short Tons, Raw Value","1000 Short Tons, Raw Value",
WASDE-661-V1:141438d7c714,661,2025-06-12,June 2025,2025-06-12T16:00:00Z,2025-06-14T03:59:59Z,conservative end of next calendar day in America/New_York; USDA says consolidated CSV updates the day after WASDE,2026-08-20T15:50:03Z,WASDE-661-V1,false,usda_wasde_661_v1_141438d7c714,https://www.usda.gov/sites/default/files/documents/oce-wasde-report-data-2025-06.csv,141438d7c714fd7c86d7e438b3ded925c1d6cf4a14c1ba9f725ef1c7dc95a1ea,U.S. Sugar Supply and Use,Sugar,United States,2024/25,Est.,Mexico,497.00,497,"1000 Short Tons, Raw Value","1000 Short Tons, Raw Value",
WASDE-661-V1:141438d7c714,661,2025-06-12,June 2025,2025-06-12T16:00:00Z,2025-06-14T03:59:59Z,conservative end of next calendar day in America/New_York; USDA says consolidated CSV updates the day after WASDE,2026-08-20T15:50:03Z,WASDE-661-V1,false,usda_wasde_661_v1_141438d7c714,https://www.usda.gov/sites/default/files/documents/oce-wasde-report-data-2025-06.csv,141438d7c714fd7c86d7e438b3ded925c1d6cf4a14c1ba9f725ef1c7dc95a1ea,U.S. Sugar Supply and Use,Sugar,United States,2024/25,Est.,Miscellaneous,.00,0,"1000 Short Tons, Raw Value","1000 Short Tons, Raw Value",
WASDE-661-V1:141438d7c714,661,2025-06-12,June 2025,2025-06-12T16:00:00Z,2025-06-14T03:59:59Z,conservative end of next calendar day in America/New_York; USDA says consolidated CSV updates the day after WASDE,2026-08-20T15:50:03Z,WASDE-661-V1,false,usda_wasde_661_v1_141438d7c714,https://www.usda.gov/sites/default/files/documents/oce-wasde-report-data-2025-06.csv,141438d7c714fd7c86d7e438b3ded925c1d6cf4a14c1ba9f725ef1c7dc95a1ea,U.S. Sugar Supply and Use,Sugar,United States,2024/25,Est.,Non-program,1220.00,1220,"1000 Short Tons, Raw Value","1000 Short Tons, Raw Value",
WASDE-661-V1:141438d7c714,661,2025-06-12,June 2025,2025-06-12T16:00:00Z,2025-06-14T03:59:59Z,conservative end of next calendar day in America/New_York; USDA says consolidated CSV updates the day after WASDE,2026-08-20T15:50:03Z,WASDE-661-V1,false,usda_wasde_661_v1_141438d7c714,https://www.usda.gov/sites/default/files/documents/oce-wasde-report-data-2025-06.csv,141438d7c714fd7c86d7e438b3ded925c1d6cf4a14c1ba9f725ef1c7dc95a1ea,U.S. Sugar Supply and Use,Sugar,United States,2024/25,Est.,Other Program,200.00,200,"1000 Short Tons, Raw Value","1000 Short Tons, Raw Value",
WASDE-661-V1:141438d7c714,661,2025-06-12,June 2025,2025-06-12T16:00:00Z,2025-06-14T03:59:59Z,conservative end of next calendar day in America/New_York; USDA says consolidated CSV updates the day after WASDE,2026-08-20T15:50:03Z,WASDE-661-V1,false,usda_wasde_661_v1_141438d7c714,https://www.usda.gov/sites/default/files/documents/oce-wasde-report-data-2025-06.csv,141438d7c714fd7c86d7e438b3ded925c1d6cf4a14c1ba9f725ef1c7dc95a1ea,U.S. Sugar Supply and Use,Sugar,United States,2024/25,Est.,Production,9291.00,9291,"1000 Short Tons, Raw Value","1000 Short Tons, Raw Value",
WASDE-661-V1:141438d7c714,661,2025-06-12,June 2025,2025-06-12T16:00:00Z,2025-06-14T03:59:59Z,conservative end of next calendar day in America/New_York; USDA says consolidated CSV updates the day after WASDE,2026-08-20T15:50:03Z,WASDE-661-V1,false,usda_wasde_661_v1_141438d7c714,https://www.usda.gov/sites/default/files/documents/oce-wasde-report-data-2025-06.csv,141438d7c714fd7c86d7e438b3ded925c1d6cf4a14c1ba9f725ef1c7dc95a1ea,U.S. Sugar Supply and Use,Sugar,United States,2024/25,Est.,Stocks to Use Ratio,16.60,16.6,"1000 Short Tons, Raw Value",Percent,USDA historical CSV labels Stocks to Use Ratio with the table's tonnage unit; value is normalized as percent while the raw unit is retained.
WASDE-661-V1:141438d7c714,661,2025-06-12,June 2025,2025-06-12T16:00:00Z,2025-06-14T03:59:59Z,conservative end of next calendar day in America/New_York; USDA says consolidated CSV updates the day after WASDE,2026-08-20T15:50:03Z,WASDE-661-V1,false,usda_wasde_661_v1_141438d7c714,https://www.usda.gov/sites/default/files/documents/oce-wasde-report-data-2025-06.csv,141438d7c714fd7c86d7e438b3ded925c1d6cf4a14c1ba9f725ef1c7dc95a1ea,U.S. Sugar Supply and Use,Sugar,United States,2024/25,Est.,TRQ,1533.00,1533,"1000 Short Tons, Raw Value","1000 Short Tons, Raw Value",
WASDE-661-V1:141438d7c714,661,2025-06-12,June 2025,2025-06-12T16:00:00Z,2025-06-14T03:59:59Z,conservative end of next calendar day in America/New_York; USDA says consolidated CSV updates the day after WASDE,2026-08-20T15:50:03Z,WASDE-661-V1,false,usda_wasde_661_v1_141438d7c714,https://www.usda.gov/sites/default/files/documents/oce-wasde-report-data-2025-06.csv,141438d7c714fd7c86d7e438b3ded925c1d6cf4a14c1ba9f725ef1c7dc95a1ea,U.S. Sugar Supply and Use,Sugar,United States,2024/25,Est.,Texas,.00,0,"1000 Short Tons, Raw Value","1000 Short Tons, Raw Value",
WASDE-661-V1:141438d7c714,661,2025-06-12,June 2025,2025-06-12T16:00:00Z,2025-06-14T03:59:59Z,conservative end of next calendar day in America/New_York; USDA says consolidated CSV updates the day after WASDE,2026-08-20T15:50:03Z,WASDE-661-V1,false,usda_wasde_661_v1_141438d7c714,https://www.usda.gov/sites/default/files/documents/oce-wasde-report-data-2025-06.csv,141438d7c714fd7c86d7e438b3ded925c1d6cf4a14c1ba9f725ef1c7dc95a1ea,U.S. Sugar Supply and Use,Sugar,United States,2024/25,Est.,Total Supply,14375.00,14375,"1000 Short Tons, Raw Value","1000 Short Tons, Raw Value",
WASDE-661-V1:141438d7c714,661,2025-06-12,June 2025,2025-06-12T16:00:00Z,2025-06-14T03:59:59Z,conservative end of next calendar day in America/New_York; USDA says consolidated CSV updates the day after WASDE,2026-08-20T15:50:03Z,WASDE-661-V1,false,usda_wasde_661_v1_141438d7c714,https://www.usda.gov/sites/default/files/documents/oce-wasde-report-data-2025-06.csv,141438d7c714fd7c86d7e438b3ded925c1d6cf4a14c1ba9f725ef1c7dc95a1ea,U.S. Sugar Supply and Use,Sugar,United States,2024/25,Est.,Total Use,12330.00,12330,"1000 Short Tons, Raw Value","1000 Short Tons, Raw Value",
WASDE-661-V1:141438d7c714,661,2025-06-12,June 2025,2025-06-12T16:00:00Z,2025-06-14T03:59:59Z,conservative end of next calendar day in America/New_York; USDA says consolidated CSV updates the day after WASDE,2026-08-20T15:50:03Z,WASDE-661-V1,false,usda_wasde_661_v1_141438d7c714,https://www.usda.gov/sites/default/files/documents/oce-wasde-report-data-2025-06.csv,141438d7c714fd7c86d7e438b3ded925c1d6cf4a14c1ba9f725ef1c7dc95a1ea,U.S. Sugar Supply and Use,Sugar,United States,2025/26,Proj.,Beet Sugar,5150.00,5150,"1000 Short Tons, Raw Value","1000 Short Tons, Raw Value",
WASDE-661-V1:141438d7c714,661,2025-06-12,June 2025,2025-06-12T16:00:00Z,2025-06-14T03:59:59Z,conservative end of next calendar day in America/New_York; USDA says consolidated CSV updates the day after WASDE,2026-08-20T15:50:03Z,WASDE-661-V1,false,usda_wasde_661_v1_141438d7c714,https://www.usda.gov/sites/default/files/documents/oce-wasde-report-data-2025-06.csv,141438d7c714fd7c86d7e438b3ded925c1d6cf4a14c1ba9f725ef1c7dc95a1ea,U.S. Sugar Supply and Use,Sugar,United States,2025/26,Proj.,Beginning Stocks,2045.00,2045,"1000 Short Tons, Raw Value","1000 Short Tons, Raw Value",
WASDE-661-V1:141438d7c714,661,2025-06-12,June 2025,2025-06-12T16:00:00Z,2025-06-14T03:59:59Z,conservative end of next calendar day in America/New_York; USDA says consolidated CSV updates the day after WASDE,2026-08-20T15:50:03Z,WASDE-661-V1,false,usda_wasde_661_v1_141438d7c714,https://www.usda.gov/sites/default/files/documents/oce-wasde-report-data-2025-06.csv,141438d7c714fd7c86d7e438b3ded925c1d6cf4a14c1ba9f725ef1c7dc95a1ea,U.S. Sugar Supply and Use,Sugar,United States,2025/26,Proj.,Cane Sugar,4104.00,4104,"1000 Short Tons, Raw Value","1000 Short Tons, Raw Value",
WASDE-661-V1:141438d7c714,661,2025-06-12,June 2025,2025-06-12T16:00:00Z,2025-06-14T03:59:59Z,conservative end of next calendar day in America/New_York; USDA says consolidated CSV updates the day after WASDE,2026-08-20T15:50:03Z,WASDE-661-V1,false,usda_wasde_661_v1_141438d7c714,https://www.usda.gov/sites/default/files/documents/oce-wasde-report-data-2025-06.csv,141438d7c714fd7c86d7e438b3ded925c1d6cf4a14c1ba9f725ef1c7dc95a1ea,U.S. Sugar Supply and Use,Sugar,United States,2025/26,Proj.,Deliveries,12230.00,12230,"1000 Short Tons, Raw Value","1000 Short Tons, Raw Value",
WASDE-661-V1:141438d7c714,661,2025-06-12,June 2025,2025-06-12T16:00:00Z,2025-06-14T03:59:59Z,conservative end of next calendar day in America/New_York; USDA says consolidated CSV updates the day after WASDE,2026-08-20T15:50:03Z,WASDE-661-V1,false,usda_wasde_661_v1_141438d7c714,https://www.usda.gov/sites/default/files/documents/oce-wasde-report-data-2025-06.csv,141438d7c714fd7c86d7e438b3ded925c1d6cf4a14c1ba9f725ef1c7dc95a1ea,U.S. Sugar Supply and Use,Sugar,United States,2025/26,Proj.,Ending Stocks,1443.00,1443,"1000 Short Tons, Raw Value","1000 Short Tons, Raw Value",
WASDE-661-V1:141438d7c714,661,2025-06-12,June 2025,2025-06-12T16:00:00Z,2025-06-14T03:59:59Z,conservative end of next calendar day in America/New_York; USDA says consolidated CSV updates the day after WASDE,2026-08-20T15:50:03Z,WASDE-661-V1,false,usda_wasde_661_v1_141438d7c714,https://www.usda.gov/sites/default/files/documents/oce-wasde-report-data-2025-06.csv,141438d7c714fd7c86d7e438b3ded925c1d6cf4a14c1ba9f725ef1c7dc95a1ea,U.S. Sugar Supply and Use,Sugar,United States,2025/26,Proj.,Exports,100.00,100,"1000 Short Tons, Raw Value","1000 Short Tons, Raw Value",
WASDE-661-V1:141438d7c714,661,2025-06-12,June 2025,2025-06-12T16:00:00Z,2025-06-14T03:59:59Z,conservative end of next calendar day in America/New_York; USDA says consolidated CSV updates the day after WASDE,2026-08-20T15:50:03Z,WASDE-661-V1,false,usda_wasde_661_v1_141438d7c714,https://www.usda.gov/sites/default/files/documents/oce-wasde-report-data-2025-06.csv,141438d7c714fd7c86d7e438b3ded925c1d6cf4a14c1ba9f725ef1c7dc95a1ea,U.S. Sugar Supply and Use,Sugar,United States,2025/26,Proj.,Exports - Other,105.00,105,"1000 Short Tons, Raw Value","1000 Short Tons, Raw Value",
WASDE-661-V1:141438d7c714,661,2025-06-12,June 2025,2025-06-12T16:00:00Z,2025-06-14T03:59:59Z,conservative end of next calendar day in America/New_York; USDA says consolidated CSV updates the day after WASDE,2026-08-20T15:50:03Z,WASDE-661-V1,false,usda_wasde_661_v1_141438d7c714,https://www.usda.gov/sites/default/files/documents/oce-wasde-report-data-2025-06.csv,141438d7c714fd7c86d7e438b3ded925c1d6cf4a14c1ba9f725ef1c7dc95a1ea,U.S. Sugar Supply and Use,Sugar,United States,2025/26,Proj.,Florida,2016.00,2016,"1000 Short Tons, Raw Value","1000 Short Tons, Raw Value",
WASDE-661-V1:141438d7c714,661,2025-06-12,June 2025,2025-06-12T16:00:00Z,2025-06-14T03:59:59Z,conservative end of next calendar day in America/New_York; USDA says consolidated CSV updates the day after WASDE,2026-08-20T15:50:03Z,WASDE-661-V1,false,usda_wasde_661_v1_141438d7c714,https://www.usda.gov/sites/default/files/documents/oce-wasde-report-data-2025-06.csv,141438d7c714fd7c86d7e438b3ded925c1d6cf4a14c1ba9f725ef1c7dc95a1ea,U.S. Sugar Supply and Use,Sugar,United States,2025/26,Proj.,Food,12125.00,12125,"1000 Short Tons, Raw Value","1000 Short Tons, Raw Value",
WASDE-661-V1:141438d7c714,661,2025-06-12,June 2025,2025-06-12T16:00:00Z,2025-06-14T03:59:59Z,conservative end of next calendar day in America/New_York; USDA says consolidated CSV updates the day after WASDE,2026-08-20T15:50:03Z,WASDE-661-V1,false,usda_wasde_661_v1_141438d7c714,https://www.usda.gov/sites/default/files/documents/oce-wasde-report-data-2025-06.csv,141438d7c714fd7c86d7e438b3ded925c1d6cf4a14c1ba9f725ef1c7dc95a1ea,U.S. Sugar Supply and Use,Sugar,United States,2025/26,Proj.,High-tier tariff/other,186.00,186,"1000 Short Tons, Raw Value","1000 Short Tons, Raw Value",
WASDE-661-V1:141438d7c714,661,2025-06-12,June 2025,2025-06-12T16:00:00Z,2025-06-14T03:59:59Z,conservative end of next calendar day in America/New_York; USDA says consolidated CSV updates the day after WASDE,2026-08-20T15:50:03Z,WASDE-661-V1,false,usda_wasde_661_v1_141438d7c714,https://www.usda.gov/sites/default/files/documents/oce-wasde-report-data-2025-06.csv,141438d7c714fd7c86d7e438b3ded925c1d6cf4a14c1ba9f725ef1c7dc95a1ea,U.S. Sugar Supply and Use,Sugar,United States,2025/26,Proj.,Imports,2474.00,2474,"1000 Short Tons, Raw Value","1000 Short Tons, Raw Value",
WASDE-661-V1:141438d7c714,661,2025-06-12,June 2025,2025-06-12T16:00:00Z,2025-06-14T03:59:59Z,conservative end of next calendar day in America/New_York; USDA says consolidated CSV updates the day after WASDE,2026-08-20T15:50:03Z,WASDE-661-V1,false,usda_wasde_661_v1_141438d7c714,https://www.usda.gov/sites/default/files/documents/oce-wasde-report-data-2025-06.csv,141438d7c714fd7c86d7e438b3ded925c1d6cf4a14c1ba9f725ef1c7dc95a1ea,U.S. Sugar Supply and Use,Sugar,United States,2025/26,Proj.,Louisiana,2088.00,2088,"1000 Short Tons, Raw Value","1000 Short Tons, Raw Value",
WASDE-661-V1:141438d7c714,661,2025-06-12,June 2025,2025-06-12T16:00:00Z,2025-06-14T03:59:59Z,conservative end of next calendar day in America/New_York; USDA says consolidated CSV updates the day after WASDE,2026-08-20T15:50:03Z,WASDE-661-V1,false,usda_wasde_661_v1_141438d7c714,https://www.usda.gov/sites/default/files/documents/oce-wasde-report-data-2025-06.csv,141438d7c714fd7c86d7e438b3ded925c1d6cf4a14c1ba9f725ef1c7dc95a1ea,U.S. Sugar Supply and Use,Sugar,United States,2025/26,Proj.,Mexico,669.00,669,"1000 Short Tons, Raw Value","1000 Short Tons, Raw Value",
WASDE-661-V1:141438d7c714,661,2025-06-12,June 2025,2025-06-12T16:00:00Z,2025-06-14T03:59:59Z,conservative end of next calendar day in America/New_York; USDA says consolidated CSV updates the day after WASDE,2026-08-20T15:50:03Z,WASDE-661-V1,false,usda_wasde_661_v1_141438d7c714,https://www.usda.gov/sites/default/files/documents/oce-wasde-report-data-2025-06.csv,141438d7c714fd7c86d7e438b3ded925c1d6cf4a14c1ba9f725ef1c7dc95a1ea,U.S. Sugar Supply and Use,Sugar,United States,2025/26,Proj.,Miscellaneous,.00,0,"1000 Short Tons, Raw Value","1000 Short Tons, Raw Value",
WASDE-661-V1:141438d7c714,661,2025-06-12,June 2025,2025-06-12T16:00:00Z,2025-06-14T03:59:59Z,conservative end of next calendar day in America/New_York; USDA says consolidated CSV updates the day after WASDE,2026-08-20T15:50:03Z,WASDE-661-V1,false,usda_wasde_661_v1_141438d7c714,https://www.usda.gov/sites/default/files/documents/oce-wasde-report-data-2025-06.csv,141438d7c714fd7c86d7e438b3ded925c1d6cf4a14c1ba9f725ef1c7dc95a1ea,U.S. Sugar Supply and Use,Sugar,United States,2025/26,Proj.,Non-program,855.00,855,"1000 Short Tons, Raw Value","1000 Short Tons, Raw Value",
WASDE-661-V1:141438d7c714,661,2025-06-12,June 2025,2025-06-12T16:00:00Z,2025-06-14T03:59:59Z,conservative end of next calendar day in America/New_York; USDA says consolidated CSV updates the day after WASDE,2026-08-20T15:50:03Z,WASDE-661-V1,false,usda_wasde_661_v1_141438d7c714,https://www.usda.gov/sites/default/files/documents/oce-wasde-report-data-2025-06.csv,141438d7c714fd7c86d7e438b3ded925c1d6cf4a14c1ba9f725ef1c7dc95a1ea,U.S. Sugar Supply and Use,Sugar,United States,2025/26,Proj.,Other Program,200.00,200,"1000 Short Tons, Raw Value","1000 Short Tons, Raw Value",
WASDE-661-V1:141438d7c714,661,2025-06-12,June 2025,2025-06-12T16:00:00Z,2025-06-14T03:59:59Z,conservative end of next calendar day in America/New_York; USDA says consolidated CSV updates the day after WASDE,2026-08-20T15:50:03Z,WASDE-661-V1,false,usda_wasde_661_v1_141438d7c714,https://www.usda.gov/sites/default/files/documents/oce-wasde-report-data-2025-06.csv,141438d7c714fd7c86d7e438b3ded925c1d6cf4a14c1ba9f725ef1c7dc95a1ea,U.S. Sugar Supply and Use,Sugar,United States,2025/26,Proj.,Production,9254.00,9254,"1000 Short Tons, Raw Value","1000 Short Tons, Raw Value",
WASDE-661-V1:141438d7c714,661,2025-06-12,June 2025,2025-06-12T16:00:00Z,2025-06-14T03:59:59Z,conservative end of next calendar day in America/New_York; USDA says consolidated CSV updates the day after WASDE,2026-08-20T15:50:03Z,WASDE-661-V1,false,usda_wasde_661_v1_141438d7c714,https://www.usda.gov/sites/default/files/documents/oce-wasde-report-data-2025-06.csv,141438d7c714fd7c86d7e438b3ded925c1d6cf4a14c1ba9f725ef1c7dc95a1ea,U.S. Sugar Supply and Use,Sugar,United States,2025/26,Proj.,Stocks to Use Ratio,11.70,11.7,"1000 Short Tons, Raw Value",Percent,USDA historical CSV labels Stocks to Use Ratio with the table's tonnage unit; value is normalized as percent while the raw unit is retained.
WASDE-661-V1:141438d7c714,661,2025-06-12,June 2025,2025-06-12T16:00:00Z,2025-06-14T03:59:59Z,conservative end of next calendar day in America/New_York; USDA says consolidated CSV updates the day after WASDE,2026-08-20T15:50:03Z,WASDE-661-V1,false,usda_wasde_661_v1_141438d7c714,https://www.usda.gov/sites/default/files/documents/oce-wasde-report-data-2025-06.csv,141438d7c714fd7c86d7e438b3ded925c1d6cf4a14c1ba9f725ef1c7dc95a1ea,U.S. Sugar Supply and Use,Sugar,United States,2025/26,Proj.,TRQ,1419.00,1419,"1000 Short Tons, Raw Value","1000 Short Tons, Raw Value",
WASDE-661-V1:141438d7c714,661,2025-06-12,June 2025,2025-06-12T16:00:00Z,2025-06-14T03:59:59Z,conservative end of next calendar day in America/New_York; USDA says consolidated CSV updates the day after WASDE,2026-08-20T15:50:03Z,WASDE-661-V1,false,usda_wasde_661_v1_141438d7c714,https://www.usda.gov/sites/default/files/documents/oce-wasde-report-data-2025-06.csv,141438d7c714fd7c86d7e438b3ded925c1d6cf4a14c1ba9f725ef1c7dc95a1ea,U.S. Sugar Supply and Use,Sugar,United States,2025/26,Proj.,Texas,.00,0,"1000 Short Tons, Raw Value","1000 Short Tons, Raw Value",
WASDE-661-V1:141438d7c714,661,2025-06-12,June 2025,2025-06-12T16:00:00Z,2025-06-14T03:59:59Z,conservative end of next calendar day in America/New_York; USDA says consolidated CSV updates the day after WASDE,2026-08-20T15:50:03Z,WASDE-661-V1,false,usda_wasde_661_v1_141438d7c714,https://www.usda.gov/sites/default/files/documents/oce-wasde-report-data-2025-06.csv,141438d7c714fd7c86d7e438b3ded925c1d6cf4a14c1ba9f725ef1c7dc95a1ea,U.S. Sugar Supply and Use,Sugar,United States,2025/26,Proj.,Total Supply,13773.00,13773,"1000 Short Tons, Raw Value","1000 Short Tons, Raw Value",
WASDE-661-V1:141438d7c714,661,2025-06-12,June 2025,2025-06-12T16:00:00Z,2025-06-14T03:59:59Z,conservative end of next calendar day in America/New_York; USDA says consolidated CSV updates the day after WASDE,2026-08-20T15:50:03Z,WASDE-661-V1,false,usda_wasde_661_v1_141438d7c714,https://www.usda.gov/sites/default/files/documents/oce-wasde-report-data-2025-06.csv,141438d7c714fd7c86d7e438b3ded925c1d6cf4a14c1ba9f725ef1c7dc95a1ea,U.S. Sugar Supply and Use,Sugar,United States,2025/26,Proj.,Total Use,12330.00,12330,"1000 Short Tons, Raw Value","1000 Short Tons, Raw Value",
WASDE-662-V1:18549967f949,662,2025-07-11,July 2025,2025-07-11T16:00:00Z,2025-07-13T03:59:59Z,conservative end of next calendar day in America/New_York; USDA says consolidated CSV updates the day after WASDE,2026-08-20T15:50:03Z,WASDE-662-V1,false,usda_wasde_662_v1_18549967f949,https://www.usda.gov/sites/default/files/documents/oce-wasde-report-data-2025-07.csv,18549967f94987ffc0eb96fed9a868338d40bd23f42f45d663fdc1793ca5d183,Mexico Sugar Supply and Use and High Fructose Corn Syrup Consumption,Sugar,Mexico,2024/25,Est.,Beginning Stocks,1418.00,1418,"1000 Metric Tons, Actual Weight","1000 Metric Tons, Actual Weight",
WASDE-662-V1:18549967f949,662,2025-07-11,July 2025,2025-07-11T16:00:00Z,2025-07-13T03:59:59Z,conservative end of next calendar day in America/New_York; USDA says consolidated CSV updates the day after WASDE,2026-08-20T15:50:03Z,WASDE-662-V1,false,usda_wasde_662_v1_18549967f949,https://www.usda.gov/sites/default/files/documents/oce-wasde-report-data-2025-07.csv,18549967f94987ffc0eb96fed9a868338d40bd23f42f45d663fdc1793ca5d183,Mexico Sugar Supply and Use and High Fructose Corn Syrup Consumption,Sugar,Mexico,2024/25,Est.,Domestic,4459.00,4459,"1000 Metric Tons, Actual Weight","1000 Metric Tons, Actual Weight",
WASDE-662-V1:18549967f949,662,2025-07-11,July 2025,2025-07-11T16:00:00Z,2025-07-13T03:59:59Z,conservative end of next calendar day in America/New_York; USDA says consolidated CSV updates the day after WASDE,2026-08-20T15:50:03Z,WASDE-662-V1,false,usda_wasde_662_v1_18549967f949,https://www.usda.gov/sites/default/files/documents/oce-wasde-report-data-2025-07.csv,18549967f94987ffc0eb96fed9a868338d40bd23f42f45d663fdc1793ca5d183,Mexico Sugar Supply and Use and High Fructose Corn Syrup Consumption,Sugar,Mexico,2024/25,Est.,Ending Stocks,1098.00,1098,"1000 Metric Tons, Actual Weight","1000 Metric Tons, Actual Weight",
WASDE-662-V1:18549967f949,662,2025-07-11,July 2025,2025-07-11T16:00:00Z,2025-07-13T03:59:59Z,conservative end of next calendar day in America/New_York; USDA says consolidated CSV updates the day after WASDE,2026-08-20T15:50:03Z,WASDE-662-V1,false,usda_wasde_662_v1_18549967f949,https://www.usda.gov/sites/default/files/documents/oce-wasde-report-data-2025-07.csv,18549967f94987ffc0eb96fed9a868338d40bd23f42f45d663fdc1793ca5d183,Mexico Sugar Supply and Use and High Fructose Corn Syrup Consumption,Sugar,Mexico,2024/25,Est.,Exports,806.00,806,"1000 Metric Tons, Actual Weight","1000 Metric Tons, Actual Weight",
WASDE-662-V1:18549967f949,662,2025-07-11,July 2025,2025-07-11T16:00:00Z,2025-07-13T03:59:59Z,conservative end of next calendar day in America/New_York; USDA says consolidated CSV updates the day after WASDE,2026-08-20T15:50:03Z,WASDE-662-V1,false,usda_wasde_662_v1_18549967f949,https://www.usda.gov/sites/default/files/documents/oce-wasde-report-data-2025-07.csv,18549967f94987ffc0eb96fed9a868338d40bd23f42f45d663fdc1793ca5d183,Mexico Sugar Supply and Use and High Fructose Corn Syrup Consumption,Sugar,Mexico,2024/25,Est.,Imports,175.00,175,"1000 Metric Tons, Actual Weight","1000 Metric Tons, Actual Weight",
WASDE-662-V1:18549967f949,662,2025-07-11,July 2025,2025-07-11T16:00:00Z,2025-07-13T03:59:59Z,conservative end of next calendar day in America/New_York; USDA says consolidated CSV updates the day after WASDE,2026-08-20T15:50:03Z,WASDE-662-V1,false,usda_wasde_662_v1_18549967f949,https://www.usda.gov/sites/default/files/documents/oce-wasde-report-data-2025-07.csv,18549967f94987ffc0eb96fed9a868338d40bd23f42f45d663fdc1793ca5d183,Mexico Sugar Supply and Use and High Fructose Corn Syrup Consumption,Sugar,Mexico,2024/25,Est.,Production,4770.00,4770,"1000 Metric Tons, Actual Weight","1000 Metric Tons, Actual Weight",
WASDE-662-V1:18549967f949,662,2025-07-11,July 2025,2025-07-11T16:00:00Z,2025-07-13T03:59:59Z,conservative end of next calendar day in America/New_York; USDA says consolidated CSV updates the day after WASDE,2026-08-20T15:50:03Z,WASDE-662-V1,false,usda_wasde_662_v1_18549967f949,https://www.usda.gov/sites/default/files/documents/oce-wasde-report-data-2025-07.csv,18549967f94987ffc0eb96fed9a868338d40bd23f42f45d663fdc1793ca5d183,Mexico Sugar Supply and Use and High Fructose Corn Syrup Consumption,Sugar,Mexico,2025/26,Proj.,Beginning Stocks,1098.00,1098,"1000 Metric Tons, Actual Weight","1000 Metric Tons, Actual Weight",
WASDE-662-V1:18549967f949,662,2025-07-11,July 2025,2025-07-11T16:00:00Z,2025-07-13T03:59:59Z,conservative end of next calendar day in America/New_York; USDA says consolidated CSV updates the day after WASDE,2026-08-20T15:50:03Z,WASDE-662-V1,false,usda_wasde_662_v1_18549967f949,https://www.usda.gov/sites/default/files/documents/oce-wasde-report-data-2025-07.csv,18549967f94987ffc0eb96fed9a868338d40bd23f42f45d663fdc1793ca5d183,Mexico Sugar Supply and Use and High Fructose Corn Syrup Consumption,Sugar,Mexico,2025/26,Proj.,Domestic,4569.00,4569,"1000 Metric Tons, Actual Weight","1000 Metric Tons, Actual Weight",
WASDE-662-V1:18549967f949,662,2025-07-11,July 2025,2025-07-11T16:00:00Z,2025-07-13T03:59:59Z,conservative end of next calendar day in America/New_York; USDA says consolidated CSV updates the day after WASDE,2026-08-20T15:50:03Z,WASDE-662-V1,false,usda_wasde_662_v1_18549967f949,https://www.usda.gov/sites/default/files/documents/oce-wasde-report-data-2025-07.csv,18549967f94987ffc0eb96fed9a868338d40bd23f42f45d663fdc1793ca5d183,Mexico Sugar Supply and Use and High Fructose Corn Syrup Consumption,Sugar,Mexico,2025/26,Proj.,Ending Stocks,1081.00,1081,"1000 Metric Tons, Actual Weight","1000 Metric Tons, Actual Weight",
WASDE-662-V1:18549967f949,662,2025-07-11,July 2025,2025-07-11T16:00:00Z,2025-07-13T03:59:59Z,conservative end of next calendar day in America/New_York; USDA says consolidated CSV updates the day after WASDE,2026-08-20T15:50:03Z,WASDE-662-V1,false,usda_wasde_662_v1_18549967f949,https://www.usda.gov/sites/default/files/documents/oce-wasde-report-data-2025-07.csv,18549967f94987ffc0eb96fed9a868338d40bd23f42f45d663fdc1793ca5d183,Mexico Sugar Supply and Use and High Fructose Corn Syrup Consumption,Sugar,Mexico,2025/26,Proj.,Exports,684.00,684,"1000 Metric Tons, Actual Weight","1000 Metric Tons, Actual Weight",
WASDE-662-V1:18549967f949,662,2025-07-11,July 2025,2025-07-11T16:00:00Z,2025-07-13T03:59:59Z,conservative end of next calendar day in America/New_York; USDA says consolidated CSV updates the day after WASDE,2026-08-20T15:50:03Z,WASDE-662-V1,false,usda_wasde_662_v1_18549967f949,https://www.usda.gov/sites/default/files/documents/oce-wasde-report-data-2025-07.csv,18549967f94987ffc0eb96fed9a868338d40bd23f42f45d663fdc1793ca5d183,Mexico Sugar Supply and Use and High Fructose Corn Syrup Consumption,Sugar,Mexico,2025/26,Proj.,Imports,142.00,142,"1000 Metric Tons, Actual Weight","1000 Metric Tons, Actual Weight",
WASDE-662-V1:18549967f949,662,2025-07-11,July 2025,2025-07-11T16:00:00Z,2025-07-13T03:59:59Z,conservative end of next calendar day in America/New_York; USDA says consolidated CSV updates the day after WASDE,2026-08-20T15:50:03Z,WASDE-662-V1,false,usda_wasde_662_v1_18549967f949,https://www.usda.gov/sites/default/files/documents/oce-wasde-report-data-2025-07.csv,18549967f94987ffc0eb96fed9a868338d40bd23f42f45d663fdc1793ca5d183,Mexico Sugar Supply and Use and High Fructose Corn Syrup Consumption,Sugar,Mexico,2025/26,Proj.,Production,5094.00,5094,"1000 Metric Tons, Actual Weight","1000 Metric Tons, Actual Weight",
WASDE-662-V1:18549967f949,662,2025-07-11,July 2025,2025-07-11T16:00:00Z,2025-07-13T03:59:59Z,conservative end of next calendar day in America/New_York; USDA says consolidated CSV updates the day after WASDE,2026-08-20T15:50:03Z,WASDE-662-V1,false,usda_wasde_662_v1_18549967f949,https://www.usda.gov/sites/default/files/documents/oce-wasde-report-data-2025-07.csv,18549967f94987ffc0eb96fed9a868338d40bd23f42f45d663fdc1793ca5d183,U.S. Sugar Supply and Use,Sugar,United States,2023/24,,Beet Sugar,5172.00,5172,"1000 Short Tons, Raw Value","1000 Short Tons, Raw Value",
WASDE-662-V1:18549967f949,662,2025-07-11,July 2025,2025-07-11T16:00:00Z,2025-07-13T03:59:59Z,conservative end of next calendar day in America/New_York; USDA says consolidated CSV updates the day after WASDE,2026-08-20T15:50:03Z,WASDE-662-V1,false,usda_wasde_662_v1_18549967f949,https://www.usda.gov/sites/default/files/documents/oce-wasde-report-data-2025-07.csv,18549967f94987ffc0eb96fed9a868338d40bd23f42f45d663fdc1793ca5d183,U.S. Sugar Supply and Use,Sugar,United States,2023/24,,Beginning Stocks,1843.00,1843,"1000 Short Tons, Raw Value","1000 Short Tons, Raw Value",
WASDE-662-V1:18549967f949,662,2025-07-11,July 2025,2025-07-11T16:00:00Z,2025-07-13T03:59:59Z,conservative end of next calendar day in America/New_York; USDA says consolidated CSV updates the day after WASDE,2026-08-20T15:50:03Z,WASDE-662-V1,false,usda_wasde_662_v1_18549967f949,https://www.usda.gov/sites/default/files/documents/oce-wasde-report-data-2025-07.csv,18549967f94987ffc0eb96fed9a868338d40bd23f42f45d663fdc1793ca5d183,U.S. Sugar Supply and Use,Sugar,United States,2023/24,,Cane Sugar,4141.00,4141,"1000 Short Tons, Raw Value","1000 Short Tons, Raw Value",
WASDE-662-V1:18549967f949,662,2025-07-11,July 2025,2025-07-11T16:00:00Z,2025-07-13T03:59:59Z,conservative end of next calendar day in America/New_York; USDA says consolidated CSV updates the day after WASDE,2026-08-20T15:50:03Z,WASDE-662-V1,false,usda_wasde_662_v1_18549967f949,https://www.usda.gov/sites/default/files/documents/oce-wasde-report-data-2025-07.csv,18549967f94987ffc0eb96fed9a868338d40bd23f42f45d663fdc1793ca5d183,U.S. Sugar Supply and Use,Sugar,United States,2023/24,,Deliveries,12534.00,12534,"1000 Short Tons, Raw Value","1000 Short Tons, Raw Value",
WASDE-662-V1:18549967f949,662,2025-07-11,July 2025,2025-07-11T16:00:00Z,2025-07-13T03:59:59Z,conservative end of next calendar day in America/New_York; USDA says consolidated CSV updates the day after WASDE,2026-08-20T15:50:03Z,WASDE-662-V1,false,usda_wasde_662_v1_18549967f949,https://www.usda.gov/sites/default/files/documents/oce-wasde-report-data-2025-07.csv,18549967f94987ffc0eb96fed9a868338d40bd23f42f45d663fdc1793ca5d183,U.S. Sugar Supply and Use,Sugar,United States,2023/24,,Ending Stocks,2131.00,2131,"1000 Short Tons, Raw Value","1000 Short Tons, Raw Value",
WASDE-662-V1:18549967f949,662,2025-07-11,July 2025,2025-07-11T16:00:00Z,2025-07-13T03:59:59Z,conservative end of next calendar day in America/New_York; USDA says consolidated CSV updates the day after WASDE,2026-08-20T15:50:03Z,WASDE-662-V1,false,usda_wasde_662_v1_18549967f949,https://www.usda.gov/sites/default/files/documents/oce-wasde-report-data-2025-07.csv,18549967f94987ffc0eb96fed9a868338d40bd23f42f45d663fdc1793ca5d183,U.S. Sugar Supply and Use,Sugar,United States,2023/24,,Exports,249.00,249,"1000 Short Tons, Raw Value","1000 Short Tons, Raw Value",
WASDE-662-V1:18549967f949,662,2025-07-11,July 2025,2025-07-11T16:00:00Z,2025-07-13T03:59:59Z,conservative end of next calendar day in America/New_York; USDA says consolidated CSV updates the day after WASDE,2026-08-20T15:50:03Z,WASDE-662-V1,false,usda_wasde_662_v1_18549967f949,https://www.usda.gov/sites/default/files/documents/oce-wasde-report-data-2025-07.csv,18549967f94987ffc0eb96fed9a868338d40bd23f42f45d663fdc1793ca5d183,U.S. Sugar Supply and Use,Sugar,United States,2023/24,,Exports - Other,106.00,106,"1000 Short Tons, Raw Value","1000 Short Tons, Raw Value",
WASDE-662-V1:18549967f949,662,2025-07-11,July 2025,2025-07-11T16:00:00Z,2025-07-13T03:59:59Z,conservative end of next calendar day in America/New_York; USDA says consolidated CSV updates the day after WASDE,2026-08-20T15:50:03Z,WASDE-662-V1,false,usda_wasde_662_v1_18549967f949,https://www.usda.gov/sites/default/files/documents/oce-wasde-report-data-2025-07.csv,18549967f94987ffc0eb96fed9a868338d40bd23f42f45d663fdc1793ca5d183,U.S. Sugar Supply and Use,Sugar,United States,2023/24,,Florida,2079.00,2079,"1000 Short Tons, Raw Value","1000 Short Tons, Raw Value",
WASDE-662-V1:18549967f949,662,2025-07-11,July 2025,2025-07-11T16:00:00Z,2025-07-13T03:59:59Z,conservative end of next calendar day in America/New_York; USDA says consolidated CSV updates the day after WASDE,2026-08-20T15:50:03Z,WASDE-662-V1,false,usda_wasde_662_v1_18549967f949,https://www.usda.gov/sites/default/files/documents/oce-wasde-report-data-2025-07.csv,18549967f94987ffc0eb96fed9a868338d40bd23f42f45d663fdc1793ca5d183,U.S. Sugar Supply and Use,Sugar,United States,2023/24,,Food,12428.00,12428,"1000 Short Tons, Raw Value","1000 Short Tons, Raw Value",
WASDE-662-V1:18549967f949,662,2025-07-11,July 2025,2025-07-11T16:00:00Z,2025-07-13T03:59:59Z,conservative end of next calendar day in America/New_York; USDA says consolidated CSV updates the day after WASDE,2026-08-20T15:50:03Z,WASDE-662-V1,false,usda_wasde_662_v1_18549967f949,https://www.usda.gov/sites/default/files/documents/oce-wasde-report-data-2025-07.csv,18549967f94987ffc0eb96fed9a868338d40bd23f42f45d663fdc1793ca5d183,U.S. Sugar Supply and Use,Sugar,United States,2023/24,,High-tier tariff/other,1231.00,1231,"1000 Short Tons, Raw Value","1000 Short Tons, Raw Value",
WASDE-662-V1:18549967f949,662,2025-07-11,July 2025,2025-07-11T16:00:00Z,2025-07-13T03:59:59Z,conservative end of next calendar day in America/New_York; USDA says consolidated CSV updates the day after WASDE,2026-08-20T15:50:03Z,WASDE-662-V1,false,usda_wasde_662_v1_18549967f949,https://www.usda.gov/sites/default/files/documents/oce-wasde-report-data-2025-07.csv,18549967f94987ffc0eb96fed9a868338d40bd23f42f45d663fdc1793ca5d183,U.S. Sugar Supply and Use,Sugar,United States,2023/24,,Imports,3840.00,3840,"1000 Short Tons, Raw Value","1000 Short Tons, Raw Value",
WASDE-662-V1:18549967f949,662,2025-07-11,July 2025,2025-07-11T16:00:00Z,2025-07-13T03:59:59Z,conservative end of next calendar day in America/New_York; USDA says consolidated CSV updates the day after WASDE,2026-08-20T15:50:03Z,WASDE-662-V1,false,usda_wasde_662_v1_18549967f949,https://www.usda.gov/sites/default/files/documents/oce-wasde-report-data-2025-07.csv,18549967f94987ffc0eb96fed9a868338d40bd23f42f45d663fdc1793ca5d183,U.S. Sugar Supply and Use,Sugar,United States,2023/24,,Louisiana,2022.00,2022,"1000 Short Tons, Raw Value","1000 Short Tons, Raw Value",
WASDE-662-V1:18549967f949,662,2025-07-11,July 2025,2025-07-11T16:00:00Z,2025-07-13T03:59:59Z,conservative end of next calendar day in America/New_York; USDA says consolidated CSV updates the day after WASDE,2026-08-20T15:50:03Z,WASDE-662-V1,false,usda_wasde_662_v1_18549967f949,https://www.usda.gov/sites/default/files/documents/oce-wasde-report-data-2025-07.csv,18549967f94987ffc0eb96fed9a868338d40bd23f42f45d663fdc1793ca5d183,U.S. Sugar Supply and Use,Sugar,United States,2023/24,,Mexico,521.00,521,"1000 Short Tons, Raw Value","1000 Short Tons, Raw Value",
WASDE-662-V1:18549967f949,662,2025-07-11,July 2025,2025-07-11T16:00:00Z,2025-07-13T03:59:59Z,conservative end of next calendar day in America/New_York; USDA says consolidated CSV updates the day after WASDE,2026-08-20T15:50:03Z,WASDE-662-V1,false,usda_wasde_662_v1_18549967f949,https://www.usda.gov/sites/default/files/documents/oce-wasde-report-data-2025-07.csv,18549967f94987ffc0eb96fed9a868338d40bd23f42f45d663fdc1793ca5d183,U.S. Sugar Supply and Use,Sugar,United States,2023/24,,Miscellaneous,81.00,81,"1000 Short Tons, Raw Value","1000 Short Tons, Raw Value",
WASDE-662-V1:18549967f949,662,2025-07-11,July 2025,2025-07-11T16:00:00Z,2025-07-13T03:59:59Z,conservative end of next calendar day in America/New_York; USDA says consolidated CSV updates the day after WASDE,2026-08-20T15:50:03Z,WASDE-662-V1,false,usda_wasde_662_v1_18549967f949,https://www.usda.gov/sites/default/files/documents/oce-wasde-report-data-2025-07.csv,18549967f94987ffc0eb96fed9a868338d40bd23f42f45d663fdc1793ca5d183,U.S. Sugar Supply and Use,Sugar,United States,2023/24,,Non-program,1752.00,1752,"1000 Short Tons, Raw Value","1000 Short Tons, Raw Value",
WASDE-662-V1:18549967f949,662,2025-07-11,July 2025,2025-07-11T16:00:00Z,2025-07-13T03:59:59Z,conservative end of next calendar day in America/New_York; USDA says consolidated CSV updates the day after WASDE,2026-08-20T15:50:03Z,WASDE-662-V1,false,usda_wasde_662_v1_18549967f949,https://www.usda.gov/sites/default/files/documents/oce-wasde-report-data-2025-07.csv,18549967f94987ffc0eb96fed9a868338d40bd23f42f45d663fdc1793ca5d183,U.S. Sugar Supply and Use,Sugar,United States,2023/24,,Other Program,300.00,300,"1000 Short Tons, Raw Value","1000 Short Tons, Raw Value",
WASDE-662-V1:18549967f949,662,2025-07-11,July 2025,2025-07-11T16:00:00Z,2025-07-13T03:59:59Z,conservative end of next calendar day in America/New_York; USDA says consolidated CSV updates the day after WASDE,2026-08-20T15:50:03Z,WASDE-662-V1,false,usda_wasde_662_v1_18549967f949,https://www.usda.gov/sites/default/files/documents/oce-wasde-report-data-2025-07.csv,18549967f94987ffc0eb96fed9a868338d40bd23f42f45d663fdc1793ca5d183,U.S. Sugar Supply and Use,Sugar,United States,2023/24,,Production,9313.00,9313,"1000 Short Tons, Raw Value","1000 Short Tons, Raw Value",
WASDE-662-V1:18549967f949,662,2025-07-11,July 2025,2025-07-11T16:00:00Z,2025-07-13T03:59:59Z,conservative end of next calendar day in America/New_York; USDA says consolidated CSV updates the day after WASDE,2026-08-20T15:50:03Z,WASDE-662-V1,false,usda_wasde_662_v1_18549967f949,https://www.usda.gov/sites/default/files/documents/oce-wasde-report-data-2025-07.csv,18549967f94987ffc0eb96fed9a868338d40bd23f42f45d663fdc1793ca5d183,U.S. Sugar Supply and Use,Sugar,United States,2023/24,,Stocks to Use Ratio,16.60,16.6,"1000 Short Tons, Raw Value",Percent,USDA historical CSV labels Stocks to Use Ratio with the table's tonnage unit; value is normalized as percent while the raw unit is retained.
WASDE-662-V1:18549967f949,662,2025-07-11,July 2025,2025-07-11T16:00:00Z,2025-07-13T03:59:59Z,conservative end of next calendar day in America/New_York; USDA says consolidated CSV updates the day after WASDE,2026-08-20T15:50:03Z,WASDE-662-V1,false,usda_wasde_662_v1_18549967f949,https://www.usda.gov/sites/default/files/documents/oce-wasde-report-data-2025-07.csv,18549967f94987ffc0eb96fed9a868338d40bd23f42f45d663fdc1793ca5d183,U.S. Sugar Supply and Use,Sugar,United States,2023/24,,TRQ,1788.00,1788,"1000 Short Tons, Raw Value","1000 Short Tons, Raw Value",
WASDE-662-V1:18549967f949,662,2025-07-11,July 2025,2025-07-11T16:00:00Z,2025-07-13T03:59:59Z,conservative end of next calendar day in America/New_York; USDA says consolidated CSV updates the day after WASDE,2026-08-20T15:50:03Z,WASDE-662-V1,false,usda_wasde_662_v1_18549967f949,https://www.usda.gov/sites/default/files/documents/oce-wasde-report-data-2025-07.csv,18549967f94987ffc0eb96fed9a868338d40bd23f42f45d663fdc1793ca5d183,U.S. Sugar Supply and Use,Sugar,United States,2023/24,,Texas,40.00,40,"1000 Short Tons, Raw Value","1000 Short Tons, Raw Value",
WASDE-662-V1:18549967f949,662,2025-07-11,July 2025,2025-07-11T16:00:00Z,2025-07-13T03:59:59Z,conservative end of next calendar day in America/New_York; USDA says consolidated CSV updates the day after WASDE,2026-08-20T15:50:03Z,WASDE-662-V1,false,usda_wasde_662_v1_18549967f949,https://www.usda.gov/sites/default/files/documents/oce-wasde-report-data-2025-07.csv,18549967f94987ffc0eb96fed9a868338d40bd23f42f45d663fdc1793ca5d183,U.S. Sugar Supply and Use,Sugar,United States,2023/24,,Total Supply,14995.00,14995,"1000 Short Tons, Raw Value","1000 Short Tons, Raw Value",
WASDE-662-V1:18549967f949,662,2025-07-11,July 2025,2025-07-11T16:00:00Z,2025-07-13T03:59:59Z,conservative end of next calendar day in America/New_York; USDA says consolidated CSV updates the day after WASDE,2026-08-20T15:50:03Z,WASDE-662-V1,false,usda_wasde_662_v1_18549967f949,https://www.usda.gov/sites/default/files/documents/oce-wasde-report-data-2025-07.csv,18549967f94987ffc0eb96fed9a868338d40bd23f42f45d663fdc1793ca5d183,U.S. Sugar Supply and Use,Sugar,United States,2023/24,,Total Use,12864.00,12864,"1000 Short Tons, Raw Value","1000 Short Tons, Raw Value",
WASDE-662-V1:18549967f949,662,2025-07-11,July 2025,2025-07-11T16:00:00Z,2025-07-13T03:59:59Z,conservative end of next calendar day in America/New_York; USDA says consolidated CSV updates the day after WASDE,2026-08-20T15:50:03Z,WASDE-662-V1,false,usda_wasde_662_v1_18549967f949,https://www.usda.gov/sites/default/files/documents/oce-wasde-report-data-2025-07.csv,18549967f94987ffc0eb96fed9a868338d40bd23f42f45d663fdc1793ca5d183,U.S. Sugar Supply and Use,Sugar,United States,2024/25,Est.,Beet Sugar,5322.00,5322,"1000 Short Tons, Raw Value","1000 Short Tons, Raw Value",
WASDE-662-V1:18549967f949,662,2025-07-11,July 2025,2025-07-11T16:00:00Z,2025-07-13T03:59:59Z,conservative end of next calendar day in America/New_York; USDA says consolidated CSV updates the day after WASDE,2026-08-20T15:50:03Z,WASDE-662-V1,false,usda_wasde_662_v1_18549967f949,https://www.usda.gov/sites/default/files/documents/oce-wasde-report-data-2025-07.csv,18549967f94987ffc0eb96fed9a868338d40bd23f42f45d663fdc1793ca5d183,U.S. Sugar Supply and Use,Sugar,United States,2024/25,Est.,Beginning Stocks,2131.00,2131,"1000 Short Tons, Raw Value","1000 Short Tons, Raw Value",
WASDE-662-V1:18549967f949,662,2025-07-11,July 2025,2025-07-11T16:00:00Z,2025-07-13T03:59:59Z,conservative end of next calendar day in America/New_York; USDA says consolidated CSV updates the day after WASDE,2026-08-20T15:50:03Z,WASDE-662-V1,false,usda_wasde_662_v1_18549967f949,https://www.usda.gov/sites/default/files/documents/oce-wasde-report-data-2025-07.csv,18549967f94987ffc0eb96fed9a868338d40bd23f42f45d663fdc1793ca5d183,U.S. Sugar Supply and Use,Sugar,United States,2024/25,Est.,Cane Sugar,3973.00,3973,"1000 Short Tons, Raw Value","1000 Short Tons, Raw Value",
WASDE-662-V1:18549967f949,662,2025-07-11,July 2025,2025-07-11T16:00:00Z,2025-07-13T03:59:59Z,conservative end of next calendar day in America/New_York; USDA says consolidated CSV updates the day after WASDE,2026-08-20T15:50:03Z,WASDE-662-V1,false,usda_wasde_662_v1_18549967f949,https://www.usda.gov/sites/default/files/documents/oce-wasde-report-data-2025-07.csv,18549967f94987ffc0eb96fed9a868338d40bd23f42f45d663fdc1793ca5d183,U.S. Sugar Supply and Use,Sugar,United States,2024/25,Est.,Deliveries,12150.00,12150,"1000 Short Tons, Raw Value","1000 Short Tons, Raw Value",
WASDE-662-V1:18549967f949,662,2025-07-11,July 2025,2025-07-11T16:00:00Z,2025-07-13T03:59:59Z,conservative end of next calendar day in America/New_York; USDA says consolidated CSV updates the day after WASDE,2026-08-20T15:50:03Z,WASDE-662-V1,false,usda_wasde_662_v1_18549967f949,https://www.usda.gov/sites/default/files/documents/oce-wasde-report-data-2025-07.csv,18549967f94987ffc0eb96fed9a868338d40bd23f42f45d663fdc1793ca5d183,U.S. Sugar Supply and Use,Sugar,United States,2024/25,Est.,Ending Stocks,2132.00,2132,"1000 Short Tons, Raw Value","1000 Short Tons, Raw Value",
WASDE-662-V1:18549967f949,662,2025-07-11,July 2025,2025-07-11T16:00:00Z,2025-07-13T03:59:59Z,conservative end of next calendar day in America/New_York; USDA says consolidated CSV updates the day after WASDE,2026-08-20T15:50:03Z,WASDE-662-V1,false,usda_wasde_662_v1_18549967f949,https://www.usda.gov/sites/default/files/documents/oce-wasde-report-data-2025-07.csv,18549967f94987ffc0eb96fed9a868338d40bd23f42f45d663fdc1793ca5d183,U.S. Sugar Supply and Use,Sugar,United States,2024/25,Est.,Exports,100.00,100,"1000 Short Tons, Raw Value","1000 Short Tons, Raw Value",
WASDE-662-V1:18549967f949,662,2025-07-11,July 2025,2025-07-11T16:00:00Z,2025-07-13T03:59:59Z,conservative end of next calendar day in America/New_York; USDA says consolidated CSV updates the day after WASDE,2026-08-20T15:50:03Z,WASDE-662-V1,false,usda_wasde_662_v1_18549967f949,https://www.usda.gov/sites/default/files/documents/oce-wasde-report-data-2025-07.csv,18549967f94987ffc0eb96fed9a868338d40bd23f42f45d663fdc1793ca5d183,U.S. Sugar Supply and Use,Sugar,United States,2024/25,Est.,Exports - Other,105.00,105,"1000 Short Tons, Raw Value","1000 Short Tons, Raw Value",
WASDE-662-V1:18549967f949,662,2025-07-11,July 2025,2025-07-11T16:00:00Z,2025-07-13T03:59:59Z,conservative end of next calendar day in America/New_York; USDA says consolidated CSV updates the day after WASDE,2026-08-20T15:50:03Z,WASDE-662-V1,false,usda_wasde_662_v1_18549967f949,https://www.usda.gov/sites/default/files/documents/oce-wasde-report-data-2025-07.csv,18549967f94987ffc0eb96fed9a868338d40bd23f42f45d663fdc1793ca5d183,U.S. Sugar Supply and Use,Sugar,United States,2024/25,Est.,Florida,1929.00,1929,"1000 Short Tons, Raw Value","1000 Short Tons, Raw Value",
WASDE-662-V1:18549967f949,662,2025-07-11,July 2025,2025-07-11T16:00:00Z,2025-07-13T03:59:59Z,conservative end of next calendar day in America/New_York; USDA says consolidated CSV updates the day after WASDE,2026-08-20T15:50:03Z,WASDE-662-V1,false,usda_wasde_662_v1_18549967f949,https://www.usda.gov/sites/default/files/documents/oce-wasde-report-data-2025-07.csv,18549967f94987ffc0eb96fed9a868338d40bd23f42f45d663fdc1793ca5d183,U.S. Sugar Supply and Use,Sugar,United States,2024/25,Est.,Food,12045.00,12045,"1000 Short Tons, Raw Value","1000 Short Tons, Raw Value",
WASDE-662-V1:18549967f949,662,2025-07-11,July 2025,2025-07-11T16:00:00Z,2025-07-13T03:59:59Z,conservative end of next calendar day in America/New_York; USDA says consolidated CSV updates the day after WASDE,2026-08-20T15:50:03Z,WASDE-662-V1,false,usda_wasde_662_v1_18549967f949,https://www.usda.gov/sites/default/files/documents/oce-wasde-report-data-2025-07.csv,18549967f94987ffc0eb96fed9a868338d40bd23f42f45d663fdc1793ca5d183,U.S. Sugar Supply and Use,Sugar,United States,2024/25,Est.,High-tier tariff/other,727.00,727,"1000 Short Tons, Raw Value","1000 Short Tons, Raw Value",
WASDE-662-V1:18549967f949,662,2025-07-11,July 2025,2025-07-11T16:00:00Z,2025-07-13T03:59:59Z,conservative end of next calendar day in America/New_York; USDA says consolidated CSV updates the day after WASDE,2026-08-20T15:50:03Z,WASDE-662-V1,false,usda_wasde_662_v1_18549967f949,https://www.usda.gov/sites/default/files/documents/oce-wasde-report-data-2025-07.csv,18549967f94987ffc0eb96fed9a868338d40bd23f42f45d663fdc1793ca5d183,U.S. Sugar Supply and Use,Sugar,United States,2024/25,Est.,Imports,2956.00,2956,"1000 Short Tons, Raw Value","1000 Short Tons, Raw Value",
WASDE-662-V1:18549967f949,662,2025-07-11,July 2025,2025-07-11T16:00:00Z,2025-07-13T03:59:59Z,conservative end of next calendar day in America/New_York; USDA says consolidated CSV updates the day after WASDE,2026-08-20T15:50:03Z,WASDE-662-V1,false,usda_wasde_662_v1_18549967f949,https://www.usda.gov/sites/default/files/documents/oce-wasde-report-data-2025-07.csv,18549967f94987ffc0eb96fed9a868338d40bd23f42f45d663fdc1793ca5d183,U.S. Sugar Supply and Use,Sugar,United States,2024/25,Est.,Louisiana,2045.00,2045,"1000 Short Tons, Raw Value","1000 Short Tons, Raw Value",
WASDE-662-V1:18549967f949,662,2025-07-11,July 2025,2025-07-11T16:00:00Z,2025-07-13T03:59:59Z,conservative end of next calendar day in America/New_York; USDA says consolidated CSV updates the day after WASDE,2026-08-20T15:50:03Z,WASDE-662-V1,false,usda_wasde_662_v1_18549967f949,https://www.usda.gov/sites/default/files/documents/oce-wasde-report-data-2025-07.csv,18549967f94987ffc0eb96fed9a868338d40bd23f42f45d663fdc1793ca5d183,U.S. Sugar Supply and Use,Sugar,United States,2024/25,Est.,Mexico,497.00,497,"1000 Short Tons, Raw Value","1000 Short Tons, Raw Value",
WASDE-662-V1:18549967f949,662,2025-07-11,July 2025,2025-07-11T16:00:00Z,2025-07-13T03:59:59Z,conservative end of next calendar day in America/New_York; USDA says consolidated CSV updates the day after WASDE,2026-08-20T15:50:03Z,WASDE-662-V1,false,usda_wasde_662_v1_18549967f949,https://www.usda.gov/sites/default/files/documents/oce-wasde-report-data-2025-07.csv,18549967f94987ffc0eb96fed9a868338d40bd23f42f45d663fdc1793ca5d183,U.S. Sugar Supply and Use,Sugar,United States,2024/25,Est.,Miscellaneous,.00,0,"1000 Short Tons, Raw Value","1000 Short Tons, Raw Value",
WASDE-662-V1:18549967f949,662,2025-07-11,July 2025,2025-07-11T16:00:00Z,2025-07-13T03:59:59Z,conservative end of next calendar day in America/New_York; USDA says consolidated CSV updates the day after WASDE,2026-08-20T15:50:03Z,WASDE-662-V1,false,usda_wasde_662_v1_18549967f949,https://www.usda.gov/sites/default/files/documents/oce-wasde-report-data-2025-07.csv,18549967f94987ffc0eb96fed9a868338d40bd23f42f45d663fdc1793ca5d183,U.S. Sugar Supply and Use,Sugar,United States,2024/25,Est.,Non-program,1224.00,1224,"1000 Short Tons, Raw Value","1000 Short Tons, Raw Value",
WASDE-662-V1:18549967f949,662,2025-07-11,July 2025,2025-07-11T16:00:00Z,2025-07-13T03:59:59Z,conservative end of next calendar day in America/New_York; USDA says consolidated CSV updates the day after WASDE,2026-08-20T15:50:03Z,WASDE-662-V1,false,usda_wasde_662_v1_18549967f949,https://www.usda.gov/sites/default/files/documents/oce-wasde-report-data-2025-07.csv,18549967f94987ffc0eb96fed9a868338d40bd23f42f45d663fdc1793ca5d183,U.S. Sugar Supply and Use,Sugar,United States,2024/25,Est.,Other Program,200.00,200,"1000 Short Tons, Raw Value","1000 Short Tons, Raw Value",
WASDE-662-V1:18549967f949,662,2025-07-11,July 2025,2025-07-11T16:00:00Z,2025-07-13T03:59:59Z,conservative end of next calendar day in America/New_York; USDA says consolidated CSV updates the day after WASDE,2026-08-20T15:50:03Z,WASDE-662-V1,false,usda_wasde_662_v1_18549967f949,https://www.usda.gov/sites/default/files/documents/oce-wasde-report-data-2025-07.csv,18549967f94987ffc0eb96fed9a868338d40bd23f42f45d663fdc1793ca5d183,U.S. Sugar Supply and Use,Sugar,United States,2024/25,Est.,Production,9295.00,9295,"1000 Short Tons, Raw Value","1000 Short Tons, Raw Value",
WASDE-662-V1:18549967f949,662,2025-07-11,July 2025,2025-07-11T16:00:00Z,2025-07-13T03:59:59Z,conservative end of next calendar day in America/New_York; USDA says consolidated CSV updates the day after WASDE,2026-08-20T15:50:03Z,WASDE-662-V1,false,usda_wasde_662_v1_18549967f949,https://www.usda.gov/sites/default/files/documents/oce-wasde-report-data-2025-07.csv,18549967f94987ffc0eb96fed9a868338d40bd23f42f45d663fdc1793ca5d183,U.S. Sugar Supply and Use,Sugar,United States,2024/25,Est.,Stocks to Use Ratio,17.40,17.4,"1000 Short Tons, Raw Value",Percent,USDA historical CSV labels Stocks to Use Ratio with the table's tonnage unit; value is normalized as percent while the raw unit is retained.
WASDE-662-V1:18549967f949,662,2025-07-11,July 2025,2025-07-11T16:00:00Z,2025-07-13T03:59:59Z,conservative end of next calendar day in America/New_York; USDA says consolidated CSV updates the day after WASDE,2026-08-20T15:50:03Z,WASDE-662-V1,false,usda_wasde_662_v1_18549967f949,https://www.usda.gov/sites/default/files/documents/oce-wasde-report-data-2025-07.csv,18549967f94987ffc0eb96fed9a868338d40bd23f42f45d663fdc1793ca5d183,U.S. Sugar Supply and Use,Sugar,United States,2024/25,Est.,TRQ,1533.00,1533,"1000 Short Tons, Raw Value","1000 Short Tons, Raw Value",
WASDE-662-V1:18549967f949,662,2025-07-11,July 2025,2025-07-11T16:00:00Z,2025-07-13T03:59:59Z,conservative end of next calendar day in America/New_York; USDA says consolidated CSV updates the day after WASDE,2026-08-20T15:50:03Z,WASDE-662-V1,false,usda_wasde_662_v1_18549967f949,https://www.usda.gov/sites/default/files/documents/oce-wasde-report-data-2025-07.csv,18549967f94987ffc0eb96fed9a868338d40bd23f42f45d663fdc1793ca5d183,U.S. Sugar Supply and Use,Sugar,United States,2024/25,Est.,Texas,.00,0,"1000 Short Tons, Raw Value","1000 Short Tons, Raw Value",
WASDE-662-V1:18549967f949,662,2025-07-11,July 2025,2025-07-11T16:00:00Z,2025-07-13T03:59:59Z,conservative end of next calendar day in America/New_York; USDA says consolidated CSV updates the day after WASDE,2026-08-20T15:50:03Z,WASDE-662-V1,false,usda_wasde_662_v1_18549967f949,https://www.usda.gov/sites/default/files/documents/oce-wasde-report-data-2025-07.csv,18549967f94987ffc0eb96fed9a868338d40bd23f42f45d663fdc1793ca5d183,U.S. Sugar Supply and Use,Sugar,United States,2024/25,Est.,Total Supply,14382.00,14382,"1000 Short Tons, Raw Value","1000 Short Tons, Raw Value",
WASDE-662-V1:18549967f949,662,2025-07-11,July 2025,2025-07-11T16:00:00Z,2025-07-13T03:59:59Z,conservative end of next calendar day in America/New_York; USDA says consolidated CSV updates the day after WASDE,2026-08-20T15:50:03Z,WASDE-662-V1,false,usda_wasde_662_v1_18549967f949,https://www.usda.gov/sites/default/files/documents/oce-wasde-report-data-2025-07.csv,18549967f94987ffc0eb96fed9a868338d40bd23f42f45d663fdc1793ca5d183,U.S. Sugar Supply and Use,Sugar,United States,2024/25,Est.,Total Use,12250.00,12250,"1000 Short Tons, Raw Value","1000 Short Tons, Raw Value",
WASDE-662-V1:18549967f949,662,2025-07-11,July 2025,2025-07-11T16:00:00Z,2025-07-13T03:59:59Z,conservative end of next calendar day in America/New_York; USDA says consolidated CSV updates the day after WASDE,2026-08-20T15:50:03Z,WASDE-662-V1,false,usda_wasde_662_v1_18549967f949,https://www.usda.gov/sites/default/files/documents/oce-wasde-report-data-2025-07.csv,18549967f94987ffc0eb96fed9a868338d40bd23f42f45d663fdc1793ca5d183,U.S. Sugar Supply and Use,Sugar,United States,2025/26,Proj.,Beet Sugar,5097.00,5097,"1000 Short Tons, Raw Value","1000 Short Tons, Raw Value",
WASDE-662-V1:18549967f949,662,2025-07-11,July 2025,2025-07-11T16:00:00Z,2025-07-13T03:59:59Z,conservative end of next calendar day in America/New_York; USDA says consolidated CSV updates the day after WASDE,2026-08-20T15:50:03Z,WASDE-662-V1,false,usda_wasde_662_v1_18549967f949,https://www.usda.gov/sites/default/files/documents/oce-wasde-report-data-2025-07.csv,18549967f94987ffc0eb96fed9a868338d40bd23f42f45d663fdc1793ca5d183,U.S. Sugar Supply and Use,Sugar,United States,2025/26,Proj.,Beginning Stocks,2132.00,2132,"1000 Short Tons, Raw Value","1000 Short Tons, Raw Value",
WASDE-662-V1:18549967f949,662,2025-07-11,July 2025,2025-07-11T16:00:00Z,2025-07-13T03:59:59Z,conservative end of next calendar day in America/New_York; USDA says consolidated CSV updates the day after WASDE,2026-08-20T15:50:03Z,WASDE-662-V1,false,usda_wasde_662_v1_18549967f949,https://www.usda.gov/sites/default/files/documents/oce-wasde-report-data-2025-07.csv,18549967f94987ffc0eb96fed9a868338d40bd23f42f45d663fdc1793ca5d183,U.S. Sugar Supply and Use,Sugar,United States,2025/26,Proj.,Cane Sugar,4098.00,4098,"1000 Short Tons, Raw Value","1000 Short Tons, Raw Value",
WASDE-662-V1:18549967f949,662,2025-07-11,July 2025,2025-07-11T16:00:00Z,2025-07-13T03:59:59Z,conservative end of next calendar day in America/New_York; USDA says consolidated CSV updates the day after WASDE,2026-08-20T15:50:03Z,WASDE-662-V1,false,usda_wasde_662_v1_18549967f949,https://www.usda.gov/sites/default/files/documents/oce-wasde-report-data-2025-07.csv,18549967f94987ffc0eb96fed9a868338d40bd23f42f45d663fdc1793ca5d183,U.S. Sugar Supply and Use,Sugar,United States,2025/26,Proj.,Deliveries,12065.00,12065,"1000 Short Tons, Raw Value","1000 Short Tons, Raw Value",
WASDE-662-V1:18549967f949,662,2025-07-11,July 2025,2025-07-11T16:00:00Z,2025-07-13T03:59:59Z,conservative end of next calendar day in America/New_York; USDA says consolidated CSV updates the day after WASDE,2026-08-20T15:50:03Z,WASDE-662-V1,false,usda_wasde_662_v1_18549967f949,https://www.usda.gov/sites/default/files/documents/oce-wasde-report-data-2025-07.csv,18549967f94987ffc0eb96fed9a868338d40bd23f42f45d663fdc1793ca5d183,U.S. Sugar Supply and Use,Sugar,United States,2025/26,Proj.,Ending Stocks,1643.00,1643,"1000 Short Tons, Raw Value","1000 Short Tons, Raw Value",
WASDE-662-V1:18549967f949,662,2025-07-11,July 2025,2025-07-11T16:00:00Z,2025-07-13T03:59:59Z,conservative end of next calendar day in America/New_York; USDA says consolidated CSV updates the day after WASDE,2026-08-20T15:50:03Z,WASDE-662-V1,false,usda_wasde_662_v1_18549967f949,https://www.usda.gov/sites/default/files/documents/oce-wasde-report-data-2025-07.csv,18549967f94987ffc0eb96fed9a868338d40bd23f42f45d663fdc1793ca5d183,U.S. Sugar Supply and Use,Sugar,United States,2025/26,Proj.,Exports,100.00,100,"1000 Short Tons, Raw Value","1000 Short Tons, Raw Value",
WASDE-662-V1:18549967f949,662,2025-07-11,July 2025,2025-07-11T16:00:00Z,2025-07-13T03:59:59Z,conservative end of next calendar day in America/New_York; USDA says consolidated CSV updates the day after WASDE,2026-08-20T15:50:03Z,WASDE-662-V1,false,usda_wasde_662_v1_18549967f949,https://www.usda.gov/sites/default/files/documents/oce-wasde-report-data-2025-07.csv,18549967f94987ffc0eb96fed9a868338d40bd23f42f45d663fdc1793ca5d183,U.S. Sugar Supply and Use,Sugar,United States,2025/26,Proj.,Exports - Other,105.00,105,"1000 Short Tons, Raw Value","1000 Short Tons, Raw Value",
WASDE-662-V1:18549967f949,662,2025-07-11,July 2025,2025-07-11T16:00:00Z,2025-07-13T03:59:59Z,conservative end of next calendar day in America/New_York; USDA says consolidated CSV updates the day after WASDE,2026-08-20T15:50:03Z,WASDE-662-V1,false,usda_wasde_662_v1_18549967f949,https://www.usda.gov/sites/default/files/documents/oce-wasde-report-data-2025-07.csv,18549967f94987ffc0eb96fed9a868338d40bd23f42f45d663fdc1793ca5d183,U.S. Sugar Supply and Use,Sugar,United States,2025/26,Proj.,Florida,2010.00,2010,"1000 Short Tons, Raw Value","1000 Short Tons, Raw Value",
WASDE-662-V1:18549967f949,662,2025-07-11,July 2025,2025-07-11T16:00:00Z,2025-07-13T03:59:59Z,conservative end of next calendar day in America/New_York; USDA says consolidated CSV updates the day after WASDE,2026-08-20T15:50:03Z,WASDE-662-V1,false,usda_wasde_662_v1_18549967f949,https://www.usda.gov/sites/default/files/documents/oce-wasde-report-data-2025-07.csv,18549967f94987ffc0eb96fed9a868338d40bd23f42f45d663fdc1793ca5d183,U.S. Sugar Supply and Use,Sugar,United States,2025/26,Proj.,Food,11960.00,11960,"1000 Short Tons, Raw Value","1000 Short Tons, Raw Value",
WASDE-662-V1:18549967f949,662,2025-07-11,July 2025,2025-07-11T16:00:00Z,2025-07-13T03:59:59Z,conservative end of next calendar day in America/New_York; USDA says consolidated CSV updates the day after WASDE,2026-08-20T15:50:03Z,WASDE-662-V1,false,usda_wasde_662_v1_18549967f949,https://www.usda.gov/sites/default/files/documents/oce-wasde-report-data-2025-07.csv,18549967f94987ffc0eb96fed9a868338d40bd23f42f45d663fdc1793ca5d183,U.S. Sugar Supply and Use,Sugar,United States,2025/26,Proj.,High-tier tariff/other,422.00,422,"1000 Short Tons, Raw Value","1000 Short Tons, Raw Value",
WASDE-662-V1:18549967f949,662,2025-07-11,July 2025,2025-07-11T16:00:00Z,2025-07-13T03:59:59Z,conservative end of next calendar day in America/New_York; USDA says consolidated CSV updates the day after WASDE,2026-08-20T15:50:03Z,WASDE-662-V1,false,usda_wasde_662_v1_18549967f949,https://www.usda.gov/sites/default/files/documents/oce-wasde-report-data-2025-07.csv,18549967f94987ffc0eb96fed9a868338d40bd23f42f45d663fdc1793ca5d183,U.S. Sugar Supply and Use,Sugar,United States,2025/26,Proj.,Imports,2481.00,2481,"1000 Short Tons, Raw Value","1000 Short Tons, Raw Value",
WASDE-662-V1:18549967f949,662,2025-07-11,July 2025,2025-07-11T16:00:00Z,2025-07-13T03:59:59Z,conservative end of next calendar day in America/New_York; USDA says consolidated CSV updates the day after WASDE,2026-08-20T15:50:03Z,WASDE-662-V1,false,usda_wasde_662_v1_18549967f949,https://www.usda.gov/sites/default/files/documents/oce-wasde-report-data-2025-07.csv,18549967f94987ffc0eb96fed9a868338d40bd23f42f45d663fdc1793ca5d183,U.S. Sugar Supply and Use,Sugar,United States,2025/26,Proj.,Louisiana,2088.00,2088,"1000 Short Tons, Raw Value","1000 Short Tons, Raw Value",
WASDE-662-V1:18549967f949,662,2025-07-11,July 2025,2025-07-11T16:00:00Z,2025-07-13T03:59:59Z,conservative end of next calendar day in America/New_York; USDA says consolidated CSV updates the day after WASDE,2026-08-20T15:50:03Z,WASDE-662-V1,false,usda_wasde_662_v1_18549967f949,https://www.usda.gov/sites/default/files/documents/oce-wasde-report-data-2025-07.csv,18549967f94987ffc0eb96fed9a868338d40bd23f42f45d663fdc1793ca5d183,U.S. Sugar Supply and Use,Sugar,United States,2025/26,Proj.,Mexico,439.00,439,"1000 Short Tons, Raw Value","1000 Short Tons, Raw Value",
WASDE-662-V1:18549967f949,662,2025-07-11,July 2025,2025-07-11T16:00:00Z,2025-07-13T03:59:59Z,conservative end of next calendar day in America/New_York; USDA says consolidated CSV updates the day after WASDE,2026-08-20T15:50:03Z,WASDE-662-V1,false,usda_wasde_662_v1_18549967f949,https://www.usda.gov/sites/default/files/documents/oce-wasde-report-data-2025-07.csv,18549967f94987ffc0eb96fed9a868338d40bd23f42f45d663fdc1793ca5d183,U.S. Sugar Supply and Use,Sugar,United States,2025/26,Proj.,Miscellaneous,.00,0,"1000 Short Tons, Raw Value","1000 Short Tons, Raw Value",
WASDE-662-V1:18549967f949,662,2025-07-11,July 2025,2025-07-11T16:00:00Z,2025-07-13T03:59:59Z,conservative end of next calendar day in America/New_York; USDA says consolidated CSV updates the day after WASDE,2026-08-20T15:50:03Z,WASDE-662-V1,false,usda_wasde_662_v1_18549967f949,https://www.usda.gov/sites/default/files/documents/oce-wasde-report-data-2025-07.csv,18549967f94987ffc0eb96fed9a868338d40bd23f42f45d663fdc1793ca5d183,U.S. Sugar Supply and Use,Sugar,United States,2025/26,Proj.,Non-program,861.00,861,"1000 Short Tons, Raw Value","1000 Short Tons, Raw Value",
WASDE-662-V1:18549967f949,662,2025-07-11,July 2025,2025-07-11T16:00:00Z,2025-07-13T03:59:59Z,conservative end of next calendar day in America/New_York; USDA says consolidated CSV updates the day after WASDE,2026-08-20T15:50:03Z,WASDE-662-V1,false,usda_wasde_662_v1_18549967f949,https://www.usda.gov/sites/default/files/documents/oce-wasde-report-data-2025-07.csv,18549967f94987ffc0eb96fed9a868338d40bd23f42f45d663fdc1793ca5d183,U.S. Sugar Supply and Use,Sugar,United States,2025/26,Proj.,Other Program,200.00,200,"1000 Short Tons, Raw Value","1000 Short Tons, Raw Value",
WASDE-662-V1:18549967f949,662,2025-07-11,July 2025,2025-07-11T16:00:00Z,2025-07-13T03:59:59Z,conservative end of next calendar day in America/New_York; USDA says consolidated CSV updates the day after WASDE,2026-08-20T15:50:03Z,WASDE-662-V1,false,usda_wasde_662_v1_18549967f949,https://www.usda.gov/sites/default/files/documents/oce-wasde-report-data-2025-07.csv,18549967f94987ffc0eb96fed9a868338d40bd23f42f45d663fdc1793ca5d183,U.S. Sugar Supply and Use,Sugar,United States,2025/26,Proj.,Production,9195.00,9195,"1000 Short Tons, Raw Value","1000 Short Tons, Raw Value",
WASDE-662-V1:18549967f949,662,2025-07-11,July 2025,2025-07-11T16:00:00Z,2025-07-13T03:59:59Z,conservative end of next calendar day in America/New_York; USDA says consolidated CSV updates the day after WASDE,2026-08-20T15:50:03Z,WASDE-662-V1,false,usda_wasde_662_v1_18549967f949,https://www.usda.gov/sites/default/files/documents/oce-wasde-report-data-2025-07.csv,18549967f94987ffc0eb96fed9a868338d40bd23f42f45d663fdc1793ca5d183,U.S. Sugar Supply and Use,Sugar,United States,2025/26,Proj.,Stocks to Use Ratio,13.50,13.5,"1000 Short Tons, Raw Value",Percent,USDA historical CSV labels Stocks to Use Ratio with the table's tonnage unit; value is normalized as percent while the raw unit is retained.
WASDE-662-V1:18549967f949,662,2025-07-11,July 2025,2025-07-11T16:00:00Z,2025-07-13T03:59:59Z,conservative end of next calendar day in America/New_York; USDA says consolidated CSV updates the day after WASDE,2026-08-20T15:50:03Z,WASDE-662-V1,false,usda_wasde_662_v1_18549967f949,https://www.usda.gov/sites/default/files/documents/oce-wasde-report-data-2025-07.csv,18549967f94987ffc0eb96fed9a868338d40bd23f42f45d663fdc1793ca5d183,U.S. Sugar Supply and Use,Sugar,United States,2025/26,Proj.,TRQ,1419.00,1419,"1000 Short Tons, Raw Value","1000 Short Tons, Raw Value",
WASDE-662-V1:18549967f949,662,2025-07-11,July 2025,2025-07-11T16:00:00Z,2025-07-13T03:59:59Z,conservative end of next calendar day in America/New_York; USDA says consolidated CSV updates the day after WASDE,2026-08-20T15:50:03Z,WASDE-662-V1,false,usda_wasde_662_v1_18549967f949,https://www.usda.gov/sites/default/files/documents/oce-wasde-report-data-2025-07.csv,18549967f94987ffc0eb96fed9a868338d40bd23f42f45d663fdc1793ca5d183,U.S. Sugar Supply and Use,Sugar,United States,2025/26,Proj.,Texas,.00,0,"1000 Short Tons, Raw Value","1000 Short Tons, Raw Value",
WASDE-662-V1:18549967f949,662,2025-07-11,July 2025,2025-07-11T16:00:00Z,2025-07-13T03:59:59Z,conservative end of next calendar day in America/New_York; USDA says consolidated CSV updates the day after WASDE,2026-08-20T15:50:03Z,WASDE-662-V1,false,usda_wasde_662_v1_18549967f949,https://www.usda.gov/sites/default/files/documents/oce-wasde-report-data-2025-07.csv,18549967f94987ffc0eb96fed9a868338d40bd23f42f45d663fdc1793ca5d183,U.S. Sugar Supply and Use,Sugar,United States,2025/26,Proj.,Total Supply,13808.00,13808,"1000 Short Tons, Raw Value","1000 Short Tons, Raw Value",
WASDE-662-V1:18549967f949,662,2025-07-11,July 2025,2025-07-11T16:00:00Z,2025-07-13T03:59:59Z,conservative end of next calendar day in America/New_York; USDA says consolidated CSV updates the day after WASDE,2026-08-20T15:50:03Z,WASDE-662-V1,false,usda_wasde_662_v1_18549967f949,https://www.usda.gov/sites/default/files/documents/oce-wasde-report-data-2025-07.csv,18549967f94987ffc0eb96fed9a868338d40bd23f42f45d663fdc1793ca5d183,U.S. Sugar Supply and Use,Sugar,United States,2025/26,Proj.,Total Use,12165.00,12165,"1000 Short Tons, Raw Value","1000 Short Tons, Raw Value",
WASDE-663-V1:259c387d6910,663,2025-08-12,August 2025,2025-08-12T16:00:00Z,2025-08-14T03:59:59Z,conservative end of next calendar day in America/New_York; USDA says consolidated CSV updates the day after WASDE,2026-08-20T15:50:03Z,WASDE-663-V1,false,usda_wasde_663_v1_259c387d6910,https://www.usda.gov/sites/default/files/documents/oce-wasde-report-data-2025-08.csv,259c387d691094debb7919dae46865594496930ed2a035956f75085173621378,Mexico Sugar Supply and Use and High Fructose Corn Syrup Consumption,Sugar,Mexico,2024/25,Est.,Beginning Stocks,1418.00,1418,"1000 Metric Tons, Actual Weight","1000 Metric Tons, Actual Weight",
WASDE-663-V1:259c387d6910,663,2025-08-12,August 2025,2025-08-12T16:00:00Z,2025-08-14T03:59:59Z,conservative end of next calendar day in America/New_York; USDA says consolidated CSV updates the day after WASDE,2026-08-20T15:50:03Z,WASDE-663-V1,false,usda_wasde_663_v1_259c387d6910,https://www.usda.gov/sites/default/files/documents/oce-wasde-report-data-2025-08.csv,259c387d691094debb7919dae46865594496930ed2a035956f75085173621378,Mexico Sugar Supply and Use and High Fructose Corn Syrup Consumption,Sugar,Mexico,2024/25,Est.,Domestic,4459.00,4459,"1000 Metric Tons, Actual Weight","1000 Metric Tons, Actual Weight",
WASDE-663-V1:259c387d6910,663,2025-08-12,August 2025,2025-08-12T16:00:00Z,2025-08-14T03:59:59Z,conservative end of next calendar day in America/New_York; USDA says consolidated CSV updates the day after WASDE,2026-08-20T15:50:03Z,WASDE-663-V1,false,usda_wasde_663_v1_259c387d6910,https://www.usda.gov/sites/default/files/documents/oce-wasde-report-data-2025-08.csv,259c387d691094debb7919dae46865594496930ed2a035956f75085173621378,Mexico Sugar Supply and Use and High Fructose Corn Syrup Consumption,Sugar,Mexico,2024/25,Est.,Ending Stocks,1064.00,1064,"1000 Metric Tons, Actual Weight","1000 Metric Tons, Actual Weight",
WASDE-663-V1:259c387d6910,663,2025-08-12,August 2025,2025-08-12T16:00:00Z,2025-08-14T03:59:59Z,conservative end of next calendar day in America/New_York; USDA says consolidated CSV updates the day after WASDE,2026-08-20T15:50:03Z,WASDE-663-V1,false,usda_wasde_663_v1_259c387d6910,https://www.usda.gov/sites/default/files/documents/oce-wasde-report-data-2025-08.csv,259c387d691094debb7919dae46865594496930ed2a035956f75085173621378,Mexico Sugar Supply and Use and High Fructose Corn Syrup Consumption,Sugar,Mexico,2024/25,Est.,Exports,840.00,840,"1000 Metric Tons, Actual Weight","1000 Metric Tons, Actual Weight",
WASDE-663-V1:259c387d6910,663,2025-08-12,August 2025,2025-08-12T16:00:00Z,2025-08-14T03:59:59Z,conservative end of next calendar day in America/New_York; USDA says consolidated CSV updates the day after WASDE,2026-08-20T15:50:03Z,WASDE-663-V1,false,usda_wasde_663_v1_259c387d6910,https://www.usda.gov/sites/default/files/documents/oce-wasde-report-data-2025-08.csv,259c387d691094debb7919dae46865594496930ed2a035956f75085173621378,Mexico Sugar Supply and Use and High Fructose Corn Syrup Consumption,Sugar,Mexico,2024/25,Est.,Imports,175.00,175,"1000 Metric Tons, Actual Weight","1000 Metric Tons, Actual Weight",
WASDE-663-V1:259c387d6910,663,2025-08-12,August 2025,2025-08-12T16:00:00Z,2025-08-14T03:59:59Z,conservative end of next calendar day in America/New_York; USDA says consolidated CSV updates the day after WASDE,2026-08-20T15:50:03Z,WASDE-663-V1,false,usda_wasde_663_v1_259c387d6910,https://www.usda.gov/sites/default/files/documents/oce-wasde-report-data-2025-08.csv,259c387d691094debb7919dae46865594496930ed2a035956f75085173621378,Mexico Sugar Supply and Use and High Fructose Corn Syrup Consumption,Sugar,Mexico,2024/25,Est.,Production,4771.00,4771,"1000 Metric Tons, Actual Weight","1000 Metric Tons, Actual Weight",
WASDE-663-V1:259c387d6910,663,2025-08-12,August 2025,2025-08-12T16:00:00Z,2025-08-14T03:59:59Z,conservative end of next calendar day in America/New_York; USDA says consolidated CSV updates the day after WASDE,2026-08-20T15:50:03Z,WASDE-663-V1,false,usda_wasde_663_v1_259c387d6910,https://www.usda.gov/sites/default/files/documents/oce-wasde-report-data-2025-08.csv,259c387d691094debb7919dae46865594496930ed2a035956f75085173621378,Mexico Sugar Supply and Use and High Fructose Corn Syrup Consumption,Sugar,Mexico,2025/26,Proj.,Beginning Stocks,1064.00,1064,"1000 Metric Tons, Actual Weight","1000 Metric Tons, Actual Weight",
WASDE-663-V1:259c387d6910,663,2025-08-12,August 2025,2025-08-12T16:00:00Z,2025-08-14T03:59:59Z,conservative end of next calendar day in America/New_York; USDA says consolidated CSV updates the day after WASDE,2026-08-20T15:50:03Z,WASDE-663-V1,false,usda_wasde_663_v1_259c387d6910,https://www.usda.gov/sites/default/files/documents/oce-wasde-report-data-2025-08.csv,259c387d691094debb7919dae46865594496930ed2a035956f75085173621378,Mexico Sugar Supply and Use and High Fructose Corn Syrup Consumption,Sugar,Mexico,2025/26,Proj.,Domestic,4569.00,4569,"1000 Metric Tons, Actual Weight","1000 Metric Tons, Actual Weight",
WASDE-663-V1:259c387d6910,663,2025-08-12,August 2025,2025-08-12T16:00:00Z,2025-08-14T03:59:59Z,conservative end of next calendar day in America/New_York; USDA says consolidated CSV updates the day after WASDE,2026-08-20T15:50:03Z,WASDE-663-V1,false,usda_wasde_663_v1_259c387d6910,https://www.usda.gov/sites/default/files/documents/oce-wasde-report-data-2025-08.csv,259c387d691094debb7919dae46865594496930ed2a035956f75085173621378,Mexico Sugar Supply and Use and High Fructose Corn Syrup Consumption,Sugar,Mexico,2025/26,Proj.,Ending Stocks,1081.00,1081,"1000 Metric Tons, Actual Weight","1000 Metric Tons, Actual Weight",
WASDE-663-V1:259c387d6910,663,2025-08-12,August 2025,2025-08-12T16:00:00Z,2025-08-14T03:59:59Z,conservative end of next calendar day in America/New_York; USDA says consolidated CSV updates the day after WASDE,2026-08-20T15:50:03Z,WASDE-663-V1,false,usda_wasde_663_v1_259c387d6910,https://www.usda.gov/sites/default/files/documents/oce-wasde-report-data-2025-08.csv,259c387d691094debb7919dae46865594496930ed2a035956f75085173621378,Mexico Sugar Supply and Use and High Fructose Corn Syrup Consumption,Sugar,Mexico,2025/26,Proj.,Exports,650.00,650,"1000 Metric Tons, Actual Weight","1000 Metric Tons, Actual Weight",
WASDE-663-V1:259c387d6910,663,2025-08-12,August 2025,2025-08-12T16:00:00Z,2025-08-14T03:59:59Z,conservative end of next calendar day in America/New_York; USDA says consolidated CSV updates the day after WASDE,2026-08-20T15:50:03Z,WASDE-663-V1,false,usda_wasde_663_v1_259c387d6910,https://www.usda.gov/sites/default/files/documents/oce-wasde-report-data-2025-08.csv,259c387d691094debb7919dae46865594496930ed2a035956f75085173621378,Mexico Sugar Supply and Use and High Fructose Corn Syrup Consumption,Sugar,Mexico,2025/26,Proj.,Imports,142.00,142,"1000 Metric Tons, Actual Weight","1000 Metric Tons, Actual Weight",
WASDE-663-V1:259c387d6910,663,2025-08-12,August 2025,2025-08-12T16:00:00Z,2025-08-14T03:59:59Z,conservative end of next calendar day in America/New_York; USDA says consolidated CSV updates the day after WASDE,2026-08-20T15:50:03Z,WASDE-663-V1,false,usda_wasde_663_v1_259c387d6910,https://www.usda.gov/sites/default/files/documents/oce-wasde-report-data-2025-08.csv,259c387d691094debb7919dae46865594496930ed2a035956f75085173621378,Mexico Sugar Supply and Use and High Fructose Corn Syrup Consumption,Sugar,Mexico,2025/26,Proj.,Production,5094.00,5094,"1000 Metric Tons, Actual Weight","1000 Metric Tons, Actual Weight",
WASDE-663-V1:259c387d6910,663,2025-08-12,August 2025,2025-08-12T16:00:00Z,2025-08-14T03:59:59Z,conservative end of next calendar day in America/New_York; USDA says consolidated CSV updates the day after WASDE,2026-08-20T15:50:03Z,WASDE-663-V1,false,usda_wasde_663_v1_259c387d6910,https://www.usda.gov/sites/default/files/documents/oce-wasde-report-data-2025-08.csv,259c387d691094debb7919dae46865594496930ed2a035956f75085173621378,U.S. Sugar Supply and Use,Sugar,United States,2023/24,,Beet Sugar,5172.00,5172,"1000 Short Tons, Raw Value","1000 Short Tons, Raw Value",
WASDE-663-V1:259c387d6910,663,2025-08-12,August 2025,2025-08-12T16:00:00Z,2025-08-14T03:59:59Z,conservative end of next calendar day in America/New_York; USDA says consolidated CSV updates the day after WASDE,2026-08-20T15:50:03Z,WASDE-663-V1,false,usda_wasde_663_v1_259c387d6910,https://www.usda.gov/sites/default/files/documents/oce-wasde-report-data-2025-08.csv,259c387d691094debb7919dae46865594496930ed2a035956f75085173621378,U.S. Sugar Supply and Use,Sugar,United States,2023/24,,Beginning Stocks,1843.00,1843,"1000 Short Tons, Raw Value","1000 Short Tons, Raw Value",
WASDE-663-V1:259c387d6910,663,2025-08-12,August 2025,2025-08-12T16:00:00Z,2025-08-14T03:59:59Z,conservative end of next calendar day in America/New_York; USDA says consolidated CSV updates the day after WASDE,2026-08-20T15:50:03Z,WASDE-663-V1,false,usda_wasde_663_v1_259c387d6910,https://www.usda.gov/sites/default/files/documents/oce-wasde-report-data-2025-08.csv,259c387d691094debb7919dae46865594496930ed2a035956f75085173621378,U.S. Sugar Supply and Use,Sugar,United States,2023/24,,Cane Sugar,4141.00,4141,"1000 Short Tons, Raw Value","1000 Short Tons, Raw Value",
WASDE-663-V1:259c387d6910,663,2025-08-12,August 2025,2025-08-12T16:00:00Z,2025-08-14T03:59:59Z,conservative end of next calendar day in America/New_York; USDA says consolidated CSV updates the day after WASDE,2026-08-20T15:50:03Z,WASDE-663-V1,false,usda_wasde_663_v1_259c387d6910,https://www.usda.gov/sites/default/files/documents/oce-wasde-report-data-2025-08.csv,259c387d691094debb7919dae46865594496930ed2a035956f75085173621378,U.S. Sugar Supply and Use,Sugar,United States,2023/24,,Deliveries,12534.00,12534,"1000 Short Tons, Raw Value","1000 Short Tons, Raw Value",
WASDE-663-V1:259c387d6910,663,2025-08-12,August 2025,2025-08-12T16:00:00Z,2025-08-14T03:59:59Z,conservative end of next calendar day in America/New_York; USDA says consolidated CSV updates the day after WASDE,2026-08-20T15:50:03Z,WASDE-663-V1,false,usda_wasde_663_v1_259c387d6910,https://www.usda.gov/sites/default/files/documents/oce-wasde-report-data-2025-08.csv,259c387d691094debb7919dae46865594496930ed2a035956f75085173621378,U.S. Sugar Supply and Use,Sugar,United States,2023/24,,Ending Stocks,2131.00,2131,"1000 Short Tons, Raw Value","1000 Short Tons, Raw Value",
WASDE-663-V1:259c387d6910,663,2025-08-12,August 2025,2025-08-12T16:00:00Z,2025-08-14T03:59:59Z,conservative end of next calendar day in America/New_York; USDA says consolidated CSV updates the day after WASDE,2026-08-20T15:50:03Z,WASDE-663-V1,false,usda_wasde_663_v1_259c387d6910,https://www.usda.gov/sites/default/files/documents/oce-wasde-report-data-2025-08.csv,259c387d691094debb7919dae46865594496930ed2a035956f75085173621378,U.S. Sugar Supply and Use,Sugar,United States,2023/24,,Exports,249.00,249,"1000 Short Tons, Raw Value","1000 Short Tons, Raw Value",
WASDE-663-V1:259c387d6910,663,2025-08-12,August 2025,2025-08-12T16:00:00Z,2025-08-14T03:59:59Z,conservative end of next calendar day in America/New_York; USDA says consolidated CSV updates the day after WASDE,2026-08-20T15:50:03Z,WASDE-663-V1,false,usda_wasde_663_v1_259c387d6910,https://www.usda.gov/sites/default/files/documents/oce-wasde-report-data-2025-08.csv,259c387d691094debb7919dae46865594496930ed2a035956f75085173621378,U.S. Sugar Supply and Use,Sugar,United States,2023/24,,Exports - Other,106.00,106,"1000 Short Tons, Raw Value","1000 Short Tons, Raw Value",
WASDE-663-V1:259c387d6910,663,2025-08-12,August 2025,2025-08-12T16:00:00Z,2025-08-14T03:59:59Z,conservative end of next calendar day in America/New_York; USDA says consolidated CSV updates the day after WASDE,2026-08-20T15:50:03Z,WASDE-663-V1,false,usda_wasde_663_v1_259c387d6910,https://www.usda.gov/sites/default/files/documents/oce-wasde-report-data-2025-08.csv,259c387d691094debb7919dae46865594496930ed2a035956f75085173621378,U.S. Sugar Supply and Use,Sugar,United States,2023/24,,Florida,2079.00,2079,"1000 Short Tons, Raw Value","1000 Short Tons, Raw Value",
WASDE-663-V1:259c387d6910,663,2025-08-12,August 2025,2025-08-12T16:00:00Z,2025-08-14T03:59:59Z,conservative end of next calendar day in America/New_York; USDA says consolidated CSV updates the day after WASDE,2026-08-20T15:50:03Z,WASDE-663-V1,false,usda_wasde_663_v1_259c387d6910,https://www.usda.gov/sites/default/files/documents/oce-wasde-report-data-2025-08.csv,259c387d691094debb7919dae46865594496930ed2a035956f75085173621378,U.S. Sugar Supply and Use,Sugar,United States,2023/24,,Food,12428.00,12428,"1000 Short Tons, Raw Value","1000 Short Tons, Raw Value",
WASDE-663-V1:259c387d6910,663,2025-08-12,August 2025,2025-08-12T16:00:00Z,2025-08-14T03:59:59Z,conservative end of next calendar day in America/New_York; USDA says consolidated CSV updates the day after WASDE,2026-08-20T15:50:03Z,WASDE-663-V1,false,usda_wasde_663_v1_259c387d6910,https://www.usda.gov/sites/default/files/documents/oce-wasde-report-data-2025-08.csv,259c387d691094debb7919dae46865594496930ed2a035956f75085173621378,U.S. Sugar Supply and Use,Sugar,United States,2023/24,,High-tier tariff/other,1231.00,1231,"1000 Short Tons, Raw Value","1000 Short Tons, Raw Value",
WASDE-663-V1:259c387d6910,663,2025-08-12,August 2025,2025-08-12T16:00:00Z,2025-08-14T03:59:59Z,conservative end of next calendar day in America/New_York; USDA says consolidated CSV updates the day after WASDE,2026-08-20T15:50:03Z,WASDE-663-V1,false,usda_wasde_663_v1_259c387d6910,https://www.usda.gov/sites/default/files/documents/oce-wasde-report-data-2025-08.csv,259c387d691094debb7919dae46865594496930ed2a035956f75085173621378,U.S. Sugar Supply and Use,Sugar,United States,2023/24,,Imports,3840.00,3840,"1000 Short Tons, Raw Value","1000 Short Tons, Raw Value",
WASDE-663-V1:259c387d6910,663,2025-08-12,August 2025,2025-08-12T16:00:00Z,2025-08-14T03:59:59Z,conservative end of next calendar day in America/New_York; USDA says consolidated CSV updates the day after WASDE,2026-08-20T15:50:03Z,WASDE-663-V1,false,usda_wasde_663_v1_259c387d6910,https://www.usda.gov/sites/default/files/documents/oce-wasde-report-data-2025-08.csv,259c387d691094debb7919dae46865594496930ed2a035956f75085173621378,U.S. Sugar Supply and Use,Sugar,United States,2023/24,,Louisiana,2022.00,2022,"1000 Short Tons, Raw Value","1000 Short Tons, Raw Value",
WASDE-663-V1:259c387d6910,663,2025-08-12,August 2025,2025-08-12T16:00:00Z,2025-08-14T03:59:59Z,conservative end of next calendar day in America/New_York; USDA says consolidated CSV updates the day after WASDE,2026-08-20T15:50:03Z,WASDE-663-V1,false,usda_wasde_663_v1_259c387d6910,https://www.usda.gov/sites/default/files/documents/oce-wasde-report-data-2025-08.csv,259c387d691094debb7919dae46865594496930ed2a035956f75085173621378,U.S. Sugar Supply and Use,Sugar,United States,2023/24,,Mexico,521.00,521,"1000 Short Tons, Raw Value","1000 Short Tons, Raw Value",
WASDE-663-V1:259c387d6910,663,2025-08-12,August 2025,2025-08-12T16:00:00Z,2025-08-14T03:59:59Z,conservative end of next calendar day in America/New_York; USDA says consolidated CSV updates the day after WASDE,2026-08-20T15:50:03Z,WASDE-663-V1,false,usda_wasde_663_v1_259c387d6910,https://www.usda.gov/sites/default/files/documents/oce-wasde-report-data-2025-08.csv,259c387d691094debb7919dae46865594496930ed2a035956f75085173621378,U.S. Sugar Supply and Use,Sugar,United States,2023/24,,Miscellaneous,81.00,81,"1000 Short Tons, Raw Value","1000 Short Tons, Raw Value",
WASDE-663-V1:259c387d6910,663,2025-08-12,August 2025,2025-08-12T16:00:00Z,2025-08-14T03:59:59Z,conservative end of next calendar day in America/New_York; USDA says consolidated CSV updates the day after WASDE,2026-08-20T15:50:03Z,WASDE-663-V1,false,usda_wasde_663_v1_259c387d6910,https://www.usda.gov/sites/default/files/documents/oce-wasde-report-data-2025-08.csv,259c387d691094debb7919dae46865594496930ed2a035956f75085173621378,U.S. Sugar Supply and Use,Sugar,United States,2023/24,,Non-program,1752.00,1752,"1000 Short Tons, Raw Value","1000 Short Tons, Raw Value",
WASDE-663-V1:259c387d6910,663,2025-08-12,August 2025,2025-08-12T16:00:00Z,2025-08-14T03:59:59Z,conservative end of next calendar day in America/New_York; USDA says consolidated CSV updates the day after WASDE,2026-08-20T15:50:03Z,WASDE-663-V1,false,usda_wasde_663_v1_259c387d6910,https://www.usda.gov/sites/default/files/documents/oce-wasde-report-data-2025-08.csv,259c387d691094debb7919dae46865594496930ed2a035956f75085173621378,U.S. Sugar Supply and Use,Sugar,United States,2023/24,,Other Program,300.00,300,"1000 Short Tons, Raw Value","1000 Short Tons, Raw Value",
WASDE-663-V1:259c387d6910,663,2025-08-12,August 2025,2025-08-12T16:00:00Z,2025-08-14T03:59:59Z,conservative end of next calendar day in America/New_York; USDA says consolidated CSV updates the day after WASDE,2026-08-20T15:50:03Z,WASDE-663-V1,false,usda_wasde_663_v1_259c387d6910,https://www.usda.gov/sites/default/files/documents/oce-wasde-report-data-2025-08.csv,259c387d691094debb7919dae46865594496930ed2a035956f75085173621378,U.S. Sugar Supply and Use,Sugar,United States,2023/24,,Production,9313.00,9313,"1000 Short Tons, Raw Value","1000 Short Tons, Raw Value",
WASDE-663-V1:259c387d6910,663,2025-08-12,August 2025,2025-08-12T16:00:00Z,2025-08-14T03:59:59Z,conservative end of next calendar day in America/New_York; USDA says consolidated CSV updates the day after WASDE,2026-08-20T15:50:03Z,WASDE-663-V1,false,usda_wasde_663_v1_259c387d6910,https://www.usda.gov/sites/default/files/documents/oce-wasde-report-data-2025-08.csv,259c387d691094debb7919dae46865594496930ed2a035956f75085173621378,U.S. Sugar Supply and Use,Sugar,United States,2023/24,,Stocks to Use Ratio,16.60,16.6,"1000 Short Tons, Raw Value",Percent,USDA historical CSV labels Stocks to Use Ratio with the table's tonnage unit; value is normalized as percent while the raw unit is retained.
WASDE-663-V1:259c387d6910,663,2025-08-12,August 2025,2025-08-12T16:00:00Z,2025-08-14T03:59:59Z,conservative end of next calendar day in America/New_York; USDA says consolidated CSV updates the day after WASDE,2026-08-20T15:50:03Z,WASDE-663-V1,false,usda_wasde_663_v1_259c387d6910,https://www.usda.gov/sites/default/files/documents/oce-wasde-report-data-2025-08.csv,259c387d691094debb7919dae46865594496930ed2a035956f75085173621378,U.S. Sugar Supply and Use,Sugar,United States,2023/24,,TRQ,1788.00,1788,"1000 Short Tons, Raw Value","1000 Short Tons, Raw Value",
WASDE-663-V1:259c387d6910,663,2025-08-12,August 2025,2025-08-12T16:00:00Z,2025-08-14T03:59:59Z,conservative end of next calendar day in America/New_York; USDA says consolidated CSV updates the day after WASDE,2026-08-20T15:50:03Z,WASDE-663-V1,false,usda_wasde_663_v1_259c387d6910,https://www.usda.gov/sites/default/files/documents/oce-wasde-report-data-2025-08.csv,259c387d691094debb7919dae46865594496930ed2a035956f75085173621378,U.S. Sugar Supply and Use,Sugar,United States,2023/24,,Texas,40.00,40,"1000 Short Tons, Raw Value","1000 Short Tons, Raw Value",
WASDE-663-V1:259c387d6910,663,2025-08-12,August 2025,2025-08-12T16:00:00Z,2025-08-14T03:59:59Z,conservative end of next calendar day in America/New_York; USDA says consolidated CSV updates the day after WASDE,2026-08-20T15:50:03Z,WASDE-663-V1,false,usda_wasde_663_v1_259c387d6910,https://www.usda.gov/sites/default/files/documents/oce-wasde-report-data-2025-08.csv,259c387d691094debb7919dae46865594496930ed2a035956f75085173621378,U.S. Sugar Supply and Use,Sugar,United States,2023/24,,Total Supply,14995.00,14995,"1000 Short Tons, Raw Value","1000 Short Tons, Raw Value",
WASDE-663-V1:259c387d6910,663,2025-08-12,August 2025,2025-08-12T16:00:00Z,2025-08-14T03:59:59Z,conservative end of next calendar day in America/New_York; USDA says consolidated CSV updates the day after WASDE,2026-08-20T15:50:03Z,WASDE-663-V1,false,usda_wasde_663_v1_259c387d6910,https://www.usda.gov/sites/default/files/documents/oce-wasde-report-data-2025-08.csv,259c387d691094debb7919dae46865594496930ed2a035956f75085173621378,U.S. Sugar Supply and Use,Sugar,United States,2023/24,,Total Use,12864.00,12864,"1000 Short Tons, Raw Value","1000 Short Tons, Raw Value",
WASDE-663-V1:259c387d6910,663,2025-08-12,August 2025,2025-08-12T16:00:00Z,2025-08-14T03:59:59Z,conservative end of next calendar day in America/New_York; USDA says consolidated CSV updates the day after WASDE,2026-08-20T15:50:03Z,WASDE-663-V1,false,usda_wasde_663_v1_259c387d6910,https://www.usda.gov/sites/default/files/documents/oce-wasde-report-data-2025-08.csv,259c387d691094debb7919dae46865594496930ed2a035956f75085173621378,U.S. Sugar Supply and Use,Sugar,United States,2024/25,Est.,Beet Sugar,5415.00,5415,"1000 Short Tons, Raw Value","1000 Short Tons, Raw Value",
WASDE-663-V1:259c387d6910,663,2025-08-12,August 2025,2025-08-12T16:00:00Z,2025-08-14T03:59:59Z,conservative end of next calendar day in America/New_York; USDA says consolidated CSV updates the day after WASDE,2026-08-20T15:50:03Z,WASDE-663-V1,false,usda_wasde_663_v1_259c387d6910,https://www.usda.gov/sites/default/files/documents/oce-wasde-report-data-2025-08.csv,259c387d691094debb7919dae46865594496930ed2a035956f75085173621378,U.S. Sugar Supply and Use,Sugar,United States,2024/25,Est.,Beginning Stocks,2131.00,2131,"1000 Short Tons, Raw Value","1000 Short Tons, Raw Value",
WASDE-663-V1:259c387d6910,663,2025-08-12,August 2025,2025-08-12T16:00:00Z,2025-08-14T03:59:59Z,conservative end of next calendar day in America/New_York; USDA says consolidated CSV updates the day after WASDE,2026-08-20T15:50:03Z,WASDE-663-V1,false,usda_wasde_663_v1_259c387d6910,https://www.usda.gov/sites/default/files/documents/oce-wasde-report-data-2025-08.csv,259c387d691094debb7919dae46865594496930ed2a035956f75085173621378,U.S. Sugar Supply and Use,Sugar,United States,2024/25,Est.,Cane Sugar,3971.00,3971,"1000 Short Tons, Raw Value","1000 Short Tons, Raw Value",
WASDE-663-V1:259c387d6910,663,2025-08-12,August 2025,2025-08-12T16:00:00Z,2025-08-14T03:59:59Z,conservative end of next calendar day in America/New_York; USDA says consolidated CSV updates the day after WASDE,2026-08-20T15:50:03Z,WASDE-663-V1,false,usda_wasde_663_v1_259c387d6910,https://www.usda.gov/sites/default/files/documents/oce-wasde-report-data-2025-08.csv,259c387d691094debb7919dae46865594496930ed2a035956f75085173621378,U.S. Sugar Supply and Use,Sugar,United States,2024/25,Est.,Deliveries,12155.00,12155,"1000 Short Tons, Raw Value","1000 Short Tons, Raw Value",
WASDE-663-V1:259c387d6910,663,2025-08-12,August 2025,2025-08-12T16:00:00Z,2025-08-14T03:59:59Z,conservative end of next calendar day in America/New_York; USDA says consolidated CSV updates the day after WASDE,2026-08-20T15:50:03Z,WASDE-663-V1,false,usda_wasde_663_v1_259c387d6910,https://www.usda.gov/sites/default/files/documents/oce-wasde-report-data-2025-08.csv,259c387d691094debb7919dae46865594496930ed2a035956f75085173621378,U.S. Sugar Supply and Use,Sugar,United States,2024/25,Est.,Ending Stocks,2439.00,2439,"1000 Short Tons, Raw Value","1000 Short Tons, Raw Value",
WASDE-663-V1:259c387d6910,663,2025-08-12,August 2025,2025-08-12T16:00:00Z,2025-08-14T03:59:59Z,conservative end of next calendar day in America/New_York; USDA says consolidated CSV updates the day after WASDE,2026-08-20T15:50:03Z,WASDE-663-V1,false,usda_wasde_663_v1_259c387d6910,https://www.usda.gov/sites/default/files/documents/oce-wasde-report-data-2025-08.csv,259c387d691094debb7919dae46865594496930ed2a035956f75085173621378,U.S. Sugar Supply and Use,Sugar,United States,2024/25,Est.,Exports,125.00,125,"1000 Short Tons, Raw Value","1000 Short Tons, Raw Value",
WASDE-663-V1:259c387d6910,663,2025-08-12,August 2025,2025-08-12T16:00:00Z,2025-08-14T03:59:59Z,conservative end of next calendar day in America/New_York; USDA says consolidated CSV updates the day after WASDE,2026-08-20T15:50:03Z,WASDE-663-V1,false,usda_wasde_663_v1_259c387d6910,https://www.usda.gov/sites/default/files/documents/oce-wasde-report-data-2025-08.csv,259c387d691094debb7919dae46865594496930ed2a035956f75085173621378,U.S. Sugar Supply and Use,Sugar,United States,2024/25,Est.,Exports - Other,110.00,110,"1000 Short Tons, Raw Value","1000 Short Tons, Raw Value",
WASDE-663-V1:259c387d6910,663,2025-08-12,August 2025,2025-08-12T16:00:00Z,2025-08-14T03:59:59Z,conservative end of next calendar day in America/New_York; USDA says consolidated CSV updates the day after WASDE,2026-08-20T15:50:03Z,WASDE-663-V1,false,usda_wasde_663_v1_259c387d6910,https://www.usda.gov/sites/default/files/documents/oce-wasde-report-data-2025-08.csv,259c387d691094debb7919dae46865594496930ed2a035956f75085173621378,U.S. Sugar Supply and Use,Sugar,United States,2024/25,Est.,Florida,1927.00,1927,"1000 Short Tons, Raw Value","1000 Short Tons, Raw Value",
WASDE-663-V1:259c387d6910,663,2025-08-12,August 2025,2025-08-12T16:00:00Z,2025-08-14T03:59:59Z,conservative end of next calendar day in America/New_York; USDA says consolidated CSV updates the day after WASDE,2026-08-20T15:50:03Z,WASDE-663-V1,false,usda_wasde_663_v1_259c387d6910,https://www.usda.gov/sites/default/files/documents/oce-wasde-report-data-2025-08.csv,259c387d691094debb7919dae46865594496930ed2a035956f75085173621378,U.S. Sugar Supply and Use,Sugar,United States,2024/25,Est.,Food,12045.00,12045,"1000 Short Tons, Raw Value","1000 Short Tons, Raw Value",
WASDE-663-V1:259c387d6910,663,2025-08-12,August 2025,2025-08-12T16:00:00Z,2025-08-14T03:59:59Z,conservative end of next calendar day in America/New_York; USDA says consolidated CSV updates the day after WASDE,2026-08-20T15:50:03Z,WASDE-663-V1,false,usda_wasde_663_v1_259c387d6910,https://www.usda.gov/sites/default/files/documents/oce-wasde-report-data-2025-08.csv,259c387d691094debb7919dae46865594496930ed2a035956f75085173621378,U.S. Sugar Supply and Use,Sugar,United States,2024/25,Est.,High-tier tariff/other,864.00,864,"1000 Short Tons, Raw Value","1000 Short Tons, Raw Value",
WASDE-663-V1:259c387d6910,663,2025-08-12,August 2025,2025-08-12T16:00:00Z,2025-08-14T03:59:59Z,conservative end of next calendar day in America/New_York; USDA says consolidated CSV updates the day after WASDE,2026-08-20T15:50:03Z,WASDE-663-V1,false,usda_wasde_663_v1_259c387d6910,https://www.usda.gov/sites/default/files/documents/oce-wasde-report-data-2025-08.csv,259c387d691094debb7919dae46865594496930ed2a035956f75085173621378,U.S. Sugar Supply and Use,Sugar,United States,2024/25,Est.,Imports,3202.00,3202,"1000 Short Tons, Raw Value","1000 Short Tons, Raw Value",
WASDE-663-V1:259c387d6910,663,2025-08-12,August 2025,2025-08-12T16:00:00Z,2025-08-14T03:59:59Z,conservative end of next calendar day in America/New_York; USDA says consolidated CSV updates the day after WASDE,2026-08-20T15:50:03Z,WASDE-663-V1,false,usda_wasde_663_v1_259c387d6910,https://www.usda.gov/sites/default/files/documents/oce-wasde-report-data-2025-08.csv,259c387d691094debb7919dae46865594496930ed2a035956f75085173621378,U.S. Sugar Supply and Use,Sugar,United States,2024/25,Est.,Louisiana,2044.00,2044,"1000 Short Tons, Raw Value","1000 Short Tons, Raw Value",
WASDE-663-V1:259c387d6910,663,2025-08-12,August 2025,2025-08-12T16:00:00Z,2025-08-14T03:59:59Z,conservative end of next calendar day in America/New_York; USDA says consolidated CSV updates the day after WASDE,2026-08-20T15:50:03Z,WASDE-663-V1,false,usda_wasde_663_v1_259c387d6910,https://www.usda.gov/sites/default/files/documents/oce-wasde-report-data-2025-08.csv,259c387d691094debb7919dae46865594496930ed2a035956f75085173621378,U.S. Sugar Supply and Use,Sugar,United States,2024/25,Est.,Mexico,497.00,497,"1000 Short Tons, Raw Value","1000 Short Tons, Raw Value",
WASDE-663-V1:259c387d6910,663,2025-08-12,August 2025,2025-08-12T16:00:00Z,2025-08-14T03:59:59Z,conservative end of next calendar day in America/New_York; USDA says consolidated CSV updates the day after WASDE,2026-08-20T15:50:03Z,WASDE-663-V1,false,usda_wasde_663_v1_259c387d6910,https://www.usda.gov/sites/default/files/documents/oce-wasde-report-data-2025-08.csv,259c387d691094debb7919dae46865594496930ed2a035956f75085173621378,U.S. Sugar Supply and Use,Sugar,United States,2024/25,Est.,Miscellaneous,.00,0,"1000 Short Tons, Raw Value","1000 Short Tons, Raw Value",
WASDE-663-V1:259c387d6910,663,2025-08-12,August 2025,2025-08-12T16:00:00Z,2025-08-14T03:59:59Z,conservative end of next calendar day in America/New_York; USDA says consolidated CSV updates the day after WASDE,2026-08-20T15:50:03Z,WASDE-663-V1,false,usda_wasde_663_v1_259c387d6910,https://www.usda.gov/sites/default/files/documents/oce-wasde-report-data-2025-08.csv,259c387d691094debb7919dae46865594496930ed2a035956f75085173621378,U.S. Sugar Supply and Use,Sugar,United States,2024/25,Est.,Non-program,1361.00,1361,"1000 Short Tons, Raw Value","1000 Short Tons, Raw Value",
WASDE-663-V1:259c387d6910,663,2025-08-12,August 2025,2025-08-12T16:00:00Z,2025-08-14T03:59:59Z,conservative end of next calendar day in America/New_York; USDA says consolidated CSV updates the day after WASDE,2026-08-20T15:50:03Z,WASDE-663-V1,false,usda_wasde_663_v1_259c387d6910,https://www.usda.gov/sites/default/files/documents/oce-wasde-report-data-2025-08.csv,259c387d691094debb7919dae46865594496930ed2a035956f75085173621378,U.S. Sugar Supply and Use,Sugar,United States,2024/25,Est.,Other Program,325.00,325,"1000 Short Tons, Raw Value","1000 Short Tons, Raw Value",
WASDE-663-V1:259c387d6910,663,2025-08-12,August 2025,2025-08-12T16:00:00Z,2025-08-14T03:59:59Z,conservative end of next calendar day in America/New_York; USDA says consolidated CSV updates the day after WASDE,2026-08-20T15:50:03Z,WASDE-663-V1,false,usda_wasde_663_v1_259c387d6910,https://www.usda.gov/sites/default/files/documents/oce-wasde-report-data-2025-08.csv,259c387d691094debb7919dae46865594496930ed2a035956f75085173621378,U.S. Sugar Supply and Use,Sugar,United States,2024/25,Est.,Production,9386.00,9386,"1000 Short Tons, Raw Value","1000 Short Tons, Raw Value",
WASDE-663-V1:259c387d6910,663,2025-08-12,August 2025,2025-08-12T16:00:00Z,2025-08-14T03:59:59Z,conservative end of next calendar day in America/New_York; USDA says consolidated CSV updates the day after WASDE,2026-08-20T15:50:03Z,WASDE-663-V1,false,usda_wasde_663_v1_259c387d6910,https://www.usda.gov/sites/default/files/documents/oce-wasde-report-data-2025-08.csv,259c387d691094debb7919dae46865594496930ed2a035956f75085173621378,U.S. Sugar Supply and Use,Sugar,United States,2024/25,Est.,Stocks to Use Ratio,19.90,19.9,"1000 Short Tons, Raw Value",Percent,USDA historical CSV labels Stocks to Use Ratio with the table's tonnage unit; value is normalized as percent while the raw unit is retained.
WASDE-663-V1:259c387d6910,663,2025-08-12,August 2025,2025-08-12T16:00:00Z,2025-08-14T03:59:59Z,conservative end of next calendar day in America/New_York; USDA says consolidated CSV updates the day after WASDE,2026-08-20T15:50:03Z,WASDE-663-V1,false,usda_wasde_663_v1_259c387d6910,https://www.usda.gov/sites/default/files/documents/oce-wasde-report-data-2025-08.csv,259c387d691094debb7919dae46865594496930ed2a035956f75085173621378,U.S. Sugar Supply and Use,Sugar,United States,2024/25,Est.,TRQ,1516.00,1516,"1000 Short Tons, Raw Value","1000 Short Tons, Raw Value",
WASDE-663-V1:259c387d6910,663,2025-08-12,August 2025,2025-08-12T16:00:00Z,2025-08-14T03:59:59Z,conservative end of next calendar day in America/New_York; USDA says consolidated CSV updates the day after WASDE,2026-08-20T15:50:03Z,WASDE-663-V1,false,usda_wasde_663_v1_259c387d6910,https://www.usda.gov/sites/default/files/documents/oce-wasde-report-data-2025-08.csv,259c387d691094debb7919dae46865594496930ed2a035956f75085173621378,U.S. Sugar Supply and Use,Sugar,United States,2024/25,Est.,Texas,.00,0,"1000 Short Tons, Raw Value","1000 Short Tons, Raw Value",
WASDE-663-V1:259c387d6910,663,2025-08-12,August 2025,2025-08-12T16:00:00Z,2025-08-14T03:59:59Z,conservative end of next calendar day in America/New_York; USDA says consolidated CSV updates the day after WASDE,2026-08-20T15:50:03Z,WASDE-663-V1,false,usda_wasde_663_v1_259c387d6910,https://www.usda.gov/sites/default/files/documents/oce-wasde-report-data-2025-08.csv,259c387d691094debb7919dae46865594496930ed2a035956f75085173621378,U.S. Sugar Supply and Use,Sugar,United States,2024/25,Est.,Total Supply,14719.00,14719,"1000 Short Tons, Raw Value","1000 Short Tons, Raw Value",
WASDE-663-V1:259c387d6910,663,2025-08-12,August 2025,2025-08-12T16:00:00Z,2025-08-14T03:59:59Z,conservative end of next calendar day in America/New_York; USDA says consolidated CSV updates the day after WASDE,2026-08-20T15:50:03Z,WASDE-663-V1,false,usda_wasde_663_v1_259c387d6910,https://www.usda.gov/sites/default/files/documents/oce-wasde-report-data-2025-08.csv,259c387d691094debb7919dae46865594496930ed2a035956f75085173621378,U.S. Sugar Supply and Use,Sugar,United States,2024/25,Est.,Total Use,12280.00,12280,"1000 Short Tons, Raw Value","1000 Short Tons, Raw Value",
WASDE-663-V1:259c387d6910,663,2025-08-12,August 2025,2025-08-12T16:00:00Z,2025-08-14T03:59:59Z,conservative end of next calendar day in America/New_York; USDA says consolidated CSV updates the day after WASDE,2026-08-20T15:50:03Z,WASDE-663-V1,false,usda_wasde_663_v1_259c387d6910,https://www.usda.gov/sites/default/files/documents/oce-wasde-report-data-2025-08.csv,259c387d691094debb7919dae46865594496930ed2a035956f75085173621378,U.S. Sugar Supply and Use,Sugar,United States,2025/26,Proj.,Beet Sugar,5266.00,5266,"1000 Short Tons, Raw Value","1000 Short Tons, Raw Value",
WASDE-663-V1:259c387d6910,663,2025-08-12,August 2025,2025-08-12T16:00:00Z,2025-08-14T03:59:59Z,conservative end of next calendar day in America/New_York; USDA says consolidated CSV updates the day after WASDE,2026-08-20T15:50:03Z,WASDE-663-V1,false,usda_wasde_663_v1_259c387d6910,https://www.usda.gov/sites/default/files/documents/oce-wasde-report-data-2025-08.csv,259c387d691094debb7919dae46865594496930ed2a035956f75085173621378,U.S. Sugar Supply and Use,Sugar,United States,2025/26,Proj.,Beginning Stocks,2439.00,2439,"1000 Short Tons, Raw Value","1000 Short Tons, Raw Value",
WASDE-663-V1:259c387d6910,663,2025-08-12,August 2025,2025-08-12T16:00:00Z,2025-08-14T03:59:59Z,conservative end of next calendar day in America/New_York; USDA says consolidated CSV updates the day after WASDE,2026-08-20T15:50:03Z,WASDE-663-V1,false,usda_wasde_663_v1_259c387d6910,https://www.usda.gov/sites/default/files/documents/oce-wasde-report-data-2025-08.csv,259c387d691094debb7919dae46865594496930ed2a035956f75085173621378,U.S. Sugar Supply and Use,Sugar,United States,2025/26,Proj.,Cane Sugar,4162.00,4162,"1000 Short Tons, Raw Value","1000 Short Tons, Raw Value",
WASDE-663-V1:259c387d6910,663,2025-08-12,August 2025,2025-08-12T16:00:00Z,2025-08-14T03:59:59Z,conservative end of next calendar day in America/New_York; USDA says consolidated CSV updates the day after WASDE,2026-08-20T15:50:03Z,WASDE-663-V1,false,usda_wasde_663_v1_259c387d6910,https://www.usda.gov/sites/default/files/documents/oce-wasde-report-data-2025-08.csv,259c387d691094debb7919dae46865594496930ed2a035956f75085173621378,U.S. Sugar Supply and Use,Sugar,United States,2025/26,Proj.,Deliveries,12065.00,12065,"1000 Short Tons, Raw Value","1000 Short Tons, Raw Value",
WASDE-663-V1:259c387d6910,663,2025-08-12,August 2025,2025-08-12T16:00:00Z,2025-08-14T03:59:59Z,conservative end of next calendar day in America/New_York; USDA says consolidated CSV updates the day after WASDE,2026-08-20T15:50:03Z,WASDE-663-V1,false,usda_wasde_663_v1_259c387d6910,https://www.usda.gov/sites/default/files/documents/oce-wasde-report-data-2025-08.csv,259c387d691094debb7919dae46865594496930ed2a035956f75085173621378,U.S. Sugar Supply and Use,Sugar,United States,2025/26,Proj.,Ending Stocks,2160.00,2160,"1000 Short Tons, Raw Value","1000 Short Tons, Raw Value",
WASDE-663-V1:259c387d6910,663,2025-08-12,August 2025,2025-08-12T16:00:00Z,2025-08-14T03:59:59Z,conservative end of next calendar day in America/New_York; USDA says consolidated CSV updates the day after WASDE,2026-08-20T15:50:03Z,WASDE-663-V1,false,usda_wasde_663_v1_259c387d6910,https://www.usda.gov/sites/default/files/documents/oce-wasde-report-data-2025-08.csv,259c387d691094debb7919dae46865594496930ed2a035956f75085173621378,U.S. Sugar Supply and Use,Sugar,United States,2025/26,Proj.,Exports,100.00,100,"1000 Short Tons, Raw Value","1000 Short Tons, Raw Value",
WASDE-663-V1:259c387d6910,663,2025-08-12,August 2025,2025-08-12T16:00:00Z,2025-08-14T03:59:59Z,conservative end of next calendar day in America/New_York; USDA says consolidated CSV updates the day after WASDE,2026-08-20T15:50:03Z,WASDE-663-V1,false,usda_wasde_663_v1_259c387d6910,https://www.usda.gov/sites/default/files/documents/oce-wasde-report-data-2025-08.csv,259c387d691094debb7919dae46865594496930ed2a035956f75085173621378,U.S. Sugar Supply and Use,Sugar,United States,2025/26,Proj.,Exports - Other,105.00,105,"1000 Short Tons, Raw Value","1000 Short Tons, Raw Value",
WASDE-663-V1:259c387d6910,663,2025-08-12,August 2025,2025-08-12T16:00:00Z,2025-08-14T03:59:59Z,conservative end of next calendar day in America/New_York; USDA says consolidated CSV updates the day after WASDE,2026-08-20T15:50:03Z,WASDE-663-V1,false,usda_wasde_663_v1_259c387d6910,https://www.usda.gov/sites/default/files/documents/oce-wasde-report-data-2025-08.csv,259c387d691094debb7919dae46865594496930ed2a035956f75085173621378,U.S. Sugar Supply and Use,Sugar,United States,2025/26,Proj.,Florida,2008.00,2008,"1000 Short Tons, Raw Value","1000 Short Tons, Raw Value",
WASDE-663-V1:259c387d6910,663,2025-08-12,August 2025,2025-08-12T16:00:00Z,2025-08-14T03:59:59Z,conservative end of next calendar day in America/New_York; USDA says consolidated CSV updates the day after WASDE,2026-08-20T15:50:03Z,WASDE-663-V1,false,usda_wasde_663_v1_259c387d6910,https://www.usda.gov/sites/default/files/documents/oce-wasde-report-data-2025-08.csv,259c387d691094debb7919dae46865594496930ed2a035956f75085173621378,U.S. Sugar Supply and Use,Sugar,United States,2025/26,Proj.,Food,11960.00,11960,"1000 Short Tons, Raw Value","1000 Short Tons, Raw Value",
WASDE-663-V1:259c387d6910,663,2025-08-12,August 2025,2025-08-12T16:00:00Z,2025-08-14T03:59:59Z,conservative end of next calendar day in America/New_York; USDA says consolidated CSV updates the day after WASDE,2026-08-20T15:50:03Z,WASDE-663-V1,false,usda_wasde_663_v1_259c387d6910,https://www.usda.gov/sites/default/files/documents/oce-wasde-report-data-2025-08.csv,259c387d691094debb7919dae46865594496930ed2a035956f75085173621378,U.S. Sugar Supply and Use,Sugar,United States,2025/26,Proj.,High-tier tariff/other,422.00,422,"1000 Short Tons, Raw Value","1000 Short Tons, Raw Value",
WASDE-663-V1:259c387d6910,663,2025-08-12,August 2025,2025-08-12T16:00:00Z,2025-08-14T03:59:59Z,conservative end of next calendar day in America/New_York; USDA says consolidated CSV updates the day after WASDE,2026-08-20T15:50:03Z,WASDE-663-V1,false,usda_wasde_663_v1_259c387d6910,https://www.usda.gov/sites/default/files/documents/oce-wasde-report-data-2025-08.csv,259c387d691094debb7919dae46865594496930ed2a035956f75085173621378,U.S. Sugar Supply and Use,Sugar,United States,2025/26,Proj.,Imports,2457.00,2457,"1000 Short Tons, Raw Value","1000 Short Tons, Raw Value",
WASDE-663-V1:259c387d6910,663,2025-08-12,August 2025,2025-08-12T16:00:00Z,2025-08-14T03:59:59Z,conservative end of next calendar day in America/New_York; USDA says consolidated CSV updates the day after WASDE,2026-08-20T15:50:03Z,WASDE-663-V1,false,usda_wasde_663_v1_259c387d6910,https://www.usda.gov/sites/default/files/documents/oce-wasde-report-data-2025-08.csv,259c387d691094debb7919dae46865594496930ed2a035956f75085173621378,U.S. Sugar Supply and Use,Sugar,United States,2025/26,Proj.,Louisiana,2154.00,2154,"1000 Short Tons, Raw Value","1000 Short Tons, Raw Value",
WASDE-663-V1:259c387d6910,663,2025-08-12,August 2025,2025-08-12T16:00:00Z,2025-08-14T03:59:59Z,conservative end of next calendar day in America/New_York; USDA says consolidated CSV updates the day after WASDE,2026-08-20T15:50:03Z,WASDE-663-V1,false,usda_wasde_663_v1_259c387d6910,https://www.usda.gov/sites/default/files/documents/oce-wasde-report-data-2025-08.csv,259c387d691094debb7919dae46865594496930ed2a035956f75085173621378,U.S. Sugar Supply and Use,Sugar,United States,2025/26,Proj.,Mexico,439.00,439,"1000 Short Tons, Raw Value","1000 Short Tons, Raw Value",
WASDE-663-V1:259c387d6910,663,2025-08-12,August 2025,2025-08-12T16:00:00Z,2025-08-14T03:59:59Z,conservative end of next calendar day in America/New_York; USDA says consolidated CSV updates the day after WASDE,2026-08-20T15:50:03Z,WASDE-663-V1,false,usda_wasde_663_v1_259c387d6910,https://www.usda.gov/sites/default/files/documents/oce-wasde-report-data-2025-08.csv,259c387d691094debb7919dae46865594496930ed2a035956f75085173621378,U.S. Sugar Supply and Use,Sugar,United States,2025/26,Proj.,Miscellaneous,.00,0,"1000 Short Tons, Raw Value","1000 Short Tons, Raw Value",
WASDE-663-V1:259c387d6910,663,2025-08-12,August 2025,2025-08-12T16:00:00Z,2025-08-14T03:59:59Z,conservative end of next calendar day in America/New_York; USDA says consolidated CSV updates the day after WASDE,2026-08-20T15:50:03Z,WASDE-663-V1,false,usda_wasde_663_v1_259c387d6910,https://www.usda.gov/sites/default/files/documents/oce-wasde-report-data-2025-08.csv,259c387d691094debb7919dae46865594496930ed2a035956f75085173621378,U.S. Sugar Supply and Use,Sugar,United States,2025/26,Proj.,Non-program,861.00,861,"1000 Short Tons, Raw Value","1000 Short Tons, Raw Value",
WASDE-663-V1:259c387d6910,663,2025-08-12,August 2025,2025-08-12T16:00:00Z,2025-08-14T03:59:59Z,conservative end of next calendar day in America/New_York; USDA says consolidated CSV updates the day after WASDE,2026-08-20T15:50:03Z,WASDE-663-V1,false,usda_wasde_663_v1_259c387d6910,https://www.usda.gov/sites/default/files/documents/oce-wasde-report-data-2025-08.csv,259c387d691094debb7919dae46865594496930ed2a035956f75085173621378,U.S. Sugar Supply and Use,Sugar,United States,2025/26,Proj.,Other Program,200.00,200,"1000 Short Tons, Raw Value","1000 Short Tons, Raw Value",
WASDE-663-V1:259c387d6910,663,2025-08-12,August 2025,2025-08-12T16:00:00Z,2025-08-14T03:59:59Z,conservative end of next calendar day in America/New_York; USDA says consolidated CSV updates the day after WASDE,2026-08-20T15:50:03Z,WASDE-663-V1,false,usda_wasde_663_v1_259c387d6910,https://www.usda.gov/sites/default/files/documents/oce-wasde-report-data-2025-08.csv,259c387d691094debb7919dae46865594496930ed2a035956f75085173621378,U.S. Sugar Supply and Use,Sugar,United States,2025/26,Proj.,Production,9428.00,9428,"1000 Short Tons, Raw Value","1000 Short Tons, Raw Value",
WASDE-663-V1:259c387d6910,663,2025-08-12,August 2025,2025-08-12T16:00:00Z,2025-08-14T03:59:59Z,conservative end of next calendar day in America/New_York; USDA says consolidated CSV updates the day after WASDE,2026-08-20T15:50:03Z,WASDE-663-V1,false,usda_wasde_663_v1_259c387d6910,https://www.usda.gov/sites/default/files/documents/oce-wasde-report-data-2025-08.csv,259c387d691094debb7919dae46865594496930ed2a035956f75085173621378,U.S. Sugar Supply and Use,Sugar,United States,2025/26,Proj.,Stocks to Use Ratio,17.80,17.8,"1000 Short Tons, Raw Value",Percent,USDA historical CSV labels Stocks to Use Ratio with the table's tonnage unit; value is normalized as percent while the raw unit is retained.
WASDE-663-V1:259c387d6910,663,2025-08-12,August 2025,2025-08-12T16:00:00Z,2025-08-14T03:59:59Z,conservative end of next calendar day in America/New_York; USDA says consolidated CSV updates the day after WASDE,2026-08-20T15:50:03Z,WASDE-663-V1,false,usda_wasde_663_v1_259c387d6910,https://www.usda.gov/sites/default/files/documents/oce-wasde-report-data-2025-08.csv,259c387d691094debb7919dae46865594496930ed2a035956f75085173621378,U.S. Sugar Supply and Use,Sugar,United States,2025/26,Proj.,TRQ,1396.00,1396,"1000 Short Tons, Raw Value","1000 Short Tons, Raw Value",
WASDE-663-V1:259c387d6910,663,2025-08-12,August 2025,2025-08-12T16:00:00Z,2025-08-14T03:59:59Z,conservative end of next calendar day in America/New_York; USDA says consolidated CSV updates the day after WASDE,2026-08-20T15:50:03Z,WASDE-663-V1,false,usda_wasde_663_v1_259c387d6910,https://www.usda.gov/sites/default/files/documents/oce-wasde-report-data-2025-08.csv,259c387d691094debb7919dae46865594496930ed2a035956f75085173621378,U.S. Sugar Supply and Use,Sugar,United States,2025/26,Proj.,Texas,.00,0,"1000 Short Tons, Raw Value","1000 Short Tons, Raw Value",
WASDE-663-V1:259c387d6910,663,2025-08-12,August 2025,2025-08-12T16:00:00Z,2025-08-14T03:59:59Z,conservative end of next calendar day in America/New_York; USDA says consolidated CSV updates the day after WASDE,2026-08-20T15:50:03Z,WASDE-663-V1,false,usda_wasde_663_v1_259c387d6910,https://www.usda.gov/sites/default/files/documents/oce-wasde-report-data-2025-08.csv,259c387d691094debb7919dae46865594496930ed2a035956f75085173621378,U.S. Sugar Supply and Use,Sugar,United States,2025/26,Proj.,Total Supply,14325.00,14325,"1000 Short Tons, Raw Value","1000 Short Tons, Raw Value",
WASDE-663-V1:259c387d6910,663,2025-08-12,August 2025,2025-08-12T16:00:00Z,2025-08-14T03:59:59Z,conservative end of next calendar day in America/New_York; USDA says consolidated CSV updates the day after WASDE,2026-08-20T15:50:03Z,WASDE-663-V1,false,usda_wasde_663_v1_259c387d6910,https://www.usda.gov/sites/default/files/documents/oce-wasde-report-data-2025-08.csv,259c387d691094debb7919dae46865594496930ed2a035956f75085173621378,U.S. Sugar Supply and Use,Sugar,United States,2025/26,Proj.,Total Use,12165.00,12165,"1000 Short Tons, Raw Value","1000 Short Tons, Raw Value",
WASDE-664-V1:d30b256bdffe,664,2025-09-12,September 2025,2025-09-12T16:00:00Z,2025-09-14T03:59:59Z,conservative end of next calendar day in America/New_York; USDA says consolidated CSV updates the day after WASDE,2026-08-20T15:50:03Z,WASDE-664-V1,false,usda_wasde_664_v1_d30b256bdffe,https://www.usda.gov/sites/default/files/documents/oce-wasde-report-data-2025-09.csv,d30b256bdffe4a14f4599abf8511f8f18c9fcb21c9ea39d869051a9634603349,Mexico Sugar Supply and Use and High Fructose Corn Syrup Consumption,Sugar,Mexico,2024/25,Est.,Beginning Stocks,1418.00,1418,"1000 Metric Tons, Actual Weight","1000 Metric Tons, Actual Weight",
WASDE-664-V1:d30b256bdffe,664,2025-09-12,September 2025,2025-09-12T16:00:00Z,2025-09-14T03:59:59Z,conservative end of next calendar day in America/New_York; USDA says consolidated CSV updates the day after WASDE,2026-08-20T15:50:03Z,WASDE-664-V1,false,usda_wasde_664_v1_d30b256bdffe,https://www.usda.gov/sites/default/files/documents/oce-wasde-report-data-2025-09.csv,d30b256bdffe4a14f4599abf8511f8f18c9fcb21c9ea39d869051a9634603349,Mexico Sugar Supply and Use and High Fructose Corn Syrup Consumption,Sugar,Mexico,2024/25,Est.,Domestic,4459.00,4459,"1000 Metric Tons, Actual Weight","1000 Metric Tons, Actual Weight",
WASDE-664-V1:d30b256bdffe,664,2025-09-12,September 2025,2025-09-12T16:00:00Z,2025-09-14T03:59:59Z,conservative end of next calendar day in America/New_York; USDA says consolidated CSV updates the day after WASDE,2026-08-20T15:50:03Z,WASDE-664-V1,false,usda_wasde_664_v1_d30b256bdffe,https://www.usda.gov/sites/default/files/documents/oce-wasde-report-data-2025-09.csv,d30b256bdffe4a14f4599abf8511f8f18c9fcb21c9ea39d869051a9634603349,Mexico Sugar Supply and Use and High Fructose Corn Syrup Consumption,Sugar,Mexico,2024/25,Est.,Ending Stocks,1026.00,1026,"1000 Metric Tons, Actual Weight","1000 Metric Tons, Actual Weight",
WASDE-664-V1:d30b256bdffe,664,2025-09-12,September 2025,2025-09-12T16:00:00Z,2025-09-14T03:59:59Z,conservative end of next calendar day in America/New_York; USDA says consolidated CSV updates the day after WASDE,2026-08-20T15:50:03Z,WASDE-664-V1,false,usda_wasde_664_v1_d30b256bdffe,https://www.usda.gov/sites/default/files/documents/oce-wasde-report-data-2025-09.csv,d30b256bdffe4a14f4599abf8511f8f18c9fcb21c9ea39d869051a9634603349,Mexico Sugar Supply and Use and High Fructose Corn Syrup Consumption,Sugar,Mexico,2024/25,Est.,Exports,879.00,879,"1000 Metric Tons, Actual Weight","1000 Metric Tons, Actual Weight",
WASDE-664-V1:d30b256bdffe,664,2025-09-12,September 2025,2025-09-12T16:00:00Z,2025-09-14T03:59:59Z,conservative end of next calendar day in America/New_York; USDA says consolidated CSV updates the day after WASDE,2026-08-20T15:50:03Z,WASDE-664-V1,false,usda_wasde_664_v1_d30b256bdffe,https://www.usda.gov/sites/default/files/documents/oce-wasde-report-data-2025-09.csv,d30b256bdffe4a14f4599abf8511f8f18c9fcb21c9ea39d869051a9634603349,Mexico Sugar Supply and Use and High Fructose Corn Syrup Consumption,Sugar,Mexico,2024/25,Est.,Imports,175.00,175,"1000 Metric Tons, Actual Weight","1000 Metric Tons, Actual Weight",
WASDE-664-V1:d30b256bdffe,664,2025-09-12,September 2025,2025-09-12T16:00:00Z,2025-09-14T03:59:59Z,conservative end of next calendar day in America/New_York; USDA says consolidated CSV updates the day after WASDE,2026-08-20T15:50:03Z,WASDE-664-V1,false,usda_wasde_664_v1_d30b256bdffe,https://www.usda.gov/sites/default/files/documents/oce-wasde-report-data-2025-09.csv,d30b256bdffe4a14f4599abf8511f8f18c9fcb21c9ea39d869051a9634603349,Mexico Sugar Supply and Use and High Fructose Corn Syrup Consumption,Sugar,Mexico,2024/25,Est.,Production,4771.00,4771,"1000 Metric Tons, Actual Weight","1000 Metric Tons, Actual Weight",
WASDE-664-V1:d30b256bdffe,664,2025-09-12,September 2025,2025-09-12T16:00:00Z,2025-09-14T03:59:59Z,conservative end of next calendar day in America/New_York; USDA says consolidated CSV updates the day after WASDE,2026-08-20T15:50:03Z,WASDE-664-V1,false,usda_wasde_664_v1_d30b256bdffe,https://www.usda.gov/sites/default/files/documents/oce-wasde-report-data-2025-09.csv,d30b256bdffe4a14f4599abf8511f8f18c9fcb21c9ea39d869051a9634603349,Mexico Sugar Supply and Use and High Fructose Corn Syrup Consumption,Sugar,Mexico,2025/26,Proj.,Beginning Stocks,1026.00,1026,"1000 Metric Tons, Actual Weight","1000 Metric Tons, Actual Weight",
WASDE-664-V1:d30b256bdffe,664,2025-09-12,September 2025,2025-09-12T16:00:00Z,2025-09-14T03:59:59Z,conservative end of next calendar day in America/New_York; USDA says consolidated CSV updates the day after WASDE,2026-08-20T15:50:03Z,WASDE-664-V1,false,usda_wasde_664_v1_d30b256bdffe,https://www.usda.gov/sites/default/files/documents/oce-wasde-report-data-2025-09.csv,d30b256bdffe4a14f4599abf8511f8f18c9fcb21c9ea39d869051a9634603349,Mexico Sugar Supply and Use and High Fructose Corn Syrup Consumption,Sugar,Mexico,2025/26,Proj.,Domestic,4569.00,4569,"1000 Metric Tons, Actual Weight","1000 Metric Tons, Actual Weight",
WASDE-664-V1:d30b256bdffe,664,2025-09-12,September 2025,2025-09-12T16:00:00Z,2025-09-14T03:59:59Z,conservative end of next calendar day in America/New_York; USDA says consolidated CSV updates the day after WASDE,2026-08-20T15:50:03Z,WASDE-664-V1,false,usda_wasde_664_v1_d30b256bdffe,https://www.usda.gov/sites/default/files/documents/oce-wasde-report-data-2025-09.csv,d30b256bdffe4a14f4599abf8511f8f18c9fcb21c9ea39d869051a9634603349,Mexico Sugar Supply and Use and High Fructose Corn Syrup Consumption,Sugar,Mexico,2025/26,Proj.,Ending Stocks,1081.00,1081,"1000 Metric Tons, Actual Weight","1000 Metric Tons, Actual Weight",
WASDE-664-V1:d30b256bdffe,664,2025-09-12,September 2025,2025-09-12T16:00:00Z,2025-09-14T03:59:59Z,conservative end of next calendar day in America/New_York; USDA says consolidated CSV updates the day after WASDE,2026-08-20T15:50:03Z,WASDE-664-V1,false,usda_wasde_664_v1_d30b256bdffe,https://www.usda.gov/sites/default/files/documents/oce-wasde-report-data-2025-09.csv,d30b256bdffe4a14f4599abf8511f8f18c9fcb21c9ea39d869051a9634603349,Mexico Sugar Supply and Use and High Fructose Corn Syrup Consumption,Sugar,Mexico,2025/26,Proj.,Exports,612.00,612,"1000 Metric Tons, Actual Weight","1000 Metric Tons, Actual Weight",
WASDE-664-V1:d30b256bdffe,664,2025-09-12,September 2025,2025-09-12T16:00:00Z,2025-09-14T03:59:59Z,conservative end of next calendar day in America/New_York; USDA says consolidated CSV updates the day after WASDE,2026-08-20T15:50:03Z,WASDE-664-V1,false,usda_wasde_664_v1_d30b256bdffe,https://www.usda.gov/sites/default/files/documents/oce-wasde-report-data-2025-09.csv,d30b256bdffe4a14f4599abf8511f8f18c9fcb21c9ea39d869051a9634603349,Mexico Sugar Supply and Use and High Fructose Corn Syrup Consumption,Sugar,Mexico,2025/26,Proj.,Imports,142.00,142,"1000 Metric Tons, Actual Weight","1000 Metric Tons, Actual Weight",
WASDE-664-V1:d30b256bdffe,664,2025-09-12,September 2025,2025-09-12T16:00:00Z,2025-09-14T03:59:59Z,conservative end of next calendar day in America/New_York; USDA says consolidated CSV updates the day after WASDE,2026-08-20T15:50:03Z,WASDE-664-V1,false,usda_wasde_664_v1_d30b256bdffe,https://www.usda.gov/sites/default/files/documents/oce-wasde-report-data-2025-09.csv,d30b256bdffe4a14f4599abf8511f8f18c9fcb21c9ea39d869051a9634603349,Mexico Sugar Supply and Use and High Fructose Corn Syrup Consumption,Sugar,Mexico,2025/26,Proj.,Production,5094.00,5094,"1000 Metric Tons, Actual Weight","1000 Metric Tons, Actual Weight",
WASDE-664-V1:d30b256bdffe,664,2025-09-12,September 2025,2025-09-12T16:00:00Z,2025-09-14T03:59:59Z,conservative end of next calendar day in America/New_York; USDA says consolidated CSV updates the day after WASDE,2026-08-20T15:50:03Z,WASDE-664-V1,false,usda_wasde_664_v1_d30b256bdffe,https://www.usda.gov/sites/default/files/documents/oce-wasde-report-data-2025-09.csv,d30b256bdffe4a14f4599abf8511f8f18c9fcb21c9ea39d869051a9634603349,U.S. Sugar Supply and Use,Sugar,United States,2023/24,,Beet Sugar,5172.00,5172,"1000 Short Tons, Raw Value","1000 Short Tons, Raw Value",
WASDE-664-V1:d30b256bdffe,664,2025-09-12,September 2025,2025-09-12T16:00:00Z,2025-09-14T03:59:59Z,conservative end of next calendar day in America/New_York; USDA says consolidated CSV updates the day after WASDE,2026-08-20T15:50:03Z,WASDE-664-V1,false,usda_wasde_664_v1_d30b256bdffe,https://www.usda.gov/sites/default/files/documents/oce-wasde-report-data-2025-09.csv,d30b256bdffe4a14f4599abf8511f8f18c9fcb21c9ea39d869051a9634603349,U.S. Sugar Supply and Use,Sugar,United States,2023/24,,Beginning Stocks,1843.00,1843,"1000 Short Tons, Raw Value","1000 Short Tons, Raw Value",
WASDE-664-V1:d30b256bdffe,664,2025-09-12,September 2025,2025-09-12T16:00:00Z,2025-09-14T03:59:59Z,conservative end of next calendar day in America/New_York; USDA says consolidated CSV updates the day after WASDE,2026-08-20T15:50:03Z,WASDE-664-V1,false,usda_wasde_664_v1_d30b256bdffe,https://www.usda.gov/sites/default/files/documents/oce-wasde-report-data-2025-09.csv,d30b256bdffe4a14f4599abf8511f8f18c9fcb21c9ea39d869051a9634603349,U.S. Sugar Supply and Use,Sugar,United States,2023/24,,Cane Sugar,4141.00,4141,"1000 Short Tons, Raw Value","1000 Short Tons, Raw Value",
WASDE-664-V1:d30b256bdffe,664,2025-09-12,September 2025,2025-09-12T16:00:00Z,2025-09-14T03:59:59Z,conservative end of next calendar day in America/New_York; USDA says consolidated CSV updates the day after WASDE,2026-08-20T15:50:03Z,WASDE-664-V1,false,usda_wasde_664_v1_d30b256bdffe,https://www.usda.gov/sites/default/files/documents/oce-wasde-report-data-2025-09.csv,d30b256bdffe4a14f4599abf8511f8f18c9fcb21c9ea39d869051a9634603349,U.S. Sugar Supply and Use,Sugar,United States,2023/24,,Deliveries,12532.00,12532,"1000 Short Tons, Raw Value","1000 Short Tons, Raw Value",
WASDE-664-V1:d30b256bdffe,664,2025-09-12,September 2025,2025-09-12T16:00:00Z,2025-09-14T03:59:59Z,conservative end of next calendar day in America/New_York; USDA says consolidated CSV updates the day after WASDE,2026-08-20T15:50:03Z,WASDE-664-V1,false,usda_wasde_664_v1_d30b256bdffe,https://www.usda.gov/sites/default/files/documents/oce-wasde-report-data-2025-09.csv,d30b256bdffe4a14f4599abf8511f8f18c9fcb21c9ea39d869051a9634603349,U.S. Sugar Supply and Use,Sugar,United States,2023/24,,Ending Stocks,2131.00,2131,"1000 Short Tons, Raw Value","1000 Short Tons, Raw Value",
WASDE-664-V1:d30b256bdffe,664,2025-09-12,September 2025,2025-09-12T16:00:00Z,2025-09-14T03:59:59Z,conservative end of next calendar day in America/New_York; USDA says consolidated CSV updates the day after WASDE,2026-08-20T15:50:03Z,WASDE-664-V1,false,usda_wasde_664_v1_d30b256bdffe,https://www.usda.gov/sites/default/files/documents/oce-wasde-report-data-2025-09.csv,d30b256bdffe4a14f4599abf8511f8f18c9fcb21c9ea39d869051a9634603349,U.S. Sugar Supply and Use,Sugar,United States,2023/24,,Exports,249.00,249,"1000 Short Tons, Raw Value","1000 Short Tons, Raw Value",
WASDE-664-V1:d30b256bdffe,664,2025-09-12,September 2025,2025-09-12T16:00:00Z,2025-09-14T03:59:59Z,conservative end of next calendar day in America/New_York; USDA says consolidated CSV updates the day after WASDE,2026-08-20T15:50:03Z,WASDE-664-V1,false,usda_wasde_664_v1_d30b256bdffe,https://www.usda.gov/sites/default/files/documents/oce-wasde-report-data-2025-09.csv,d30b256bdffe4a14f4599abf8511f8f18c9fcb21c9ea39d869051a9634603349,U.S. Sugar Supply and Use,Sugar,United States,2023/24,,Exports - Other,106.00,106,"1000 Short Tons, Raw Value","1000 Short Tons, Raw Value",
WASDE-664-V1:d30b256bdffe,664,2025-09-12,September 2025,2025-09-12T16:00:00Z,2025-09-14T03:59:59Z,conservative end of next calendar day in America/New_York; USDA says consolidated CSV updates the day after WASDE,2026-08-20T15:50:03Z,WASDE-664-V1,false,usda_wasde_664_v1_d30b256bdffe,https://www.usda.gov/sites/default/files/documents/oce-wasde-report-data-2025-09.csv,d30b256bdffe4a14f4599abf8511f8f18c9fcb21c9ea39d869051a9634603349,U.S. Sugar Supply and Use,Sugar,United States,2023/24,,Florida,2079.00,2079,"1000 Short Tons, Raw Value","1000 Short Tons, Raw Value",
WASDE-664-V1:d30b256bdffe,664,2025-09-12,September 2025,2025-09-12T16:00:00Z,2025-09-14T03:59:59Z,conservative end of next calendar day in America/New_York; USDA says consolidated CSV updates the day after WASDE,2026-08-20T15:50:03Z,WASDE-664-V1,false,usda_wasde_664_v1_d30b256bdffe,https://www.usda.gov/sites/default/files/documents/oce-wasde-report-data-2025-09.csv,d30b256bdffe4a14f4599abf8511f8f18c9fcb21c9ea39d869051a9634603349,U.S. Sugar Supply and Use,Sugar,United States,2023/24,,Food,12425.00,12425,"1000 Short Tons, Raw Value","1000 Short Tons, Raw Value",
WASDE-664-V1:d30b256bdffe,664,2025-09-12,September 2025,2025-09-12T16:00:00Z,2025-09-14T03:59:59Z,conservative end of next calendar day in America/New_York; USDA says consolidated CSV updates the day after WASDE,2026-08-20T15:50:03Z,WASDE-664-V1,false,usda_wasde_664_v1_d30b256bdffe,https://www.usda.gov/sites/default/files/documents/oce-wasde-report-data-2025-09.csv,d30b256bdffe4a14f4599abf8511f8f18c9fcb21c9ea39d869051a9634603349,U.S. Sugar Supply and Use,Sugar,United States,2023/24,,High-tier tariff/other,1231.00,1231,"1000 Short Tons, Raw Value","1000 Short Tons, Raw Value",
WASDE-664-V1:d30b256bdffe,664,2025-09-12,September 2025,2025-09-12T16:00:00Z,2025-09-14T03:59:59Z,conservative end of next calendar day in America/New_York; USDA says consolidated CSV updates the day after WASDE,2026-08-20T15:50:03Z,WASDE-664-V1,false,usda_wasde_664_v1_d30b256bdffe,https://www.usda.gov/sites/default/files/documents/oce-wasde-report-data-2025-09.csv,d30b256bdffe4a14f4599abf8511f8f18c9fcb21c9ea39d869051a9634603349,U.S. Sugar Supply and Use,Sugar,United States,2023/24,,Imports,3840.00,3840,"1000 Short Tons, Raw Value","1000 Short Tons, Raw Value",
WASDE-664-V1:d30b256bdffe,664,2025-09-12,September 2025,2025-09-12T16:00:00Z,2025-09-14T03:59:59Z,conservative end of next calendar day in America/New_York; USDA says consolidated CSV updates the day after WASDE,2026-08-20T15:50:03Z,WASDE-664-V1,false,usda_wasde_664_v1_d30b256bdffe,https://www.usda.gov/sites/default/files/documents/oce-wasde-report-data-2025-09.csv,d30b256bdffe4a14f4599abf8511f8f18c9fcb21c9ea39d869051a9634603349,U.S. Sugar Supply and Use,Sugar,United States,2023/24,,Louisiana,2022.00,2022,"1000 Short Tons, Raw Value","1000 Short Tons, Raw Value",
WASDE-664-V1:d30b256bdffe,664,2025-09-12,September 2025,2025-09-12T16:00:00Z,2025-09-14T03:59:59Z,conservative end of next calendar day in America/New_York; USDA says consolidated CSV updates the day after WASDE,2026-08-20T15:50:03Z,WASDE-664-V1,false,usda_wasde_664_v1_d30b256bdffe,https://www.usda.gov/sites/default/files/documents/oce-wasde-report-data-2025-09.csv,d30b256bdffe4a14f4599abf8511f8f18c9fcb21c9ea39d869051a9634603349,U.S. Sugar Supply and Use,Sugar,United States,2023/24,,Mexico,521.00,521,"1000 Short Tons, Raw Value","1000 Short Tons, Raw Value",
WASDE-664-V1:d30b256bdffe,664,2025-09-12,September 2025,2025-09-12T16:00:00Z,2025-09-14T03:59:59Z,conservative end of next calendar day in America/New_York; USDA says consolidated CSV updates the day after WASDE,2026-08-20T15:50:03Z,WASDE-664-V1,false,usda_wasde_664_v1_d30b256bdffe,https://www.usda.gov/sites/default/files/documents/oce-wasde-report-data-2025-09.csv,d30b256bdffe4a14f4599abf8511f8f18c9fcb21c9ea39d869051a9634603349,U.S. Sugar Supply and Use,Sugar,United States,2023/24,,Miscellaneous,83.00,83,"1000 Short Tons, Raw Value","1000 Short Tons, Raw Value",
WASDE-664-V1:d30b256bdffe,664,2025-09-12,September 2025,2025-09-12T16:00:00Z,2025-09-14T03:59:59Z,conservative end of next calendar day in America/New_York; USDA says consolidated CSV updates the day after WASDE,2026-08-20T15:50:03Z,WASDE-664-V1,false,usda_wasde_664_v1_d30b256bdffe,https://www.usda.gov/sites/default/files/documents/oce-wasde-report-data-2025-09.csv,d30b256bdffe4a14f4599abf8511f8f18c9fcb21c9ea39d869051a9634603349,U.S. Sugar Supply and Use,Sugar,United States,2023/24,,Non-program,1752.00,1752,"1000 Short Tons, Raw Value","1000 Short Tons, Raw Value",
WASDE-664-V1:d30b256bdffe,664,2025-09-12,September 2025,2025-09-12T16:00:00Z,2025-09-14T03:59:59Z,conservative end of next calendar day in America/New_York; USDA says consolidated CSV updates the day after WASDE,2026-08-20T15:50:03Z,WASDE-664-V1,false,usda_wasde_664_v1_d30b256bdffe,https://www.usda.gov/sites/default/files/documents/oce-wasde-report-data-2025-09.csv,d30b256bdffe4a14f4599abf8511f8f18c9fcb21c9ea39d869051a9634603349,U.S. Sugar Supply and Use,Sugar,United States,2023/24,,Other Program,300.00,300,"1000 Short Tons, Raw Value","1000 Short Tons, Raw Value",
WASDE-664-V1:d30b256bdffe,664,2025-09-12,September 2025,2025-09-12T16:00:00Z,2025-09-14T03:59:59Z,conservative end of next calendar day in America/New_York; USDA says consolidated CSV updates the day after WASDE,2026-08-20T15:50:03Z,WASDE-664-V1,false,usda_wasde_664_v1_d30b256bdffe,https://www.usda.gov/sites/default/files/documents/oce-wasde-report-data-2025-09.csv,d30b256bdffe4a14f4599abf8511f8f18c9fcb21c9ea39d869051a9634603349,U.S. Sugar Supply and Use,Sugar,United States,2023/24,,Production,9313.00,9313,"1000 Short Tons, Raw Value","1000 Short Tons, Raw Value",
WASDE-664-V1:d30b256bdffe,664,2025-09-12,September 2025,2025-09-12T16:00:00Z,2025-09-14T03:59:59Z,conservative end of next calendar day in America/New_York; USDA says consolidated CSV updates the day after WASDE,2026-08-20T15:50:03Z,WASDE-664-V1,false,usda_wasde_664_v1_d30b256bdffe,https://www.usda.gov/sites/default/files/documents/oce-wasde-report-data-2025-09.csv,d30b256bdffe4a14f4599abf8511f8f18c9fcb21c9ea39d869051a9634603349,U.S. Sugar Supply and Use,Sugar,United States,2023/24,,Stocks to Use Ratio,16.60,16.6,"1000 Short Tons, Raw Value",Percent,USDA historical CSV labels Stocks to Use Ratio with the table's tonnage unit; value is normalized as percent while the raw unit is retained.
WASDE-664-V1:d30b256bdffe,664,2025-09-12,September 2025,2025-09-12T16:00:00Z,2025-09-14T03:59:59Z,conservative end of next calendar day in America/New_York; USDA says consolidated CSV updates the day after WASDE,2026-08-20T15:50:03Z,WASDE-664-V1,false,usda_wasde_664_v1_d30b256bdffe,https://www.usda.gov/sites/default/files/documents/oce-wasde-report-data-2025-09.csv,d30b256bdffe4a14f4599abf8511f8f18c9fcb21c9ea39d869051a9634603349,U.S. Sugar Supply and Use,Sugar,United States,2023/24,,TRQ,1788.00,1788,"1000 Short Tons, Raw Value","1000 Short Tons, Raw Value",
WASDE-664-V1:d30b256bdffe,664,2025-09-12,September 2025,2025-09-12T16:00:00Z,2025-09-14T03:59:59Z,conservative end of next calendar day in America/New_York; USDA says consolidated CSV updates the day after WASDE,2026-08-20T15:50:03Z,WASDE-664-V1,false,usda_wasde_664_v1_d30b256bdffe,https://www.usda.gov/sites/default/files/documents/oce-wasde-report-data-2025-09.csv,d30b256bdffe4a14f4599abf8511f8f18c9fcb21c9ea39d869051a9634603349,U.S. Sugar Supply and Use,Sugar,United States,2023/24,,Texas,40.00,40,"1000 Short Tons, Raw Value","1000 Short Tons, Raw Value",
WASDE-664-V1:d30b256bdffe,664,2025-09-12,September 2025,2025-09-12T16:00:00Z,2025-09-14T03:59:59Z,conservative end of next calendar day in America/New_York; USDA says consolidated CSV updates the day after WASDE,2026-08-20T15:50:03Z,WASDE-664-V1,false,usda_wasde_664_v1_d30b256bdffe,https://www.usda.gov/sites/default/files/documents/oce-wasde-report-data-2025-09.csv,d30b256bdffe4a14f4599abf8511f8f18c9fcb21c9ea39d869051a9634603349,U.S. Sugar Supply and Use,Sugar,United States,2023/24,,Total Supply,14995.00,14995,"1000 Short Tons, Raw Value","1000 Short Tons, Raw Value",
WASDE-664-V1:d30b256bdffe,664,2025-09-12,September 2025,2025-09-12T16:00:00Z,2025-09-14T03:59:59Z,conservative end of next calendar day in America/New_York; USDA says consolidated CSV updates the day after WASDE,2026-08-20T15:50:03Z,WASDE-664-V1,false,usda_wasde_664_v1_d30b256bdffe,https://www.usda.gov/sites/default/files/documents/oce-wasde-report-data-2025-09.csv,d30b256bdffe4a14f4599abf8511f8f18c9fcb21c9ea39d869051a9634603349,U.S. Sugar Supply and Use,Sugar,United States,2023/24,,Total Use,12864.00,12864,"1000 Short Tons, Raw Value","1000 Short Tons, Raw Value",
WASDE-664-V1:d30b256bdffe,664,2025-09-12,September 2025,2025-09-12T16:00:00Z,2025-09-14T03:59:59Z,conservative end of next calendar day in America/New_York; USDA says consolidated CSV updates the day after WASDE,2026-08-20T15:50:03Z,WASDE-664-V1,false,usda_wasde_664_v1_d30b256bdffe,https://www.usda.gov/sites/default/files/documents/oce-wasde-report-data-2025-09.csv,d30b256bdffe4a14f4599abf8511f8f18c9fcb21c9ea39d869051a9634603349,U.S. Sugar Supply and Use,Sugar,United States,2024/25,Est.,Beet Sugar,5332.00,5332,"1000 Short Tons, Raw Value","1000 Short Tons, Raw Value",
WASDE-664-V1:d30b256bdffe,664,2025-09-12,September 2025,2025-09-12T16:00:00Z,2025-09-14T03:59:59Z,conservative end of next calendar day in America/New_York; USDA says consolidated CSV updates the day after WASDE,2026-08-20T15:50:03Z,WASDE-664-V1,false,usda_wasde_664_v1_d30b256bdffe,https://www.usda.gov/sites/default/files/documents/oce-wasde-report-data-2025-09.csv,d30b256bdffe4a14f4599abf8511f8f18c9fcb21c9ea39d869051a9634603349,U.S. Sugar Supply and Use,Sugar,United States,2024/25,Est.,Beginning Stocks,2131.00,2131,"1000 Short Tons, Raw Value","1000 Short Tons, Raw Value",
WASDE-664-V1:d30b256bdffe,664,2025-09-12,September 2025,2025-09-12T16:00:00Z,2025-09-14T03:59:59Z,conservative end of next calendar day in America/New_York; USDA says consolidated CSV updates the day after WASDE,2026-08-20T15:50:03Z,WASDE-664-V1,false,usda_wasde_664_v1_d30b256bdffe,https://www.usda.gov/sites/default/files/documents/oce-wasde-report-data-2025-09.csv,d30b256bdffe4a14f4599abf8511f8f18c9fcb21c9ea39d869051a9634603349,U.S. Sugar Supply and Use,Sugar,United States,2024/25,Est.,Cane Sugar,3971.00,3971,"1000 Short Tons, Raw Value","1000 Short Tons, Raw Value",
WASDE-664-V1:d30b256bdffe,664,2025-09-12,September 2025,2025-09-12T16:00:00Z,2025-09-14T03:59:59Z,conservative end of next calendar day in America/New_York; USDA says consolidated CSV updates the day after WASDE,2026-08-20T15:50:03Z,WASDE-664-V1,false,usda_wasde_664_v1_d30b256bdffe,https://www.usda.gov/sites/default/files/documents/oce-wasde-report-data-2025-09.csv,d30b256bdffe4a14f4599abf8511f8f18c9fcb21c9ea39d869051a9634603349,U.S. Sugar Supply and Use,Sugar,United States,2024/25,Est.,Deliveries,12155.00,12155,"1000 Short Tons, Raw Value","1000 Short Tons, Raw Value",
WASDE-664-V1:d30b256bdffe,664,2025-09-12,September 2025,2025-09-12T16:00:00Z,2025-09-14T03:59:59Z,conservative end of next calendar day in America/New_York; USDA says consolidated CSV updates the day after WASDE,2026-08-20T15:50:03Z,WASDE-664-V1,false,usda_wasde_664_v1_d30b256bdffe,https://www.usda.gov/sites/default/files/documents/oce-wasde-report-data-2025-09.csv,d30b256bdffe4a14f4599abf8511f8f18c9fcb21c9ea39d869051a9634603349,U.S. Sugar Supply and Use,Sugar,United States,2024/25,Est.,Ending Stocks,2436.00,2436,"1000 Short Tons, Raw Value","1000 Short Tons, Raw Value",
WASDE-664-V1:d30b256bdffe,664,2025-09-12,September 2025,2025-09-12T16:00:00Z,2025-09-14T03:59:59Z,conservative end of next calendar day in America/New_York; USDA says consolidated CSV updates the day after WASDE,2026-08-20T15:50:03Z,WASDE-664-V1,false,usda_wasde_664_v1_d30b256bdffe,https://www.usda.gov/sites/default/files/documents/oce-wasde-report-data-2025-09.csv,d30b256bdffe4a14f4599abf8511f8f18c9fcb21c9ea39d869051a9634603349,U.S. Sugar Supply and Use,Sugar,United States,2024/25,Est.,Exports,125.00,125,"1000 Short Tons, Raw Value","1000 Short Tons, Raw Value",
WASDE-664-V1:d30b256bdffe,664,2025-09-12,September 2025,2025-09-12T16:00:00Z,2025-09-14T03:59:59Z,conservative end of next calendar day in America/New_York; USDA says consolidated CSV updates the day after WASDE,2026-08-20T15:50:03Z,WASDE-664-V1,false,usda_wasde_664_v1_d30b256bdffe,https://www.usda.gov/sites/default/files/documents/oce-wasde-report-data-2025-09.csv,d30b256bdffe4a14f4599abf8511f8f18c9fcb21c9ea39d869051a9634603349,U.S. Sugar Supply and Use,Sugar,United States,2024/25,Est.,Exports - Other,110.00,110,"1000 Short Tons, Raw Value","1000 Short Tons, Raw Value",
WASDE-664-V1:d30b256bdffe,664,2025-09-12,September 2025,2025-09-12T16:00:00Z,2025-09-14T03:59:59Z,conservative end of next calendar day in America/New_York; USDA says consolidated CSV updates the day after WASDE,2026-08-20T15:50:03Z,WASDE-664-V1,false,usda_wasde_664_v1_d30b256bdffe,https://www.usda.gov/sites/default/files/documents/oce-wasde-report-data-2025-09.csv,d30b256bdffe4a14f4599abf8511f8f18c9fcb21c9ea39d869051a9634603349,U.S. Sugar Supply and Use,Sugar,United States,2024/25,Est.,Florida,1927.00,1927,"1000 Short Tons, Raw Value","1000 Short Tons, Raw Value",
WASDE-664-V1:d30b256bdffe,664,2025-09-12,September 2025,2025-09-12T16:00:00Z,2025-09-14T03:59:59Z,conservative end of next calendar day in America/New_York; USDA says consolidated CSV updates the day after WASDE,2026-08-20T15:50:03Z,WASDE-664-V1,false,usda_wasde_664_v1_d30b256bdffe,https://www.usda.gov/sites/default/files/documents/oce-wasde-report-data-2025-09.csv,d30b256bdffe4a14f4599abf8511f8f18c9fcb21c9ea39d869051a9634603349,U.S. Sugar Supply and Use,Sugar,United States,2024/25,Est.,Food,12045.00,12045,"1000 Short Tons, Raw Value","1000 Short Tons, Raw Value",
WASDE-664-V1:d30b256bdffe,664,2025-09-12,September 2025,2025-09-12T16:00:00Z,2025-09-14T03:59:59Z,conservative end of next calendar day in America/New_York; USDA says consolidated CSV updates the day after WASDE,2026-08-20T15:50:03Z,WASDE-664-V1,false,usda_wasde_664_v1_d30b256bdffe,https://www.usda.gov/sites/default/files/documents/oce-wasde-report-data-2025-09.csv,d30b256bdffe4a14f4599abf8511f8f18c9fcb21c9ea39d869051a9634603349,U.S. Sugar Supply and Use,Sugar,United States,2024/25,Est.,High-tier tariff/other,910.00,910,"1000 Short Tons, Raw Value","1000 Short Tons, Raw Value",
WASDE-664-V1:d30b256bdffe,664,2025-09-12,September 2025,2025-09-12T16:00:00Z,2025-09-14T03:59:59Z,conservative end of next calendar day in America/New_York; USDA says consolidated CSV updates the day after WASDE,2026-08-20T15:50:03Z,WASDE-664-V1,false,usda_wasde_664_v1_d30b256bdffe,https://www.usda.gov/sites/default/files/documents/oce-wasde-report-data-2025-09.csv,d30b256bdffe4a14f4599abf8511f8f18c9fcb21c9ea39d869051a9634603349,U.S. Sugar Supply and Use,Sugar,United States,2024/25,Est.,Imports,3283.00,3283,"1000 Short Tons, Raw Value","1000 Short Tons, Raw Value",
WASDE-664-V1:d30b256bdffe,664,2025-09-12,September 2025,2025-09-12T16:00:00Z,2025-09-14T03:59:59Z,conservative end of next calendar day in America/New_York; USDA says consolidated CSV updates the day after WASDE,2026-08-20T15:50:03Z,WASDE-664-V1,false,usda_wasde_664_v1_d30b256bdffe,https://www.usda.gov/sites/default/files/documents/oce-wasde-report-data-2025-09.csv,d30b256bdffe4a14f4599abf8511f8f18c9fcb21c9ea39d869051a9634603349,U.S. Sugar Supply and Use,Sugar,United States,2024/25,Est.,Louisiana,2044.00,2044,"1000 Short Tons, Raw Value","1000 Short Tons, Raw Value",
WASDE-664-V1:d30b256bdffe,664,2025-09-12,September 2025,2025-09-12T16:00:00Z,2025-09-14T03:59:59Z,conservative end of next calendar day in America/New_York; USDA says consolidated CSV updates the day after WASDE,2026-08-20T15:50:03Z,WASDE-664-V1,false,usda_wasde_664_v1_d30b256bdffe,https://www.usda.gov/sites/default/files/documents/oce-wasde-report-data-2025-09.csv,d30b256bdffe4a14f4599abf8511f8f18c9fcb21c9ea39d869051a9634603349,U.S. Sugar Supply and Use,Sugar,United States,2024/25,Est.,Mexico,497.00,497,"1000 Short Tons, Raw Value","1000 Short Tons, Raw Value",
WASDE-664-V1:d30b256bdffe,664,2025-09-12,September 2025,2025-09-12T16:00:00Z,2025-09-14T03:59:59Z,conservative end of next calendar day in America/New_York; USDA says consolidated CSV updates the day after WASDE,2026-08-20T15:50:03Z,WASDE-664-V1,false,usda_wasde_664_v1_d30b256bdffe,https://www.usda.gov/sites/default/files/documents/oce-wasde-report-data-2025-09.csv,d30b256bdffe4a14f4599abf8511f8f18c9fcb21c9ea39d869051a9634603349,U.S. Sugar Supply and Use,Sugar,United States,2024/25,Est.,Miscellaneous,.00,0,"1000 Short Tons, Raw Value","1000 Short Tons, Raw Value",
WASDE-664-V1:d30b256bdffe,664,2025-09-12,September 2025,2025-09-12T16:00:00Z,2025-09-14T03:59:59Z,conservative end of next calendar day in America/New_York; USDA says consolidated CSV updates the day after WASDE,2026-08-20T15:50:03Z,WASDE-664-V1,false,usda_wasde_664_v1_d30b256bdffe,https://www.usda.gov/sites/default/files/documents/oce-wasde-report-data-2025-09.csv,d30b256bdffe4a14f4599abf8511f8f18c9fcb21c9ea39d869051a9634603349,U.S. Sugar Supply and Use,Sugar,United States,2024/25,Est.,Non-program,1406.00,1406,"1000 Short Tons, Raw Value","1000 Short Tons, Raw Value",
WASDE-664-V1:d30b256bdffe,664,2025-09-12,September 2025,2025-09-12T16:00:00Z,2025-09-14T03:59:59Z,conservative end of next calendar day in America/New_York; USDA says consolidated CSV updates the day after WASDE,2026-08-20T15:50:03Z,WASDE-664-V1,false,usda_wasde_664_v1_d30b256bdffe,https://www.usda.gov/sites/default/files/documents/oce-wasde-report-data-2025-09.csv,d30b256bdffe4a14f4599abf8511f8f18c9fcb21c9ea39d869051a9634603349,U.S. Sugar Supply and Use,Sugar,United States,2024/25,Est.,Other Program,360.00,360,"1000 Short Tons, Raw Value","1000 Short Tons, Raw Value",
WASDE-664-V1:d30b256bdffe,664,2025-09-12,September 2025,2025-09-12T16:00:00Z,2025-09-14T03:59:59Z,conservative end of next calendar day in America/New_York; USDA says consolidated CSV updates the day after WASDE,2026-08-20T15:50:03Z,WASDE-664-V1,false,usda_wasde_664_v1_d30b256bdffe,https://www.usda.gov/sites/default/files/documents/oce-wasde-report-data-2025-09.csv,d30b256bdffe4a14f4599abf8511f8f18c9fcb21c9ea39d869051a9634603349,U.S. Sugar Supply and Use,Sugar,United States,2024/25,Est.,Production,9303.00,9303,"1000 Short Tons, Raw Value","1000 Short Tons, Raw Value",
WASDE-664-V1:d30b256bdffe,664,2025-09-12,September 2025,2025-09-12T16:00:00Z,2025-09-14T03:59:59Z,conservative end of next calendar day in America/New_York; USDA says consolidated CSV updates the day after WASDE,2026-08-20T15:50:03Z,WASDE-664-V1,false,usda_wasde_664_v1_d30b256bdffe,https://www.usda.gov/sites/default/files/documents/oce-wasde-report-data-2025-09.csv,d30b256bdffe4a14f4599abf8511f8f18c9fcb21c9ea39d869051a9634603349,U.S. Sugar Supply and Use,Sugar,United States,2024/25,Est.,Stocks to Use Ratio,19.80,19.8,"1000 Short Tons, Raw Value",Percent,USDA historical CSV labels Stocks to Use Ratio with the table's tonnage unit; value is normalized as percent while the raw unit is retained.
WASDE-664-V1:d30b256bdffe,664,2025-09-12,September 2025,2025-09-12T16:00:00Z,2025-09-14T03:59:59Z,conservative end of next calendar day in America/New_York; USDA says consolidated CSV updates the day after WASDE,2026-08-20T15:50:03Z,WASDE-664-V1,false,usda_wasde_664_v1_d30b256bdffe,https://www.usda.gov/sites/default/files/documents/oce-wasde-report-data-2025-09.csv,d30b256bdffe4a14f4599abf8511f8f18c9fcb21c9ea39d869051a9634603349,U.S. Sugar Supply and Use,Sugar,United States,2024/25,Est.,TRQ,1516.00,1516,"1000 Short Tons, Raw Value","1000 Short Tons, Raw Value",
WASDE-664-V1:d30b256bdffe,664,2025-09-12,September 2025,2025-09-12T16:00:00Z,2025-09-14T03:59:59Z,conservative end of next calendar day in America/New_York; USDA says consolidated CSV updates the day after WASDE,2026-08-20T15:50:03Z,WASDE-664-V1,false,usda_wasde_664_v1_d30b256bdffe,https://www.usda.gov/sites/default/files/documents/oce-wasde-report-data-2025-09.csv,d30b256bdffe4a14f4599abf8511f8f18c9fcb21c9ea39d869051a9634603349,U.S. Sugar Supply and Use,Sugar,United States,2024/25,Est.,Texas,.00,0,"1000 Short Tons, Raw Value","1000 Short Tons, Raw Value",
WASDE-664-V1:d30b256bdffe,664,2025-09-12,September 2025,2025-09-12T16:00:00Z,2025-09-14T03:59:59Z,conservative end of next calendar day in America/New_York; USDA says consolidated CSV updates the day after WASDE,2026-08-20T15:50:03Z,WASDE-664-V1,false,usda_wasde_664_v1_d30b256bdffe,https://www.usda.gov/sites/default/files/documents/oce-wasde-report-data-2025-09.csv,d30b256bdffe4a14f4599abf8511f8f18c9fcb21c9ea39d869051a9634603349,U.S. Sugar Supply and Use,Sugar,United States,2024/25,Est.,Total Supply,14716.00,14716,"1000 Short Tons, Raw Value","1000 Short Tons, Raw Value",
WASDE-664-V1:d30b256bdffe,664,2025-09-12,September 2025,2025-09-12T16:00:00Z,2025-09-14T03:59:59Z,conservative end of next calendar day in America/New_York; USDA says consolidated CSV updates the day after WASDE,2026-08-20T15:50:03Z,WASDE-664-V1,false,usda_wasde_664_v1_d30b256bdffe,https://www.usda.gov/sites/default/files/documents/oce-wasde-report-data-2025-09.csv,d30b256bdffe4a14f4599abf8511f8f18c9fcb21c9ea39d869051a9634603349,U.S. Sugar Supply and Use,Sugar,United States,2024/25,Est.,Total Use,12280.00,12280,"1000 Short Tons, Raw Value","1000 Short Tons, Raw Value",
WASDE-664-V1:d30b256bdffe,664,2025-09-12,September 2025,2025-09-12T16:00:00Z,2025-09-14T03:59:59Z,conservative end of next calendar day in America/New_York; USDA says consolidated CSV updates the day after WASDE,2026-08-20T15:50:03Z,WASDE-664-V1,false,usda_wasde_664_v1_d30b256bdffe,https://www.usda.gov/sites/default/files/documents/oce-wasde-report-data-2025-09.csv,d30b256bdffe4a14f4599abf8511f8f18c9fcb21c9ea39d869051a9634603349,U.S. Sugar Supply and Use,Sugar,United States,2025/26,Proj.,Beet Sugar,5303.00,5303,"1000 Short Tons, Raw Value","1000 Short Tons, Raw Value",
WASDE-664-V1:d30b256bdffe,664,2025-09-12,September 2025,2025-09-12T16:00:00Z,2025-09-14T03:59:59Z,conservative end of next calendar day in America/New_York; USDA says consolidated CSV updates the day after WASDE,2026-08-20T15:50:03Z,WASDE-664-V1,false,usda_wasde_664_v1_d30b256bdffe,https://www.usda.gov/sites/default/files/documents/oce-wasde-report-data-2025-09.csv,d30b256bdffe4a14f4599abf8511f8f18c9fcb21c9ea39d869051a9634603349,U.S. Sugar Supply and Use,Sugar,United States,2025/26,Proj.,Beginning Stocks,2436.00,2436,"1000 Short Tons, Raw Value","1000 Short Tons, Raw Value",
WASDE-664-V1:d30b256bdffe,664,2025-09-12,September 2025,2025-09-12T16:00:00Z,2025-09-14T03:59:59Z,conservative end of next calendar day in America/New_York; USDA says consolidated CSV updates the day after WASDE,2026-08-20T15:50:03Z,WASDE-664-V1,false,usda_wasde_664_v1_d30b256bdffe,https://www.usda.gov/sites/default/files/documents/oce-wasde-report-data-2025-09.csv,d30b256bdffe4a14f4599abf8511f8f18c9fcb21c9ea39d869051a9634603349,U.S. Sugar Supply and Use,Sugar,United States,2025/26,Proj.,Cane Sugar,4167.00,4167,"1000 Short Tons, Raw Value","1000 Short Tons, Raw Value",
WASDE-664-V1:d30b256bdffe,664,2025-09-12,September 2025,2025-09-12T16:00:00Z,2025-09-14T03:59:59Z,conservative end of next calendar day in America/New_York; USDA says consolidated CSV updates the day after WASDE,2026-08-20T15:50:03Z,WASDE-664-V1,false,usda_wasde_664_v1_d30b256bdffe,https://www.usda.gov/sites/default/files/documents/oce-wasde-report-data-2025-09.csv,d30b256bdffe4a14f4599abf8511f8f18c9fcb21c9ea39d869051a9634603349,U.S. Sugar Supply and Use,Sugar,United States,2025/26,Proj.,Deliveries,12065.00,12065,"1000 Short Tons, Raw Value","1000 Short Tons, Raw Value",
WASDE-664-V1:d30b256bdffe,664,2025-09-12,September 2025,2025-09-12T16:00:00Z,2025-09-14T03:59:59Z,conservative end of next calendar day in America/New_York; USDA says consolidated CSV updates the day after WASDE,2026-08-20T15:50:03Z,WASDE-664-V1,false,usda_wasde_664_v1_d30b256bdffe,https://www.usda.gov/sites/default/files/documents/oce-wasde-report-data-2025-09.csv,d30b256bdffe4a14f4599abf8511f8f18c9fcb21c9ea39d869051a9634603349,U.S. Sugar Supply and Use,Sugar,United States,2025/26,Proj.,Ending Stocks,1976.00,1976,"1000 Short Tons, Raw Value","1000 Short Tons, Raw Value",
WASDE-664-V1:d30b256bdffe,664,2025-09-12,September 2025,2025-09-12T16:00:00Z,2025-09-14T03:59:59Z,conservative end of next calendar day in America/New_York; USDA says consolidated CSV updates the day after WASDE,2026-08-20T15:50:03Z,WASDE-664-V1,false,usda_wasde_664_v1_d30b256bdffe,https://www.usda.gov/sites/default/files/documents/oce-wasde-report-data-2025-09.csv,d30b256bdffe4a14f4599abf8511f8f18c9fcb21c9ea39d869051a9634603349,U.S. Sugar Supply and Use,Sugar,United States,2025/26,Proj.,Exports,100.00,100,"1000 Short Tons, Raw Value","1000 Short Tons, Raw Value",
WASDE-664-V1:d30b256bdffe,664,2025-09-12,September 2025,2025-09-12T16:00:00Z,2025-09-14T03:59:59Z,conservative end of next calendar day in America/New_York; USDA says consolidated CSV updates the day after WASDE,2026-08-20T15:50:03Z,WASDE-664-V1,false,usda_wasde_664_v1_d30b256bdffe,https://www.usda.gov/sites/default/files/documents/oce-wasde-report-data-2025-09.csv,d30b256bdffe4a14f4599abf8511f8f18c9fcb21c9ea39d869051a9634603349,U.S. Sugar Supply and Use,Sugar,United States,2025/26,Proj.,Exports - Other,105.00,105,"1000 Short Tons, Raw Value","1000 Short Tons, Raw Value",
WASDE-664-V1:d30b256bdffe,664,2025-09-12,September 2025,2025-09-12T16:00:00Z,2025-09-14T03:59:59Z,conservative end of next calendar day in America/New_York; USDA says consolidated CSV updates the day after WASDE,2026-08-20T15:50:03Z,WASDE-664-V1,false,usda_wasde_664_v1_d30b256bdffe,https://www.usda.gov/sites/default/files/documents/oce-wasde-report-data-2025-09.csv,d30b256bdffe4a14f4599abf8511f8f18c9fcb21c9ea39d869051a9634603349,U.S. Sugar Supply and Use,Sugar,United States,2025/26,Proj.,Florida,2051.00,2051,"1000 Short Tons, Raw Value","1000 Short Tons, Raw Value",
WASDE-664-V1:d30b256bdffe,664,2025-09-12,September 2025,2025-09-12T16:00:00Z,2025-09-14T03:59:59Z,conservative end of next calendar day in America/New_York; USDA says consolidated CSV updates the day after WASDE,2026-08-20T15:50:03Z,WASDE-664-V1,false,usda_wasde_664_v1_d30b256bdffe,https://www.usda.gov/sites/default/files/documents/oce-wasde-report-data-2025-09.csv,d30b256bdffe4a14f4599abf8511f8f18c9fcb21c9ea39d869051a9634603349,U.S. Sugar Supply and Use,Sugar,United States,2025/26,Proj.,Food,11960.00,11960,"1000 Short Tons, Raw Value","1000 Short Tons, Raw Value",
WASDE-664-V1:d30b256bdffe,664,2025-09-12,September 2025,2025-09-12T16:00:00Z,2025-09-14T03:59:59Z,conservative end of next calendar day in America/New_York; USDA says consolidated CSV updates the day after WASDE,2026-08-20T15:50:03Z,WASDE-664-V1,false,usda_wasde_664_v1_d30b256bdffe,https://www.usda.gov/sites/default/files/documents/oce-wasde-report-data-2025-09.csv,d30b256bdffe4a14f4599abf8511f8f18c9fcb21c9ea39d869051a9634603349,U.S. Sugar Supply and Use,Sugar,United States,2025/26,Proj.,High-tier tariff/other,422.00,422,"1000 Short Tons, Raw Value","1000 Short Tons, Raw Value",
WASDE-664-V1:d30b256bdffe,664,2025-09-12,September 2025,2025-09-12T16:00:00Z,2025-09-14T03:59:59Z,conservative end of next calendar day in America/New_York; USDA says consolidated CSV updates the day after WASDE,2026-08-20T15:50:03Z,WASDE-664-V1,false,usda_wasde_664_v1_d30b256bdffe,https://www.usda.gov/sites/default/files/documents/oce-wasde-report-data-2025-09.csv,d30b256bdffe4a14f4599abf8511f8f18c9fcb21c9ea39d869051a9634603349,U.S. Sugar Supply and Use,Sugar,United States,2025/26,Proj.,Imports,2235.00,2235,"1000 Short Tons, Raw Value","1000 Short Tons, Raw Value",
WASDE-664-V1:d30b256bdffe,664,2025-09-12,September 2025,2025-09-12T16:00:00Z,2025-09-14T03:59:59Z,conservative end of next calendar day in America/New_York; USDA says consolidated CSV updates the day after WASDE,2026-08-20T15:50:03Z,WASDE-664-V1,false,usda_wasde_664_v1_d30b256bdffe,https://www.usda.gov/sites/default/files/documents/oce-wasde-report-data-2025-09.csv,d30b256bdffe4a14f4599abf8511f8f18c9fcb21c9ea39d869051a9634603349,U.S. Sugar Supply and Use,Sugar,United States,2025/26,Proj.,Louisiana,2116.00,2116,"1000 Short Tons, Raw Value","1000 Short Tons, Raw Value",
WASDE-664-V1:d30b256bdffe,664,2025-09-12,September 2025,2025-09-12T16:00:00Z,2025-09-14T03:59:59Z,conservative end of next calendar day in America/New_York; USDA says consolidated CSV updates the day after WASDE,2026-08-20T15:50:03Z,WASDE-664-V1,false,usda_wasde_664_v1_d30b256bdffe,https://www.usda.gov/sites/default/files/documents/oce-wasde-report-data-2025-09.csv,d30b256bdffe4a14f4599abf8511f8f18c9fcb21c9ea39d869051a9634603349,U.S. Sugar Supply and Use,Sugar,United States,2025/26,Proj.,Mexico,220.00,220,"1000 Short Tons, Raw Value","1000 Short Tons, Raw Value",
WASDE-664-V1:d30b256bdffe,664,2025-09-12,September 2025,2025-09-12T16:00:00Z,2025-09-14T03:59:59Z,conservative end of next calendar day in America/New_York; USDA says consolidated CSV updates the day after WASDE,2026-08-20T15:50:03Z,WASDE-664-V1,false,usda_wasde_664_v1_d30b256bdffe,https://www.usda.gov/sites/default/files/documents/oce-wasde-report-data-2025-09.csv,d30b256bdffe4a14f4599abf8511f8f18c9fcb21c9ea39d869051a9634603349,U.S. Sugar Supply and Use,Sugar,United States,2025/26,Proj.,Miscellaneous,.00,0,"1000 Short Tons, Raw Value","1000 Short Tons, Raw Value",
WASDE-664-V1:d30b256bdffe,664,2025-09-12,September 2025,2025-09-12T16:00:00Z,2025-09-14T03:59:59Z,conservative end of next calendar day in America/New_York; USDA says consolidated CSV updates the day after WASDE,2026-08-20T15:50:03Z,WASDE-664-V1,false,usda_wasde_664_v1_d30b256bdffe,https://www.usda.gov/sites/default/files/documents/oce-wasde-report-data-2025-09.csv,d30b256bdffe4a14f4599abf8511f8f18c9fcb21c9ea39d869051a9634603349,U.S. Sugar Supply and Use,Sugar,United States,2025/26,Proj.,Non-program,642.00,642,"1000 Short Tons, Raw Value","1000 Short Tons, Raw Value",
WASDE-664-V1:d30b256bdffe,664,2025-09-12,September 2025,2025-09-12T16:00:00Z,2025-09-14T03:59:59Z,conservative end of next calendar day in America/New_York; USDA says consolidated CSV updates the day after WASDE,2026-08-20T15:50:03Z,WASDE-664-V1,false,usda_wasde_664_v1_d30b256bdffe,https://www.usda.gov/sites/default/files/documents/oce-wasde-report-data-2025-09.csv,d30b256bdffe4a14f4599abf8511f8f18c9fcb21c9ea39d869051a9634603349,U.S. Sugar Supply and Use,Sugar,United States,2025/26,Proj.,Other Program,200.00,200,"1000 Short Tons, Raw Value","1000 Short Tons, Raw Value",
WASDE-664-V1:d30b256bdffe,664,2025-09-12,September 2025,2025-09-12T16:00:00Z,2025-09-14T03:59:59Z,conservative end of next calendar day in America/New_York; USDA says consolidated CSV updates the day after WASDE,2026-08-20T15:50:03Z,WASDE-664-V1,false,usda_wasde_664_v1_d30b256bdffe,https://www.usda.gov/sites/default/files/documents/oce-wasde-report-data-2025-09.csv,d30b256bdffe4a14f4599abf8511f8f18c9fcb21c9ea39d869051a9634603349,U.S. Sugar Supply and Use,Sugar,United States,2025/26,Proj.,Production,9470.00,9470,"1000 Short Tons, Raw Value","1000 Short Tons, Raw Value",
WASDE-664-V1:d30b256bdffe,664,2025-09-12,September 2025,2025-09-12T16:00:00Z,2025-09-14T03:59:59Z,conservative end of next calendar day in America/New_York; USDA says consolidated CSV updates the day after WASDE,2026-08-20T15:50:03Z,WASDE-664-V1,false,usda_wasde_664_v1_d30b256bdffe,https://www.usda.gov/sites/default/files/documents/oce-wasde-report-data-2025-09.csv,d30b256bdffe4a14f4599abf8511f8f18c9fcb21c9ea39d869051a9634603349,U.S. Sugar Supply and Use,Sugar,United States,2025/26,Proj.,Stocks to Use Ratio,16.20,16.2,"1000 Short Tons, Raw Value",Percent,USDA historical CSV labels Stocks to Use Ratio with the table's tonnage unit; value is normalized as percent while the raw unit is retained.
WASDE-664-V1:d30b256bdffe,664,2025-09-12,September 2025,2025-09-12T16:00:00Z,2025-09-14T03:59:59Z,conservative end of next calendar day in America/New_York; USDA says consolidated CSV updates the day after WASDE,2026-08-20T15:50:03Z,WASDE-664-V1,false,usda_wasde_664_v1_d30b256bdffe,https://www.usda.gov/sites/default/files/documents/oce-wasde-report-data-2025-09.csv,d30b256bdffe4a14f4599abf8511f8f18c9fcb21c9ea39d869051a9634603349,U.S. Sugar Supply and Use,Sugar,United States,2025/26,Proj.,TRQ,1393.00,1393,"1000 Short Tons, Raw Value","1000 Short Tons, Raw Value",
WASDE-664-V1:d30b256bdffe,664,2025-09-12,September 2025,2025-09-12T16:00:00Z,2025-09-14T03:59:59Z,conservative end of next calendar day in America/New_York; USDA says consolidated CSV updates the day after WASDE,2026-08-20T15:50:03Z,WASDE-664-V1,false,usda_wasde_664_v1_d30b256bdffe,https://www.usda.gov/sites/default/files/documents/oce-wasde-report-data-2025-09.csv,d30b256bdffe4a14f4599abf8511f8f18c9fcb21c9ea39d869051a9634603349,U.S. Sugar Supply and Use,Sugar,United States,2025/26,Proj.,Texas,.00,0,"1000 Short Tons, Raw Value","1000 Short Tons, Raw Value",
WASDE-664-V1:d30b256bdffe,664,2025-09-12,September 2025,2025-09-12T16:00:00Z,2025-09-14T03:59:59Z,conservative end of next calendar day in America/New_York; USDA says consolidated CSV updates the day after WASDE,2026-08-20T15:50:03Z,WASDE-664-V1,false,usda_wasde_664_v1_d30b256bdffe,https://www.usda.gov/sites/default/files/documents/oce-wasde-report-data-2025-09.csv,d30b256bdffe4a14f4599abf8511f8f18c9fcb21c9ea39d869051a9634603349,U.S. Sugar Supply and Use,Sugar,United States,2025/26,Proj.,Total Supply,14141.00,14141,"1000 Short Tons, Raw Value","1000 Short Tons, Raw Value",
WASDE-664-V1:d30b256bdffe,664,2025-09-12,September 2025,2025-09-12T16:00:00Z,2025-09-14T03:59:59Z,conservative end of next calendar day in America/New_York; USDA says consolidated CSV updates the day after WASDE,2026-08-20T15:50:03Z,WASDE-664-V1,false,usda_wasde_664_v1_d30b256bdffe,https://www.usda.gov/sites/default/files/documents/oce-wasde-report-data-2025-09.csv,d30b256bdffe4a14f4599abf8511f8f18c9fcb21c9ea39d869051a9634603349,U.S. Sugar Supply and Use,Sugar,United States,2025/26,Proj.,Total Use,12165.00,12165,"1000 Short Tons, Raw Value","1000 Short Tons, Raw Value",
WASDE-665-V1:0d3d5151fa32,665,2025-11-14,November 2025,2025-11-14T17:00:00Z,2025-11-16T04:59:59Z,conservative end of next calendar day in America/New_York; USDA says consolidated CSV updates the day after WASDE,2026-08-20T15:50:03Z,WASDE-665-V1,false,usda_wasde_665_v1_0d3d5151fa32,https://www.usda.gov/sites/default/files/documents/oce-wasde-report-data-2025-11.csv,0d3d5151fa3295b33be84f04941ab287edf7030270136e1a6a2275110379e668,Mexico Sugar Supply and Use and High Fructose Corn Syrup Consumption,Sugar,Mexico,2024/25,Est.,Beginning Stocks,1418.00,1418,"1000 Metric Tons, Actual Weight","1000 Metric Tons, Actual Weight",
WASDE-665-V1:0d3d5151fa32,665,2025-11-14,November 2025,2025-11-14T17:00:00Z,2025-11-16T04:59:59Z,conservative end of next calendar day in America/New_York; USDA says consolidated CSV updates the day after WASDE,2026-08-20T15:50:03Z,WASDE-665-V1,false,usda_wasde_665_v1_0d3d5151fa32,https://www.usda.gov/sites/default/files/documents/oce-wasde-report-data-2025-11.csv,0d3d5151fa3295b33be84f04941ab287edf7030270136e1a6a2275110379e668,Mexico Sugar Supply and Use and High Fructose Corn Syrup Consumption,Sugar,Mexico,2024/25,Est.,Domestic,4210.00,4210,"1000 Metric Tons, Actual Weight","1000 Metric Tons, Actual Weight",
WASDE-665-V1:0d3d5151fa32,665,2025-11-14,November 2025,2025-11-14T17:00:00Z,2025-11-16T04:59:59Z,conservative end of next calendar day in America/New_York; USDA says consolidated CSV updates the day after WASDE,2026-08-20T15:50:03Z,WASDE-665-V1,false,usda_wasde_665_v1_0d3d5151fa32,https://www.usda.gov/sites/default/files/documents/oce-wasde-report-data-2025-11.csv,0d3d5151fa3295b33be84f04941ab287edf7030270136e1a6a2275110379e668,Mexico Sugar Supply and Use and High Fructose Corn Syrup Consumption,Sugar,Mexico,2024/25,Est.,Ending Stocks,1123.00,1123,"1000 Metric Tons, Actual Weight","1000 Metric Tons, Actual Weight",
WASDE-665-V1:0d3d5151fa32,665,2025-11-14,November 2025,2025-11-14T17:00:00Z,2025-11-16T04:59:59Z,conservative end of next calendar day in America/New_York; USDA says consolidated CSV updates the day after WASDE,2026-08-20T15:50:03Z,WASDE-665-V1,false,usda_wasde_665_v1_0d3d5151fa32,https://www.usda.gov/sites/default/files/documents/oce-wasde-report-data-2025-11.csv,0d3d5151fa3295b33be84f04941ab287edf7030270136e1a6a2275110379e668,Mexico Sugar Supply and Use and High Fructose Corn Syrup Consumption,Sugar,Mexico,2024/25,Est.,Exports,1023.00,1023,"1000 Metric Tons, Actual Weight","1000 Metric Tons, Actual Weight",
WASDE-665-V1:0d3d5151fa32,665,2025-11-14,November 2025,2025-11-14T17:00:00Z,2025-11-16T04:59:59Z,conservative end of next calendar day in America/New_York; USDA says consolidated CSV updates the day after WASDE,2026-08-20T15:50:03Z,WASDE-665-V1,false,usda_wasde_665_v1_0d3d5151fa32,https://www.usda.gov/sites/default/files/documents/oce-wasde-report-data-2025-11.csv,0d3d5151fa3295b33be84f04941ab287edf7030270136e1a6a2275110379e668,Mexico Sugar Supply and Use and High Fructose Corn Syrup Consumption,Sugar,Mexico,2024/25,Est.,Imports,167.00,167,"1000 Metric Tons, Actual Weight","1000 Metric Tons, Actual Weight",
WASDE-665-V1:0d3d5151fa32,665,2025-11-14,November 2025,2025-11-14T17:00:00Z,2025-11-16T04:59:59Z,conservative end of next calendar day in America/New_York; USDA says consolidated CSV updates the day after WASDE,2026-08-20T15:50:03Z,WASDE-665-V1,false,usda_wasde_665_v1_0d3d5151fa32,https://www.usda.gov/sites/default/files/documents/oce-wasde-report-data-2025-11.csv,0d3d5151fa3295b33be84f04941ab287edf7030270136e1a6a2275110379e668,Mexico Sugar Supply and Use and High Fructose Corn Syrup Consumption,Sugar,Mexico,2024/25,Est.,Production,4771.00,4771,"1000 Metric Tons, Actual Weight","1000 Metric Tons, Actual Weight",
WASDE-665-V1:0d3d5151fa32,665,2025-11-14,November 2025,2025-11-14T17:00:00Z,2025-11-16T04:59:59Z,conservative end of next calendar day in America/New_York; USDA says consolidated CSV updates the day after WASDE,2026-08-20T15:50:03Z,WASDE-665-V1,false,usda_wasde_665_v1_0d3d5151fa32,https://www.usda.gov/sites/default/files/documents/oce-wasde-report-data-2025-11.csv,0d3d5151fa3295b33be84f04941ab287edf7030270136e1a6a2275110379e668,Mexico Sugar Supply and Use and High Fructose Corn Syrup Consumption,Sugar,Mexico,2025/26,Proj.,Beginning Stocks,1123.00,1123,"1000 Metric Tons, Actual Weight","1000 Metric Tons, Actual Weight",
WASDE-665-V1:0d3d5151fa32,665,2025-11-14,November 2025,2025-11-14T17:00:00Z,2025-11-16T04:59:59Z,conservative end of next calendar day in America/New_York; USDA says consolidated CSV updates the day after WASDE,2026-08-20T15:50:03Z,WASDE-665-V1,false,usda_wasde_665_v1_0d3d5151fa32,https://www.usda.gov/sites/default/files/documents/oce-wasde-report-data-2025-11.csv,0d3d5151fa3295b33be84f04941ab287edf7030270136e1a6a2275110379e668,Mexico Sugar Supply and Use and High Fructose Corn Syrup Consumption,Sugar,Mexico,2025/26,Proj.,Domestic,4514.00,4514,"1000 Metric Tons, Actual Weight","1000 Metric Tons, Actual Weight",
WASDE-665-V1:0d3d5151fa32,665,2025-11-14,November 2025,2025-11-14T17:00:00Z,2025-11-16T04:59:59Z,conservative end of next calendar day in America/New_York; USDA says consolidated CSV updates the day after WASDE,2026-08-20T15:50:03Z,WASDE-665-V1,false,usda_wasde_665_v1_0d3d5151fa32,https://www.usda.gov/sites/default/files/documents/oce-wasde-report-data-2025-11.csv,0d3d5151fa3295b33be84f04941ab287edf7030270136e1a6a2275110379e668,Mexico Sugar Supply and Use and High Fructose Corn Syrup Consumption,Sugar,Mexico,2025/26,Proj.,Ending Stocks,1077.00,1077,"1000 Metric Tons, Actual Weight","1000 Metric Tons, Actual Weight",
WASDE-665-V1:0d3d5151fa32,665,2025-11-14,November 2025,2025-11-14T17:00:00Z,2025-11-16T04:59:59Z,conservative end of next calendar day in America/New_York; USDA says consolidated CSV updates the day after WASDE,2026-08-20T15:50:03Z,WASDE-665-V1,false,usda_wasde_665_v1_0d3d5151fa32,https://www.usda.gov/sites/default/files/documents/oce-wasde-report-data-2025-11.csv,0d3d5151fa3295b33be84f04941ab287edf7030270136e1a6a2275110379e668,Mexico Sugar Supply and Use and High Fructose Corn Syrup Consumption,Sugar,Mexico,2025/26,Proj.,Exports,649.00,649,"1000 Metric Tons, Actual Weight","1000 Metric Tons, Actual Weight",
WASDE-665-V1:0d3d5151fa32,665,2025-11-14,November 2025,2025-11-14T17:00:00Z,2025-11-16T04:59:59Z,conservative end of next calendar day in America/New_York; USDA says consolidated CSV updates the day after WASDE,2026-08-20T15:50:03Z,WASDE-665-V1,false,usda_wasde_665_v1_0d3d5151fa32,https://www.usda.gov/sites/default/files/documents/oce-wasde-report-data-2025-11.csv,0d3d5151fa3295b33be84f04941ab287edf7030270136e1a6a2275110379e668,Mexico Sugar Supply and Use and High Fructose Corn Syrup Consumption,Sugar,Mexico,2025/26,Proj.,Imports,98.00,98,"1000 Metric Tons, Actual Weight","1000 Metric Tons, Actual Weight",
WASDE-665-V1:0d3d5151fa32,665,2025-11-14,November 2025,2025-11-14T17:00:00Z,2025-11-16T04:59:59Z,conservative end of next calendar day in America/New_York; USDA says consolidated CSV updates the day after WASDE,2026-08-20T15:50:03Z,WASDE-665-V1,false,usda_wasde_665_v1_0d3d5151fa32,https://www.usda.gov/sites/default/files/documents/oce-wasde-report-data-2025-11.csv,0d3d5151fa3295b33be84f04941ab287edf7030270136e1a6a2275110379e668,Mexico Sugar Supply and Use and High Fructose Corn Syrup Consumption,Sugar,Mexico,2025/26,Proj.,Production,5019.00,5019,"1000 Metric Tons, Actual Weight","1000 Metric Tons, Actual Weight",
WASDE-665-V1:0d3d5151fa32,665,2025-11-14,November 2025,2025-11-14T17:00:00Z,2025-11-16T04:59:59Z,conservative end of next calendar day in America/New_York; USDA says consolidated CSV updates the day after WASDE,2026-08-20T15:50:03Z,WASDE-665-V1,false,usda_wasde_665_v1_0d3d5151fa32,https://www.usda.gov/sites/default/files/documents/oce-wasde-report-data-2025-11.csv,0d3d5151fa3295b33be84f04941ab287edf7030270136e1a6a2275110379e668,U.S. Sugar Supply and Use,Sugar,United States,2023/24,,Beet Sugar,5172.00,5172,"1000 Short Tons, Raw Value","1000 Short Tons, Raw Value",
WASDE-665-V1:0d3d5151fa32,665,2025-11-14,November 2025,2025-11-14T17:00:00Z,2025-11-16T04:59:59Z,conservative end of next calendar day in America/New_York; USDA says consolidated CSV updates the day after WASDE,2026-08-20T15:50:03Z,WASDE-665-V1,false,usda_wasde_665_v1_0d3d5151fa32,https://www.usda.gov/sites/default/files/documents/oce-wasde-report-data-2025-11.csv,0d3d5151fa3295b33be84f04941ab287edf7030270136e1a6a2275110379e668,U.S. Sugar Supply and Use,Sugar,United States,2023/24,,Beginning Stocks,1843.00,1843,"1000 Short Tons, Raw Value","1000 Short Tons, Raw Value",
WASDE-665-V1:0d3d5151fa32,665,2025-11-14,November 2025,2025-11-14T17:00:00Z,2025-11-16T04:59:59Z,conservative end of next calendar day in America/New_York; USDA says consolidated CSV updates the day after WASDE,2026-08-20T15:50:03Z,WASDE-665-V1,false,usda_wasde_665_v1_0d3d5151fa32,https://www.usda.gov/sites/default/files/documents/oce-wasde-report-data-2025-11.csv,0d3d5151fa3295b33be84f04941ab287edf7030270136e1a6a2275110379e668,U.S. Sugar Supply and Use,Sugar,United States,2023/24,,Cane Sugar,4141.00,4141,"1000 Short Tons, Raw Value","1000 Short Tons, Raw Value",
WASDE-665-V1:0d3d5151fa32,665,2025-11-14,November 2025,2025-11-14T17:00:00Z,2025-11-16T04:59:59Z,conservative end of next calendar day in America/New_York; USDA says consolidated CSV updates the day after WASDE,2026-08-20T15:50:03Z,WASDE-665-V1,false,usda_wasde_665_v1_0d3d5151fa32,https://www.usda.gov/sites/default/files/documents/oce-wasde-report-data-2025-11.csv,0d3d5151fa3295b33be84f04941ab287edf7030270136e1a6a2275110379e668,U.S. Sugar Supply and Use,Sugar,United States,2023/24,,Deliveries,12443.00,12443,"1000 Short Tons, Raw Value","1000 Short Tons, Raw Value",
WASDE-665-V1:0d3d5151fa32,665,2025-11-14,November 2025,2025-11-14T17:00:00Z,2025-11-16T04:59:59Z,conservative end of next calendar day in America/New_York; USDA says consolidated CSV updates the day after WASDE,2026-08-20T15:50:03Z,WASDE-665-V1,false,usda_wasde_665_v1_0d3d5151fa32,https://www.usda.gov/sites/default/files/documents/oce-wasde-report-data-2025-11.csv,0d3d5151fa3295b33be84f04941ab287edf7030270136e1a6a2275110379e668,U.S. Sugar Supply and Use,Sugar,United States,2023/24,,Ending Stocks,2220.00,2220,"1000 Short Tons, Raw Value","1000 Short Tons, Raw Value",
WASDE-665-V1:0d3d5151fa32,665,2025-11-14,November 2025,2025-11-14T17:00:00Z,2025-11-16T04:59:59Z,conservative end of next calendar day in America/New_York; USDA says consolidated CSV updates the day after WASDE,2026-08-20T15:50:03Z,WASDE-665-V1,false,usda_wasde_665_v1_0d3d5151fa32,https://www.usda.gov/sites/default/files/documents/oce-wasde-report-data-2025-11.csv,0d3d5151fa3295b33be84f04941ab287edf7030270136e1a6a2275110379e668,U.S. Sugar Supply and Use,Sugar,United States,2023/24,,Exports,249.00,249,"1000 Short Tons, Raw Value","1000 Short Tons, Raw Value",
WASDE-665-V1:0d3d5151fa32,665,2025-11-14,November 2025,2025-11-14T17:00:00Z,2025-11-16T04:59:59Z,conservative end of next calendar day in America/New_York; USDA says consolidated CSV updates the day after WASDE,2026-08-20T15:50:03Z,WASDE-665-V1,false,usda_wasde_665_v1_0d3d5151fa32,https://www.usda.gov/sites/default/files/documents/oce-wasde-report-data-2025-11.csv,0d3d5151fa3295b33be84f04941ab287edf7030270136e1a6a2275110379e668,U.S. Sugar Supply and Use,Sugar,United States,2023/24,,Exports - Other,106.00,106,"1000 Short Tons, Raw Value","1000 Short Tons, Raw Value",
WASDE-665-V1:0d3d5151fa32,665,2025-11-14,November 2025,2025-11-14T17:00:00Z,2025-11-16T04:59:59Z,conservative end of next calendar day in America/New_York; USDA says consolidated CSV updates the day after WASDE,2026-08-20T15:50:03Z,WASDE-665-V1,false,usda_wasde_665_v1_0d3d5151fa32,https://www.usda.gov/sites/default/files/documents/oce-wasde-report-data-2025-11.csv,0d3d5151fa3295b33be84f04941ab287edf7030270136e1a6a2275110379e668,U.S. Sugar Supply and Use,Sugar,United States,2023/24,,Florida,2079.00,2079,"1000 Short Tons, Raw Value","1000 Short Tons, Raw Value",
WASDE-665-V1:0d3d5151fa32,665,2025-11-14,November 2025,2025-11-14T17:00:00Z,2025-11-16T04:59:59Z,conservative end of next calendar day in America/New_York; USDA says consolidated CSV updates the day after WASDE,2026-08-20T15:50:03Z,WASDE-665-V1,false,usda_wasde_665_v1_0d3d5151fa32,https://www.usda.gov/sites/default/files/documents/oce-wasde-report-data-2025-11.csv,0d3d5151fa3295b33be84f04941ab287edf7030270136e1a6a2275110379e668,U.S. Sugar Supply and Use,Sugar,United States,2023/24,,Food,12336.00,12336,"1000 Short Tons, Raw Value","1000 Short Tons, Raw Value",
WASDE-665-V1:0d3d5151fa32,665,2025-11-14,November 2025,2025-11-14T17:00:00Z,2025-11-16T04:59:59Z,conservative end of next calendar day in America/New_York; USDA says consolidated CSV updates the day after WASDE,2026-08-20T15:50:03Z,WASDE-665-V1,false,usda_wasde_665_v1_0d3d5151fa32,https://www.usda.gov/sites/default/files/documents/oce-wasde-report-data-2025-11.csv,0d3d5151fa3295b33be84f04941ab287edf7030270136e1a6a2275110379e668,U.S. Sugar Supply and Use,Sugar,United States,2023/24,,High-tier tariff/other,1231.00,1231,"1000 Short Tons, Raw Value","1000 Short Tons, Raw Value",
WASDE-665-V1:0d3d5151fa32,665,2025-11-14,November 2025,2025-11-14T17:00:00Z,2025-11-16T04:59:59Z,conservative end of next calendar day in America/New_York; USDA says consolidated CSV updates the day after WASDE,2026-08-20T15:50:03Z,WASDE-665-V1,false,usda_wasde_665_v1_0d3d5151fa32,https://www.usda.gov/sites/default/files/documents/oce-wasde-report-data-2025-11.csv,0d3d5151fa3295b33be84f04941ab287edf7030270136e1a6a2275110379e668,U.S. Sugar Supply and Use,Sugar,United States,2023/24,,Imports,3840.00,3840,"1000 Short Tons, Raw Value","1000 Short Tons, Raw Value",
WASDE-665-V1:0d3d5151fa32,665,2025-11-14,November 2025,2025-11-14T17:00:00Z,2025-11-16T04:59:59Z,conservative end of next calendar day in America/New_York; USDA says consolidated CSV updates the day after WASDE,2026-08-20T15:50:03Z,WASDE-665-V1,false,usda_wasde_665_v1_0d3d5151fa32,https://www.usda.gov/sites/default/files/documents/oce-wasde-report-data-2025-11.csv,0d3d5151fa3295b33be84f04941ab287edf7030270136e1a6a2275110379e668,U.S. Sugar Supply and Use,Sugar,United States,2023/24,,Louisiana,2022.00,2022,"1000 Short Tons, Raw Value","1000 Short Tons, Raw Value",
WASDE-665-V1:0d3d5151fa32,665,2025-11-14,November 2025,2025-11-14T17:00:00Z,2025-11-16T04:59:59Z,conservative end of next calendar day in America/New_York; USDA says consolidated CSV updates the day after WASDE,2026-08-20T15:50:03Z,WASDE-665-V1,false,usda_wasde_665_v1_0d3d5151fa32,https://www.usda.gov/sites/default/files/documents/oce-wasde-report-data-2025-11.csv,0d3d5151fa3295b33be84f04941ab287edf7030270136e1a6a2275110379e668,U.S. Sugar Supply and Use,Sugar,United States,2023/24,,Mexico,521.00,521,"1000 Short Tons, Raw Value","1000 Short Tons, Raw Value",
WASDE-665-V1:0d3d5151fa32,665,2025-11-14,November 2025,2025-11-14T17:00:00Z,2025-11-16T04:59:59Z,conservative end of next calendar day in America/New_York; USDA says consolidated CSV updates the day after WASDE,2026-08-20T15:50:03Z,WASDE-665-V1,false,usda_wasde_665_v1_0d3d5151fa32,https://www.usda.gov/sites/default/files/documents/oce-wasde-report-data-2025-11.csv,0d3d5151fa3295b33be84f04941ab287edf7030270136e1a6a2275110379e668,U.S. Sugar Supply and Use,Sugar,United States,2023/24,,Miscellaneous,83.00,83,"1000 Short Tons, Raw Value","1000 Short Tons, Raw Value",
WASDE-665-V1:0d3d5151fa32,665,2025-11-14,November 2025,2025-11-14T17:00:00Z,2025-11-16T04:59:59Z,conservative end of next calendar day in America/New_York; USDA says consolidated CSV updates the day after WASDE,2026-08-20T15:50:03Z,WASDE-665-V1,false,usda_wasde_665_v1_0d3d5151fa32,https://www.usda.gov/sites/default/files/documents/oce-wasde-report-data-2025-11.csv,0d3d5151fa3295b33be84f04941ab287edf7030270136e1a6a2275110379e668,U.S. Sugar Supply and Use,Sugar,United States,2023/24,,Non-program,1752.00,1752,"1000 Short Tons, Raw Value","1000 Short Tons, Raw Value",
WASDE-665-V1:0d3d5151fa32,665,2025-11-14,November 2025,2025-11-14T17:00:00Z,2025-11-16T04:59:59Z,conservative end of next calendar day in America/New_York; USDA says consolidated CSV updates the day after WASDE,2026-08-20T15:50:03Z,WASDE-665-V1,false,usda_wasde_665_v1_0d3d5151fa32,https://www.usda.gov/sites/default/files/documents/oce-wasde-report-data-2025-11.csv,0d3d5151fa3295b33be84f04941ab287edf7030270136e1a6a2275110379e668,U.S. Sugar Supply and Use,Sugar,United States,2023/24,,Other Program,300.00,300,"1000 Short Tons, Raw Value","1000 Short Tons, Raw Value",
WASDE-665-V1:0d3d5151fa32,665,2025-11-14,November 2025,2025-11-14T17:00:00Z,2025-11-16T04:59:59Z,conservative end of next calendar day in America/New_York; USDA says consolidated CSV updates the day after WASDE,2026-08-20T15:50:03Z,WASDE-665-V1,false,usda_wasde_665_v1_0d3d5151fa32,https://www.usda.gov/sites/default/files/documents/oce-wasde-report-data-2025-11.csv,0d3d5151fa3295b33be84f04941ab287edf7030270136e1a6a2275110379e668,U.S. Sugar Supply and Use,Sugar,United States,2023/24,,Production,9313.00,9313,"1000 Short Tons, Raw Value","1000 Short Tons, Raw Value",
WASDE-665-V1:0d3d5151fa32,665,2025-11-14,November 2025,2025-11-14T17:00:00Z,2025-11-16T04:59:59Z,conservative end of next calendar day in America/New_York; USDA says consolidated CSV updates the day after WASDE,2026-08-20T15:50:03Z,WASDE-665-V1,false,usda_wasde_665_v1_0d3d5151fa32,https://www.usda.gov/sites/default/files/documents/oce-wasde-report-data-2025-11.csv,0d3d5151fa3295b33be84f04941ab287edf7030270136e1a6a2275110379e668,U.S. Sugar Supply and Use,Sugar,United States,2023/24,,Stocks to Use Ratio,17.40,17.4,"1000 Short Tons, Raw Value",Percent,USDA historical CSV labels Stocks to Use Ratio with the table's tonnage unit; value is normalized as percent while the raw unit is retained.
WASDE-665-V1:0d3d5151fa32,665,2025-11-14,November 2025,2025-11-14T17:00:00Z,2025-11-16T04:59:59Z,conservative end of next calendar day in America/New_York; USDA says consolidated CSV updates the day after WASDE,2026-08-20T15:50:03Z,WASDE-665-V1,false,usda_wasde_665_v1_0d3d5151fa32,https://www.usda.gov/sites/default/files/documents/oce-wasde-report-data-2025-11.csv,0d3d5151fa3295b33be84f04941ab287edf7030270136e1a6a2275110379e668,U.S. Sugar Supply and Use,Sugar,United States,2023/24,,TRQ,1788.00,1788,"1000 Short Tons, Raw Value","1000 Short Tons, Raw Value",
WASDE-665-V1:0d3d5151fa32,665,2025-11-14,November 2025,2025-11-14T17:00:00Z,2025-11-16T04:59:59Z,conservative end of next calendar day in America/New_York; USDA says consolidated CSV updates the day after WASDE,2026-08-20T15:50:03Z,WASDE-665-V1,false,usda_wasde_665_v1_0d3d5151fa32,https://www.usda.gov/sites/default/files/documents/oce-wasde-report-data-2025-11.csv,0d3d5151fa3295b33be84f04941ab287edf7030270136e1a6a2275110379e668,U.S. Sugar Supply and Use,Sugar,United States,2023/24,,Texas,40.00,40,"1000 Short Tons, Raw Value","1000 Short Tons, Raw Value",
WASDE-665-V1:0d3d5151fa32,665,2025-11-14,November 2025,2025-11-14T17:00:00Z,2025-11-16T04:59:59Z,conservative end of next calendar day in America/New_York; USDA says consolidated CSV updates the day after WASDE,2026-08-20T15:50:03Z,WASDE-665-V1,false,usda_wasde_665_v1_0d3d5151fa32,https://www.usda.gov/sites/default/files/documents/oce-wasde-report-data-2025-11.csv,0d3d5151fa3295b33be84f04941ab287edf7030270136e1a6a2275110379e668,U.S. Sugar Supply and Use,Sugar,United States,2023/24,,Total Supply,14995.00,14995,"1000 Short Tons, Raw Value","1000 Short Tons, Raw Value",
WASDE-665-V1:0d3d5151fa32,665,2025-11-14,November 2025,2025-11-14T17:00:00Z,2025-11-16T04:59:59Z,conservative end of next calendar day in America/New_York; USDA says consolidated CSV updates the day after WASDE,2026-08-20T15:50:03Z,WASDE-665-V1,false,usda_wasde_665_v1_0d3d5151fa32,https://www.usda.gov/sites/default/files/documents/oce-wasde-report-data-2025-11.csv,0d3d5151fa3295b33be84f04941ab287edf7030270136e1a6a2275110379e668,U.S. Sugar Supply and Use,Sugar,United States,2023/24,,Total Use,12775.00,12775,"1000 Short Tons, Raw Value","1000 Short Tons, Raw Value",
WASDE-665-V1:0d3d5151fa32,665,2025-11-14,November 2025,2025-11-14T17:00:00Z,2025-11-16T04:59:59Z,conservative end of next calendar day in America/New_York; USDA says consolidated CSV updates the day after WASDE,2026-08-20T15:50:03Z,WASDE-665-V1,false,usda_wasde_665_v1_0d3d5151fa32,https://www.usda.gov/sites/default/files/documents/oce-wasde-report-data-2025-11.csv,0d3d5151fa3295b33be84f04941ab287edf7030270136e1a6a2275110379e668,U.S. Sugar Supply and Use,Sugar,United States,2024/25,Est.,Beet Sugar,5370.00,5370,"1000 Short Tons, Raw Value","1000 Short Tons, Raw Value",
WASDE-665-V1:0d3d5151fa32,665,2025-11-14,November 2025,2025-11-14T17:00:00Z,2025-11-16T04:59:59Z,conservative end of next calendar day in America/New_York; USDA says consolidated CSV updates the day after WASDE,2026-08-20T15:50:03Z,WASDE-665-V1,false,usda_wasde_665_v1_0d3d5151fa32,https://www.usda.gov/sites/default/files/documents/oce-wasde-report-data-2025-11.csv,0d3d5151fa3295b33be84f04941ab287edf7030270136e1a6a2275110379e668,U.S. Sugar Supply and Use,Sugar,United States,2024/25,Est.,Beginning Stocks,2220.00,2220,"1000 Short Tons, Raw Value","1000 Short Tons, Raw Value",
WASDE-665-V1:0d3d5151fa32,665,2025-11-14,November 2025,2025-11-14T17:00:00Z,2025-11-16T04:59:59Z,conservative end of next calendar day in America/New_York; USDA says consolidated CSV updates the day after WASDE,2026-08-20T15:50:03Z,WASDE-665-V1,false,usda_wasde_665_v1_0d3d5151fa32,https://www.usda.gov/sites/default/files/documents/oce-wasde-report-data-2025-11.csv,0d3d5151fa3295b33be84f04941ab287edf7030270136e1a6a2275110379e668,U.S. Sugar Supply and Use,Sugar,United States,2024/25,Est.,Cane Sugar,4027.00,4027,"1000 Short Tons, Raw Value","1000 Short Tons, Raw Value",
WASDE-665-V1:0d3d5151fa32,665,2025-11-14,November 2025,2025-11-14T17:00:00Z,2025-11-16T04:59:59Z,conservative end of next calendar day in America/New_York; USDA says consolidated CSV updates the day after WASDE,2026-08-20T15:50:03Z,WASDE-665-V1,false,usda_wasde_665_v1_0d3d5151fa32,https://www.usda.gov/sites/default/files/documents/oce-wasde-report-data-2025-11.csv,0d3d5151fa3295b33be84f04941ab287edf7030270136e1a6a2275110379e668,U.S. Sugar Supply and Use,Sugar,United States,2024/25,Est.,Deliveries,12660.00,12660,"1000 Short Tons, Raw Value","1000 Short Tons, Raw Value",
WASDE-665-V1:0d3d5151fa32,665,2025-11-14,November 2025,2025-11-14T17:00:00Z,2025-11-16T04:59:59Z,conservative end of next calendar day in America/New_York; USDA says consolidated CSV updates the day after WASDE,2026-08-20T15:50:03Z,WASDE-665-V1,false,usda_wasde_665_v1_0d3d5151fa32,https://www.usda.gov/sites/default/files/documents/oce-wasde-report-data-2025-11.csv,0d3d5151fa3295b33be84f04941ab287edf7030270136e1a6a2275110379e668,U.S. Sugar Supply and Use,Sugar,United States,2024/25,Est.,Ending Stocks,2489.00,2489,"1000 Short Tons, Raw Value","1000 Short Tons, Raw Value",
WASDE-665-V1:0d3d5151fa32,665,2025-11-14,November 2025,2025-11-14T17:00:00Z,2025-11-16T04:59:59Z,conservative end of next calendar day in America/New_York; USDA says consolidated CSV updates the day after WASDE,2026-08-20T15:50:03Z,WASDE-665-V1,false,usda_wasde_665_v1_0d3d5151fa32,https://www.usda.gov/sites/default/files/documents/oce-wasde-report-data-2025-11.csv,0d3d5151fa3295b33be84f04941ab287edf7030270136e1a6a2275110379e668,U.S. Sugar Supply and Use,Sugar,United States,2024/25,Est.,Exports,111.00,111,"1000 Short Tons, Raw Value","1000 Short Tons, Raw Value",
WASDE-665-V1:0d3d5151fa32,665,2025-11-14,November 2025,2025-11-14T17:00:00Z,2025-11-16T04:59:59Z,conservative end of next calendar day in America/New_York; USDA says consolidated CSV updates the day after WASDE,2026-08-20T15:50:03Z,WASDE-665-V1,false,usda_wasde_665_v1_0d3d5151fa32,https://www.usda.gov/sites/default/files/documents/oce-wasde-report-data-2025-11.csv,0d3d5151fa3295b33be84f04941ab287edf7030270136e1a6a2275110379e668,U.S. Sugar Supply and Use,Sugar,United States,2024/25,Est.,Exports - Other,111.00,111,"1000 Short Tons, Raw Value","1000 Short Tons, Raw Value",
WASDE-665-V1:0d3d5151fa32,665,2025-11-14,November 2025,2025-11-14T17:00:00Z,2025-11-16T04:59:59Z,conservative end of next calendar day in America/New_York; USDA says consolidated CSV updates the day after WASDE,2026-08-20T15:50:03Z,WASDE-665-V1,false,usda_wasde_665_v1_0d3d5151fa32,https://www.usda.gov/sites/default/files/documents/oce-wasde-report-data-2025-11.csv,0d3d5151fa3295b33be84f04941ab287edf7030270136e1a6a2275110379e668,U.S. Sugar Supply and Use,Sugar,United States,2024/25,Est.,Florida,1931.00,1931,"1000 Short Tons, Raw Value","1000 Short Tons, Raw Value",
WASDE-665-V1:0d3d5151fa32,665,2025-11-14,November 2025,2025-11-14T17:00:00Z,2025-11-16T04:59:59Z,conservative end of next calendar day in America/New_York; USDA says consolidated CSV updates the day after WASDE,2026-08-20T15:50:03Z,WASDE-665-V1,false,usda_wasde_665_v1_0d3d5151fa32,https://www.usda.gov/sites/default/files/documents/oce-wasde-report-data-2025-11.csv,0d3d5151fa3295b33be84f04941ab287edf7030270136e1a6a2275110379e668,U.S. Sugar Supply and Use,Sugar,United States,2024/25,Est.,Food,12549.00,12549,"1000 Short Tons, Raw Value","1000 Short Tons, Raw Value",
WASDE-665-V1:0d3d5151fa32,665,2025-11-14,November 2025,2025-11-14T17:00:00Z,2025-11-16T04:59:59Z,conservative end of next calendar day in America/New_York; USDA says consolidated CSV updates the day after WASDE,2026-08-20T15:50:03Z,WASDE-665-V1,false,usda_wasde_665_v1_0d3d5151fa32,https://www.usda.gov/sites/default/files/documents/oce-wasde-report-data-2025-11.csv,0d3d5151fa3295b33be84f04941ab287edf7030270136e1a6a2275110379e668,U.S. Sugar Supply and Use,Sugar,United States,2024/25,Est.,High-tier tariff/other,1014.00,1014,"1000 Short Tons, Raw Value","1000 Short Tons, Raw Value",
WASDE-665-V1:0d3d5151fa32,665,2025-11-14,November 2025,2025-11-14T17:00:00Z,2025-11-16T04:59:59Z,conservative end of next calendar day in America/New_York; USDA says consolidated CSV updates the day after WASDE,2026-08-20T15:50:03Z,WASDE-665-V1,false,usda_wasde_665_v1_0d3d5151fa32,https://www.usda.gov/sites/default/files/documents/oce-wasde-report-data-2025-11.csv,0d3d5151fa3295b33be84f04941ab287edf7030270136e1a6a2275110379e668,U.S. Sugar Supply and Use,Sugar,United States,2024/25,Est.,Imports,3415.00,3415,"1000 Short Tons, Raw Value","1000 Short Tons, Raw Value",
WASDE-665-V1:0d3d5151fa32,665,2025-11-14,November 2025,2025-11-14T17:00:00Z,2025-11-16T04:59:59Z,conservative end of next calendar day in America/New_York; USDA says consolidated CSV updates the day after WASDE,2026-08-20T15:50:03Z,WASDE-665-V1,false,usda_wasde_665_v1_0d3d5151fa32,https://www.usda.gov/sites/default/files/documents/oce-wasde-report-data-2025-11.csv,0d3d5151fa3295b33be84f04941ab287edf7030270136e1a6a2275110379e668,U.S. Sugar Supply and Use,Sugar,United States,2024/25,Est.,Louisiana,2095.00,2095,"1000 Short Tons, Raw Value","1000 Short Tons, Raw Value",
WASDE-665-V1:0d3d5151fa32,665,2025-11-14,November 2025,2025-11-14T17:00:00Z,2025-11-16T04:59:59Z,conservative end of next calendar day in America/New_York; USDA says consolidated CSV updates the day after WASDE,2026-08-20T15:50:03Z,WASDE-665-V1,false,usda_wasde_665_v1_0d3d5151fa32,https://www.usda.gov/sites/default/files/documents/oce-wasde-report-data-2025-11.csv,0d3d5151fa3295b33be84f04941ab287edf7030270136e1a6a2275110379e668,U.S. Sugar Supply and Use,Sugar,United States,2024/25,Est.,Mexico,504.00,504,"1000 Short Tons, Raw Value","1000 Short Tons, Raw Value",
WASDE-665-V1:0d3d5151fa32,665,2025-11-14,November 2025,2025-11-14T17:00:00Z,2025-11-16T04:59:59Z,conservative end of next calendar day in America/New_York; USDA says consolidated CSV updates the day after WASDE,2026-08-20T15:50:03Z,WASDE-665-V1,false,usda_wasde_665_v1_0d3d5151fa32,https://www.usda.gov/sites/default/files/documents/oce-wasde-report-data-2025-11.csv,0d3d5151fa3295b33be84f04941ab287edf7030270136e1a6a2275110379e668,U.S. Sugar Supply and Use,Sugar,United States,2024/25,Est.,Miscellaneous,-227.00,-227,"1000 Short Tons, Raw Value","1000 Short Tons, Raw Value",
WASDE-665-V1:0d3d5151fa32,665,2025-11-14,November 2025,2025-11-14T17:00:00Z,2025-11-16T04:59:59Z,conservative end of next calendar day in America/New_York; USDA says consolidated CSV updates the day after WASDE,2026-08-20T15:50:03Z,WASDE-665-V1,false,usda_wasde_665_v1_0d3d5151fa32,https://www.usda.gov/sites/default/files/documents/oce-wasde-report-data-2025-11.csv,0d3d5151fa3295b33be84f04941ab287edf7030270136e1a6a2275110379e668,U.S. Sugar Supply and Use,Sugar,United States,2024/25,Est.,Non-program,1518.00,1518,"1000 Short Tons, Raw Value","1000 Short Tons, Raw Value",
WASDE-665-V1:0d3d5151fa32,665,2025-11-14,November 2025,2025-11-14T17:00:00Z,2025-11-16T04:59:59Z,conservative end of next calendar day in America/New_York; USDA says consolidated CSV updates the day after WASDE,2026-08-20T15:50:03Z,WASDE-665-V1,false,usda_wasde_665_v1_0d3d5151fa32,https://www.usda.gov/sites/default/files/documents/oce-wasde-report-data-2025-11.csv,0d3d5151fa3295b33be84f04941ab287edf7030270136e1a6a2275110379e668,U.S. Sugar Supply and Use,Sugar,United States,2024/25,Est.,Other Program,362.00,362,"1000 Short Tons, Raw Value","1000 Short Tons, Raw Value",
WASDE-665-V1:0d3d5151fa32,665,2025-11-14,November 2025,2025-11-14T17:00:00Z,2025-11-16T04:59:59Z,conservative end of next calendar day in America/New_York; USDA says consolidated CSV updates the day after WASDE,2026-08-20T15:50:03Z,WASDE-665-V1,false,usda_wasde_665_v1_0d3d5151fa32,https://www.usda.gov/sites/default/files/documents/oce-wasde-report-data-2025-11.csv,0d3d5151fa3295b33be84f04941ab287edf7030270136e1a6a2275110379e668,U.S. Sugar Supply and Use,Sugar,United States,2024/25,Est.,Production,9396.00,9396,"1000 Short Tons, Raw Value","1000 Short Tons, Raw Value",
WASDE-665-V1:0d3d5151fa32,665,2025-11-14,November 2025,2025-11-14T17:00:00Z,2025-11-16T04:59:59Z,conservative end of next calendar day in America/New_York; USDA says consolidated CSV updates the day after WASDE,2026-08-20T15:50:03Z,WASDE-665-V1,false,usda_wasde_665_v1_0d3d5151fa32,https://www.usda.gov/sites/default/files/documents/oce-wasde-report-data-2025-11.csv,0d3d5151fa3295b33be84f04941ab287edf7030270136e1a6a2275110379e668,U.S. Sugar Supply and Use,Sugar,United States,2024/25,Est.,Stocks to Use Ratio,19.80,19.8,"1000 Short Tons, Raw Value",Percent,USDA historical CSV labels Stocks to Use Ratio with the table's tonnage unit; value is normalized as percent while the raw unit is retained.
WASDE-665-V1:0d3d5151fa32,665,2025-11-14,November 2025,2025-11-14T17:00:00Z,2025-11-16T04:59:59Z,conservative end of next calendar day in America/New_York; USDA says consolidated CSV updates the day after WASDE,2026-08-20T15:50:03Z,WASDE-665-V1,false,usda_wasde_665_v1_0d3d5151fa32,https://www.usda.gov/sites/default/files/documents/oce-wasde-report-data-2025-11.csv,0d3d5151fa3295b33be84f04941ab287edf7030270136e1a6a2275110379e668,U.S. Sugar Supply and Use,Sugar,United States,2024/25,Est.,TRQ,1534.00,1534,"1000 Short Tons, Raw Value","1000 Short Tons, Raw Value",
WASDE-665-V1:0d3d5151fa32,665,2025-11-14,November 2025,2025-11-14T17:00:00Z,2025-11-16T04:59:59Z,conservative end of next calendar day in America/New_York; USDA says consolidated CSV updates the day after WASDE,2026-08-20T15:50:03Z,WASDE-665-V1,false,usda_wasde_665_v1_0d3d5151fa32,https://www.usda.gov/sites/default/files/documents/oce-wasde-report-data-2025-11.csv,0d3d5151fa3295b33be84f04941ab287edf7030270136e1a6a2275110379e668,U.S. Sugar Supply and Use,Sugar,United States,2024/25,Est.,Texas,.00,0,"1000 Short Tons, Raw Value","1000 Short Tons, Raw Value",
WASDE-665-V1:0d3d5151fa32,665,2025-11-14,November 2025,2025-11-14T17:00:00Z,2025-11-16T04:59:59Z,conservative end of next calendar day in America/New_York; USDA says consolidated CSV updates the day after WASDE,2026-08-20T15:50:03Z,WASDE-665-V1,false,usda_wasde_665_v1_0d3d5151fa32,https://www.usda.gov/sites/default/files/documents/oce-wasde-report-data-2025-11.csv,0d3d5151fa3295b33be84f04941ab287edf7030270136e1a6a2275110379e668,U.S. Sugar Supply and Use,Sugar,United States,2024/25,Est.,Total Supply,15032.00,15032,"1000 Short Tons, Raw Value","1000 Short Tons, Raw Value",
WASDE-665-V1:0d3d5151fa32,665,2025-11-14,November 2025,2025-11-14T17:00:00Z,2025-11-16T04:59:59Z,conservative end of next calendar day in America/New_York; USDA says consolidated CSV updates the day after WASDE,2026-08-20T15:50:03Z,WASDE-665-V1,false,usda_wasde_665_v1_0d3d5151fa32,https://www.usda.gov/sites/default/files/documents/oce-wasde-report-data-2025-11.csv,0d3d5151fa3295b33be84f04941ab287edf7030270136e1a6a2275110379e668,U.S. Sugar Supply and Use,Sugar,United States,2024/25,Est.,Total Use,12543.00,12543,"1000 Short Tons, Raw Value","1000 Short Tons, Raw Value",
WASDE-665-V1:0d3d5151fa32,665,2025-11-14,November 2025,2025-11-14T17:00:00Z,2025-11-16T04:59:59Z,conservative end of next calendar day in America/New_York; USDA says consolidated CSV updates the day after WASDE,2026-08-20T15:50:03Z,WASDE-665-V1,false,usda_wasde_665_v1_0d3d5151fa32,https://www.usda.gov/sites/default/files/documents/oce-wasde-report-data-2025-11.csv,0d3d5151fa3295b33be84f04941ab287edf7030270136e1a6a2275110379e668,U.S. Sugar Supply and Use,Sugar,United States,2025/26,Proj.,Beet Sugar,5211.00,5211,"1000 Short Tons, Raw Value","1000 Short Tons, Raw Value",
WASDE-665-V1:0d3d5151fa32,665,2025-11-14,November 2025,2025-11-14T17:00:00Z,2025-11-16T04:59:59Z,conservative end of next calendar day in America/New_York; USDA says consolidated CSV updates the day after WASDE,2026-08-20T15:50:03Z,WASDE-665-V1,false,usda_wasde_665_v1_0d3d5151fa32,https://www.usda.gov/sites/default/files/documents/oce-wasde-report-data-2025-11.csv,0d3d5151fa3295b33be84f04941ab287edf7030270136e1a6a2275110379e668,U.S. Sugar Supply and Use,Sugar,United States,2025/26,Proj.,Beginning Stocks,2489.00,2489,"1000 Short Tons, Raw Value","1000 Short Tons, Raw Value",
WASDE-665-V1:0d3d5151fa32,665,2025-11-14,November 2025,2025-11-14T17:00:00Z,2025-11-16T04:59:59Z,conservative end of next calendar day in America/New_York; USDA says consolidated CSV updates the day after WASDE,2026-08-20T15:50:03Z,WASDE-665-V1,false,usda_wasde_665_v1_0d3d5151fa32,https://www.usda.gov/sites/default/files/documents/oce-wasde-report-data-2025-11.csv,0d3d5151fa3295b33be84f04941ab287edf7030270136e1a6a2275110379e668,U.S. Sugar Supply and Use,Sugar,United States,2025/26,Proj.,Cane Sugar,4108.00,4108,"1000 Short Tons, Raw Value","1000 Short Tons, Raw Value",
WASDE-665-V1:0d3d5151fa32,665,2025-11-14,November 2025,2025-11-14T17:00:00Z,2025-11-16T04:59:59Z,conservative end of next calendar day in America/New_York; USDA says consolidated CSV updates the day after WASDE,2026-08-20T15:50:03Z,WASDE-665-V1,false,usda_wasde_665_v1_0d3d5151fa32,https://www.usda.gov/sites/default/files/documents/oce-wasde-report-data-2025-11.csv,0d3d5151fa3295b33be84f04941ab287edf7030270136e1a6a2275110379e668,U.S. Sugar Supply and Use,Sugar,United States,2025/26,Proj.,Deliveries,12176.00,12176,"1000 Short Tons, Raw Value","1000 Short Tons, Raw Value",
WASDE-665-V1:0d3d5151fa32,665,2025-11-14,November 2025,2025-11-14T17:00:00Z,2025-11-16T04:59:59Z,conservative end of next calendar day in America/New_York; USDA says consolidated CSV updates the day after WASDE,2026-08-20T15:50:03Z,WASDE-665-V1,false,usda_wasde_665_v1_0d3d5151fa32,https://www.usda.gov/sites/default/files/documents/oce-wasde-report-data-2025-11.csv,0d3d5151fa3295b33be84f04941ab287edf7030270136e1a6a2275110379e668,U.S. Sugar Supply and Use,Sugar,United States,2025/26,Proj.,Ending Stocks,1845.00,1845,"1000 Short Tons, Raw Value","1000 Short Tons, Raw Value",
WASDE-665-V1:0d3d5151fa32,665,2025-11-14,November 2025,2025-11-14T17:00:00Z,2025-11-16T04:59:59Z,conservative end of next calendar day in America/New_York; USDA says consolidated CSV updates the day after WASDE,2026-08-20T15:50:03Z,WASDE-665-V1,false,usda_wasde_665_v1_0d3d5151fa32,https://www.usda.gov/sites/default/files/documents/oce-wasde-report-data-2025-11.csv,0d3d5151fa3295b33be84f04941ab287edf7030270136e1a6a2275110379e668,U.S. Sugar Supply and Use,Sugar,United States,2025/26,Proj.,Exports,100.00,100,"1000 Short Tons, Raw Value","1000 Short Tons, Raw Value",
WASDE-665-V1:0d3d5151fa32,665,2025-11-14,November 2025,2025-11-14T17:00:00Z,2025-11-16T04:59:59Z,conservative end of next calendar day in America/New_York; USDA says consolidated CSV updates the day after WASDE,2026-08-20T15:50:03Z,WASDE-665-V1,false,usda_wasde_665_v1_0d3d5151fa32,https://www.usda.gov/sites/default/files/documents/oce-wasde-report-data-2025-11.csv,0d3d5151fa3295b33be84f04941ab287edf7030270136e1a6a2275110379e668,U.S. Sugar Supply and Use,Sugar,United States,2025/26,Proj.,Exports - Other,105.00,105,"1000 Short Tons, Raw Value","1000 Short Tons, Raw Value",
WASDE-665-V1:0d3d5151fa32,665,2025-11-14,November 2025,2025-11-14T17:00:00Z,2025-11-16T04:59:59Z,conservative end of next calendar day in America/New_York; USDA says consolidated CSV updates the day after WASDE,2026-08-20T15:50:03Z,WASDE-665-V1,false,usda_wasde_665_v1_0d3d5151fa32,https://www.usda.gov/sites/default/files/documents/oce-wasde-report-data-2025-11.csv,0d3d5151fa3295b33be84f04941ab287edf7030270136e1a6a2275110379e668,U.S. Sugar Supply and Use,Sugar,United States,2025/26,Proj.,Florida,2053.00,2053,"1000 Short Tons, Raw Value","1000 Short Tons, Raw Value",
WASDE-665-V1:0d3d5151fa32,665,2025-11-14,November 2025,2025-11-14T17:00:00Z,2025-11-16T04:59:59Z,conservative end of next calendar day in America/New_York; USDA says consolidated CSV updates the day after WASDE,2026-08-20T15:50:03Z,WASDE-665-V1,false,usda_wasde_665_v1_0d3d5151fa32,https://www.usda.gov/sites/default/files/documents/oce-wasde-report-data-2025-11.csv,0d3d5151fa3295b33be84f04941ab287edf7030270136e1a6a2275110379e668,U.S. Sugar Supply and Use,Sugar,United States,2025/26,Proj.,Food,12071.00,12071,"1000 Short Tons, Raw Value","1000 Short Tons, Raw Value",
WASDE-665-V1:0d3d5151fa32,665,2025-11-14,November 2025,2025-11-14T17:00:00Z,2025-11-16T04:59:59Z,conservative end of next calendar day in America/New_York; USDA says consolidated CSV updates the day after WASDE,2026-08-20T15:50:03Z,WASDE-665-V1,false,usda_wasde_665_v1_0d3d5151fa32,https://www.usda.gov/sites/default/files/documents/oce-wasde-report-data-2025-11.csv,0d3d5151fa3295b33be84f04941ab287edf7030270136e1a6a2275110379e668,U.S. Sugar Supply and Use,Sugar,United States,2025/26,Proj.,High-tier tariff/other,525.00,525,"1000 Short Tons, Raw Value","1000 Short Tons, Raw Value",
WASDE-665-V1:0d3d5151fa32,665,2025-11-14,November 2025,2025-11-14T17:00:00Z,2025-11-16T04:59:59Z,conservative end of next calendar day in America/New_York; USDA says consolidated CSV updates the day after WASDE,2026-08-20T15:50:03Z,WASDE-665-V1,false,usda_wasde_665_v1_0d3d5151fa32,https://www.usda.gov/sites/default/files/documents/oce-wasde-report-data-2025-11.csv,0d3d5151fa3295b33be84f04941ab287edf7030270136e1a6a2275110379e668,U.S. Sugar Supply and Use,Sugar,United States,2025/26,Proj.,Imports,2313.00,2313,"1000 Short Tons, Raw Value","1000 Short Tons, Raw Value",
WASDE-665-V1:0d3d5151fa32,665,2025-11-14,November 2025,2025-11-14T17:00:00Z,2025-11-16T04:59:59Z,conservative end of next calendar day in America/New_York; USDA says consolidated CSV updates the day after WASDE,2026-08-20T15:50:03Z,WASDE-665-V1,false,usda_wasde_665_v1_0d3d5151fa32,https://www.usda.gov/sites/default/files/documents/oce-wasde-report-data-2025-11.csv,0d3d5151fa3295b33be84f04941ab287edf7030270136e1a6a2275110379e668,U.S. Sugar Supply and Use,Sugar,United States,2025/26,Proj.,Louisiana,2056.00,2056,"1000 Short Tons, Raw Value","1000 Short Tons, Raw Value",
WASDE-665-V1:0d3d5151fa32,665,2025-11-14,November 2025,2025-11-14T17:00:00Z,2025-11-16T04:59:59Z,conservative end of next calendar day in America/New_York; USDA says consolidated CSV updates the day after WASDE,2026-08-20T15:50:03Z,WASDE-665-V1,false,usda_wasde_665_v1_0d3d5151fa32,https://www.usda.gov/sites/default/files/documents/oce-wasde-report-data-2025-11.csv,0d3d5151fa3295b33be84f04941ab287edf7030270136e1a6a2275110379e668,U.S. Sugar Supply and Use,Sugar,United States,2025/26,Proj.,Mexico,220.00,220,"1000 Short Tons, Raw Value","1000 Short Tons, Raw Value",
WASDE-665-V1:0d3d5151fa32,665,2025-11-14,November 2025,2025-11-14T17:00:00Z,2025-11-16T04:59:59Z,conservative end of next calendar day in America/New_York; USDA says consolidated CSV updates the day after WASDE,2026-08-20T15:50:03Z,WASDE-665-V1,false,usda_wasde_665_v1_0d3d5151fa32,https://www.usda.gov/sites/default/files/documents/oce-wasde-report-data-2025-11.csv,0d3d5151fa3295b33be84f04941ab287edf7030270136e1a6a2275110379e668,U.S. Sugar Supply and Use,Sugar,United States,2025/26,Proj.,Miscellaneous,.00,0,"1000 Short Tons, Raw Value","1000 Short Tons, Raw Value",
WASDE-665-V1:0d3d5151fa32,665,2025-11-14,November 2025,2025-11-14T17:00:00Z,2025-11-16T04:59:59Z,conservative end of next calendar day in America/New_York; USDA says consolidated CSV updates the day after WASDE,2026-08-20T15:50:03Z,WASDE-665-V1,false,usda_wasde_665_v1_0d3d5151fa32,https://www.usda.gov/sites/default/files/documents/oce-wasde-report-data-2025-11.csv,0d3d5151fa3295b33be84f04941ab287edf7030270136e1a6a2275110379e668,U.S. Sugar Supply and Use,Sugar,United States,2025/26,Proj.,Non-program,744.00,744,"1000 Short Tons, Raw Value","1000 Short Tons, Raw Value",
WASDE-665-V1:0d3d5151fa32,665,2025-11-14,November 2025,2025-11-14T17:00:00Z,2025-11-16T04:59:59Z,conservative end of next calendar day in America/New_York; USDA says consolidated CSV updates the day after WASDE,2026-08-20T15:50:03Z,WASDE-665-V1,false,usda_wasde_665_v1_0d3d5151fa32,https://www.usda.gov/sites/default/files/documents/oce-wasde-report-data-2025-11.csv,0d3d5151fa3295b33be84f04941ab287edf7030270136e1a6a2275110379e668,U.S. Sugar Supply and Use,Sugar,United States,2025/26,Proj.,Other Program,200.00,200,"1000 Short Tons, Raw Value","1000 Short Tons, Raw Value",
WASDE-665-V1:0d3d5151fa32,665,2025-11-14,November 2025,2025-11-14T17:00:00Z,2025-11-16T04:59:59Z,conservative end of next calendar day in America/New_York; USDA says consolidated CSV updates the day after WASDE,2026-08-20T15:50:03Z,WASDE-665-V1,false,usda_wasde_665_v1_0d3d5151fa32,https://www.usda.gov/sites/default/files/documents/oce-wasde-report-data-2025-11.csv,0d3d5151fa3295b33be84f04941ab287edf7030270136e1a6a2275110379e668,U.S. Sugar Supply and Use,Sugar,United States,2025/26,Proj.,Production,9319.00,9319,"1000 Short Tons, Raw Value","1000 Short Tons, Raw Value",
WASDE-665-V1:0d3d5151fa32,665,2025-11-14,November 2025,2025-11-14T17:00:00Z,2025-11-16T04:59:59Z,conservative end of next calendar day in America/New_York; USDA says consolidated CSV updates the day after WASDE,2026-08-20T15:50:03Z,WASDE-665-V1,false,usda_wasde_665_v1_0d3d5151fa32,https://www.usda.gov/sites/default/files/documents/oce-wasde-report-data-2025-11.csv,0d3d5151fa3295b33be84f04941ab287edf7030270136e1a6a2275110379e668,U.S. Sugar Supply and Use,Sugar,United States,2025/26,Proj.,Stocks to Use Ratio,15.00,15,"1000 Short Tons, Raw Value",Percent,USDA historical CSV labels Stocks to Use Ratio with the table's tonnage unit; value is normalized as percent while the raw unit is retained.
WASDE-665-V1:0d3d5151fa32,665,2025-11-14,November 2025,2025-11-14T17:00:00Z,2025-11-16T04:59:59Z,conservative end of next calendar day in America/New_York; USDA says consolidated CSV updates the day after WASDE,2026-08-20T15:50:03Z,WASDE-665-V1,false,usda_wasde_665_v1_0d3d5151fa32,https://www.usda.gov/sites/default/files/documents/oce-wasde-report-data-2025-11.csv,0d3d5151fa3295b33be84f04941ab287edf7030270136e1a6a2275110379e668,U.S. Sugar Supply and Use,Sugar,United States,2025/26,Proj.,TRQ,1369.00,1369,"1000 Short Tons, Raw Value","1000 Short Tons, Raw Value",
WASDE-665-V1:0d3d5151fa32,665,2025-11-14,November 2025,2025-11-14T17:00:00Z,2025-11-16T04:59:59Z,conservative end of next calendar day in America/New_York; USDA says consolidated CSV updates the day after WASDE,2026-08-20T15:50:03Z,WASDE-665-V1,false,usda_wasde_665_v1_0d3d5151fa32,https://www.usda.gov/sites/default/files/documents/oce-wasde-report-data-2025-11.csv,0d3d5151fa3295b33be84f04941ab287edf7030270136e1a6a2275110379e668,U.S. Sugar Supply and Use,Sugar,United States,2025/26,Proj.,Texas,.00,0,"1000 Short Tons, Raw Value","1000 Short Tons, Raw Value",
WASDE-665-V1:0d3d5151fa32,665,2025-11-14,November 2025,2025-11-14T17:00:00Z,2025-11-16T04:59:59Z,conservative end of next calendar day in America/New_York; USDA says consolidated CSV updates the day after WASDE,2026-08-20T15:50:03Z,WASDE-665-V1,false,usda_wasde_665_v1_0d3d5151fa32,https://www.usda.gov/sites/default/files/documents/oce-wasde-report-data-2025-11.csv,0d3d5151fa3295b33be84f04941ab287edf7030270136e1a6a2275110379e668,U.S. Sugar Supply and Use,Sugar,United States,2025/26,Proj.,Total Supply,14121.00,14121,"1000 Short Tons, Raw Value","1000 Short Tons, Raw Value",
WASDE-665-V1:0d3d5151fa32,665,2025-11-14,November 2025,2025-11-14T17:00:00Z,2025-11-16T04:59:59Z,conservative end of next calendar day in America/New_York; USDA says consolidated CSV updates the day after WASDE,2026-08-20T15:50:03Z,WASDE-665-V1,false,usda_wasde_665_v1_0d3d5151fa32,https://www.usda.gov/sites/default/files/documents/oce-wasde-report-data-2025-11.csv,0d3d5151fa3295b33be84f04941ab287edf7030270136e1a6a2275110379e668,U.S. Sugar Supply and Use,Sugar,United States,2025/26,Proj.,Total Use,12276.00,12276,"1000 Short Tons, Raw Value","1000 Short Tons, Raw Value",
WASDE-666-V1:11bae8cc07de,666,2025-12-09,December 2025,2025-12-09T17:00:00Z,2025-12-11T04:59:59Z,conservative end of next calendar day in America/New_York; USDA says consolidated CSV updates the day after WASDE,2026-08-20T15:50:03Z,WASDE-666-V1,false,usda_wasde_666_v1_11bae8cc07de,https://www.usda.gov/sites/default/files/documents/oce-wasde-report-data-2025-12.csv,11bae8cc07de3efb16e2c179dcdfb8da6ddb21121715bd7f60df3a49dbb9f7d2,Mexico Sugar Supply and Use and High Fructose Corn Syrup Consumption,Sugar,Mexico,2024/25,Est.,Beginning Stocks,1418.00,1418,"1000 Metric Tons, Actual Weight","1000 Metric Tons, Actual Weight",
WASDE-666-V1:11bae8cc07de,666,2025-12-09,December 2025,2025-12-09T17:00:00Z,2025-12-11T04:59:59Z,conservative end of next calendar day in America/New_York; USDA says consolidated CSV updates the day after WASDE,2026-08-20T15:50:03Z,WASDE-666-V1,false,usda_wasde_666_v1_11bae8cc07de,https://www.usda.gov/sites/default/files/documents/oce-wasde-report-data-2025-12.csv,11bae8cc07de3efb16e2c179dcdfb8da6ddb21121715bd7f60df3a49dbb9f7d2,Mexico Sugar Supply and Use and High Fructose Corn Syrup Consumption,Sugar,Mexico,2024/25,Est.,Domestic,4210.00,4210,"1000 Metric Tons, Actual Weight","1000 Metric Tons, Actual Weight",
WASDE-666-V1:11bae8cc07de,666,2025-12-09,December 2025,2025-12-09T17:00:00Z,2025-12-11T04:59:59Z,conservative end of next calendar day in America/New_York; USDA says consolidated CSV updates the day after WASDE,2026-08-20T15:50:03Z,WASDE-666-V1,false,usda_wasde_666_v1_11bae8cc07de,https://www.usda.gov/sites/default/files/documents/oce-wasde-report-data-2025-12.csv,11bae8cc07de3efb16e2c179dcdfb8da6ddb21121715bd7f60df3a49dbb9f7d2,Mexico Sugar Supply and Use and High Fructose Corn Syrup Consumption,Sugar,Mexico,2024/25,Est.,Ending Stocks,1123.00,1123,"1000 Metric Tons, Actual Weight","1000 Metric Tons, Actual Weight",
WASDE-666-V1:11bae8cc07de,666,2025-12-09,December 2025,2025-12-09T17:00:00Z,2025-12-11T04:59:59Z,conservative end of next calendar day in America/New_York; USDA says consolidated CSV updates the day after WASDE,2026-08-20T15:50:03Z,WASDE-666-V1,false,usda_wasde_666_v1_11bae8cc07de,https://www.usda.gov/sites/default/files/documents/oce-wasde-report-data-2025-12.csv,11bae8cc07de3efb16e2c179dcdfb8da6ddb21121715bd7f60df3a49dbb9f7d2,Mexico Sugar Supply and Use and High Fructose Corn Syrup Consumption,Sugar,Mexico,2024/25,Est.,Exports,1023.00,1023,"1000 Metric Tons, Actual Weight","1000 Metric Tons, Actual Weight",
WASDE-666-V1:11bae8cc07de,666,2025-12-09,December 2025,2025-12-09T17:00:00Z,2025-12-11T04:59:59Z,conservative end of next calendar day in America/New_York; USDA says consolidated CSV updates the day after WASDE,2026-08-20T15:50:03Z,WASDE-666-V1,false,usda_wasde_666_v1_11bae8cc07de,https://www.usda.gov/sites/default/files/documents/oce-wasde-report-data-2025-12.csv,11bae8cc07de3efb16e2c179dcdfb8da6ddb21121715bd7f60df3a49dbb9f7d2,Mexico Sugar Supply and Use and High Fructose Corn Syrup Consumption,Sugar,Mexico,2024/25,Est.,Imports,167.00,167,"1000 Metric Tons, Actual Weight","1000 Metric Tons, Actual Weight",
WASDE-666-V1:11bae8cc07de,666,2025-12-09,December 2025,2025-12-09T17:00:00Z,2025-12-11T04:59:59Z,conservative end of next calendar day in America/New_York; USDA says consolidated CSV updates the day after WASDE,2026-08-20T15:50:03Z,WASDE-666-V1,false,usda_wasde_666_v1_11bae8cc07de,https://www.usda.gov/sites/default/files/documents/oce-wasde-report-data-2025-12.csv,11bae8cc07de3efb16e2c179dcdfb8da6ddb21121715bd7f60df3a49dbb9f7d2,Mexico Sugar Supply and Use and High Fructose Corn Syrup Consumption,Sugar,Mexico,2024/25,Est.,Production,4771.00,4771,"1000 Metric Tons, Actual Weight","1000 Metric Tons, Actual Weight",
WASDE-666-V1:11bae8cc07de,666,2025-12-09,December 2025,2025-12-09T17:00:00Z,2025-12-11T04:59:59Z,conservative end of next calendar day in America/New_York; USDA says consolidated CSV updates the day after WASDE,2026-08-20T15:50:03Z,WASDE-666-V1,false,usda_wasde_666_v1_11bae8cc07de,https://www.usda.gov/sites/default/files/documents/oce-wasde-report-data-2025-12.csv,11bae8cc07de3efb16e2c179dcdfb8da6ddb21121715bd7f60df3a49dbb9f7d2,Mexico Sugar Supply and Use and High Fructose Corn Syrup Consumption,Sugar,Mexico,2025/26,Proj.,Beginning Stocks,1123.00,1123,"1000 Metric Tons, Actual Weight","1000 Metric Tons, Actual Weight",
WASDE-666-V1:11bae8cc07de,666,2025-12-09,December 2025,2025-12-09T17:00:00Z,2025-12-11T04:59:59Z,conservative end of next calendar day in America/New_York; USDA says consolidated CSV updates the day after WASDE,2026-08-20T15:50:03Z,WASDE-666-V1,false,usda_wasde_666_v1_11bae8cc07de,https://www.usda.gov/sites/default/files/documents/oce-wasde-report-data-2025-12.csv,11bae8cc07de3efb16e2c179dcdfb8da6ddb21121715bd7f60df3a49dbb9f7d2,Mexico Sugar Supply and Use and High Fructose Corn Syrup Consumption,Sugar,Mexico,2025/26,Proj.,Domestic,4472.00,4472,"1000 Metric Tons, Actual Weight","1000 Metric Tons, Actual Weight",
WASDE-666-V1:11bae8cc07de,666,2025-12-09,December 2025,2025-12-09T17:00:00Z,2025-12-11T04:59:59Z,conservative end of next calendar day in America/New_York; USDA says consolidated CSV updates the day after WASDE,2026-08-20T15:50:03Z,WASDE-666-V1,false,usda_wasde_666_v1_11bae8cc07de,https://www.usda.gov/sites/default/files/documents/oce-wasde-report-data-2025-12.csv,11bae8cc07de3efb16e2c179dcdfb8da6ddb21121715bd7f60df3a49dbb9f7d2,Mexico Sugar Supply and Use and High Fructose Corn Syrup Consumption,Sugar,Mexico,2025/26,Proj.,Ending Stocks,1087.00,1087,"1000 Metric Tons, Actual Weight","1000 Metric Tons, Actual Weight",
WASDE-666-V1:11bae8cc07de,666,2025-12-09,December 2025,2025-12-09T17:00:00Z,2025-12-11T04:59:59Z,conservative end of next calendar day in America/New_York; USDA says consolidated CSV updates the day after WASDE,2026-08-20T15:50:03Z,WASDE-666-V1,false,usda_wasde_666_v1_11bae8cc07de,https://www.usda.gov/sites/default/files/documents/oce-wasde-report-data-2025-12.csv,11bae8cc07de3efb16e2c179dcdfb8da6ddb21121715bd7f60df3a49dbb9f7d2,Mexico Sugar Supply and Use and High Fructose Corn Syrup Consumption,Sugar,Mexico,2025/26,Proj.,Exports,800.00,800,"1000 Metric Tons, Actual Weight","1000 Metric Tons, Actual Weight",
WASDE-666-V1:11bae8cc07de,666,2025-12-09,December 2025,2025-12-09T17:00:00Z,2025-12-11T04:59:59Z,conservative end of next calendar day in America/New_York; USDA says consolidated CSV updates the day after WASDE,2026-08-20T15:50:03Z,WASDE-666-V1,false,usda_wasde_666_v1_11bae8cc07de,https://www.usda.gov/sites/default/files/documents/oce-wasde-report-data-2025-12.csv,11bae8cc07de3efb16e2c179dcdfb8da6ddb21121715bd7f60df3a49dbb9f7d2,Mexico Sugar Supply and Use and High Fructose Corn Syrup Consumption,Sugar,Mexico,2025/26,Proj.,Imports,142.00,142,"1000 Metric Tons, Actual Weight","1000 Metric Tons, Actual Weight",
WASDE-666-V1:11bae8cc07de,666,2025-12-09,December 2025,2025-12-09T17:00:00Z,2025-12-11T04:59:59Z,conservative end of next calendar day in America/New_York; USDA says consolidated CSV updates the day after WASDE,2026-08-20T15:50:03Z,WASDE-666-V1,false,usda_wasde_666_v1_11bae8cc07de,https://www.usda.gov/sites/default/files/documents/oce-wasde-report-data-2025-12.csv,11bae8cc07de3efb16e2c179dcdfb8da6ddb21121715bd7f60df3a49dbb9f7d2,Mexico Sugar Supply and Use and High Fructose Corn Syrup Consumption,Sugar,Mexico,2025/26,Proj.,Production,5094.00,5094,"1000 Metric Tons, Actual Weight","1000 Metric Tons, Actual Weight",
WASDE-666-V1:11bae8cc07de,666,2025-12-09,December 2025,2025-12-09T17:00:00Z,2025-12-11T04:59:59Z,conservative end of next calendar day in America/New_York; USDA says consolidated CSV updates the day after WASDE,2026-08-20T15:50:03Z,WASDE-666-V1,false,usda_wasde_666_v1_11bae8cc07de,https://www.usda.gov/sites/default/files/documents/oce-wasde-report-data-2025-12.csv,11bae8cc07de3efb16e2c179dcdfb8da6ddb21121715bd7f60df3a49dbb9f7d2,U.S. Sugar Supply and Use,Sugar,United States,2023/24,,Beet Sugar,5172.00,5172,"1000 Short Tons, Raw Value","1000 Short Tons, Raw Value",
WASDE-666-V1:11bae8cc07de,666,2025-12-09,December 2025,2025-12-09T17:00:00Z,2025-12-11T04:59:59Z,conservative end of next calendar day in America/New_York; USDA says consolidated CSV updates the day after WASDE,2026-08-20T15:50:03Z,WASDE-666-V1,false,usda_wasde_666_v1_11bae8cc07de,https://www.usda.gov/sites/default/files/documents/oce-wasde-report-data-2025-12.csv,11bae8cc07de3efb16e2c179dcdfb8da6ddb21121715bd7f60df3a49dbb9f7d2,U.S. Sugar Supply and Use,Sugar,United States,2023/24,,Beginning Stocks,1843.00,1843,"1000 Short Tons, Raw Value","1000 Short Tons, Raw Value",
WASDE-666-V1:11bae8cc07de,666,2025-12-09,December 2025,2025-12-09T17:00:00Z,2025-12-11T04:59:59Z,conservative end of next calendar day in America/New_York; USDA says consolidated CSV updates the day after WASDE,2026-08-20T15:50:03Z,WASDE-666-V1,false,usda_wasde_666_v1_11bae8cc07de,https://www.usda.gov/sites/default/files/documents/oce-wasde-report-data-2025-12.csv,11bae8cc07de3efb16e2c179dcdfb8da6ddb21121715bd7f60df3a49dbb9f7d2,U.S. Sugar Supply and Use,Sugar,United States,2023/24,,Cane Sugar,4141.00,4141,"1000 Short Tons, Raw Value","1000 Short Tons, Raw Value",
WASDE-666-V1:11bae8cc07de,666,2025-12-09,December 2025,2025-12-09T17:00:00Z,2025-12-11T04:59:59Z,conservative end of next calendar day in America/New_York; USDA says consolidated CSV updates the day after WASDE,2026-08-20T15:50:03Z,WASDE-666-V1,false,usda_wasde_666_v1_11bae8cc07de,https://www.usda.gov/sites/default/files/documents/oce-wasde-report-data-2025-12.csv,11bae8cc07de3efb16e2c179dcdfb8da6ddb21121715bd7f60df3a49dbb9f7d2,U.S. Sugar Supply and Use,Sugar,United States,2023/24,,Deliveries,12443.00,12443,"1000 Short Tons, Raw Value","1000 Short Tons, Raw Value",
WASDE-666-V1:11bae8cc07de,666,2025-12-09,December 2025,2025-12-09T17:00:00Z,2025-12-11T04:59:59Z,conservative end of next calendar day in America/New_York; USDA says consolidated CSV updates the day after WASDE,2026-08-20T15:50:03Z,WASDE-666-V1,false,usda_wasde_666_v1_11bae8cc07de,https://www.usda.gov/sites/default/files/documents/oce-wasde-report-data-2025-12.csv,11bae8cc07de3efb16e2c179dcdfb8da6ddb21121715bd7f60df3a49dbb9f7d2,U.S. Sugar Supply and Use,Sugar,United States,2023/24,,Ending Stocks,2220.00,2220,"1000 Short Tons, Raw Value","1000 Short Tons, Raw Value",
WASDE-666-V1:11bae8cc07de,666,2025-12-09,December 2025,2025-12-09T17:00:00Z,2025-12-11T04:59:59Z,conservative end of next calendar day in America/New_York; USDA says consolidated CSV updates the day after WASDE,2026-08-20T15:50:03Z,WASDE-666-V1,false,usda_wasde_666_v1_11bae8cc07de,https://www.usda.gov/sites/default/files/documents/oce-wasde-report-data-2025-12.csv,11bae8cc07de3efb16e2c179dcdfb8da6ddb21121715bd7f60df3a49dbb9f7d2,U.S. Sugar Supply and Use,Sugar,United States,2023/24,,Exports,249.00,249,"1000 Short Tons, Raw Value","1000 Short Tons, Raw Value",
WASDE-666-V1:11bae8cc07de,666,2025-12-09,December 2025,2025-12-09T17:00:00Z,2025-12-11T04:59:59Z,conservative end of next calendar day in America/New_York; USDA says consolidated CSV updates the day after WASDE,2026-08-20T15:50:03Z,WASDE-666-V1,false,usda_wasde_666_v1_11bae8cc07de,https://www.usda.gov/sites/default/files/documents/oce-wasde-report-data-2025-12.csv,11bae8cc07de3efb16e2c179dcdfb8da6ddb21121715bd7f60df3a49dbb9f7d2,U.S. Sugar Supply and Use,Sugar,United States,2023/24,,Exports - Other,106.00,106,"1000 Short Tons, Raw Value","1000 Short Tons, Raw Value",
WASDE-666-V1:11bae8cc07de,666,2025-12-09,December 2025,2025-12-09T17:00:00Z,2025-12-11T04:59:59Z,conservative end of next calendar day in America/New_York; USDA says consolidated CSV updates the day after WASDE,2026-08-20T15:50:03Z,WASDE-666-V1,false,usda_wasde_666_v1_11bae8cc07de,https://www.usda.gov/sites/default/files/documents/oce-wasde-report-data-2025-12.csv,11bae8cc07de3efb16e2c179dcdfb8da6ddb21121715bd7f60df3a49dbb9f7d2,U.S. Sugar Supply and Use,Sugar,United States,2023/24,,Florida,2079.00,2079,"1000 Short Tons, Raw Value","1000 Short Tons, Raw Value",
WASDE-666-V1:11bae8cc07de,666,2025-12-09,December 2025,2025-12-09T17:00:00Z,2025-12-11T04:59:59Z,conservative end of next calendar day in America/New_York; USDA says consolidated CSV updates the day after WASDE,2026-08-20T15:50:03Z,WASDE-666-V1,false,usda_wasde_666_v1_11bae8cc07de,https://www.usda.gov/sites/default/files/documents/oce-wasde-report-data-2025-12.csv,11bae8cc07de3efb16e2c179dcdfb8da6ddb21121715bd7f60df3a49dbb9f7d2,U.S. Sugar Supply and Use,Sugar,United States,2023/24,,Food,12336.00,12336,"1000 Short Tons, Raw Value","1000 Short Tons, Raw Value",
WASDE-666-V1:11bae8cc07de,666,2025-12-09,December 2025,2025-12-09T17:00:00Z,2025-12-11T04:59:59Z,conservative end of next calendar day in America/New_York; USDA says consolidated CSV updates the day after WASDE,2026-08-20T15:50:03Z,WASDE-666-V1,false,usda_wasde_666_v1_11bae8cc07de,https://www.usda.gov/sites/default/files/documents/oce-wasde-report-data-2025-12.csv,11bae8cc07de3efb16e2c179dcdfb8da6ddb21121715bd7f60df3a49dbb9f7d2,U.S. Sugar Supply and Use,Sugar,United States,2023/24,,High-tier tariff/other,1231.00,1231,"1000 Short Tons, Raw Value","1000 Short Tons, Raw Value",
WASDE-666-V1:11bae8cc07de,666,2025-12-09,December 2025,2025-12-09T17:00:00Z,2025-12-11T04:59:59Z,conservative end of next calendar day in America/New_York; USDA says consolidated CSV updates the day after WASDE,2026-08-20T15:50:03Z,WASDE-666-V1,false,usda_wasde_666_v1_11bae8cc07de,https://www.usda.gov/sites/default/files/documents/oce-wasde-report-data-2025-12.csv,11bae8cc07de3efb16e2c179dcdfb8da6ddb21121715bd7f60df3a49dbb9f7d2,U.S. Sugar Supply and Use,Sugar,United States,2023/24,,Imports,3840.00,3840,"1000 Short Tons, Raw Value","1000 Short Tons, Raw Value",
WASDE-666-V1:11bae8cc07de,666,2025-12-09,December 2025,2025-12-09T17:00:00Z,2025-12-11T04:59:59Z,conservative end of next calendar day in America/New_York; USDA says consolidated CSV updates the day after WASDE,2026-08-20T15:50:03Z,WASDE-666-V1,false,usda_wasde_666_v1_11bae8cc07de,https://www.usda.gov/sites/default/files/documents/oce-wasde-report-data-2025-12.csv,11bae8cc07de3efb16e2c179dcdfb8da6ddb21121715bd7f60df3a49dbb9f7d2,U.S. Sugar Supply and Use,Sugar,United States,2023/24,,Louisiana,2022.00,2022,"1000 Short Tons, Raw Value","1000 Short Tons, Raw Value",
WASDE-666-V1:11bae8cc07de,666,2025-12-09,December 2025,2025-12-09T17:00:00Z,2025-12-11T04:59:59Z,conservative end of next calendar day in America/New_York; USDA says consolidated CSV updates the day after WASDE,2026-08-20T15:50:03Z,WASDE-666-V1,false,usda_wasde_666_v1_11bae8cc07de,https://www.usda.gov/sites/default/files/documents/oce-wasde-report-data-2025-12.csv,11bae8cc07de3efb16e2c179dcdfb8da6ddb21121715bd7f60df3a49dbb9f7d2,U.S. Sugar Supply and Use,Sugar,United States,2023/24,,Mexico,521.00,521,"1000 Short Tons, Raw Value","1000 Short Tons, Raw Value",
WASDE-666-V1:11bae8cc07de,666,2025-12-09,December 2025,2025-12-09T17:00:00Z,2025-12-11T04:59:59Z,conservative end of next calendar day in America/New_York; USDA says consolidated CSV updates the day after WASDE,2026-08-20T15:50:03Z,WASDE-666-V1,false,usda_wasde_666_v1_11bae8cc07de,https://www.usda.gov/sites/default/files/documents/oce-wasde-report-data-2025-12.csv,11bae8cc07de3efb16e2c179dcdfb8da6ddb21121715bd7f60df3a49dbb9f7d2,U.S. Sugar Supply and Use,Sugar,United States,2023/24,,Miscellaneous,83.00,83,"1000 Short Tons, Raw Value","1000 Short Tons, Raw Value",
WASDE-666-V1:11bae8cc07de,666,2025-12-09,December 2025,2025-12-09T17:00:00Z,2025-12-11T04:59:59Z,conservative end of next calendar day in America/New_York; USDA says consolidated CSV updates the day after WASDE,2026-08-20T15:50:03Z,WASDE-666-V1,false,usda_wasde_666_v1_11bae8cc07de,https://www.usda.gov/sites/default/files/documents/oce-wasde-report-data-2025-12.csv,11bae8cc07de3efb16e2c179dcdfb8da6ddb21121715bd7f60df3a49dbb9f7d2,U.S. Sugar Supply and Use,Sugar,United States,2023/24,,Non-program,1752.00,1752,"1000 Short Tons, Raw Value","1000 Short Tons, Raw Value",
WASDE-666-V1:11bae8cc07de,666,2025-12-09,December 2025,2025-12-09T17:00:00Z,2025-12-11T04:59:59Z,conservative end of next calendar day in America/New_York; USDA says consolidated CSV updates the day after WASDE,2026-08-20T15:50:03Z,WASDE-666-V1,false,usda_wasde_666_v1_11bae8cc07de,https://www.usda.gov/sites/default/files/documents/oce-wasde-report-data-2025-12.csv,11bae8cc07de3efb16e2c179dcdfb8da6ddb21121715bd7f60df3a49dbb9f7d2,U.S. Sugar Supply and Use,Sugar,United States,2023/24,,Other Program,300.00,300,"1000 Short Tons, Raw Value","1000 Short Tons, Raw Value",
WASDE-666-V1:11bae8cc07de,666,2025-12-09,December 2025,2025-12-09T17:00:00Z,2025-12-11T04:59:59Z,conservative end of next calendar day in America/New_York; USDA says consolidated CSV updates the day after WASDE,2026-08-20T15:50:03Z,WASDE-666-V1,false,usda_wasde_666_v1_11bae8cc07de,https://www.usda.gov/sites/default/files/documents/oce-wasde-report-data-2025-12.csv,11bae8cc07de3efb16e2c179dcdfb8da6ddb21121715bd7f60df3a49dbb9f7d2,U.S. Sugar Supply and Use,Sugar,United States,2023/24,,Production,9313.00,9313,"1000 Short Tons, Raw Value","1000 Short Tons, Raw Value",
WASDE-666-V1:11bae8cc07de,666,2025-12-09,December 2025,2025-12-09T17:00:00Z,2025-12-11T04:59:59Z,conservative end of next calendar day in America/New_York; USDA says consolidated CSV updates the day after WASDE,2026-08-20T15:50:03Z,WASDE-666-V1,false,usda_wasde_666_v1_11bae8cc07de,https://www.usda.gov/sites/default/files/documents/oce-wasde-report-data-2025-12.csv,11bae8cc07de3efb16e2c179dcdfb8da6ddb21121715bd7f60df3a49dbb9f7d2,U.S. Sugar Supply and Use,Sugar,United States,2023/24,,Stocks to Use Ratio,17.40,17.4,"1000 Short Tons, Raw Value",Percent,USDA historical CSV labels Stocks to Use Ratio with the table's tonnage unit; value is normalized as percent while the raw unit is retained.
WASDE-666-V1:11bae8cc07de,666,2025-12-09,December 2025,2025-12-09T17:00:00Z,2025-12-11T04:59:59Z,conservative end of next calendar day in America/New_York; USDA says consolidated CSV updates the day after WASDE,2026-08-20T15:50:03Z,WASDE-666-V1,false,usda_wasde_666_v1_11bae8cc07de,https://www.usda.gov/sites/default/files/documents/oce-wasde-report-data-2025-12.csv,11bae8cc07de3efb16e2c179dcdfb8da6ddb21121715bd7f60df3a49dbb9f7d2,U.S. Sugar Supply and Use,Sugar,United States,2023/24,,TRQ,1788.00,1788,"1000 Short Tons, Raw Value","1000 Short Tons, Raw Value",
WASDE-666-V1:11bae8cc07de,666,2025-12-09,December 2025,2025-12-09T17:00:00Z,2025-12-11T04:59:59Z,conservative end of next calendar day in America/New_York; USDA says consolidated CSV updates the day after WASDE,2026-08-20T15:50:03Z,WASDE-666-V1,false,usda_wasde_666_v1_11bae8cc07de,https://www.usda.gov/sites/default/files/documents/oce-wasde-report-data-2025-12.csv,11bae8cc07de3efb16e2c179dcdfb8da6ddb21121715bd7f60df3a49dbb9f7d2,U.S. Sugar Supply and Use,Sugar,United States,2023/24,,Texas,40.00,40,"1000 Short Tons, Raw Value","1000 Short Tons, Raw Value",
WASDE-666-V1:11bae8cc07de,666,2025-12-09,December 2025,2025-12-09T17:00:00Z,2025-12-11T04:59:59Z,conservative end of next calendar day in America/New_York; USDA says consolidated CSV updates the day after WASDE,2026-08-20T15:50:03Z,WASDE-666-V1,false,usda_wasde_666_v1_11bae8cc07de,https://www.usda.gov/sites/default/files/documents/oce-wasde-report-data-2025-12.csv,11bae8cc07de3efb16e2c179dcdfb8da6ddb21121715bd7f60df3a49dbb9f7d2,U.S. Sugar Supply and Use,Sugar,United States,2023/24,,Total Supply,14995.00,14995,"1000 Short Tons, Raw Value","1000 Short Tons, Raw Value",
WASDE-666-V1:11bae8cc07de,666,2025-12-09,December 2025,2025-12-09T17:00:00Z,2025-12-11T04:59:59Z,conservative end of next calendar day in America/New_York; USDA says consolidated CSV updates the day after WASDE,2026-08-20T15:50:03Z,WASDE-666-V1,false,usda_wasde_666_v1_11bae8cc07de,https://www.usda.gov/sites/default/files/documents/oce-wasde-report-data-2025-12.csv,11bae8cc07de3efb16e2c179dcdfb8da6ddb21121715bd7f60df3a49dbb9f7d2,U.S. Sugar Supply and Use,Sugar,United States,2023/24,,Total Use,12775.00,12775,"1000 Short Tons, Raw Value","1000 Short Tons, Raw Value",
WASDE-666-V1:11bae8cc07de,666,2025-12-09,December 2025,2025-12-09T17:00:00Z,2025-12-11T04:59:59Z,conservative end of next calendar day in America/New_York; USDA says consolidated CSV updates the day after WASDE,2026-08-20T15:50:03Z,WASDE-666-V1,false,usda_wasde_666_v1_11bae8cc07de,https://www.usda.gov/sites/default/files/documents/oce-wasde-report-data-2025-12.csv,11bae8cc07de3efb16e2c179dcdfb8da6ddb21121715bd7f60df3a49dbb9f7d2,U.S. Sugar Supply and Use,Sugar,United States,2024/25,Est.,Beet Sugar,5370.00,5370,"1000 Short Tons, Raw Value","1000 Short Tons, Raw Value",
WASDE-666-V1:11bae8cc07de,666,2025-12-09,December 2025,2025-12-09T17:00:00Z,2025-12-11T04:59:59Z,conservative end of next calendar day in America/New_York; USDA says consolidated CSV updates the day after WASDE,2026-08-20T15:50:03Z,WASDE-666-V1,false,usda_wasde_666_v1_11bae8cc07de,https://www.usda.gov/sites/default/files/documents/oce-wasde-report-data-2025-12.csv,11bae8cc07de3efb16e2c179dcdfb8da6ddb21121715bd7f60df3a49dbb9f7d2,U.S. Sugar Supply and Use,Sugar,United States,2024/25,Est.,Beginning Stocks,2220.00,2220,"1000 Short Tons, Raw Value","1000 Short Tons, Raw Value",
WASDE-666-V1:11bae8cc07de,666,2025-12-09,December 2025,2025-12-09T17:00:00Z,2025-12-11T04:59:59Z,conservative end of next calendar day in America/New_York; USDA says consolidated CSV updates the day after WASDE,2026-08-20T15:50:03Z,WASDE-666-V1,false,usda_wasde_666_v1_11bae8cc07de,https://www.usda.gov/sites/default/files/documents/oce-wasde-report-data-2025-12.csv,11bae8cc07de3efb16e2c179dcdfb8da6ddb21121715bd7f60df3a49dbb9f7d2,U.S. Sugar Supply and Use,Sugar,United States,2024/25,Est.,Cane Sugar,4027.00,4027,"1000 Short Tons, Raw Value","1000 Short Tons, Raw Value",
WASDE-666-V1:11bae8cc07de,666,2025-12-09,December 2025,2025-12-09T17:00:00Z,2025-12-11T04:59:59Z,conservative end of next calendar day in America/New_York; USDA says consolidated CSV updates the day after WASDE,2026-08-20T15:50:03Z,WASDE-666-V1,false,usda_wasde_666_v1_11bae8cc07de,https://www.usda.gov/sites/default/files/documents/oce-wasde-report-data-2025-12.csv,11bae8cc07de3efb16e2c179dcdfb8da6ddb21121715bd7f60df3a49dbb9f7d2,U.S. Sugar Supply and Use,Sugar,United States,2024/25,Est.,Deliveries,12660.00,12660,"1000 Short Tons, Raw Value","1000 Short Tons, Raw Value",
WASDE-666-V1:11bae8cc07de,666,2025-12-09,December 2025,2025-12-09T17:00:00Z,2025-12-11T04:59:59Z,conservative end of next calendar day in America/New_York; USDA says consolidated CSV updates the day after WASDE,2026-08-20T15:50:03Z,WASDE-666-V1,false,usda_wasde_666_v1_11bae8cc07de,https://www.usda.gov/sites/default/files/documents/oce-wasde-report-data-2025-12.csv,11bae8cc07de3efb16e2c179dcdfb8da6ddb21121715bd7f60df3a49dbb9f7d2,U.S. Sugar Supply and Use,Sugar,United States,2024/25,Est.,Ending Stocks,2489.00,2489,"1000 Short Tons, Raw Value","1000 Short Tons, Raw Value",
WASDE-666-V1:11bae8cc07de,666,2025-12-09,December 2025,2025-12-09T17:00:00Z,2025-12-11T04:59:59Z,conservative end of next calendar day in America/New_York; USDA says consolidated CSV updates the day after WASDE,2026-08-20T15:50:03Z,WASDE-666-V1,false,usda_wasde_666_v1_11bae8cc07de,https://www.usda.gov/sites/default/files/documents/oce-wasde-report-data-2025-12.csv,11bae8cc07de3efb16e2c179dcdfb8da6ddb21121715bd7f60df3a49dbb9f7d2,U.S. Sugar Supply and Use,Sugar,United States,2024/25,Est.,Exports,111.00,111,"1000 Short Tons, Raw Value","1000 Short Tons, Raw Value",
WASDE-666-V1:11bae8cc07de,666,2025-12-09,December 2025,2025-12-09T17:00:00Z,2025-12-11T04:59:59Z,conservative end of next calendar day in America/New_York; USDA says consolidated CSV updates the day after WASDE,2026-08-20T15:50:03Z,WASDE-666-V1,false,usda_wasde_666_v1_11bae8cc07de,https://www.usda.gov/sites/default/files/documents/oce-wasde-report-data-2025-12.csv,11bae8cc07de3efb16e2c179dcdfb8da6ddb21121715bd7f60df3a49dbb9f7d2,U.S. Sugar Supply and Use,Sugar,United States,2024/25,Est.,Exports - Other,111.00,111,"1000 Short Tons, Raw Value","1000 Short Tons, Raw Value",
WASDE-666-V1:11bae8cc07de,666,2025-12-09,December 2025,2025-12-09T17:00:00Z,2025-12-11T04:59:59Z,conservative end of next calendar day in America/New_York; USDA says consolidated CSV updates the day after WASDE,2026-08-20T15:50:03Z,WASDE-666-V1,false,usda_wasde_666_v1_11bae8cc07de,https://www.usda.gov/sites/default/files/documents/oce-wasde-report-data-2025-12.csv,11bae8cc07de3efb16e2c179dcdfb8da6ddb21121715bd7f60df3a49dbb9f7d2,U.S. Sugar Supply and Use,Sugar,United States,2024/25,Est.,Florida,1931.00,1931,"1000 Short Tons, Raw Value","1000 Short Tons, Raw Value",
WASDE-666-V1:11bae8cc07de,666,2025-12-09,December 2025,2025-12-09T17:00:00Z,2025-12-11T04:59:59Z,conservative end of next calendar day in America/New_York; USDA says consolidated CSV updates the day after WASDE,2026-08-20T15:50:03Z,WASDE-666-V1,false,usda_wasde_666_v1_11bae8cc07de,https://www.usda.gov/sites/default/files/documents/oce-wasde-report-data-2025-12.csv,11bae8cc07de3efb16e2c179dcdfb8da6ddb21121715bd7f60df3a49dbb9f7d2,U.S. Sugar Supply and Use,Sugar,United States,2024/25,Est.,Food,12549.00,12549,"1000 Short Tons, Raw Value","1000 Short Tons, Raw Value",
WASDE-666-V1:11bae8cc07de,666,2025-12-09,December 2025,2025-12-09T17:00:00Z,2025-12-11T04:59:59Z,conservative end of next calendar day in America/New_York; USDA says consolidated CSV updates the day after WASDE,2026-08-20T15:50:03Z,WASDE-666-V1,false,usda_wasde_666_v1_11bae8cc07de,https://www.usda.gov/sites/default/files/documents/oce-wasde-report-data-2025-12.csv,11bae8cc07de3efb16e2c179dcdfb8da6ddb21121715bd7f60df3a49dbb9f7d2,U.S. Sugar Supply and Use,Sugar,United States,2024/25,Est.,High-tier tariff/other,1014.00,1014,"1000 Short Tons, Raw Value","1000 Short Tons, Raw Value",
WASDE-666-V1:11bae8cc07de,666,2025-12-09,December 2025,2025-12-09T17:00:00Z,2025-12-11T04:59:59Z,conservative end of next calendar day in America/New_York; USDA says consolidated CSV updates the day after WASDE,2026-08-20T15:50:03Z,WASDE-666-V1,false,usda_wasde_666_v1_11bae8cc07de,https://www.usda.gov/sites/default/files/documents/oce-wasde-report-data-2025-12.csv,11bae8cc07de3efb16e2c179dcdfb8da6ddb21121715bd7f60df3a49dbb9f7d2,U.S. Sugar Supply and Use,Sugar,United States,2024/25,Est.,Imports,3415.00,3415,"1000 Short Tons, Raw Value","1000 Short Tons, Raw Value",
WASDE-666-V1:11bae8cc07de,666,2025-12-09,December 2025,2025-12-09T17:00:00Z,2025-12-11T04:59:59Z,conservative end of next calendar day in America/New_York; USDA says consolidated CSV updates the day after WASDE,2026-08-20T15:50:03Z,WASDE-666-V1,false,usda_wasde_666_v1_11bae8cc07de,https://www.usda.gov/sites/default/files/documents/oce-wasde-report-data-2025-12.csv,11bae8cc07de3efb16e2c179dcdfb8da6ddb21121715bd7f60df3a49dbb9f7d2,U.S. Sugar Supply and Use,Sugar,United States,2024/25,Est.,Louisiana,2095.00,2095,"1000 Short Tons, Raw Value","1000 Short Tons, Raw Value",
WASDE-666-V1:11bae8cc07de,666,2025-12-09,December 2025,2025-12-09T17:00:00Z,2025-12-11T04:59:59Z,conservative end of next calendar day in America/New_York; USDA says consolidated CSV updates the day after WASDE,2026-08-20T15:50:03Z,WASDE-666-V1,false,usda_wasde_666_v1_11bae8cc07de,https://www.usda.gov/sites/default/files/documents/oce-wasde-report-data-2025-12.csv,11bae8cc07de3efb16e2c179dcdfb8da6ddb21121715bd7f60df3a49dbb9f7d2,U.S. Sugar Supply and Use,Sugar,United States,2024/25,Est.,Mexico,504.00,504,"1000 Short Tons, Raw Value","1000 Short Tons, Raw Value",
WASDE-666-V1:11bae8cc07de,666,2025-12-09,December 2025,2025-12-09T17:00:00Z,2025-12-11T04:59:59Z,conservative end of next calendar day in America/New_York; USDA says consolidated CSV updates the day after WASDE,2026-08-20T15:50:03Z,WASDE-666-V1,false,usda_wasde_666_v1_11bae8cc07de,https://www.usda.gov/sites/default/files/documents/oce-wasde-report-data-2025-12.csv,11bae8cc07de3efb16e2c179dcdfb8da6ddb21121715bd7f60df3a49dbb9f7d2,U.S. Sugar Supply and Use,Sugar,United States,2024/25,Est.,Miscellaneous,-228.00,-228,"1000 Short Tons, Raw Value","1000 Short Tons, Raw Value",
WASDE-666-V1:11bae8cc07de,666,2025-12-09,December 2025,2025-12-09T17:00:00Z,2025-12-11T04:59:59Z,conservative end of next calendar day in America/New_York; USDA says consolidated CSV updates the day after WASDE,2026-08-20T15:50:03Z,WASDE-666-V1,false,usda_wasde_666_v1_11bae8cc07de,https://www.usda.gov/sites/default/files/documents/oce-wasde-report-data-2025-12.csv,11bae8cc07de3efb16e2c179dcdfb8da6ddb21121715bd7f60df3a49dbb9f7d2,U.S. Sugar Supply and Use,Sugar,United States,2024/25,Est.,Non-program,1518.00,1518,"1000 Short Tons, Raw Value","1000 Short Tons, Raw Value",
WASDE-666-V1:11bae8cc07de,666,2025-12-09,December 2025,2025-12-09T17:00:00Z,2025-12-11T04:59:59Z,conservative end of next calendar day in America/New_York; USDA says consolidated CSV updates the day after WASDE,2026-08-20T15:50:03Z,WASDE-666-V1,false,usda_wasde_666_v1_11bae8cc07de,https://www.usda.gov/sites/default/files/documents/oce-wasde-report-data-2025-12.csv,11bae8cc07de3efb16e2c179dcdfb8da6ddb21121715bd7f60df3a49dbb9f7d2,U.S. Sugar Supply and Use,Sugar,United States,2024/25,Est.,Other Program,362.00,362,"1000 Short Tons, Raw Value","1000 Short Tons, Raw Value",
WASDE-666-V1:11bae8cc07de,666,2025-12-09,December 2025,2025-12-09T17:00:00Z,2025-12-11T04:59:59Z,conservative end of next calendar day in America/New_York; USDA says consolidated CSV updates the day after WASDE,2026-08-20T15:50:03Z,WASDE-666-V1,false,usda_wasde_666_v1_11bae8cc07de,https://www.usda.gov/sites/default/files/documents/oce-wasde-report-data-2025-12.csv,11bae8cc07de3efb16e2c179dcdfb8da6ddb21121715bd7f60df3a49dbb9f7d2,U.S. Sugar Supply and Use,Sugar,United States,2024/25,Est.,Production,9396.00,9396,"1000 Short Tons, Raw Value","1000 Short Tons, Raw Value",
WASDE-666-V1:11bae8cc07de,666,2025-12-09,December 2025,2025-12-09T17:00:00Z,2025-12-11T04:59:59Z,conservative end of next calendar day in America/New_York; USDA says consolidated CSV updates the day after WASDE,2026-08-20T15:50:03Z,WASDE-666-V1,false,usda_wasde_666_v1_11bae8cc07de,https://www.usda.gov/sites/default/files/documents/oce-wasde-report-data-2025-12.csv,11bae8cc07de3efb16e2c179dcdfb8da6ddb21121715bd7f60df3a49dbb9f7d2,U.S. Sugar Supply and Use,Sugar,United States,2024/25,Est.,Stocks to Use Ratio,19.80,19.8,"1000 Short Tons, Raw Value",Percent,USDA historical CSV labels Stocks to Use Ratio with the table's tonnage unit; value is normalized as percent while the raw unit is retained.
WASDE-666-V1:11bae8cc07de,666,2025-12-09,December 2025,2025-12-09T17:00:00Z,2025-12-11T04:59:59Z,conservative end of next calendar day in America/New_York; USDA says consolidated CSV updates the day after WASDE,2026-08-20T15:50:03Z,WASDE-666-V1,false,usda_wasde_666_v1_11bae8cc07de,https://www.usda.gov/sites/default/files/documents/oce-wasde-report-data-2025-12.csv,11bae8cc07de3efb16e2c179dcdfb8da6ddb21121715bd7f60df3a49dbb9f7d2,U.S. Sugar Supply and Use,Sugar,United States,2024/25,Est.,TRQ,1534.00,1534,"1000 Short Tons, Raw Value","1000 Short Tons, Raw Value",
WASDE-666-V1:11bae8cc07de,666,2025-12-09,December 2025,2025-12-09T17:00:00Z,2025-12-11T04:59:59Z,conservative end of next calendar day in America/New_York; USDA says consolidated CSV updates the day after WASDE,2026-08-20T15:50:03Z,WASDE-666-V1,false,usda_wasde_666_v1_11bae8cc07de,https://www.usda.gov/sites/default/files/documents/oce-wasde-report-data-2025-12.csv,11bae8cc07de3efb16e2c179dcdfb8da6ddb21121715bd7f60df3a49dbb9f7d2,U.S. Sugar Supply and Use,Sugar,United States,2024/25,Est.,Texas,.00,0,"1000 Short Tons, Raw Value","1000 Short Tons, Raw Value",
WASDE-666-V1:11bae8cc07de,666,2025-12-09,December 2025,2025-12-09T17:00:00Z,2025-12-11T04:59:59Z,conservative end of next calendar day in America/New_York; USDA says consolidated CSV updates the day after WASDE,2026-08-20T15:50:03Z,WASDE-666-V1,false,usda_wasde_666_v1_11bae8cc07de,https://www.usda.gov/sites/default/files/documents/oce-wasde-report-data-2025-12.csv,11bae8cc07de3efb16e2c179dcdfb8da6ddb21121715bd7f60df3a49dbb9f7d2,U.S. Sugar Supply and Use,Sugar,United States,2024/25,Est.,Total Supply,15032.00,15032,"1000 Short Tons, Raw Value","1000 Short Tons, Raw Value",
WASDE-666-V1:11bae8cc07de,666,2025-12-09,December 2025,2025-12-09T17:00:00Z,2025-12-11T04:59:59Z,conservative end of next calendar day in America/New_York; USDA says consolidated CSV updates the day after WASDE,2026-08-20T15:50:03Z,WASDE-666-V1,false,usda_wasde_666_v1_11bae8cc07de,https://www.usda.gov/sites/default/files/documents/oce-wasde-report-data-2025-12.csv,11bae8cc07de3efb16e2c179dcdfb8da6ddb21121715bd7f60df3a49dbb9f7d2,U.S. Sugar Supply and Use,Sugar,United States,2024/25,Est.,Total Use,12543.00,12543,"1000 Short Tons, Raw Value","1000 Short Tons, Raw Value",
WASDE-666-V1:11bae8cc07de,666,2025-12-09,December 2025,2025-12-09T17:00:00Z,2025-12-11T04:59:59Z,conservative end of next calendar day in America/New_York; USDA says consolidated CSV updates the day after WASDE,2026-08-20T15:50:03Z,WASDE-666-V1,false,usda_wasde_666_v1_11bae8cc07de,https://www.usda.gov/sites/default/files/documents/oce-wasde-report-data-2025-12.csv,11bae8cc07de3efb16e2c179dcdfb8da6ddb21121715bd7f60df3a49dbb9f7d2,U.S. Sugar Supply and Use,Sugar,United States,2025/26,Proj.,Beet Sugar,5098.00,5098,"1000 Short Tons, Raw Value","1000 Short Tons, Raw Value",
WASDE-666-V1:11bae8cc07de,666,2025-12-09,December 2025,2025-12-09T17:00:00Z,2025-12-11T04:59:59Z,conservative end of next calendar day in America/New_York; USDA says consolidated CSV updates the day after WASDE,2026-08-20T15:50:03Z,WASDE-666-V1,false,usda_wasde_666_v1_11bae8cc07de,https://www.usda.gov/sites/default/files/documents/oce-wasde-report-data-2025-12.csv,11bae8cc07de3efb16e2c179dcdfb8da6ddb21121715bd7f60df3a49dbb9f7d2,U.S. Sugar Supply and Use,Sugar,United States,2025/26,Proj.,Beginning Stocks,2489.00,2489,"1000 Short Tons, Raw Value","1000 Short Tons, Raw Value",
WASDE-666-V1:11bae8cc07de,666,2025-12-09,December 2025,2025-12-09T17:00:00Z,2025-12-11T04:59:59Z,conservative end of next calendar day in America/New_York; USDA says consolidated CSV updates the day after WASDE,2026-08-20T15:50:03Z,WASDE-666-V1,false,usda_wasde_666_v1_11bae8cc07de,https://www.usda.gov/sites/default/files/documents/oce-wasde-report-data-2025-12.csv,11bae8cc07de3efb16e2c179dcdfb8da6ddb21121715bd7f60df3a49dbb9f7d2,U.S. Sugar Supply and Use,Sugar,United States,2025/26,Proj.,Cane Sugar,4244.00,4244,"1000 Short Tons, Raw Value","1000 Short Tons, Raw Value",
WASDE-666-V1:11bae8cc07de,666,2025-12-09,December 2025,2025-12-09T17:00:00Z,2025-12-11T04:59:59Z,conservative end of next calendar day in America/New_York; USDA says consolidated CSV updates the day after WASDE,2026-08-20T15:50:03Z,WASDE-666-V1,false,usda_wasde_666_v1_11bae8cc07de,https://www.usda.gov/sites/default/files/documents/oce-wasde-report-data-2025-12.csv,11bae8cc07de3efb16e2c179dcdfb8da6ddb21121715bd7f60df3a49dbb9f7d2,U.S. Sugar Supply and Use,Sugar,United States,2025/26,Proj.,Deliveries,12153.00,12153,"1000 Short Tons, Raw Value","1000 Short Tons, Raw Value",
WASDE-666-V1:11bae8cc07de,666,2025-12-09,December 2025,2025-12-09T17:00:00Z,2025-12-11T04:59:59Z,conservative end of next calendar day in America/New_York; USDA says consolidated CSV updates the day after WASDE,2026-08-20T15:50:03Z,WASDE-666-V1,false,usda_wasde_666_v1_11bae8cc07de,https://www.usda.gov/sites/default/files/documents/oce-wasde-report-data-2025-12.csv,11bae8cc07de3efb16e2c179dcdfb8da6ddb21121715bd7f60df3a49dbb9f7d2,U.S. Sugar Supply and Use,Sugar,United States,2025/26,Proj.,Ending Stocks,1867.00,1867,"1000 Short Tons, Raw Value","1000 Short Tons, Raw Value",
WASDE-666-V1:11bae8cc07de,666,2025-12-09,December 2025,2025-12-09T17:00:00Z,2025-12-11T04:59:59Z,conservative end of next calendar day in America/New_York; USDA says consolidated CSV updates the day after WASDE,2026-08-20T15:50:03Z,WASDE-666-V1,false,usda_wasde_666_v1_11bae8cc07de,https://www.usda.gov/sites/default/files/documents/oce-wasde-report-data-2025-12.csv,11bae8cc07de3efb16e2c179dcdfb8da6ddb21121715bd7f60df3a49dbb9f7d2,U.S. Sugar Supply and Use,Sugar,United States,2025/26,Proj.,Exports,100.00,100,"1000 Short Tons, Raw Value","1000 Short Tons, Raw Value",
WASDE-666-V1:11bae8cc07de,666,2025-12-09,December 2025,2025-12-09T17:00:00Z,2025-12-11T04:59:59Z,conservative end of next calendar day in America/New_York; USDA says consolidated CSV updates the day after WASDE,2026-08-20T15:50:03Z,WASDE-666-V1,false,usda_wasde_666_v1_11bae8cc07de,https://www.usda.gov/sites/default/files/documents/oce-wasde-report-data-2025-12.csv,11bae8cc07de3efb16e2c179dcdfb8da6ddb21121715bd7f60df3a49dbb9f7d2,U.S. Sugar Supply and Use,Sugar,United States,2025/26,Proj.,Exports - Other,105.00,105,"1000 Short Tons, Raw Value","1000 Short Tons, Raw Value",
WASDE-666-V1:11bae8cc07de,666,2025-12-09,December 2025,2025-12-09T17:00:00Z,2025-12-11T04:59:59Z,conservative end of next calendar day in America/New_York; USDA says consolidated CSV updates the day after WASDE,2026-08-20T15:50:03Z,WASDE-666-V1,false,usda_wasde_666_v1_11bae8cc07de,https://www.usda.gov/sites/default/files/documents/oce-wasde-report-data-2025-12.csv,11bae8cc07de3efb16e2c179dcdfb8da6ddb21121715bd7f60df3a49dbb9f7d2,U.S. Sugar Supply and Use,Sugar,United States,2025/26,Proj.,Florida,2082.00,2082,"1000 Short Tons, Raw Value","1000 Short Tons, Raw Value",
WASDE-666-V1:11bae8cc07de,666,2025-12-09,December 2025,2025-12-09T17:00:00Z,2025-12-11T04:59:59Z,conservative end of next calendar day in America/New_York; USDA says consolidated CSV updates the day after WASDE,2026-08-20T15:50:03Z,WASDE-666-V1,false,usda_wasde_666_v1_11bae8cc07de,https://www.usda.gov/sites/default/files/documents/oce-wasde-report-data-2025-12.csv,11bae8cc07de3efb16e2c179dcdfb8da6ddb21121715bd7f60df3a49dbb9f7d2,U.S. Sugar Supply and Use,Sugar,United States,2025/26,Proj.,Food,12048.00,12048,"1000 Short Tons, Raw Value","1000 Short Tons, Raw Value",
WASDE-666-V1:11bae8cc07de,666,2025-12-09,December 2025,2025-12-09T17:00:00Z,2025-12-11T04:59:59Z,conservative end of next calendar day in America/New_York; USDA says consolidated CSV updates the day after WASDE,2026-08-20T15:50:03Z,WASDE-666-V1,false,usda_wasde_666_v1_11bae8cc07de,https://www.usda.gov/sites/default/files/documents/oce-wasde-report-data-2025-12.csv,11bae8cc07de3efb16e2c179dcdfb8da6ddb21121715bd7f60df3a49dbb9f7d2,U.S. Sugar Supply and Use,Sugar,United States,2025/26,Proj.,High-tier tariff/other,500.00,500,"1000 Short Tons, Raw Value","1000 Short Tons, Raw Value",
WASDE-666-V1:11bae8cc07de,666,2025-12-09,December 2025,2025-12-09T17:00:00Z,2025-12-11T04:59:59Z,conservative end of next calendar day in America/New_York; USDA says consolidated CSV updates the day after WASDE,2026-08-20T15:50:03Z,WASDE-666-V1,false,usda_wasde_666_v1_11bae8cc07de,https://www.usda.gov/sites/default/files/documents/oce-wasde-report-data-2025-12.csv,11bae8cc07de3efb16e2c179dcdfb8da6ddb21121715bd7f60df3a49dbb9f7d2,U.S. Sugar Supply and Use,Sugar,United States,2025/26,Proj.,Imports,2289.00,2289,"1000 Short Tons, Raw Value","1000 Short Tons, Raw Value",
WASDE-666-V1:11bae8cc07de,666,2025-12-09,December 2025,2025-12-09T17:00:00Z,2025-12-11T04:59:59Z,conservative end of next calendar day in America/New_York; USDA says consolidated CSV updates the day after WASDE,2026-08-20T15:50:03Z,WASDE-666-V1,false,usda_wasde_666_v1_11bae8cc07de,https://www.usda.gov/sites/default/files/documents/oce-wasde-report-data-2025-12.csv,11bae8cc07de3efb16e2c179dcdfb8da6ddb21121715bd7f60df3a49dbb9f7d2,U.S. Sugar Supply and Use,Sugar,United States,2025/26,Proj.,Louisiana,2162.00,2162,"1000 Short Tons, Raw Value","1000 Short Tons, Raw Value",
WASDE-666-V1:11bae8cc07de,666,2025-12-09,December 2025,2025-12-09T17:00:00Z,2025-12-11T04:59:59Z,conservative end of next calendar day in America/New_York; USDA says consolidated CSV updates the day after WASDE,2026-08-20T15:50:03Z,WASDE-666-V1,false,usda_wasde_666_v1_11bae8cc07de,https://www.usda.gov/sites/default/files/documents/oce-wasde-report-data-2025-12.csv,11bae8cc07de3efb16e2c179dcdfb8da6ddb21121715bd7f60df3a49dbb9f7d2,U.S. Sugar Supply and Use,Sugar,United States,2025/26,Proj.,Mexico,220.00,220,"1000 Short Tons, Raw Value","1000 Short Tons, Raw Value",
WASDE-666-V1:11bae8cc07de,666,2025-12-09,December 2025,2025-12-09T17:00:00Z,2025-12-11T04:59:59Z,conservative end of next calendar day in America/New_York; USDA says consolidated CSV updates the day after WASDE,2026-08-20T15:50:03Z,WASDE-666-V1,false,usda_wasde_666_v1_11bae8cc07de,https://www.usda.gov/sites/default/files/documents/oce-wasde-report-data-2025-12.csv,11bae8cc07de3efb16e2c179dcdfb8da6ddb21121715bd7f60df3a49dbb9f7d2,U.S. Sugar Supply and Use,Sugar,United States,2025/26,Proj.,Miscellaneous,.00,0,"1000 Short Tons, Raw Value","1000 Short Tons, Raw Value",
WASDE-666-V1:11bae8cc07de,666,2025-12-09,December 2025,2025-12-09T17:00:00Z,2025-12-11T04:59:59Z,conservative end of next calendar day in America/New_York; USDA says consolidated CSV updates the day after WASDE,2026-08-20T15:50:03Z,WASDE-666-V1,false,usda_wasde_666_v1_11bae8cc07de,https://www.usda.gov/sites/default/files/documents/oce-wasde-report-data-2025-12.csv,11bae8cc07de3efb16e2c179dcdfb8da6ddb21121715bd7f60df3a49dbb9f7d2,U.S. Sugar Supply and Use,Sugar,United States,2025/26,Proj.,Non-program,720.00,720,"1000 Short Tons, Raw Value","1000 Short Tons, Raw Value",
WASDE-666-V1:11bae8cc07de,666,2025-12-09,December 2025,2025-12-09T17:00:00Z,2025-12-11T04:59:59Z,conservative end of next calendar day in America/New_York; USDA says consolidated CSV updates the day after WASDE,2026-08-20T15:50:03Z,WASDE-666-V1,false,usda_wasde_666_v1_11bae8cc07de,https://www.usda.gov/sites/default/files/documents/oce-wasde-report-data-2025-12.csv,11bae8cc07de3efb16e2c179dcdfb8da6ddb21121715bd7f60df3a49dbb9f7d2,U.S. Sugar Supply and Use,Sugar,United States,2025/26,Proj.,Other Program,200.00,200,"1000 Short Tons, Raw Value","1000 Short Tons, Raw Value",
WASDE-666-V1:11bae8cc07de,666,2025-12-09,December 2025,2025-12-09T17:00:00Z,2025-12-11T04:59:59Z,conservative end of next calendar day in America/New_York; USDA says consolidated CSV updates the day after WASDE,2026-08-20T15:50:03Z,WASDE-666-V1,false,usda_wasde_666_v1_11bae8cc07de,https://www.usda.gov/sites/default/files/documents/oce-wasde-report-data-2025-12.csv,11bae8cc07de3efb16e2c179dcdfb8da6ddb21121715bd7f60df3a49dbb9f7d2,U.S. Sugar Supply and Use,Sugar,United States,2025/26,Proj.,Production,9342.00,9342,"1000 Short Tons, Raw Value","1000 Short Tons, Raw Value",
WASDE-666-V1:11bae8cc07de,666,2025-12-09,December 2025,2025-12-09T17:00:00Z,2025-12-11T04:59:59Z,conservative end of next calendar day in America/New_York; USDA says consolidated CSV updates the day after WASDE,2026-08-20T15:50:03Z,WASDE-666-V1,false,usda_wasde_666_v1_11bae8cc07de,https://www.usda.gov/sites/default/files/documents/oce-wasde-report-data-2025-12.csv,11bae8cc07de3efb16e2c179dcdfb8da6ddb21121715bd7f60df3a49dbb9f7d2,U.S. Sugar Supply and Use,Sugar,United States,2025/26,Proj.,Stocks to Use Ratio,15.20,15.2,"1000 Short Tons, Raw Value",Percent,USDA historical CSV labels Stocks to Use Ratio with the table's tonnage unit; value is normalized as percent while the raw unit is retained.
WASDE-666-V1:11bae8cc07de,666,2025-12-09,December 2025,2025-12-09T17:00:00Z,2025-12-11T04:59:59Z,conservative end of next calendar day in America/New_York; USDA says consolidated CSV updates the day after WASDE,2026-08-20T15:50:03Z,WASDE-666-V1,false,usda_wasde_666_v1_11bae8cc07de,https://www.usda.gov/sites/default/files/documents/oce-wasde-report-data-2025-12.csv,11bae8cc07de3efb16e2c179dcdfb8da6ddb21121715bd7f60df3a49dbb9f7d2,U.S. Sugar Supply and Use,Sugar,United States,2025/26,Proj.,TRQ,1369.00,1369,"1000 Short Tons, Raw Value","1000 Short Tons, Raw Value",
WASDE-666-V1:11bae8cc07de,666,2025-12-09,December 2025,2025-12-09T17:00:00Z,2025-12-11T04:59:59Z,conservative end of next calendar day in America/New_York; USDA says consolidated CSV updates the day after WASDE,2026-08-20T15:50:03Z,WASDE-666-V1,false,usda_wasde_666_v1_11bae8cc07de,https://www.usda.gov/sites/default/files/documents/oce-wasde-report-data-2025-12.csv,11bae8cc07de3efb16e2c179dcdfb8da6ddb21121715bd7f60df3a49dbb9f7d2,U.S. Sugar Supply and Use,Sugar,United States,2025/26,Proj.,Texas,.00,0,"1000 Short Tons, Raw Value","1000 Short Tons, Raw Value",
WASDE-666-V1:11bae8cc07de,666,2025-12-09,December 2025,2025-12-09T17:00:00Z,2025-12-11T04:59:59Z,conservative end of next calendar day in America/New_York; USDA says consolidated CSV updates the day after WASDE,2026-08-20T15:50:03Z,WASDE-666-V1,false,usda_wasde_666_v1_11bae8cc07de,https://www.usda.gov/sites/default/files/documents/oce-wasde-report-data-2025-12.csv,11bae8cc07de3efb16e2c179dcdfb8da6ddb21121715bd7f60df3a49dbb9f7d2,U.S. Sugar Supply and Use,Sugar,United States,2025/26,Proj.,Total Supply,14119.00,14119,"1000 Short Tons, Raw Value","1000 Short Tons, Raw Value",
WASDE-666-V1:11bae8cc07de,666,2025-12-09,December 2025,2025-12-09T17:00:00Z,2025-12-11T04:59:59Z,conservative end of next calendar day in America/New_York; USDA says consolidated CSV updates the day after WASDE,2026-08-20T15:50:03Z,WASDE-666-V1,false,usda_wasde_666_v1_11bae8cc07de,https://www.usda.gov/sites/default/files/documents/oce-wasde-report-data-2025-12.csv,11bae8cc07de3efb16e2c179dcdfb8da6ddb21121715bd7f60df3a49dbb9f7d2,U.S. Sugar Supply and Use,Sugar,United States,2025/26,Proj.,Total Use,12253.00,12253,"1000 Short Tons, Raw Value","1000 Short Tons, Raw Value",
WASDE-667-V1:3549f0f9c281,667,2026-01-12,January 2026,2026-01-12T17:00:00Z,2026-01-14T04:59:59Z,conservative end of next calendar day in America/New_York; USDA says consolidated CSV updates the day after WASDE,2026-08-20T15:50:03Z,WASDE-667-V1,false,usda_wasde_667_v1_3549f0f9c281,https://www.usda.gov/sites/default/files/documents/oce-wasde-report-data-2026-01.csv,3549f0f9c2815ddc252ab82a5d6ea8dbb9fee4854e658986247cf853861d3b8a,Mexico Sugar Supply and Use and High Fructose Corn Syrup Consumption,Sugar,Mexico,2024/25,Est.,Beginning Stocks,1418.00,1418,"1000 Metric Tons, Actual Weight","1000 Metric Tons, Actual Weight",
WASDE-667-V1:3549f0f9c281,667,2026-01-12,January 2026,2026-01-12T17:00:00Z,2026-01-14T04:59:59Z,conservative end of next calendar day in America/New_York; USDA says consolidated CSV updates the day after WASDE,2026-08-20T15:50:03Z,WASDE-667-V1,false,usda_wasde_667_v1_3549f0f9c281,https://www.usda.gov/sites/default/files/documents/oce-wasde-report-data-2026-01.csv,3549f0f9c2815ddc252ab82a5d6ea8dbb9fee4854e658986247cf853861d3b8a,Mexico Sugar Supply and Use and High Fructose Corn Syrup Consumption,Sugar,Mexico,2024/25,Est.,Domestic,4210.00,4210,"1000 Metric Tons, Actual Weight","1000 Metric Tons, Actual Weight",
WASDE-667-V1:3549f0f9c281,667,2026-01-12,January 2026,2026-01-12T17:00:00Z,2026-01-14T04:59:59Z,conservative end of next calendar day in America/New_York; USDA says consolidated CSV updates the day after WASDE,2026-08-20T15:50:03Z,WASDE-667-V1,false,usda_wasde_667_v1_3549f0f9c281,https://www.usda.gov/sites/default/files/documents/oce-wasde-report-data-2026-01.csv,3549f0f9c2815ddc252ab82a5d6ea8dbb9fee4854e658986247cf853861d3b8a,Mexico Sugar Supply and Use and High Fructose Corn Syrup Consumption,Sugar,Mexico,2024/25,Est.,Ending Stocks,1123.00,1123,"1000 Metric Tons, Actual Weight","1000 Metric Tons, Actual Weight",
WASDE-667-V1:3549f0f9c281,667,2026-01-12,January 2026,2026-01-12T17:00:00Z,2026-01-14T04:59:59Z,conservative end of next calendar day in America/New_York; USDA says consolidated CSV updates the day after WASDE,2026-08-20T15:50:03Z,WASDE-667-V1,false,usda_wasde_667_v1_3549f0f9c281,https://www.usda.gov/sites/default/files/documents/oce-wasde-report-data-2026-01.csv,3549f0f9c2815ddc252ab82a5d6ea8dbb9fee4854e658986247cf853861d3b8a,Mexico Sugar Supply and Use and High Fructose Corn Syrup Consumption,Sugar,Mexico,2024/25,Est.,Exports,1023.00,1023,"1000 Metric Tons, Actual Weight","1000 Metric Tons, Actual Weight",
WASDE-667-V1:3549f0f9c281,667,2026-01-12,January 2026,2026-01-12T17:00:00Z,2026-01-14T04:59:59Z,conservative end of next calendar day in America/New_York; USDA says consolidated CSV updates the day after WASDE,2026-08-20T15:50:03Z,WASDE-667-V1,false,usda_wasde_667_v1_3549f0f9c281,https://www.usda.gov/sites/default/files/documents/oce-wasde-report-data-2026-01.csv,3549f0f9c2815ddc252ab82a5d6ea8dbb9fee4854e658986247cf853861d3b8a,Mexico Sugar Supply and Use and High Fructose Corn Syrup Consumption,Sugar,Mexico,2024/25,Est.,Imports,167.00,167,"1000 Metric Tons, Actual Weight","1000 Metric Tons, Actual Weight",
WASDE-667-V1:3549f0f9c281,667,2026-01-12,January 2026,2026-01-12T17:00:00Z,2026-01-14T04:59:59Z,conservative end of next calendar day in America/New_York; USDA says consolidated CSV updates the day after WASDE,2026-08-20T15:50:03Z,WASDE-667-V1,false,usda_wasde_667_v1_3549f0f9c281,https://www.usda.gov/sites/default/files/documents/oce-wasde-report-data-2026-01.csv,3549f0f9c2815ddc252ab82a5d6ea8dbb9fee4854e658986247cf853861d3b8a,Mexico Sugar Supply and Use and High Fructose Corn Syrup Consumption,Sugar,Mexico,2024/25,Est.,Production,4771.00,4771,"1000 Metric Tons, Actual Weight","1000 Metric Tons, Actual Weight",
WASDE-667-V1:3549f0f9c281,667,2026-01-12,January 2026,2026-01-12T17:00:00Z,2026-01-14T04:59:59Z,conservative end of next calendar day in America/New_York; USDA says consolidated CSV updates the day after WASDE,2026-08-20T15:50:03Z,WASDE-667-V1,false,usda_wasde_667_v1_3549f0f9c281,https://www.usda.gov/sites/default/files/documents/oce-wasde-report-data-2026-01.csv,3549f0f9c2815ddc252ab82a5d6ea8dbb9fee4854e658986247cf853861d3b8a,Mexico Sugar Supply and Use and High Fructose Corn Syrup Consumption,Sugar,Mexico,2025/26,Proj.,Beginning Stocks,1123.00,1123,"1000 Metric Tons, Actual Weight","1000 Metric Tons, Actual Weight",
WASDE-667-V1:3549f0f9c281,667,2026-01-12,January 2026,2026-01-12T17:00:00Z,2026-01-14T04:59:59Z,conservative end of next calendar day in America/New_York; USDA says consolidated CSV updates the day after WASDE,2026-08-20T15:50:03Z,WASDE-667-V1,false,usda_wasde_667_v1_3549f0f9c281,https://www.usda.gov/sites/default/files/documents/oce-wasde-report-data-2026-01.csv,3549f0f9c2815ddc252ab82a5d6ea8dbb9fee4854e658986247cf853861d3b8a,Mexico Sugar Supply and Use and High Fructose Corn Syrup Consumption,Sugar,Mexico,2025/26,Proj.,Domestic,4320.00,4320,"1000 Metric Tons, Actual Weight","1000 Metric Tons, Actual Weight",
WASDE-667-V1:3549f0f9c281,667,2026-01-12,January 2026,2026-01-12T17:00:00Z,2026-01-14T04:59:59Z,conservative end of next calendar day in America/New_York; USDA says consolidated CSV updates the day after WASDE,2026-08-20T15:50:03Z,WASDE-667-V1,false,usda_wasde_667_v1_3549f0f9c281,https://www.usda.gov/sites/default/files/documents/oce-wasde-report-data-2026-01.csv,3549f0f9c2815ddc252ab82a5d6ea8dbb9fee4854e658986247cf853861d3b8a,Mexico Sugar Supply and Use and High Fructose Corn Syrup Consumption,Sugar,Mexico,2025/26,Proj.,Ending Stocks,1122.00,1122,"1000 Metric Tons, Actual Weight","1000 Metric Tons, Actual Weight",
WASDE-667-V1:3549f0f9c281,667,2026-01-12,January 2026,2026-01-12T17:00:00Z,2026-01-14T04:59:59Z,conservative end of next calendar day in America/New_York; USDA says consolidated CSV updates the day after WASDE,2026-08-20T15:50:03Z,WASDE-667-V1,false,usda_wasde_667_v1_3549f0f9c281,https://www.usda.gov/sites/default/files/documents/oce-wasde-report-data-2026-01.csv,3549f0f9c2815ddc252ab82a5d6ea8dbb9fee4854e658986247cf853861d3b8a,Mexico Sugar Supply and Use and High Fructose Corn Syrup Consumption,Sugar,Mexico,2025/26,Proj.,Exports,803.00,803,"1000 Metric Tons, Actual Weight","1000 Metric Tons, Actual Weight",
WASDE-667-V1:3549f0f9c281,667,2026-01-12,January 2026,2026-01-12T17:00:00Z,2026-01-14T04:59:59Z,conservative end of next calendar day in America/New_York; USDA says consolidated CSV updates the day after WASDE,2026-08-20T15:50:03Z,WASDE-667-V1,false,usda_wasde_667_v1_3549f0f9c281,https://www.usda.gov/sites/default/files/documents/oce-wasde-report-data-2026-01.csv,3549f0f9c2815ddc252ab82a5d6ea8dbb9fee4854e658986247cf853861d3b8a,Mexico Sugar Supply and Use and High Fructose Corn Syrup Consumption,Sugar,Mexico,2025/26,Proj.,Imports,75.00,75,"1000 Metric Tons, Actual Weight","1000 Metric Tons, Actual Weight",
WASDE-667-V1:3549f0f9c281,667,2026-01-12,January 2026,2026-01-12T17:00:00Z,2026-01-14T04:59:59Z,conservative end of next calendar day in America/New_York; USDA says consolidated CSV updates the day after WASDE,2026-08-20T15:50:03Z,WASDE-667-V1,false,usda_wasde_667_v1_3549f0f9c281,https://www.usda.gov/sites/default/files/documents/oce-wasde-report-data-2026-01.csv,3549f0f9c2815ddc252ab82a5d6ea8dbb9fee4854e658986247cf853861d3b8a,Mexico Sugar Supply and Use and High Fructose Corn Syrup Consumption,Sugar,Mexico,2025/26,Proj.,Production,5047.00,5047,"1000 Metric Tons, Actual Weight","1000 Metric Tons, Actual Weight",
WASDE-667-V1:3549f0f9c281,667,2026-01-12,January 2026,2026-01-12T17:00:00Z,2026-01-14T04:59:59Z,conservative end of next calendar day in America/New_York; USDA says consolidated CSV updates the day after WASDE,2026-08-20T15:50:03Z,WASDE-667-V1,false,usda_wasde_667_v1_3549f0f9c281,https://www.usda.gov/sites/default/files/documents/oce-wasde-report-data-2026-01.csv,3549f0f9c2815ddc252ab82a5d6ea8dbb9fee4854e658986247cf853861d3b8a,U.S. Sugar Supply and Use,Sugar,United States,2023/24,,Beet Sugar,5172.00,5172,"1000 Short Tons, Raw Value","1000 Short Tons, Raw Value",
WASDE-667-V1:3549f0f9c281,667,2026-01-12,January 2026,2026-01-12T17:00:00Z,2026-01-14T04:59:59Z,conservative end of next calendar day in America/New_York; USDA says consolidated CSV updates the day after WASDE,2026-08-20T15:50:03Z,WASDE-667-V1,false,usda_wasde_667_v1_3549f0f9c281,https://www.usda.gov/sites/default/files/documents/oce-wasde-report-data-2026-01.csv,3549f0f9c2815ddc252ab82a5d6ea8dbb9fee4854e658986247cf853861d3b8a,U.S. Sugar Supply and Use,Sugar,United States,2023/24,,Beginning Stocks,1843.00,1843,"1000 Short Tons, Raw Value","1000 Short Tons, Raw Value",
WASDE-667-V1:3549f0f9c281,667,2026-01-12,January 2026,2026-01-12T17:00:00Z,2026-01-14T04:59:59Z,conservative end of next calendar day in America/New_York; USDA says consolidated CSV updates the day after WASDE,2026-08-20T15:50:03Z,WASDE-667-V1,false,usda_wasde_667_v1_3549f0f9c281,https://www.usda.gov/sites/default/files/documents/oce-wasde-report-data-2026-01.csv,3549f0f9c2815ddc252ab82a5d6ea8dbb9fee4854e658986247cf853861d3b8a,U.S. Sugar Supply and Use,Sugar,United States,2023/24,,Cane Sugar,4141.00,4141,"1000 Short Tons, Raw Value","1000 Short Tons, Raw Value",
WASDE-667-V1:3549f0f9c281,667,2026-01-12,January 2026,2026-01-12T17:00:00Z,2026-01-14T04:59:59Z,conservative end of next calendar day in America/New_York; USDA says consolidated CSV updates the day after WASDE,2026-08-20T15:50:03Z,WASDE-667-V1,false,usda_wasde_667_v1_3549f0f9c281,https://www.usda.gov/sites/default/files/documents/oce-wasde-report-data-2026-01.csv,3549f0f9c2815ddc252ab82a5d6ea8dbb9fee4854e658986247cf853861d3b8a,U.S. Sugar Supply and Use,Sugar,United States,2023/24,,Deliveries,12443.00,12443,"1000 Short Tons, Raw Value","1000 Short Tons, Raw Value",
WASDE-667-V1:3549f0f9c281,667,2026-01-12,January 2026,2026-01-12T17:00:00Z,2026-01-14T04:59:59Z,conservative end of next calendar day in America/New_York; USDA says consolidated CSV updates the day after WASDE,2026-08-20T15:50:03Z,WASDE-667-V1,false,usda_wasde_667_v1_3549f0f9c281,https://www.usda.gov/sites/default/files/documents/oce-wasde-report-data-2026-01.csv,3549f0f9c2815ddc252ab82a5d6ea8dbb9fee4854e658986247cf853861d3b8a,U.S. Sugar Supply and Use,Sugar,United States,2023/24,,Ending Stocks,2220.00,2220,"1000 Short Tons, Raw Value","1000 Short Tons, Raw Value",
WASDE-667-V1:3549f0f9c281,667,2026-01-12,January 2026,2026-01-12T17:00:00Z,2026-01-14T04:59:59Z,conservative end of next calendar day in America/New_York; USDA says consolidated CSV updates the day after WASDE,2026-08-20T15:50:03Z,WASDE-667-V1,false,usda_wasde_667_v1_3549f0f9c281,https://www.usda.gov/sites/default/files/documents/oce-wasde-report-data-2026-01.csv,3549f0f9c2815ddc252ab82a5d6ea8dbb9fee4854e658986247cf853861d3b8a,U.S. Sugar Supply and Use,Sugar,United States,2023/24,,Exports,249.00,249,"1000 Short Tons, Raw Value","1000 Short Tons, Raw Value",
WASDE-667-V1:3549f0f9c281,667,2026-01-12,January 2026,2026-01-12T17:00:00Z,2026-01-14T04:59:59Z,conservative end of next calendar day in America/New_York; USDA says consolidated CSV updates the day after WASDE,2026-08-20T15:50:03Z,WASDE-667-V1,false,usda_wasde_667_v1_3549f0f9c281,https://www.usda.gov/sites/default/files/documents/oce-wasde-report-data-2026-01.csv,3549f0f9c2815ddc252ab82a5d6ea8dbb9fee4854e658986247cf853861d3b8a,U.S. Sugar Supply and Use,Sugar,United States,2023/24,,Exports - Other,106.00,106,"1000 Short Tons, Raw Value","1000 Short Tons, Raw Value",
WASDE-667-V1:3549f0f9c281,667,2026-01-12,January 2026,2026-01-12T17:00:00Z,2026-01-14T04:59:59Z,conservative end of next calendar day in America/New_York; USDA says consolidated CSV updates the day after WASDE,2026-08-20T15:50:03Z,WASDE-667-V1,false,usda_wasde_667_v1_3549f0f9c281,https://www.usda.gov/sites/default/files/documents/oce-wasde-report-data-2026-01.csv,3549f0f9c2815ddc252ab82a5d6ea8dbb9fee4854e658986247cf853861d3b8a,U.S. Sugar Supply and Use,Sugar,United States,2023/24,,Florida,2079.00,2079,"1000 Short Tons, Raw Value","1000 Short Tons, Raw Value",
WASDE-667-V1:3549f0f9c281,667,2026-01-12,January 2026,2026-01-12T17:00:00Z,2026-01-14T04:59:59Z,conservative end of next calendar day in America/New_York; USDA says consolidated CSV updates the day after WASDE,2026-08-20T15:50:03Z,WASDE-667-V1,false,usda_wasde_667_v1_3549f0f9c281,https://www.usda.gov/sites/default/files/documents/oce-wasde-report-data-2026-01.csv,3549f0f9c2815ddc252ab82a5d6ea8dbb9fee4854e658986247cf853861d3b8a,U.S. Sugar Supply and Use,Sugar,United States,2023/24,,Food,12336.00,12336,"1000 Short Tons, Raw Value","1000 Short Tons, Raw Value",
WASDE-667-V1:3549f0f9c281,667,2026-01-12,January 2026,2026-01-12T17:00:00Z,2026-01-14T04:59:59Z,conservative end of next calendar day in America/New_York; USDA says consolidated CSV updates the day after WASDE,2026-08-20T15:50:03Z,WASDE-667-V1,false,usda_wasde_667_v1_3549f0f9c281,https://www.usda.gov/sites/default/files/documents/oce-wasde-report-data-2026-01.csv,3549f0f9c2815ddc252ab82a5d6ea8dbb9fee4854e658986247cf853861d3b8a,U.S. Sugar Supply and Use,Sugar,United States,2023/24,,High-tier tariff/other,1231.00,1231,"1000 Short Tons, Raw Value","1000 Short Tons, Raw Value",
WASDE-667-V1:3549f0f9c281,667,2026-01-12,January 2026,2026-01-12T17:00:00Z,2026-01-14T04:59:59Z,conservative end of next calendar day in America/New_York; USDA says consolidated CSV updates the day after WASDE,2026-08-20T15:50:03Z,WASDE-667-V1,false,usda_wasde_667_v1_3549f0f9c281,https://www.usda.gov/sites/default/files/documents/oce-wasde-report-data-2026-01.csv,3549f0f9c2815ddc252ab82a5d6ea8dbb9fee4854e658986247cf853861d3b8a,U.S. Sugar Supply and Use,Sugar,United States,2023/24,,Imports,3840.00,3840,"1000 Short Tons, Raw Value","1000 Short Tons, Raw Value",
WASDE-667-V1:3549f0f9c281,667,2026-01-12,January 2026,2026-01-12T17:00:00Z,2026-01-14T04:59:59Z,conservative end of next calendar day in America/New_York; USDA says consolidated CSV updates the day after WASDE,2026-08-20T15:50:03Z,WASDE-667-V1,false,usda_wasde_667_v1_3549f0f9c281,https://www.usda.gov/sites/default/files/documents/oce-wasde-report-data-2026-01.csv,3549f0f9c2815ddc252ab82a5d6ea8dbb9fee4854e658986247cf853861d3b8a,U.S. Sugar Supply and Use,Sugar,United States,2023/24,,Louisiana,2022.00,2022,"1000 Short Tons, Raw Value","1000 Short Tons, Raw Value",
WASDE-667-V1:3549f0f9c281,667,2026-01-12,January 2026,2026-01-12T17:00:00Z,2026-01-14T04:59:59Z,conservative end of next calendar day in America/New_York; USDA says consolidated CSV updates the day after WASDE,2026-08-20T15:50:03Z,WASDE-667-V1,false,usda_wasde_667_v1_3549f0f9c281,https://www.usda.gov/sites/default/files/documents/oce-wasde-report-data-2026-01.csv,3549f0f9c2815ddc252ab82a5d6ea8dbb9fee4854e658986247cf853861d3b8a,U.S. Sugar Supply and Use,Sugar,United States,2023/24,,Mexico,521.00,521,"1000 Short Tons, Raw Value","1000 Short Tons, Raw Value",
WASDE-667-V1:3549f0f9c281,667,2026-01-12,January 2026,2026-01-12T17:00:00Z,2026-01-14T04:59:59Z,conservative end of next calendar day in America/New_York; USDA says consolidated CSV updates the day after WASDE,2026-08-20T15:50:03Z,WASDE-667-V1,false,usda_wasde_667_v1_3549f0f9c281,https://www.usda.gov/sites/default/files/documents/oce-wasde-report-data-2026-01.csv,3549f0f9c2815ddc252ab82a5d6ea8dbb9fee4854e658986247cf853861d3b8a,U.S. Sugar Supply and Use,Sugar,United States,2023/24,,Miscellaneous,83.00,83,"1000 Short Tons, Raw Value","1000 Short Tons, Raw Value",
WASDE-667-V1:3549f0f9c281,667,2026-01-12,January 2026,2026-01-12T17:00:00Z,2026-01-14T04:59:59Z,conservative end of next calendar day in America/New_York; USDA says consolidated CSV updates the day after WASDE,2026-08-20T15:50:03Z,WASDE-667-V1,false,usda_wasde_667_v1_3549f0f9c281,https://www.usda.gov/sites/default/files/documents/oce-wasde-report-data-2026-01.csv,3549f0f9c2815ddc252ab82a5d6ea8dbb9fee4854e658986247cf853861d3b8a,U.S. Sugar Supply and Use,Sugar,United States,2023/24,,Non-program,1752.00,1752,"1000 Short Tons, Raw Value","1000 Short Tons, Raw Value",
WASDE-667-V1:3549f0f9c281,667,2026-01-12,January 2026,2026-01-12T17:00:00Z,2026-01-14T04:59:59Z,conservative end of next calendar day in America/New_York; USDA says consolidated CSV updates the day after WASDE,2026-08-20T15:50:03Z,WASDE-667-V1,false,usda_wasde_667_v1_3549f0f9c281,https://www.usda.gov/sites/default/files/documents/oce-wasde-report-data-2026-01.csv,3549f0f9c2815ddc252ab82a5d6ea8dbb9fee4854e658986247cf853861d3b8a,U.S. Sugar Supply and Use,Sugar,United States,2023/24,,Other Program,300.00,300,"1000 Short Tons, Raw Value","1000 Short Tons, Raw Value",
WASDE-667-V1:3549f0f9c281,667,2026-01-12,January 2026,2026-01-12T17:00:00Z,2026-01-14T04:59:59Z,conservative end of next calendar day in America/New_York; USDA says consolidated CSV updates the day after WASDE,2026-08-20T15:50:03Z,WASDE-667-V1,false,usda_wasde_667_v1_3549f0f9c281,https://www.usda.gov/sites/default/files/documents/oce-wasde-report-data-2026-01.csv,3549f0f9c2815ddc252ab82a5d6ea8dbb9fee4854e658986247cf853861d3b8a,U.S. Sugar Supply and Use,Sugar,United States,2023/24,,Production,9313.00,9313,"1000 Short Tons, Raw Value","1000 Short Tons, Raw Value",
WASDE-667-V1:3549f0f9c281,667,2026-01-12,January 2026,2026-01-12T17:00:00Z,2026-01-14T04:59:59Z,conservative end of next calendar day in America/New_York; USDA says consolidated CSV updates the day after WASDE,2026-08-20T15:50:03Z,WASDE-667-V1,false,usda_wasde_667_v1_3549f0f9c281,https://www.usda.gov/sites/default/files/documents/oce-wasde-report-data-2026-01.csv,3549f0f9c2815ddc252ab82a5d6ea8dbb9fee4854e658986247cf853861d3b8a,U.S. Sugar Supply and Use,Sugar,United States,2023/24,,Stocks to Use Ratio,17.40,17.4,"1000 Short Tons, Raw Value",Percent,USDA historical CSV labels Stocks to Use Ratio with the table's tonnage unit; value is normalized as percent while the raw unit is retained.
WASDE-667-V1:3549f0f9c281,667,2026-01-12,January 2026,2026-01-12T17:00:00Z,2026-01-14T04:59:59Z,conservative end of next calendar day in America/New_York; USDA says consolidated CSV updates the day after WASDE,2026-08-20T15:50:03Z,WASDE-667-V1,false,usda_wasde_667_v1_3549f0f9c281,https://www.usda.gov/sites/default/files/documents/oce-wasde-report-data-2026-01.csv,3549f0f9c2815ddc252ab82a5d6ea8dbb9fee4854e658986247cf853861d3b8a,U.S. Sugar Supply and Use,Sugar,United States,2023/24,,TRQ,1788.00,1788,"1000 Short Tons, Raw Value","1000 Short Tons, Raw Value",
WASDE-667-V1:3549f0f9c281,667,2026-01-12,January 2026,2026-01-12T17:00:00Z,2026-01-14T04:59:59Z,conservative end of next calendar day in America/New_York; USDA says consolidated CSV updates the day after WASDE,2026-08-20T15:50:03Z,WASDE-667-V1,false,usda_wasde_667_v1_3549f0f9c281,https://www.usda.gov/sites/default/files/documents/oce-wasde-report-data-2026-01.csv,3549f0f9c2815ddc252ab82a5d6ea8dbb9fee4854e658986247cf853861d3b8a,U.S. Sugar Supply and Use,Sugar,United States,2023/24,,Texas,40.00,40,"1000 Short Tons, Raw Value","1000 Short Tons, Raw Value",
WASDE-667-V1:3549f0f9c281,667,2026-01-12,January 2026,2026-01-12T17:00:00Z,2026-01-14T04:59:59Z,conservative end of next calendar day in America/New_York; USDA says consolidated CSV updates the day after WASDE,2026-08-20T15:50:03Z,WASDE-667-V1,false,usda_wasde_667_v1_3549f0f9c281,https://www.usda.gov/sites/default/files/documents/oce-wasde-report-data-2026-01.csv,3549f0f9c2815ddc252ab82a5d6ea8dbb9fee4854e658986247cf853861d3b8a,U.S. Sugar Supply and Use,Sugar,United States,2023/24,,Total Supply,14995.00,14995,"1000 Short Tons, Raw Value","1000 Short Tons, Raw Value",
WASDE-667-V1:3549f0f9c281,667,2026-01-12,January 2026,2026-01-12T17:00:00Z,2026-01-14T04:59:59Z,conservative end of next calendar day in America/New_York; USDA says consolidated CSV updates the day after WASDE,2026-08-20T15:50:03Z,WASDE-667-V1,false,usda_wasde_667_v1_3549f0f9c281,https://www.usda.gov/sites/default/files/documents/oce-wasde-report-data-2026-01.csv,3549f0f9c2815ddc252ab82a5d6ea8dbb9fee4854e658986247cf853861d3b8a,U.S. Sugar Supply and Use,Sugar,United States,2023/24,,Total Use,12775.00,12775,"1000 Short Tons, Raw Value","1000 Short Tons, Raw Value",
WASDE-667-V1:3549f0f9c281,667,2026-01-12,January 2026,2026-01-12T17:00:00Z,2026-01-14T04:59:59Z,conservative end of next calendar day in America/New_York; USDA says consolidated CSV updates the day after WASDE,2026-08-20T15:50:03Z,WASDE-667-V1,false,usda_wasde_667_v1_3549f0f9c281,https://www.usda.gov/sites/default/files/documents/oce-wasde-report-data-2026-01.csv,3549f0f9c2815ddc252ab82a5d6ea8dbb9fee4854e658986247cf853861d3b8a,U.S. Sugar Supply and Use,Sugar,United States,2024/25,Est.,Beet Sugar,5370.00,5370,"1000 Short Tons, Raw Value","1000 Short Tons, Raw Value",
WASDE-667-V1:3549f0f9c281,667,2026-01-12,January 2026,2026-01-12T17:00:00Z,2026-01-14T04:59:59Z,conservative end of next calendar day in America/New_York; USDA says consolidated CSV updates the day after WASDE,2026-08-20T15:50:03Z,WASDE-667-V1,false,usda_wasde_667_v1_3549f0f9c281,https://www.usda.gov/sites/default/files/documents/oce-wasde-report-data-2026-01.csv,3549f0f9c2815ddc252ab82a5d6ea8dbb9fee4854e658986247cf853861d3b8a,U.S. Sugar Supply and Use,Sugar,United States,2024/25,Est.,Beginning Stocks,2220.00,2220,"1000 Short Tons, Raw Value","1000 Short Tons, Raw Value",
WASDE-667-V1:3549f0f9c281,667,2026-01-12,January 2026,2026-01-12T17:00:00Z,2026-01-14T04:59:59Z,conservative end of next calendar day in America/New_York; USDA says consolidated CSV updates the day after WASDE,2026-08-20T15:50:03Z,WASDE-667-V1,false,usda_wasde_667_v1_3549f0f9c281,https://www.usda.gov/sites/default/files/documents/oce-wasde-report-data-2026-01.csv,3549f0f9c2815ddc252ab82a5d6ea8dbb9fee4854e658986247cf853861d3b8a,U.S. Sugar Supply and Use,Sugar,United States,2024/25,Est.,Cane Sugar,4027.00,4027,"1000 Short Tons, Raw Value","1000 Short Tons, Raw Value",
WASDE-667-V1:3549f0f9c281,667,2026-01-12,January 2026,2026-01-12T17:00:00Z,2026-01-14T04:59:59Z,conservative end of next calendar day in America/New_York; USDA says consolidated CSV updates the day after WASDE,2026-08-20T15:50:03Z,WASDE-667-V1,false,usda_wasde_667_v1_3549f0f9c281,https://www.usda.gov/sites/default/files/documents/oce-wasde-report-data-2026-01.csv,3549f0f9c2815ddc252ab82a5d6ea8dbb9fee4854e658986247cf853861d3b8a,U.S. Sugar Supply and Use,Sugar,United States,2024/25,Est.,Deliveries,12637.00,12637,"1000 Short Tons, Raw Value","1000 Short Tons, Raw Value",
WASDE-667-V1:3549f0f9c281,667,2026-01-12,January 2026,2026-01-12T17:00:00Z,2026-01-14T04:59:59Z,conservative end of next calendar day in America/New_York; USDA says consolidated CSV updates the day after WASDE,2026-08-20T15:50:03Z,WASDE-667-V1,false,usda_wasde_667_v1_3549f0f9c281,https://www.usda.gov/sites/default/files/documents/oce-wasde-report-data-2026-01.csv,3549f0f9c2815ddc252ab82a5d6ea8dbb9fee4854e658986247cf853861d3b8a,U.S. Sugar Supply and Use,Sugar,United States,2024/25,Est.,Ending Stocks,2489.00,2489,"1000 Short Tons, Raw Value","1000 Short Tons, Raw Value",
WASDE-667-V1:3549f0f9c281,667,2026-01-12,January 2026,2026-01-12T17:00:00Z,2026-01-14T04:59:59Z,conservative end of next calendar day in America/New_York; USDA says consolidated CSV updates the day after WASDE,2026-08-20T15:50:03Z,WASDE-667-V1,false,usda_wasde_667_v1_3549f0f9c281,https://www.usda.gov/sites/default/files/documents/oce-wasde-report-data-2026-01.csv,3549f0f9c2815ddc252ab82a5d6ea8dbb9fee4854e658986247cf853861d3b8a,U.S. Sugar Supply and Use,Sugar,United States,2024/25,Est.,Exports,111.00,111,"1000 Short Tons, Raw Value","1000 Short Tons, Raw Value",
WASDE-667-V1:3549f0f9c281,667,2026-01-12,January 2026,2026-01-12T17:00:00Z,2026-01-14T04:59:59Z,conservative end of next calendar day in America/New_York; USDA says consolidated CSV updates the day after WASDE,2026-08-20T15:50:03Z,WASDE-667-V1,false,usda_wasde_667_v1_3549f0f9c281,https://www.usda.gov/sites/default/files/documents/oce-wasde-report-data-2026-01.csv,3549f0f9c2815ddc252ab82a5d6ea8dbb9fee4854e658986247cf853861d3b8a,U.S. Sugar Supply and Use,Sugar,United States,2024/25,Est.,Exports - Other,111.00,111,"1000 Short Tons, Raw Value","1000 Short Tons, Raw Value",
WASDE-667-V1:3549f0f9c281,667,2026-01-12,January 2026,2026-01-12T17:00:00Z,2026-01-14T04:59:59Z,conservative end of next calendar day in America/New_York; USDA says consolidated CSV updates the day after WASDE,2026-08-20T15:50:03Z,WASDE-667-V1,false,usda_wasde_667_v1_3549f0f9c281,https://www.usda.gov/sites/default/files/documents/oce-wasde-report-data-2026-01.csv,3549f0f9c2815ddc252ab82a5d6ea8dbb9fee4854e658986247cf853861d3b8a,U.S. Sugar Supply and Use,Sugar,United States,2024/25,Est.,Florida,1931.00,1931,"1000 Short Tons, Raw Value","1000 Short Tons, Raw Value",
WASDE-667-V1:3549f0f9c281,667,2026-01-12,January 2026,2026-01-12T17:00:00Z,2026-01-14T04:59:59Z,conservative end of next calendar day in America/New_York; USDA says consolidated CSV updates the day after WASDE,2026-08-20T15:50:03Z,WASDE-667-V1,false,usda_wasde_667_v1_3549f0f9c281,https://www.usda.gov/sites/default/files/documents/oce-wasde-report-data-2026-01.csv,3549f0f9c2815ddc252ab82a5d6ea8dbb9fee4854e658986247cf853861d3b8a,U.S. Sugar Supply and Use,Sugar,United States,2024/25,Est.,Food,12526.00,12526,"1000 Short Tons, Raw Value","1000 Short Tons, Raw Value",
WASDE-667-V1:3549f0f9c281,667,2026-01-12,January 2026,2026-01-12T17:00:00Z,2026-01-14T04:59:59Z,conservative end of next calendar day in America/New_York; USDA says consolidated CSV updates the day after WASDE,2026-08-20T15:50:03Z,WASDE-667-V1,false,usda_wasde_667_v1_3549f0f9c281,https://www.usda.gov/sites/default/files/documents/oce-wasde-report-data-2026-01.csv,3549f0f9c2815ddc252ab82a5d6ea8dbb9fee4854e658986247cf853861d3b8a,U.S. Sugar Supply and Use,Sugar,United States,2024/25,Est.,High-tier tariff/other,991.00,991,"1000 Short Tons, Raw Value","1000 Short Tons, Raw Value",
WASDE-667-V1:3549f0f9c281,667,2026-01-12,January 2026,2026-01-12T17:00:00Z,2026-01-14T04:59:59Z,conservative end of next calendar day in America/New_York; USDA says consolidated CSV updates the day after WASDE,2026-08-20T15:50:03Z,WASDE-667-V1,false,usda_wasde_667_v1_3549f0f9c281,https://www.usda.gov/sites/default/files/documents/oce-wasde-report-data-2026-01.csv,3549f0f9c2815ddc252ab82a5d6ea8dbb9fee4854e658986247cf853861d3b8a,U.S. Sugar Supply and Use,Sugar,United States,2024/25,Est.,Imports,3393.00,3393,"1000 Short Tons, Raw Value","1000 Short Tons, Raw Value",
WASDE-667-V1:3549f0f9c281,667,2026-01-12,January 2026,2026-01-12T17:00:00Z,2026-01-14T04:59:59Z,conservative end of next calendar day in America/New_York; USDA says consolidated CSV updates the day after WASDE,2026-08-20T15:50:03Z,WASDE-667-V1,false,usda_wasde_667_v1_3549f0f9c281,https://www.usda.gov/sites/default/files/documents/oce-wasde-report-data-2026-01.csv,3549f0f9c2815ddc252ab82a5d6ea8dbb9fee4854e658986247cf853861d3b8a,U.S. Sugar Supply and Use,Sugar,United States,2024/25,Est.,Louisiana,2095.00,2095,"1000 Short Tons, Raw Value","1000 Short Tons, Raw Value",
WASDE-667-V1:3549f0f9c281,667,2026-01-12,January 2026,2026-01-12T17:00:00Z,2026-01-14T04:59:59Z,conservative end of next calendar day in America/New_York; USDA says consolidated CSV updates the day after WASDE,2026-08-20T15:50:03Z,WASDE-667-V1,false,usda_wasde_667_v1_3549f0f9c281,https://www.usda.gov/sites/default/files/documents/oce-wasde-report-data-2026-01.csv,3549f0f9c2815ddc252ab82a5d6ea8dbb9fee4854e658986247cf853861d3b8a,U.S. Sugar Supply and Use,Sugar,United States,2024/25,Est.,Mexico,504.00,504,"1000 Short Tons, Raw Value","1000 Short Tons, Raw Value",
WASDE-667-V1:3549f0f9c281,667,2026-01-12,January 2026,2026-01-12T17:00:00Z,2026-01-14T04:59:59Z,conservative end of next calendar day in America/New_York; USDA says consolidated CSV updates the day after WASDE,2026-08-20T15:50:03Z,WASDE-667-V1,false,usda_wasde_667_v1_3549f0f9c281,https://www.usda.gov/sites/default/files/documents/oce-wasde-report-data-2026-01.csv,3549f0f9c2815ddc252ab82a5d6ea8dbb9fee4854e658986247cf853861d3b8a,U.S. Sugar Supply and Use,Sugar,United States,2024/25,Est.,Miscellaneous,-228.00,-228,"1000 Short Tons, Raw Value","1000 Short Tons, Raw Value",
WASDE-667-V1:3549f0f9c281,667,2026-01-12,January 2026,2026-01-12T17:00:00Z,2026-01-14T04:59:59Z,conservative end of next calendar day in America/New_York; USDA says consolidated CSV updates the day after WASDE,2026-08-20T15:50:03Z,WASDE-667-V1,false,usda_wasde_667_v1_3549f0f9c281,https://www.usda.gov/sites/default/files/documents/oce-wasde-report-data-2026-01.csv,3549f0f9c2815ddc252ab82a5d6ea8dbb9fee4854e658986247cf853861d3b8a,U.S. Sugar Supply and Use,Sugar,United States,2024/25,Est.,Non-program,1496.00,1496,"1000 Short Tons, Raw Value","1000 Short Tons, Raw Value",
WASDE-667-V1:3549f0f9c281,667,2026-01-12,January 2026,2026-01-12T17:00:00Z,2026-01-14T04:59:59Z,conservative end of next calendar day in America/New_York; USDA says consolidated CSV updates the day after WASDE,2026-08-20T15:50:03Z,WASDE-667-V1,false,usda_wasde_667_v1_3549f0f9c281,https://www.usda.gov/sites/default/files/documents/oce-wasde-report-data-2026-01.csv,3549f0f9c2815ddc252ab82a5d6ea8dbb9fee4854e658986247cf853861d3b8a,U.S. Sugar Supply and Use,Sugar,United States,2024/25,Est.,Other Program,362.00,362,"1000 Short Tons, Raw Value","1000 Short Tons, Raw Value",
WASDE-667-V1:3549f0f9c281,667,2026-01-12,January 2026,2026-01-12T17:00:00Z,2026-01-14T04:59:59Z,conservative end of next calendar day in America/New_York; USDA says consolidated CSV updates the day after WASDE,2026-08-20T15:50:03Z,WASDE-667-V1,false,usda_wasde_667_v1_3549f0f9c281,https://www.usda.gov/sites/default/files/documents/oce-wasde-report-data-2026-01.csv,3549f0f9c2815ddc252ab82a5d6ea8dbb9fee4854e658986247cf853861d3b8a,U.S. Sugar Supply and Use,Sugar,United States,2024/25,Est.,Production,9396.00,9396,"1000 Short Tons, Raw Value","1000 Short Tons, Raw Value",
WASDE-667-V1:3549f0f9c281,667,2026-01-12,January 2026,2026-01-12T17:00:00Z,2026-01-14T04:59:59Z,conservative end of next calendar day in America/New_York; USDA says consolidated CSV updates the day after WASDE,2026-08-20T15:50:03Z,WASDE-667-V1,false,usda_wasde_667_v1_3549f0f9c281,https://www.usda.gov/sites/default/files/documents/oce-wasde-report-data-2026-01.csv,3549f0f9c2815ddc252ab82a5d6ea8dbb9fee4854e658986247cf853861d3b8a,U.S. Sugar Supply and Use,Sugar,United States,2024/25,Est.,Stocks to Use Ratio,19.90,19.9,"1000 Short Tons, Raw Value",Percent,USDA historical CSV labels Stocks to Use Ratio with the table's tonnage unit; value is normalized as percent while the raw unit is retained.
WASDE-667-V1:3549f0f9c281,667,2026-01-12,January 2026,2026-01-12T17:00:00Z,2026-01-14T04:59:59Z,conservative end of next calendar day in America/New_York; USDA says consolidated CSV updates the day after WASDE,2026-08-20T15:50:03Z,WASDE-667-V1,false,usda_wasde_667_v1_3549f0f9c281,https://www.usda.gov/sites/default/files/documents/oce-wasde-report-data-2026-01.csv,3549f0f9c2815ddc252ab82a5d6ea8dbb9fee4854e658986247cf853861d3b8a,U.S. Sugar Supply and Use,Sugar,United States,2024/25,Est.,TRQ,1534.00,1534,"1000 Short Tons, Raw Value","1000 Short Tons, Raw Value",
WASDE-667-V1:3549f0f9c281,667,2026-01-12,January 2026,2026-01-12T17:00:00Z,2026-01-14T04:59:59Z,conservative end of next calendar day in America/New_York; USDA says consolidated CSV updates the day after WASDE,2026-08-20T15:50:03Z,WASDE-667-V1,false,usda_wasde_667_v1_3549f0f9c281,https://www.usda.gov/sites/default/files/documents/oce-wasde-report-data-2026-01.csv,3549f0f9c2815ddc252ab82a5d6ea8dbb9fee4854e658986247cf853861d3b8a,U.S. Sugar Supply and Use,Sugar,United States,2024/25,Est.,Texas,.00,0,"1000 Short Tons, Raw Value","1000 Short Tons, Raw Value",
WASDE-667-V1:3549f0f9c281,667,2026-01-12,January 2026,2026-01-12T17:00:00Z,2026-01-14T04:59:59Z,conservative end of next calendar day in America/New_York; USDA says consolidated CSV updates the day after WASDE,2026-08-20T15:50:03Z,WASDE-667-V1,false,usda_wasde_667_v1_3549f0f9c281,https://www.usda.gov/sites/default/files/documents/oce-wasde-report-data-2026-01.csv,3549f0f9c2815ddc252ab82a5d6ea8dbb9fee4854e658986247cf853861d3b8a,U.S. Sugar Supply and Use,Sugar,United States,2024/25,Est.,Total Supply,15009.00,15009,"1000 Short Tons, Raw Value","1000 Short Tons, Raw Value",
WASDE-667-V1:3549f0f9c281,667,2026-01-12,January 2026,2026-01-12T17:00:00Z,2026-01-14T04:59:59Z,conservative end of next calendar day in America/New_York; USDA says consolidated CSV updates the day after WASDE,2026-08-20T15:50:03Z,WASDE-667-V1,false,usda_wasde_667_v1_3549f0f9c281,https://www.usda.gov/sites/default/files/documents/oce-wasde-report-data-2026-01.csv,3549f0f9c2815ddc252ab82a5d6ea8dbb9fee4854e658986247cf853861d3b8a,U.S. Sugar Supply and Use,Sugar,United States,2024/25,Est.,Total Use,12520.00,12520,"1000 Short Tons, Raw Value","1000 Short Tons, Raw Value",
WASDE-667-V1:3549f0f9c281,667,2026-01-12,January 2026,2026-01-12T17:00:00Z,2026-01-14T04:59:59Z,conservative end of next calendar day in America/New_York; USDA says consolidated CSV updates the day after WASDE,2026-08-20T15:50:03Z,WASDE-667-V1,false,usda_wasde_667_v1_3549f0f9c281,https://www.usda.gov/sites/default/files/documents/oce-wasde-report-data-2026-01.csv,3549f0f9c2815ddc252ab82a5d6ea8dbb9fee4854e658986247cf853861d3b8a,U.S. Sugar Supply and Use,Sugar,United States,2025/26,Proj.,Beet Sugar,5102.00,5102,"1000 Short Tons, Raw Value","1000 Short Tons, Raw Value",
WASDE-667-V1:3549f0f9c281,667,2026-01-12,January 2026,2026-01-12T17:00:00Z,2026-01-14T04:59:59Z,conservative end of next calendar day in America/New_York; USDA says consolidated CSV updates the day after WASDE,2026-08-20T15:50:03Z,WASDE-667-V1,false,usda_wasde_667_v1_3549f0f9c281,https://www.usda.gov/sites/default/files/documents/oce-wasde-report-data-2026-01.csv,3549f0f9c2815ddc252ab82a5d6ea8dbb9fee4854e658986247cf853861d3b8a,U.S. Sugar Supply and Use,Sugar,United States,2025/26,Proj.,Beginning Stocks,2489.00,2489,"1000 Short Tons, Raw Value","1000 Short Tons, Raw Value",
WASDE-667-V1:3549f0f9c281,667,2026-01-12,January 2026,2026-01-12T17:00:00Z,2026-01-14T04:59:59Z,conservative end of next calendar day in America/New_York; USDA says consolidated CSV updates the day after WASDE,2026-08-20T15:50:03Z,WASDE-667-V1,false,usda_wasde_667_v1_3549f0f9c281,https://www.usda.gov/sites/default/files/documents/oce-wasde-report-data-2026-01.csv,3549f0f9c2815ddc252ab82a5d6ea8dbb9fee4854e658986247cf853861d3b8a,U.S. Sugar Supply and Use,Sugar,United States,2025/26,Proj.,Cane Sugar,4279.00,4279,"1000 Short Tons, Raw Value","1000 Short Tons, Raw Value",
WASDE-667-V1:3549f0f9c281,667,2026-01-12,January 2026,2026-01-12T17:00:00Z,2026-01-14T04:59:59Z,conservative end of next calendar day in America/New_York; USDA says consolidated CSV updates the day after WASDE,2026-08-20T15:50:03Z,WASDE-667-V1,false,usda_wasde_667_v1_3549f0f9c281,https://www.usda.gov/sites/default/files/documents/oce-wasde-report-data-2026-01.csv,3549f0f9c2815ddc252ab82a5d6ea8dbb9fee4854e658986247cf853861d3b8a,U.S. Sugar Supply and Use,Sugar,United States,2025/26,Proj.,Deliveries,12153.00,12153,"1000 Short Tons, Raw Value","1000 Short Tons, Raw Value",
WASDE-667-V1:3549f0f9c281,667,2026-01-12,January 2026,2026-01-12T17:00:00Z,2026-01-14T04:59:59Z,conservative end of next calendar day in America/New_York; USDA says consolidated CSV updates the day after WASDE,2026-08-20T15:50:03Z,WASDE-667-V1,false,usda_wasde_667_v1_3549f0f9c281,https://www.usda.gov/sites/default/files/documents/oce-wasde-report-data-2026-01.csv,3549f0f9c2815ddc252ab82a5d6ea8dbb9fee4854e658986247cf853861d3b8a,U.S. Sugar Supply and Use,Sugar,United States,2025/26,Proj.,Ending Stocks,1922.00,1922,"1000 Short Tons, Raw Value","1000 Short Tons, Raw Value",
WASDE-667-V1:3549f0f9c281,667,2026-01-12,January 2026,2026-01-12T17:00:00Z,2026-01-14T04:59:59Z,conservative end of next calendar day in America/New_York; USDA says consolidated CSV updates the day after WASDE,2026-08-20T15:50:03Z,WASDE-667-V1,false,usda_wasde_667_v1_3549f0f9c281,https://www.usda.gov/sites/default/files/documents/oce-wasde-report-data-2026-01.csv,3549f0f9c2815ddc252ab82a5d6ea8dbb9fee4854e658986247cf853861d3b8a,U.S. Sugar Supply and Use,Sugar,United States,2025/26,Proj.,Exports,50.00,50,"1000 Short Tons, Raw Value","1000 Short Tons, Raw Value",
WASDE-667-V1:3549f0f9c281,667,2026-01-12,January 2026,2026-01-12T17:00:00Z,2026-01-14T04:59:59Z,conservative end of next calendar day in America/New_York; USDA says consolidated CSV updates the day after WASDE,2026-08-20T15:50:03Z,WASDE-667-V1,false,usda_wasde_667_v1_3549f0f9c281,https://www.usda.gov/sites/default/files/documents/oce-wasde-report-data-2026-01.csv,3549f0f9c2815ddc252ab82a5d6ea8dbb9fee4854e658986247cf853861d3b8a,U.S. Sugar Supply and Use,Sugar,United States,2025/26,Proj.,Exports - Other,105.00,105,"1000 Short Tons, Raw Value","1000 Short Tons, Raw Value",
WASDE-667-V1:3549f0f9c281,667,2026-01-12,January 2026,2026-01-12T17:00:00Z,2026-01-14T04:59:59Z,conservative end of next calendar day in America/New_York; USDA says consolidated CSV updates the day after WASDE,2026-08-20T15:50:03Z,WASDE-667-V1,false,usda_wasde_667_v1_3549f0f9c281,https://www.usda.gov/sites/default/files/documents/oce-wasde-report-data-2026-01.csv,3549f0f9c2815ddc252ab82a5d6ea8dbb9fee4854e658986247cf853861d3b8a,U.S. Sugar Supply and Use,Sugar,United States,2025/26,Proj.,Florida,2082.00,2082,"1000 Short Tons, Raw Value","1000 Short Tons, Raw Value",
WASDE-667-V1:3549f0f9c281,667,2026-01-12,January 2026,2026-01-12T17:00:00Z,2026-01-14T04:59:59Z,conservative end of next calendar day in America/New_York; USDA says consolidated CSV updates the day after WASDE,2026-08-20T15:50:03Z,WASDE-667-V1,false,usda_wasde_667_v1_3549f0f9c281,https://www.usda.gov/sites/default/files/documents/oce-wasde-report-data-2026-01.csv,3549f0f9c2815ddc252ab82a5d6ea8dbb9fee4854e658986247cf853861d3b8a,U.S. Sugar Supply and Use,Sugar,United States,2025/26,Proj.,Food,12048.00,12048,"1000 Short Tons, Raw Value","1000 Short Tons, Raw Value",
WASDE-667-V1:3549f0f9c281,667,2026-01-12,January 2026,2026-01-12T17:00:00Z,2026-01-14T04:59:59Z,conservative end of next calendar day in America/New_York; USDA says consolidated CSV updates the day after WASDE,2026-08-20T15:50:03Z,WASDE-667-V1,false,usda_wasde_667_v1_3549f0f9c281,https://www.usda.gov/sites/default/files/documents/oce-wasde-report-data-2026-01.csv,3549f0f9c2815ddc252ab82a5d6ea8dbb9fee4854e658986247cf853861d3b8a,U.S. Sugar Supply and Use,Sugar,United States,2025/26,Proj.,High-tier tariff/other,469.00,469,"1000 Short Tons, Raw Value","1000 Short Tons, Raw Value",
WASDE-667-V1:3549f0f9c281,667,2026-01-12,January 2026,2026-01-12T17:00:00Z,2026-01-14T04:59:59Z,conservative end of next calendar day in America/New_York; USDA says consolidated CSV updates the day after WASDE,2026-08-20T15:50:03Z,WASDE-667-V1,false,usda_wasde_667_v1_3549f0f9c281,https://www.usda.gov/sites/default/files/documents/oce-wasde-report-data-2026-01.csv,3549f0f9c2815ddc252ab82a5d6ea8dbb9fee4854e658986247cf853861d3b8a,U.S. Sugar Supply and Use,Sugar,United States,2025/26,Proj.,Imports,2255.00,2255,"1000 Short Tons, Raw Value","1000 Short Tons, Raw Value",
WASDE-667-V1:3549f0f9c281,667,2026-01-12,January 2026,2026-01-12T17:00:00Z,2026-01-14T04:59:59Z,conservative end of next calendar day in America/New_York; USDA says consolidated CSV updates the day after WASDE,2026-08-20T15:50:03Z,WASDE-667-V1,false,usda_wasde_667_v1_3549f0f9c281,https://www.usda.gov/sites/default/files/documents/oce-wasde-report-data-2026-01.csv,3549f0f9c2815ddc252ab82a5d6ea8dbb9fee4854e658986247cf853861d3b8a,U.S. Sugar Supply and Use,Sugar,United States,2025/26,Proj.,Louisiana,2197.00,2197,"1000 Short Tons, Raw Value","1000 Short Tons, Raw Value",
WASDE-667-V1:3549f0f9c281,667,2026-01-12,January 2026,2026-01-12T17:00:00Z,2026-01-14T04:59:59Z,conservative end of next calendar day in America/New_York; USDA says consolidated CSV updates the day after WASDE,2026-08-20T15:50:03Z,WASDE-667-V1,false,usda_wasde_667_v1_3549f0f9c281,https://www.usda.gov/sites/default/files/documents/oce-wasde-report-data-2026-01.csv,3549f0f9c2815ddc252ab82a5d6ea8dbb9fee4854e658986247cf853861d3b8a,U.S. Sugar Supply and Use,Sugar,United States,2025/26,Proj.,Mexico,220.00,220,"1000 Short Tons, Raw Value","1000 Short Tons, Raw Value",
WASDE-667-V1:3549f0f9c281,667,2026-01-12,January 2026,2026-01-12T17:00:00Z,2026-01-14T04:59:59Z,conservative end of next calendar day in America/New_York; USDA says consolidated CSV updates the day after WASDE,2026-08-20T15:50:03Z,WASDE-667-V1,false,usda_wasde_667_v1_3549f0f9c281,https://www.usda.gov/sites/default/files/documents/oce-wasde-report-data-2026-01.csv,3549f0f9c2815ddc252ab82a5d6ea8dbb9fee4854e658986247cf853861d3b8a,U.S. Sugar Supply and Use,Sugar,United States,2025/26,Proj.,Miscellaneous,.00,0,"1000 Short Tons, Raw Value","1000 Short Tons, Raw Value",
WASDE-667-V1:3549f0f9c281,667,2026-01-12,January 2026,2026-01-12T17:00:00Z,2026-01-14T04:59:59Z,conservative end of next calendar day in America/New_York; USDA says consolidated CSV updates the day after WASDE,2026-08-20T15:50:03Z,WASDE-667-V1,false,usda_wasde_667_v1_3549f0f9c281,https://www.usda.gov/sites/default/files/documents/oce-wasde-report-data-2026-01.csv,3549f0f9c2815ddc252ab82a5d6ea8dbb9fee4854e658986247cf853861d3b8a,U.S. Sugar Supply and Use,Sugar,United States,2025/26,Proj.,Non-program,689.00,689,"1000 Short Tons, Raw Value","1000 Short Tons, Raw Value",
WASDE-667-V1:3549f0f9c281,667,2026-01-12,January 2026,2026-01-12T17:00:00Z,2026-01-14T04:59:59Z,conservative end of next calendar day in America/New_York; USDA says consolidated CSV updates the day after WASDE,2026-08-20T15:50:03Z,WASDE-667-V1,false,usda_wasde_667_v1_3549f0f9c281,https://www.usda.gov/sites/default/files/documents/oce-wasde-report-data-2026-01.csv,3549f0f9c2815ddc252ab82a5d6ea8dbb9fee4854e658986247cf853861d3b8a,U.S. Sugar Supply and Use,Sugar,United States,2025/26,Proj.,Other Program,200.00,200,"1000 Short Tons, Raw Value","1000 Short Tons, Raw Value",
WASDE-667-V1:3549f0f9c281,667,2026-01-12,January 2026,2026-01-12T17:00:00Z,2026-01-14T04:59:59Z,conservative end of next calendar day in America/New_York; USDA says consolidated CSV updates the day after WASDE,2026-08-20T15:50:03Z,WASDE-667-V1,false,usda_wasde_667_v1_3549f0f9c281,https://www.usda.gov/sites/default/files/documents/oce-wasde-report-data-2026-01.csv,3549f0f9c2815ddc252ab82a5d6ea8dbb9fee4854e658986247cf853861d3b8a,U.S. Sugar Supply and Use,Sugar,United States,2025/26,Proj.,Production,9381.00,9381,"1000 Short Tons, Raw Value","1000 Short Tons, Raw Value",
WASDE-667-V1:3549f0f9c281,667,2026-01-12,January 2026,2026-01-12T17:00:00Z,2026-01-14T04:59:59Z,conservative end of next calendar day in America/New_York; USDA says consolidated CSV updates the day after WASDE,2026-08-20T15:50:03Z,WASDE-667-V1,false,usda_wasde_667_v1_3549f0f9c281,https://www.usda.gov/sites/default/files/documents/oce-wasde-report-data-2026-01.csv,3549f0f9c2815ddc252ab82a5d6ea8dbb9fee4854e658986247cf853861d3b8a,U.S. Sugar Supply and Use,Sugar,United States,2025/26,Proj.,Stocks to Use Ratio,15.80,15.8,"1000 Short Tons, Raw Value",Percent,USDA historical CSV labels Stocks to Use Ratio with the table's tonnage unit; value is normalized as percent while the raw unit is retained.
WASDE-667-V1:3549f0f9c281,667,2026-01-12,January 2026,2026-01-12T17:00:00Z,2026-01-14T04:59:59Z,conservative end of next calendar day in America/New_York; USDA says consolidated CSV updates the day after WASDE,2026-08-20T15:50:03Z,WASDE-667-V1,false,usda_wasde_667_v1_3549f0f9c281,https://www.usda.gov/sites/default/files/documents/oce-wasde-report-data-2026-01.csv,3549f0f9c2815ddc252ab82a5d6ea8dbb9fee4854e658986247cf853861d3b8a,U.S. Sugar Supply and Use,Sugar,United States,2025/26,Proj.,TRQ,1366.00,1366,"1000 Short Tons, Raw Value","1000 Short Tons, Raw Value",
WASDE-667-V1:3549f0f9c281,667,2026-01-12,January 2026,2026-01-12T17:00:00Z,2026-01-14T04:59:59Z,conservative end of next calendar day in America/New_York; USDA says consolidated CSV updates the day after WASDE,2026-08-20T15:50:03Z,WASDE-667-V1,false,usda_wasde_667_v1_3549f0f9c281,https://www.usda.gov/sites/default/files/documents/oce-wasde-report-data-2026-01.csv,3549f0f9c2815ddc252ab82a5d6ea8dbb9fee4854e658986247cf853861d3b8a,U.S. Sugar Supply and Use,Sugar,United States,2025/26,Proj.,Texas,.00,0,"1000 Short Tons, Raw Value","1000 Short Tons, Raw Value",
WASDE-667-V1:3549f0f9c281,667,2026-01-12,January 2026,2026-01-12T17:00:00Z,2026-01-14T04:59:59Z,conservative end of next calendar day in America/New_York; USDA says consolidated CSV updates the day after WASDE,2026-08-20T15:50:03Z,WASDE-667-V1,false,usda_wasde_667_v1_3549f0f9c281,https://www.usda.gov/sites/default/files/documents/oce-wasde-report-data-2026-01.csv,3549f0f9c2815ddc252ab82a5d6ea8dbb9fee4854e658986247cf853861d3b8a,U.S. Sugar Supply and Use,Sugar,United States,2025/26,Proj.,Total Supply,14125.00,14125,"1000 Short Tons, Raw Value","1000 Short Tons, Raw Value",
WASDE-667-V1:3549f0f9c281,667,2026-01-12,January 2026,2026-01-12T17:00:00Z,2026-01-14T04:59:59Z,conservative end of next calendar day in America/New_York; USDA says consolidated CSV updates the day after WASDE,2026-08-20T15:50:03Z,WASDE-667-V1,false,usda_wasde_667_v1_3549f0f9c281,https://www.usda.gov/sites/default/files/documents/oce-wasde-report-data-2026-01.csv,3549f0f9c2815ddc252ab82a5d6ea8dbb9fee4854e658986247cf853861d3b8a,U.S. Sugar Supply and Use,Sugar,United States,2025/26,Proj.,Total Use,12203.00,12203,"1000 Short Tons, Raw Value","1000 Short Tons, Raw Value",
WASDE-668-V1:263a6955bf60,668,2026-02-10,February 2026,2026-02-10T17:00:00Z,2026-02-12T04:59:59Z,conservative end of next calendar day in America/New_York; USDA says consolidated CSV updates the day after WASDE,2026-08-20T15:50:03Z,WASDE-668-V1,false,usda_wasde_668_v1_263a6955bf60,https://www.usda.gov/sites/default/files/documents/oce-wasde-report-data-2026-02.csv,263a6955bf6014b345f24fbf640399d494e1cdfdac5742da335fd7e54721390a,Mexico Sugar Supply and Use and High Fructose Corn Syrup Consumption,Sugar,Mexico,2024/25,Est.,Beginning Stocks,1418.00,1418,"1000 Metric Tons, Actual Weight","1000 Metric Tons, Actual Weight",
WASDE-668-V1:263a6955bf60,668,2026-02-10,February 2026,2026-02-10T17:00:00Z,2026-02-12T04:59:59Z,conservative end of next calendar day in America/New_York; USDA says consolidated CSV updates the day after WASDE,2026-08-20T15:50:03Z,WASDE-668-V1,false,usda_wasde_668_v1_263a6955bf60,https://www.usda.gov/sites/default/files/documents/oce-wasde-report-data-2026-02.csv,263a6955bf6014b345f24fbf640399d494e1cdfdac5742da335fd7e54721390a,Mexico Sugar Supply and Use and High Fructose Corn Syrup Consumption,Sugar,Mexico,2024/25,Est.,Domestic,4210.00,4210,"1000 Metric Tons, Actual Weight","1000 Metric Tons, Actual Weight",
WASDE-668-V1:263a6955bf60,668,2026-02-10,February 2026,2026-02-10T17:00:00Z,2026-02-12T04:59:59Z,conservative end of next calendar day in America/New_York; USDA says consolidated CSV updates the day after WASDE,2026-08-20T15:50:03Z,WASDE-668-V1,false,usda_wasde_668_v1_263a6955bf60,https://www.usda.gov/sites/default/files/documents/oce-wasde-report-data-2026-02.csv,263a6955bf6014b345f24fbf640399d494e1cdfdac5742da335fd7e54721390a,Mexico Sugar Supply and Use and High Fructose Corn Syrup Consumption,Sugar,Mexico,2024/25,Est.,Ending Stocks,1123.00,1123,"1000 Metric Tons, Actual Weight","1000 Metric Tons, Actual Weight",
WASDE-668-V1:263a6955bf60,668,2026-02-10,February 2026,2026-02-10T17:00:00Z,2026-02-12T04:59:59Z,conservative end of next calendar day in America/New_York; USDA says consolidated CSV updates the day after WASDE,2026-08-20T15:50:03Z,WASDE-668-V1,false,usda_wasde_668_v1_263a6955bf60,https://www.usda.gov/sites/default/files/documents/oce-wasde-report-data-2026-02.csv,263a6955bf6014b345f24fbf640399d494e1cdfdac5742da335fd7e54721390a,Mexico Sugar Supply and Use and High Fructose Corn Syrup Consumption,Sugar,Mexico,2024/25,Est.,Exports,1023.00,1023,"1000 Metric Tons, Actual Weight","1000 Metric Tons, Actual Weight",
WASDE-668-V1:263a6955bf60,668,2026-02-10,February 2026,2026-02-10T17:00:00Z,2026-02-12T04:59:59Z,conservative end of next calendar day in America/New_York; USDA says consolidated CSV updates the day after WASDE,2026-08-20T15:50:03Z,WASDE-668-V1,false,usda_wasde_668_v1_263a6955bf60,https://www.usda.gov/sites/default/files/documents/oce-wasde-report-data-2026-02.csv,263a6955bf6014b345f24fbf640399d494e1cdfdac5742da335fd7e54721390a,Mexico Sugar Supply and Use and High Fructose Corn Syrup Consumption,Sugar,Mexico,2024/25,Est.,Imports,167.00,167,"1000 Metric Tons, Actual Weight","1000 Metric Tons, Actual Weight",
WASDE-668-V1:263a6955bf60,668,2026-02-10,February 2026,2026-02-10T17:00:00Z,2026-02-12T04:59:59Z,conservative end of next calendar day in America/New_York; USDA says consolidated CSV updates the day after WASDE,2026-08-20T15:50:03Z,WASDE-668-V1,false,usda_wasde_668_v1_263a6955bf60,https://www.usda.gov/sites/default/files/documents/oce-wasde-report-data-2026-02.csv,263a6955bf6014b345f24fbf640399d494e1cdfdac5742da335fd7e54721390a,Mexico Sugar Supply and Use and High Fructose Corn Syrup Consumption,Sugar,Mexico,2024/25,Est.,Production,4771.00,4771,"1000 Metric Tons, Actual Weight","1000 Metric Tons, Actual Weight",
WASDE-668-V1:263a6955bf60,668,2026-02-10,February 2026,2026-02-10T17:00:00Z,2026-02-12T04:59:59Z,conservative end of next calendar day in America/New_York; USDA says consolidated CSV updates the day after WASDE,2026-08-20T15:50:03Z,WASDE-668-V1,false,usda_wasde_668_v1_263a6955bf60,https://www.usda.gov/sites/default/files/documents/oce-wasde-report-data-2026-02.csv,263a6955bf6014b345f24fbf640399d494e1cdfdac5742da335fd7e54721390a,Mexico Sugar Supply and Use and High Fructose Corn Syrup Consumption,Sugar,Mexico,2025/26,Proj.,Beginning Stocks,1123.00,1123,"1000 Metric Tons, Actual Weight","1000 Metric Tons, Actual Weight",
WASDE-668-V1:263a6955bf60,668,2026-02-10,February 2026,2026-02-10T17:00:00Z,2026-02-12T04:59:59Z,conservative end of next calendar day in America/New_York; USDA says consolidated CSV updates the day after WASDE,2026-08-20T15:50:03Z,WASDE-668-V1,false,usda_wasde_668_v1_263a6955bf60,https://www.usda.gov/sites/default/files/documents/oce-wasde-report-data-2026-02.csv,263a6955bf6014b345f24fbf640399d494e1cdfdac5742da335fd7e54721390a,Mexico Sugar Supply and Use and High Fructose Corn Syrup Consumption,Sugar,Mexico,2025/26,Proj.,Domestic,4311.00,4311,"1000 Metric Tons, Actual Weight","1000 Metric Tons, Actual Weight",
WASDE-668-V1:263a6955bf60,668,2026-02-10,February 2026,2026-02-10T17:00:00Z,2026-02-12T04:59:59Z,conservative end of next calendar day in America/New_York; USDA says consolidated CSV updates the day after WASDE,2026-08-20T15:50:03Z,WASDE-668-V1,false,usda_wasde_668_v1_263a6955bf60,https://www.usda.gov/sites/default/files/documents/oce-wasde-report-data-2026-02.csv,263a6955bf6014b345f24fbf640399d494e1cdfdac5742da335fd7e54721390a,Mexico Sugar Supply and Use and High Fructose Corn Syrup Consumption,Sugar,Mexico,2025/26,Proj.,Ending Stocks,1082.00,1082,"1000 Metric Tons, Actual Weight","1000 Metric Tons, Actual Weight",
WASDE-668-V1:263a6955bf60,668,2026-02-10,February 2026,2026-02-10T17:00:00Z,2026-02-12T04:59:59Z,conservative end of next calendar day in America/New_York; USDA says consolidated CSV updates the day after WASDE,2026-08-20T15:50:03Z,WASDE-668-V1,false,usda_wasde_668_v1_263a6955bf60,https://www.usda.gov/sites/default/files/documents/oce-wasde-report-data-2026-02.csv,263a6955bf6014b345f24fbf640399d494e1cdfdac5742da335fd7e54721390a,Mexico Sugar Supply and Use and High Fructose Corn Syrup Consumption,Sugar,Mexico,2025/26,Proj.,Exports,820.00,820,"1000 Metric Tons, Actual Weight","1000 Metric Tons, Actual Weight",
WASDE-668-V1:263a6955bf60,668,2026-02-10,February 2026,2026-02-10T17:00:00Z,2026-02-12T04:59:59Z,conservative end of next calendar day in America/New_York; USDA says consolidated CSV updates the day after WASDE,2026-08-20T15:50:03Z,WASDE-668-V1,false,usda_wasde_668_v1_263a6955bf60,https://www.usda.gov/sites/default/files/documents/oce-wasde-report-data-2026-02.csv,263a6955bf6014b345f24fbf640399d494e1cdfdac5742da335fd7e54721390a,Mexico Sugar Supply and Use and High Fructose Corn Syrup Consumption,Sugar,Mexico,2025/26,Proj.,Imports,66.00,66,"1000 Metric Tons, Actual Weight","1000 Metric Tons, Actual Weight",
WASDE-668-V1:263a6955bf60,668,2026-02-10,February 2026,2026-02-10T17:00:00Z,2026-02-12T04:59:59Z,conservative end of next calendar day in America/New_York; USDA says consolidated CSV updates the day after WASDE,2026-08-20T15:50:03Z,WASDE-668-V1,false,usda_wasde_668_v1_263a6955bf60,https://www.usda.gov/sites/default/files/documents/oce-wasde-report-data-2026-02.csv,263a6955bf6014b345f24fbf640399d494e1cdfdac5742da335fd7e54721390a,Mexico Sugar Supply and Use and High Fructose Corn Syrup Consumption,Sugar,Mexico,2025/26,Proj.,Production,5024.00,5024,"1000 Metric Tons, Actual Weight","1000 Metric Tons, Actual Weight",
WASDE-668-V1:263a6955bf60,668,2026-02-10,February 2026,2026-02-10T17:00:00Z,2026-02-12T04:59:59Z,conservative end of next calendar day in America/New_York; USDA says consolidated CSV updates the day after WASDE,2026-08-20T15:50:03Z,WASDE-668-V1,false,usda_wasde_668_v1_263a6955bf60,https://www.usda.gov/sites/default/files/documents/oce-wasde-report-data-2026-02.csv,263a6955bf6014b345f24fbf640399d494e1cdfdac5742da335fd7e54721390a,U.S. Sugar Supply and Use,Sugar,United States,2023/24,,Beet Sugar,5172.00,5172,"1000 Short Tons, Raw Value","1000 Short Tons, Raw Value",
WASDE-668-V1:263a6955bf60,668,2026-02-10,February 2026,2026-02-10T17:00:00Z,2026-02-12T04:59:59Z,conservative end of next calendar day in America/New_York; USDA says consolidated CSV updates the day after WASDE,2026-08-20T15:50:03Z,WASDE-668-V1,false,usda_wasde_668_v1_263a6955bf60,https://www.usda.gov/sites/default/files/documents/oce-wasde-report-data-2026-02.csv,263a6955bf6014b345f24fbf640399d494e1cdfdac5742da335fd7e54721390a,U.S. Sugar Supply and Use,Sugar,United States,2023/24,,Beginning Stocks,1843.00,1843,"1000 Short Tons, Raw Value","1000 Short Tons, Raw Value",
WASDE-668-V1:263a6955bf60,668,2026-02-10,February 2026,2026-02-10T17:00:00Z,2026-02-12T04:59:59Z,conservative end of next calendar day in America/New_York; USDA says consolidated CSV updates the day after WASDE,2026-08-20T15:50:03Z,WASDE-668-V1,false,usda_wasde_668_v1_263a6955bf60,https://www.usda.gov/sites/default/files/documents/oce-wasde-report-data-2026-02.csv,263a6955bf6014b345f24fbf640399d494e1cdfdac5742da335fd7e54721390a,U.S. Sugar Supply and Use,Sugar,United States,2023/24,,Cane Sugar,4141.00,4141,"1000 Short Tons, Raw Value","1000 Short Tons, Raw Value",
WASDE-668-V1:263a6955bf60,668,2026-02-10,February 2026,2026-02-10T17:00:00Z,2026-02-12T04:59:59Z,conservative end of next calendar day in America/New_York; USDA says consolidated CSV updates the day after WASDE,2026-08-20T15:50:03Z,WASDE-668-V1,false,usda_wasde_668_v1_263a6955bf60,https://www.usda.gov/sites/default/files/documents/oce-wasde-report-data-2026-02.csv,263a6955bf6014b345f24fbf640399d494e1cdfdac5742da335fd7e54721390a,U.S. Sugar Supply and Use,Sugar,United States,2023/24,,Deliveries,12443.00,12443,"1000 Short Tons, Raw Value","1000 Short Tons, Raw Value",
WASDE-668-V1:263a6955bf60,668,2026-02-10,February 2026,2026-02-10T17:00:00Z,2026-02-12T04:59:59Z,conservative end of next calendar day in America/New_York; USDA says consolidated CSV updates the day after WASDE,2026-08-20T15:50:03Z,WASDE-668-V1,false,usda_wasde_668_v1_263a6955bf60,https://www.usda.gov/sites/default/files/documents/oce-wasde-report-data-2026-02.csv,263a6955bf6014b345f24fbf640399d494e1cdfdac5742da335fd7e54721390a,U.S. Sugar Supply and Use,Sugar,United States,2023/24,,Ending Stocks,2220.00,2220,"1000 Short Tons, Raw Value","1000 Short Tons, Raw Value",
WASDE-668-V1:263a6955bf60,668,2026-02-10,February 2026,2026-02-10T17:00:00Z,2026-02-12T04:59:59Z,conservative end of next calendar day in America/New_York; USDA says consolidated CSV updates the day after WASDE,2026-08-20T15:50:03Z,WASDE-668-V1,false,usda_wasde_668_v1_263a6955bf60,https://www.usda.gov/sites/default/files/documents/oce-wasde-report-data-2026-02.csv,263a6955bf6014b345f24fbf640399d494e1cdfdac5742da335fd7e54721390a,U.S. Sugar Supply and Use,Sugar,United States,2023/24,,Exports,249.00,249,"1000 Short Tons, Raw Value","1000 Short Tons, Raw Value",
WASDE-668-V1:263a6955bf60,668,2026-02-10,February 2026,2026-02-10T17:00:00Z,2026-02-12T04:59:59Z,conservative end of next calendar day in America/New_York; USDA says consolidated CSV updates the day after WASDE,2026-08-20T15:50:03Z,WASDE-668-V1,false,usda_wasde_668_v1_263a6955bf60,https://www.usda.gov/sites/default/files/documents/oce-wasde-report-data-2026-02.csv,263a6955bf6014b345f24fbf640399d494e1cdfdac5742da335fd7e54721390a,U.S. Sugar Supply and Use,Sugar,United States,2023/24,,Exports - Other,106.00,106,"1000 Short Tons, Raw Value","1000 Short Tons, Raw Value",
WASDE-668-V1:263a6955bf60,668,2026-02-10,February 2026,2026-02-10T17:00:00Z,2026-02-12T04:59:59Z,conservative end of next calendar day in America/New_York; USDA says consolidated CSV updates the day after WASDE,2026-08-20T15:50:03Z,WASDE-668-V1,false,usda_wasde_668_v1_263a6955bf60,https://www.usda.gov/sites/default/files/documents/oce-wasde-report-data-2026-02.csv,263a6955bf6014b345f24fbf640399d494e1cdfdac5742da335fd7e54721390a,U.S. Sugar Supply and Use,Sugar,United States,2023/24,,Florida,2079.00,2079,"1000 Short Tons, Raw Value","1000 Short Tons, Raw Value",
WASDE-668-V1:263a6955bf60,668,2026-02-10,February 2026,2026-02-10T17:00:00Z,2026-02-12T04:59:59Z,conservative end of next calendar day in America/New_York; USDA says consolidated CSV updates the day after WASDE,2026-08-20T15:50:03Z,WASDE-668-V1,false,usda_wasde_668_v1_263a6955bf60,https://www.usda.gov/sites/default/files/documents/oce-wasde-report-data-2026-02.csv,263a6955bf6014b345f24fbf640399d494e1cdfdac5742da335fd7e54721390a,U.S. Sugar Supply and Use,Sugar,United States,2023/24,,Food,12336.00,12336,"1000 Short Tons, Raw Value","1000 Short Tons, Raw Value",
WASDE-668-V1:263a6955bf60,668,2026-02-10,February 2026,2026-02-10T17:00:00Z,2026-02-12T04:59:59Z,conservative end of next calendar day in America/New_York; USDA says consolidated CSV updates the day after WASDE,2026-08-20T15:50:03Z,WASDE-668-V1,false,usda_wasde_668_v1_263a6955bf60,https://www.usda.gov/sites/default/files/documents/oce-wasde-report-data-2026-02.csv,263a6955bf6014b345f24fbf640399d494e1cdfdac5742da335fd7e54721390a,U.S. Sugar Supply and Use,Sugar,United States,2023/24,,High-tier tariff/other,1231.00,1231,"1000 Short Tons, Raw Value","1000 Short Tons, Raw Value",
WASDE-668-V1:263a6955bf60,668,2026-02-10,February 2026,2026-02-10T17:00:00Z,2026-02-12T04:59:59Z,conservative end of next calendar day in America/New_York; USDA says consolidated CSV updates the day after WASDE,2026-08-20T15:50:03Z,WASDE-668-V1,false,usda_wasde_668_v1_263a6955bf60,https://www.usda.gov/sites/default/files/documents/oce-wasde-report-data-2026-02.csv,263a6955bf6014b345f24fbf640399d494e1cdfdac5742da335fd7e54721390a,U.S. Sugar Supply and Use,Sugar,United States,2023/24,,Imports,3840.00,3840,"1000 Short Tons, Raw Value","1000 Short Tons, Raw Value",
WASDE-668-V1:263a6955bf60,668,2026-02-10,February 2026,2026-02-10T17:00:00Z,2026-02-12T04:59:59Z,conservative end of next calendar day in America/New_York; USDA says consolidated CSV updates the day after WASDE,2026-08-20T15:50:03Z,WASDE-668-V1,false,usda_wasde_668_v1_263a6955bf60,https://www.usda.gov/sites/default/files/documents/oce-wasde-report-data-2026-02.csv,263a6955bf6014b345f24fbf640399d494e1cdfdac5742da335fd7e54721390a,U.S. Sugar Supply and Use,Sugar,United States,2023/24,,Louisiana,2022.00,2022,"1000 Short Tons, Raw Value","1000 Short Tons, Raw Value",
WASDE-668-V1:263a6955bf60,668,2026-02-10,February 2026,2026-02-10T17:00:00Z,2026-02-12T04:59:59Z,conservative end of next calendar day in America/New_York; USDA says consolidated CSV updates the day after WASDE,2026-08-20T15:50:03Z,WASDE-668-V1,false,usda_wasde_668_v1_263a6955bf60,https://www.usda.gov/sites/default/files/documents/oce-wasde-report-data-2026-02.csv,263a6955bf6014b345f24fbf640399d494e1cdfdac5742da335fd7e54721390a,U.S. Sugar Supply and Use,Sugar,United States,2023/24,,Mexico,521.00,521,"1000 Short Tons, Raw Value","1000 Short Tons, Raw Value",
WASDE-668-V1:263a6955bf60,668,2026-02-10,February 2026,2026-02-10T17:00:00Z,2026-02-12T04:59:59Z,conservative end of next calendar day in America/New_York; USDA says consolidated CSV updates the day after WASDE,2026-08-20T15:50:03Z,WASDE-668-V1,false,usda_wasde_668_v1_263a6955bf60,https://www.usda.gov/sites/default/files/documents/oce-wasde-report-data-2026-02.csv,263a6955bf6014b345f24fbf640399d494e1cdfdac5742da335fd7e54721390a,U.S. Sugar Supply and Use,Sugar,United States,2023/24,,Miscellaneous,83.00,83,"1000 Short Tons, Raw Value","1000 Short Tons, Raw Value",
WASDE-668-V1:263a6955bf60,668,2026-02-10,February 2026,2026-02-10T17:00:00Z,2026-02-12T04:59:59Z,conservative end of next calendar day in America/New_York; USDA says consolidated CSV updates the day after WASDE,2026-08-20T15:50:03Z,WASDE-668-V1,false,usda_wasde_668_v1_263a6955bf60,https://www.usda.gov/sites/default/files/documents/oce-wasde-report-data-2026-02.csv,263a6955bf6014b345f24fbf640399d494e1cdfdac5742da335fd7e54721390a,U.S. Sugar Supply and Use,Sugar,United States,2023/24,,Non-program,1752.00,1752,"1000 Short Tons, Raw Value","1000 Short Tons, Raw Value",
WASDE-668-V1:263a6955bf60,668,2026-02-10,February 2026,2026-02-10T17:00:00Z,2026-02-12T04:59:59Z,conservative end of next calendar day in America/New_York; USDA says consolidated CSV updates the day after WASDE,2026-08-20T15:50:03Z,WASDE-668-V1,false,usda_wasde_668_v1_263a6955bf60,https://www.usda.gov/sites/default/files/documents/oce-wasde-report-data-2026-02.csv,263a6955bf6014b345f24fbf640399d494e1cdfdac5742da335fd7e54721390a,U.S. Sugar Supply and Use,Sugar,United States,2023/24,,Other Program,300.00,300,"1000 Short Tons, Raw Value","1000 Short Tons, Raw Value",
WASDE-668-V1:263a6955bf60,668,2026-02-10,February 2026,2026-02-10T17:00:00Z,2026-02-12T04:59:59Z,conservative end of next calendar day in America/New_York; USDA says consolidated CSV updates the day after WASDE,2026-08-20T15:50:03Z,WASDE-668-V1,false,usda_wasde_668_v1_263a6955bf60,https://www.usda.gov/sites/default/files/documents/oce-wasde-report-data-2026-02.csv,263a6955bf6014b345f24fbf640399d494e1cdfdac5742da335fd7e54721390a,U.S. Sugar Supply and Use,Sugar,United States,2023/24,,Production,9313.00,9313,"1000 Short Tons, Raw Value","1000 Short Tons, Raw Value",
WASDE-668-V1:263a6955bf60,668,2026-02-10,February 2026,2026-02-10T17:00:00Z,2026-02-12T04:59:59Z,conservative end of next calendar day in America/New_York; USDA says consolidated CSV updates the day after WASDE,2026-08-20T15:50:03Z,WASDE-668-V1,false,usda_wasde_668_v1_263a6955bf60,https://www.usda.gov/sites/default/files/documents/oce-wasde-report-data-2026-02.csv,263a6955bf6014b345f24fbf640399d494e1cdfdac5742da335fd7e54721390a,U.S. Sugar Supply and Use,Sugar,United States,2023/24,,Stocks to Use Ratio,17.40,17.4,"1000 Short Tons, Raw Value",Percent,USDA historical CSV labels Stocks to Use Ratio with the table's tonnage unit; value is normalized as percent while the raw unit is retained.
WASDE-668-V1:263a6955bf60,668,2026-02-10,February 2026,2026-02-10T17:00:00Z,2026-02-12T04:59:59Z,conservative end of next calendar day in America/New_York; USDA says consolidated CSV updates the day after WASDE,2026-08-20T15:50:03Z,WASDE-668-V1,false,usda_wasde_668_v1_263a6955bf60,https://www.usda.gov/sites/default/files/documents/oce-wasde-report-data-2026-02.csv,263a6955bf6014b345f24fbf640399d494e1cdfdac5742da335fd7e54721390a,U.S. Sugar Supply and Use,Sugar,United States,2023/24,,TRQ,1788.00,1788,"1000 Short Tons, Raw Value","1000 Short Tons, Raw Value",
WASDE-668-V1:263a6955bf60,668,2026-02-10,February 2026,2026-02-10T17:00:00Z,2026-02-12T04:59:59Z,conservative end of next calendar day in America/New_York; USDA says consolidated CSV updates the day after WASDE,2026-08-20T15:50:03Z,WASDE-668-V1,false,usda_wasde_668_v1_263a6955bf60,https://www.usda.gov/sites/default/files/documents/oce-wasde-report-data-2026-02.csv,263a6955bf6014b345f24fbf640399d494e1cdfdac5742da335fd7e54721390a,U.S. Sugar Supply and Use,Sugar,United States,2023/24,,Texas,40.00,40,"1000 Short Tons, Raw Value","1000 Short Tons, Raw Value",
WASDE-668-V1:263a6955bf60,668,2026-02-10,February 2026,2026-02-10T17:00:00Z,2026-02-12T04:59:59Z,conservative end of next calendar day in America/New_York; USDA says consolidated CSV updates the day after WASDE,2026-08-20T15:50:03Z,WASDE-668-V1,false,usda_wasde_668_v1_263a6955bf60,https://www.usda.gov/sites/default/files/documents/oce-wasde-report-data-2026-02.csv,263a6955bf6014b345f24fbf640399d494e1cdfdac5742da335fd7e54721390a,U.S. Sugar Supply and Use,Sugar,United States,2023/24,,Total Supply,14995.00,14995,"1000 Short Tons, Raw Value","1000 Short Tons, Raw Value",
WASDE-668-V1:263a6955bf60,668,2026-02-10,February 2026,2026-02-10T17:00:00Z,2026-02-12T04:59:59Z,conservative end of next calendar day in America/New_York; USDA says consolidated CSV updates the day after WASDE,2026-08-20T15:50:03Z,WASDE-668-V1,false,usda_wasde_668_v1_263a6955bf60,https://www.usda.gov/sites/default/files/documents/oce-wasde-report-data-2026-02.csv,263a6955bf6014b345f24fbf640399d494e1cdfdac5742da335fd7e54721390a,U.S. Sugar Supply and Use,Sugar,United States,2023/24,,Total Use,12775.00,12775,"1000 Short Tons, Raw Value","1000 Short Tons, Raw Value",
WASDE-668-V1:263a6955bf60,668,2026-02-10,February 2026,2026-02-10T17:00:00Z,2026-02-12T04:59:59Z,conservative end of next calendar day in America/New_York; USDA says consolidated CSV updates the day after WASDE,2026-08-20T15:50:03Z,WASDE-668-V1,false,usda_wasde_668_v1_263a6955bf60,https://www.usda.gov/sites/default/files/documents/oce-wasde-report-data-2026-02.csv,263a6955bf6014b345f24fbf640399d494e1cdfdac5742da335fd7e54721390a,U.S. Sugar Supply and Use,Sugar,United States,2024/25,Est.,Beet Sugar,5370.00,5370,"1000 Short Tons, Raw Value","1000 Short Tons, Raw Value",
WASDE-668-V1:263a6955bf60,668,2026-02-10,February 2026,2026-02-10T17:00:00Z,2026-02-12T04:59:59Z,conservative end of next calendar day in America/New_York; USDA says consolidated CSV updates the day after WASDE,2026-08-20T15:50:03Z,WASDE-668-V1,false,usda_wasde_668_v1_263a6955bf60,https://www.usda.gov/sites/default/files/documents/oce-wasde-report-data-2026-02.csv,263a6955bf6014b345f24fbf640399d494e1cdfdac5742da335fd7e54721390a,U.S. Sugar Supply and Use,Sugar,United States,2024/25,Est.,Beginning Stocks,2220.00,2220,"1000 Short Tons, Raw Value","1000 Short Tons, Raw Value",
WASDE-668-V1:263a6955bf60,668,2026-02-10,February 2026,2026-02-10T17:00:00Z,2026-02-12T04:59:59Z,conservative end of next calendar day in America/New_York; USDA says consolidated CSV updates the day after WASDE,2026-08-20T15:50:03Z,WASDE-668-V1,false,usda_wasde_668_v1_263a6955bf60,https://www.usda.gov/sites/default/files/documents/oce-wasde-report-data-2026-02.csv,263a6955bf6014b345f24fbf640399d494e1cdfdac5742da335fd7e54721390a,U.S. Sugar Supply and Use,Sugar,United States,2024/25,Est.,Cane Sugar,4027.00,4027,"1000 Short Tons, Raw Value","1000 Short Tons, Raw Value",
WASDE-668-V1:263a6955bf60,668,2026-02-10,February 2026,2026-02-10T17:00:00Z,2026-02-12T04:59:59Z,conservative end of next calendar day in America/New_York; USDA says consolidated CSV updates the day after WASDE,2026-08-20T15:50:03Z,WASDE-668-V1,false,usda_wasde_668_v1_263a6955bf60,https://www.usda.gov/sites/default/files/documents/oce-wasde-report-data-2026-02.csv,263a6955bf6014b345f24fbf640399d494e1cdfdac5742da335fd7e54721390a,U.S. Sugar Supply and Use,Sugar,United States,2024/25,Est.,Deliveries,12450.00,12450,"1000 Short Tons, Raw Value","1000 Short Tons, Raw Value",
WASDE-668-V1:263a6955bf60,668,2026-02-10,February 2026,2026-02-10T17:00:00Z,2026-02-12T04:59:59Z,conservative end of next calendar day in America/New_York; USDA says consolidated CSV updates the day after WASDE,2026-08-20T15:50:03Z,WASDE-668-V1,false,usda_wasde_668_v1_263a6955bf60,https://www.usda.gov/sites/default/files/documents/oce-wasde-report-data-2026-02.csv,263a6955bf6014b345f24fbf640399d494e1cdfdac5742da335fd7e54721390a,U.S. Sugar Supply and Use,Sugar,United States,2024/25,Est.,Ending Stocks,2489.00,2489,"1000 Short Tons, Raw Value","1000 Short Tons, Raw Value",
WASDE-668-V1:263a6955bf60,668,2026-02-10,February 2026,2026-02-10T17:00:00Z,2026-02-12T04:59:59Z,conservative end of next calendar day in America/New_York; USDA says consolidated CSV updates the day after WASDE,2026-08-20T15:50:03Z,WASDE-668-V1,false,usda_wasde_668_v1_263a6955bf60,https://www.usda.gov/sites/default/files/documents/oce-wasde-report-data-2026-02.csv,263a6955bf6014b345f24fbf640399d494e1cdfdac5742da335fd7e54721390a,U.S. Sugar Supply and Use,Sugar,United States,2024/25,Est.,Exports,111.00,111,"1000 Short Tons, Raw Value","1000 Short Tons, Raw Value",
WASDE-668-V1:263a6955bf60,668,2026-02-10,February 2026,2026-02-10T17:00:00Z,2026-02-12T04:59:59Z,conservative end of next calendar day in America/New_York; USDA says consolidated CSV updates the day after WASDE,2026-08-20T15:50:03Z,WASDE-668-V1,false,usda_wasde_668_v1_263a6955bf60,https://www.usda.gov/sites/default/files/documents/oce-wasde-report-data-2026-02.csv,263a6955bf6014b345f24fbf640399d494e1cdfdac5742da335fd7e54721390a,U.S. Sugar Supply and Use,Sugar,United States,2024/25,Est.,Exports - Other,111.00,111,"1000 Short Tons, Raw Value","1000 Short Tons, Raw Value",
WASDE-668-V1:263a6955bf60,668,2026-02-10,February 2026,2026-02-10T17:00:00Z,2026-02-12T04:59:59Z,conservative end of next calendar day in America/New_York; USDA says consolidated CSV updates the day after WASDE,2026-08-20T15:50:03Z,WASDE-668-V1,false,usda_wasde_668_v1_263a6955bf60,https://www.usda.gov/sites/default/files/documents/oce-wasde-report-data-2026-02.csv,263a6955bf6014b345f24fbf640399d494e1cdfdac5742da335fd7e54721390a,U.S. Sugar Supply and Use,Sugar,United States,2024/25,Est.,Florida,1931.00,1931,"1000 Short Tons, Raw Value","1000 Short Tons, Raw Value",
WASDE-668-V1:263a6955bf60,668,2026-02-10,February 2026,2026-02-10T17:00:00Z,2026-02-12T04:59:59Z,conservative end of next calendar day in America/New_York; USDA says consolidated CSV updates the day after WASDE,2026-08-20T15:50:03Z,WASDE-668-V1,false,usda_wasde_668_v1_263a6955bf60,https://www.usda.gov/sites/default/files/documents/oce-wasde-report-data-2026-02.csv,263a6955bf6014b345f24fbf640399d494e1cdfdac5742da335fd7e54721390a,U.S. Sugar Supply and Use,Sugar,United States,2024/25,Est.,Food,12340.00,12340,"1000 Short Tons, Raw Value","1000 Short Tons, Raw Value",
WASDE-668-V1:263a6955bf60,668,2026-02-10,February 2026,2026-02-10T17:00:00Z,2026-02-12T04:59:59Z,conservative end of next calendar day in America/New_York; USDA says consolidated CSV updates the day after WASDE,2026-08-20T15:50:03Z,WASDE-668-V1,false,usda_wasde_668_v1_263a6955bf60,https://www.usda.gov/sites/default/files/documents/oce-wasde-report-data-2026-02.csv,263a6955bf6014b345f24fbf640399d494e1cdfdac5742da335fd7e54721390a,U.S. Sugar Supply and Use,Sugar,United States,2024/25,Est.,High-tier tariff/other,980.00,980,"1000 Short Tons, Raw Value","1000 Short Tons, Raw Value",
WASDE-668-V1:263a6955bf60,668,2026-02-10,February 2026,2026-02-10T17:00:00Z,2026-02-12T04:59:59Z,conservative end of next calendar day in America/New_York; USDA says consolidated CSV updates the day after WASDE,2026-08-20T15:50:03Z,WASDE-668-V1,false,usda_wasde_668_v1_263a6955bf60,https://www.usda.gov/sites/default/files/documents/oce-wasde-report-data-2026-02.csv,263a6955bf6014b345f24fbf640399d494e1cdfdac5742da335fd7e54721390a,U.S. Sugar Supply and Use,Sugar,United States,2024/25,Est.,Imports,3393.00,3393,"1000 Short Tons, Raw Value","1000 Short Tons, Raw Value",
WASDE-668-V1:263a6955bf60,668,2026-02-10,February 2026,2026-02-10T17:00:00Z,2026-02-12T04:59:59Z,conservative end of next calendar day in America/New_York; USDA says consolidated CSV updates the day after WASDE,2026-08-20T15:50:03Z,WASDE-668-V1,false,usda_wasde_668_v1_263a6955bf60,https://www.usda.gov/sites/default/files/documents/oce-wasde-report-data-2026-02.csv,263a6955bf6014b345f24fbf640399d494e1cdfdac5742da335fd7e54721390a,U.S. Sugar Supply and Use,Sugar,United States,2024/25,Est.,Louisiana,2095.00,2095,"1000 Short Tons, Raw Value","1000 Short Tons, Raw Value",
WASDE-668-V1:263a6955bf60,668,2026-02-10,February 2026,2026-02-10T17:00:00Z,2026-02-12T04:59:59Z,conservative end of next calendar day in America/New_York; USDA says consolidated CSV updates the day after WASDE,2026-08-20T15:50:03Z,WASDE-668-V1,false,usda_wasde_668_v1_263a6955bf60,https://www.usda.gov/sites/default/files/documents/oce-wasde-report-data-2026-02.csv,263a6955bf6014b345f24fbf640399d494e1cdfdac5742da335fd7e54721390a,U.S. Sugar Supply and Use,Sugar,United States,2024/25,Est.,Mexico,504.00,504,"1000 Short Tons, Raw Value","1000 Short Tons, Raw Value",
WASDE-668-V1:263a6955bf60,668,2026-02-10,February 2026,2026-02-10T17:00:00Z,2026-02-12T04:59:59Z,conservative end of next calendar day in America/New_York; USDA says consolidated CSV updates the day after WASDE,2026-08-20T15:50:03Z,WASDE-668-V1,false,usda_wasde_668_v1_263a6955bf60,https://www.usda.gov/sites/default/files/documents/oce-wasde-report-data-2026-02.csv,263a6955bf6014b345f24fbf640399d494e1cdfdac5742da335fd7e54721390a,U.S. Sugar Supply and Use,Sugar,United States,2024/25,Est.,Miscellaneous,-41.00,-41,"1000 Short Tons, Raw Value","1000 Short Tons, Raw Value",
WASDE-668-V1:263a6955bf60,668,2026-02-10,February 2026,2026-02-10T17:00:00Z,2026-02-12T04:59:59Z,conservative end of next calendar day in America/New_York; USDA says consolidated CSV updates the day after WASDE,2026-08-20T15:50:03Z,WASDE-668-V1,false,usda_wasde_668_v1_263a6955bf60,https://www.usda.gov/sites/default/files/documents/oce-wasde-report-data-2026-02.csv,263a6955bf6014b345f24fbf640399d494e1cdfdac5742da335fd7e54721390a,U.S. Sugar Supply and Use,Sugar,United States,2024/25,Est.,Non-program,1485.00,1485,"1000 Short Tons, Raw Value","1000 Short Tons, Raw Value",
WASDE-668-V1:263a6955bf60,668,2026-02-10,February 2026,2026-02-10T17:00:00Z,2026-02-12T04:59:59Z,conservative end of next calendar day in America/New_York; USDA says consolidated CSV updates the day after WASDE,2026-08-20T15:50:03Z,WASDE-668-V1,false,usda_wasde_668_v1_263a6955bf60,https://www.usda.gov/sites/default/files/documents/oce-wasde-report-data-2026-02.csv,263a6955bf6014b345f24fbf640399d494e1cdfdac5742da335fd7e54721390a,U.S. Sugar Supply and Use,Sugar,United States,2024/25,Est.,Other Program,373.00,373,"1000 Short Tons, Raw Value","1000 Short Tons, Raw Value",
WASDE-668-V1:263a6955bf60,668,2026-02-10,February 2026,2026-02-10T17:00:00Z,2026-02-12T04:59:59Z,conservative end of next calendar day in America/New_York; USDA says consolidated CSV updates the day after WASDE,2026-08-20T15:50:03Z,WASDE-668-V1,false,usda_wasde_668_v1_263a6955bf60,https://www.usda.gov/sites/default/files/documents/oce-wasde-report-data-2026-02.csv,263a6955bf6014b345f24fbf640399d494e1cdfdac5742da335fd7e54721390a,U.S. Sugar Supply and Use,Sugar,United States,2024/25,Est.,Production,9396.00,9396,"1000 Short Tons, Raw Value","1000 Short Tons, Raw Value",
WASDE-668-V1:263a6955bf60,668,2026-02-10,February 2026,2026-02-10T17:00:00Z,2026-02-12T04:59:59Z,conservative end of next calendar day in America/New_York; USDA says consolidated CSV updates the day after WASDE,2026-08-20T15:50:03Z,WASDE-668-V1,false,usda_wasde_668_v1_263a6955bf60,https://www.usda.gov/sites/default/files/documents/oce-wasde-report-data-2026-02.csv,263a6955bf6014b345f24fbf640399d494e1cdfdac5742da335fd7e54721390a,U.S. Sugar Supply and Use,Sugar,United States,2024/25,Est.,Stocks to Use Ratio,19.90,19.9,"1000 Short Tons, Raw Value",Percent,USDA historical CSV labels Stocks to Use Ratio with the table's tonnage unit; value is normalized as percent while the raw unit is retained.
WASDE-668-V1:263a6955bf60,668,2026-02-10,February 2026,2026-02-10T17:00:00Z,2026-02-12T04:59:59Z,conservative end of next calendar day in America/New_York; USDA says consolidated CSV updates the day after WASDE,2026-08-20T15:50:03Z,WASDE-668-V1,false,usda_wasde_668_v1_263a6955bf60,https://www.usda.gov/sites/default/files/documents/oce-wasde-report-data-2026-02.csv,263a6955bf6014b345f24fbf640399d494e1cdfdac5742da335fd7e54721390a,U.S. Sugar Supply and Use,Sugar,United States,2024/25,Est.,TRQ,1534.00,1534,"1000 Short Tons, Raw Value","1000 Short Tons, Raw Value",
WASDE-668-V1:263a6955bf60,668,2026-02-10,February 2026,2026-02-10T17:00:00Z,2026-02-12T04:59:59Z,conservative end of next calendar day in America/New_York; USDA says consolidated CSV updates the day after WASDE,2026-08-20T15:50:03Z,WASDE-668-V1,false,usda_wasde_668_v1_263a6955bf60,https://www.usda.gov/sites/default/files/documents/oce-wasde-report-data-2026-02.csv,263a6955bf6014b345f24fbf640399d494e1cdfdac5742da335fd7e54721390a,U.S. Sugar Supply and Use,Sugar,United States,2024/25,Est.,Texas,.00,0,"1000 Short Tons, Raw Value","1000 Short Tons, Raw Value",
WASDE-668-V1:263a6955bf60,668,2026-02-10,February 2026,2026-02-10T17:00:00Z,2026-02-12T04:59:59Z,conservative end of next calendar day in America/New_York; USDA says consolidated CSV updates the day after WASDE,2026-08-20T15:50:03Z,WASDE-668-V1,false,usda_wasde_668_v1_263a6955bf60,https://www.usda.gov/sites/default/files/documents/oce-wasde-report-data-2026-02.csv,263a6955bf6014b345f24fbf640399d494e1cdfdac5742da335fd7e54721390a,U.S. Sugar Supply and Use,Sugar,United States,2024/25,Est.,Total Supply,15009.00,15009,"1000 Short Tons, Raw Value","1000 Short Tons, Raw Value",
WASDE-668-V1:263a6955bf60,668,2026-02-10,February 2026,2026-02-10T17:00:00Z,2026-02-12T04:59:59Z,conservative end of next calendar day in America/New_York; USDA says consolidated CSV updates the day after WASDE,2026-08-20T15:50:03Z,WASDE-668-V1,false,usda_wasde_668_v1_263a6955bf60,https://www.usda.gov/sites/default/files/documents/oce-wasde-report-data-2026-02.csv,263a6955bf6014b345f24fbf640399d494e1cdfdac5742da335fd7e54721390a,U.S. Sugar Supply and Use,Sugar,United States,2024/25,Est.,Total Use,12520.00,12520,"1000 Short Tons, Raw Value","1000 Short Tons, Raw Value",
WASDE-668-V1:263a6955bf60,668,2026-02-10,February 2026,2026-02-10T17:00:00Z,2026-02-12T04:59:59Z,conservative end of next calendar day in America/New_York; USDA says consolidated CSV updates the day after WASDE,2026-08-20T15:50:03Z,WASDE-668-V1,false,usda_wasde_668_v1_263a6955bf60,https://www.usda.gov/sites/default/files/documents/oce-wasde-report-data-2026-02.csv,263a6955bf6014b345f24fbf640399d494e1cdfdac5742da335fd7e54721390a,U.S. Sugar Supply and Use,Sugar,United States,2025/26,Proj.,Beet Sugar,5102.00,5102,"1000 Short Tons, Raw Value","1000 Short Tons, Raw Value",
WASDE-668-V1:263a6955bf60,668,2026-02-10,February 2026,2026-02-10T17:00:00Z,2026-02-12T04:59:59Z,conservative end of next calendar day in America/New_York; USDA says consolidated CSV updates the day after WASDE,2026-08-20T15:50:03Z,WASDE-668-V1,false,usda_wasde_668_v1_263a6955bf60,https://www.usda.gov/sites/default/files/documents/oce-wasde-report-data-2026-02.csv,263a6955bf6014b345f24fbf640399d494e1cdfdac5742da335fd7e54721390a,U.S. Sugar Supply and Use,Sugar,United States,2025/26,Proj.,Beginning Stocks,2489.00,2489,"1000 Short Tons, Raw Value","1000 Short Tons, Raw Value",
WASDE-668-V1:263a6955bf60,668,2026-02-10,February 2026,2026-02-10T17:00:00Z,2026-02-12T04:59:59Z,conservative end of next calendar day in America/New_York; USDA says consolidated CSV updates the day after WASDE,2026-08-20T15:50:03Z,WASDE-668-V1,false,usda_wasde_668_v1_263a6955bf60,https://www.usda.gov/sites/default/files/documents/oce-wasde-report-data-2026-02.csv,263a6955bf6014b345f24fbf640399d494e1cdfdac5742da335fd7e54721390a,U.S. Sugar Supply and Use,Sugar,United States,2025/26,Proj.,Cane Sugar,4308.00,4308,"1000 Short Tons, Raw Value","1000 Short Tons, Raw Value",
WASDE-668-V1:263a6955bf60,668,2026-02-10,February 2026,2026-02-10T17:00:00Z,2026-02-12T04:59:59Z,conservative end of next calendar day in America/New_York; USDA says consolidated CSV updates the day after WASDE,2026-08-20T15:50:03Z,WASDE-668-V1,false,usda_wasde_668_v1_263a6955bf60,https://www.usda.gov/sites/default/files/documents/oce-wasde-report-data-2026-02.csv,263a6955bf6014b345f24fbf640399d494e1cdfdac5742da335fd7e54721390a,U.S. Sugar Supply and Use,Sugar,United States,2025/26,Proj.,Deliveries,12153.00,12153,"1000 Short Tons, Raw Value","1000 Short Tons, Raw Value",
WASDE-668-V1:263a6955bf60,668,2026-02-10,February 2026,2026-02-10T17:00:00Z,2026-02-12T04:59:59Z,conservative end of next calendar day in America/New_York; USDA says consolidated CSV updates the day after WASDE,2026-08-20T15:50:03Z,WASDE-668-V1,false,usda_wasde_668_v1_263a6955bf60,https://www.usda.gov/sites/default/files/documents/oce-wasde-report-data-2026-02.csv,263a6955bf6014b345f24fbf640399d494e1cdfdac5742da335fd7e54721390a,U.S. Sugar Supply and Use,Sugar,United States,2025/26,Proj.,Ending Stocks,1940.00,1940,"1000 Short Tons, Raw Value","1000 Short Tons, Raw Value",
WASDE-668-V1:263a6955bf60,668,2026-02-10,February 2026,2026-02-10T17:00:00Z,2026-02-12T04:59:59Z,conservative end of next calendar day in America/New_York; USDA says consolidated CSV updates the day after WASDE,2026-08-20T15:50:03Z,WASDE-668-V1,false,usda_wasde_668_v1_263a6955bf60,https://www.usda.gov/sites/default/files/documents/oce-wasde-report-data-2026-02.csv,263a6955bf6014b345f24fbf640399d494e1cdfdac5742da335fd7e54721390a,U.S. Sugar Supply and Use,Sugar,United States,2025/26,Proj.,Exports,50.00,50,"1000 Short Tons, Raw Value","1000 Short Tons, Raw Value",
WASDE-668-V1:263a6955bf60,668,2026-02-10,February 2026,2026-02-10T17:00:00Z,2026-02-12T04:59:59Z,conservative end of next calendar day in America/New_York; USDA says consolidated CSV updates the day after WASDE,2026-08-20T15:50:03Z,WASDE-668-V1,false,usda_wasde_668_v1_263a6955bf60,https://www.usda.gov/sites/default/files/documents/oce-wasde-report-data-2026-02.csv,263a6955bf6014b345f24fbf640399d494e1cdfdac5742da335fd7e54721390a,U.S. Sugar Supply and Use,Sugar,United States,2025/26,Proj.,Exports - Other,105.00,105,"1000 Short Tons, Raw Value","1000 Short Tons, Raw Value",
WASDE-668-V1:263a6955bf60,668,2026-02-10,February 2026,2026-02-10T17:00:00Z,2026-02-12T04:59:59Z,conservative end of next calendar day in America/New_York; USDA says consolidated CSV updates the day after WASDE,2026-08-20T15:50:03Z,WASDE-668-V1,false,usda_wasde_668_v1_263a6955bf60,https://www.usda.gov/sites/default/files/documents/oce-wasde-report-data-2026-02.csv,263a6955bf6014b345f24fbf640399d494e1cdfdac5742da335fd7e54721390a,U.S. Sugar Supply and Use,Sugar,United States,2025/26,Proj.,Florida,2082.00,2082,"1000 Short Tons, Raw Value","1000 Short Tons, Raw Value",
WASDE-668-V1:263a6955bf60,668,2026-02-10,February 2026,2026-02-10T17:00:00Z,2026-02-12T04:59:59Z,conservative end of next calendar day in America/New_York; USDA says consolidated CSV updates the day after WASDE,2026-08-20T15:50:03Z,WASDE-668-V1,false,usda_wasde_668_v1_263a6955bf60,https://www.usda.gov/sites/default/files/documents/oce-wasde-report-data-2026-02.csv,263a6955bf6014b345f24fbf640399d494e1cdfdac5742da335fd7e54721390a,U.S. Sugar Supply and Use,Sugar,United States,2025/26,Proj.,Food,12048.00,12048,"1000 Short Tons, Raw Value","1000 Short Tons, Raw Value",
WASDE-668-V1:263a6955bf60,668,2026-02-10,February 2026,2026-02-10T17:00:00Z,2026-02-12T04:59:59Z,conservative end of next calendar day in America/New_York; USDA says consolidated CSV updates the day after WASDE,2026-08-20T15:50:03Z,WASDE-668-V1,false,usda_wasde_668_v1_263a6955bf60,https://www.usda.gov/sites/default/files/documents/oce-wasde-report-data-2026-02.csv,263a6955bf6014b345f24fbf640399d494e1cdfdac5742da335fd7e54721390a,U.S. Sugar Supply and Use,Sugar,United States,2025/26,Proj.,High-tier tariff/other,508.00,508,"1000 Short Tons, Raw Value","1000 Short Tons, Raw Value",
WASDE-668-V1:263a6955bf60,668,2026-02-10,February 2026,2026-02-10T17:00:00Z,2026-02-12T04:59:59Z,conservative end of next calendar day in America/New_York; USDA says consolidated CSV updates the day after WASDE,2026-08-20T15:50:03Z,WASDE-668-V1,false,usda_wasde_668_v1_263a6955bf60,https://www.usda.gov/sites/default/files/documents/oce-wasde-report-data-2026-02.csv,263a6955bf6014b345f24fbf640399d494e1cdfdac5742da335fd7e54721390a,U.S. Sugar Supply and Use,Sugar,United States,2025/26,Proj.,Imports,2243.00,2243,"1000 Short Tons, Raw Value","1000 Short Tons, Raw Value",
WASDE-668-V1:263a6955bf60,668,2026-02-10,February 2026,2026-02-10T17:00:00Z,2026-02-12T04:59:59Z,conservative end of next calendar day in America/New_York; USDA says consolidated CSV updates the day after WASDE,2026-08-20T15:50:03Z,WASDE-668-V1,false,usda_wasde_668_v1_263a6955bf60,https://www.usda.gov/sites/default/files/documents/oce-wasde-report-data-2026-02.csv,263a6955bf6014b345f24fbf640399d494e1cdfdac5742da335fd7e54721390a,U.S. Sugar Supply and Use,Sugar,United States,2025/26,Proj.,Louisiana,2226.00,2226,"1000 Short Tons, Raw Value","1000 Short Tons, Raw Value",
WASDE-668-V1:263a6955bf60,668,2026-02-10,February 2026,2026-02-10T17:00:00Z,2026-02-12T04:59:59Z,conservative end of next calendar day in America/New_York; USDA says consolidated CSV updates the day after WASDE,2026-08-20T15:50:03Z,WASDE-668-V1,false,usda_wasde_668_v1_263a6955bf60,https://www.usda.gov/sites/default/files/documents/oce-wasde-report-data-2026-02.csv,263a6955bf6014b345f24fbf640399d494e1cdfdac5742da335fd7e54721390a,U.S. Sugar Supply and Use,Sugar,United States,2025/26,Proj.,Mexico,220.00,220,"1000 Short Tons, Raw Value","1000 Short Tons, Raw Value",
WASDE-668-V1:263a6955bf60,668,2026-02-10,February 2026,2026-02-10T17:00:00Z,2026-02-12T04:59:59Z,conservative end of next calendar day in America/New_York; USDA says consolidated CSV updates the day after WASDE,2026-08-20T15:50:03Z,WASDE-668-V1,false,usda_wasde_668_v1_263a6955bf60,https://www.usda.gov/sites/default/files/documents/oce-wasde-report-data-2026-02.csv,263a6955bf6014b345f24fbf640399d494e1cdfdac5742da335fd7e54721390a,U.S. Sugar Supply and Use,Sugar,United States,2025/26,Proj.,Miscellaneous,.00,0,"1000 Short Tons, Raw Value","1000 Short Tons, Raw Value",
WASDE-668-V1:263a6955bf60,668,2026-02-10,February 2026,2026-02-10T17:00:00Z,2026-02-12T04:59:59Z,conservative end of next calendar day in America/New_York; USDA says consolidated CSV updates the day after WASDE,2026-08-20T15:50:03Z,WASDE-668-V1,false,usda_wasde_668_v1_263a6955bf60,https://www.usda.gov/sites/default/files/documents/oce-wasde-report-data-2026-02.csv,263a6955bf6014b345f24fbf640399d494e1cdfdac5742da335fd7e54721390a,U.S. Sugar Supply and Use,Sugar,United States,2025/26,Proj.,Non-program,728.00,728,"1000 Short Tons, Raw Value","1000 Short Tons, Raw Value",
WASDE-668-V1:263a6955bf60,668,2026-02-10,February 2026,2026-02-10T17:00:00Z,2026-02-12T04:59:59Z,conservative end of next calendar day in America/New_York; USDA says consolidated CSV updates the day after WASDE,2026-08-20T15:50:03Z,WASDE-668-V1,false,usda_wasde_668_v1_263a6955bf60,https://www.usda.gov/sites/default/files/documents/oce-wasde-report-data-2026-02.csv,263a6955bf6014b345f24fbf640399d494e1cdfdac5742da335fd7e54721390a,U.S. Sugar Supply and Use,Sugar,United States,2025/26,Proj.,Other Program,200.00,200,"1000 Short Tons, Raw Value","1000 Short Tons, Raw Value",
WASDE-668-V1:263a6955bf60,668,2026-02-10,February 2026,2026-02-10T17:00:00Z,2026-02-12T04:59:59Z,conservative end of next calendar day in America/New_York; USDA says consolidated CSV updates the day after WASDE,2026-08-20T15:50:03Z,WASDE-668-V1,false,usda_wasde_668_v1_263a6955bf60,https://www.usda.gov/sites/default/files/documents/oce-wasde-report-data-2026-02.csv,263a6955bf6014b345f24fbf640399d494e1cdfdac5742da335fd7e54721390a,U.S. Sugar Supply and Use,Sugar,United States,2025/26,Proj.,Production,9410.00,9410,"1000 Short Tons, Raw Value","1000 Short Tons, Raw Value",
WASDE-668-V1:263a6955bf60,668,2026-02-10,February 2026,2026-02-10T17:00:00Z,2026-02-12T04:59:59Z,conservative end of next calendar day in America/New_York; USDA says consolidated CSV updates the day after WASDE,2026-08-20T15:50:03Z,WASDE-668-V1,false,usda_wasde_668_v1_263a6955bf60,https://www.usda.gov/sites/default/files/documents/oce-wasde-report-data-2026-02.csv,263a6955bf6014b345f24fbf640399d494e1cdfdac5742da335fd7e54721390a,U.S. Sugar Supply and Use,Sugar,United States,2025/26,Proj.,Stocks to Use Ratio,15.90,15.9,"1000 Short Tons, Raw Value",Percent,USDA historical CSV labels Stocks to Use Ratio with the table's tonnage unit; value is normalized as percent while the raw unit is retained.
WASDE-668-V1:263a6955bf60,668,2026-02-10,February 2026,2026-02-10T17:00:00Z,2026-02-12T04:59:59Z,conservative end of next calendar day in America/New_York; USDA says consolidated CSV updates the day after WASDE,2026-08-20T15:50:03Z,WASDE-668-V1,false,usda_wasde_668_v1_263a6955bf60,https://www.usda.gov/sites/default/files/documents/oce-wasde-report-data-2026-02.csv,263a6955bf6014b345f24fbf640399d494e1cdfdac5742da335fd7e54721390a,U.S. Sugar Supply and Use,Sugar,United States,2025/26,Proj.,TRQ,1316.00,1316,"1000 Short Tons, Raw Value","1000 Short Tons, Raw Value",
WASDE-668-V1:263a6955bf60,668,2026-02-10,February 2026,2026-02-10T17:00:00Z,2026-02-12T04:59:59Z,conservative end of next calendar day in America/New_York; USDA says consolidated CSV updates the day after WASDE,2026-08-20T15:50:03Z,WASDE-668-V1,false,usda_wasde_668_v1_263a6955bf60,https://www.usda.gov/sites/default/files/documents/oce-wasde-report-data-2026-02.csv,263a6955bf6014b345f24fbf640399d494e1cdfdac5742da335fd7e54721390a,U.S. Sugar Supply and Use,Sugar,United States,2025/26,Proj.,Texas,.00,0,"1000 Short Tons, Raw Value","1000 Short Tons, Raw Value",
WASDE-668-V1:263a6955bf60,668,2026-02-10,February 2026,2026-02-10T17:00:00Z,2026-02-12T04:59:59Z,conservative end of next calendar day in America/New_York; USDA says consolidated CSV updates the day after WASDE,2026-08-20T15:50:03Z,WASDE-668-V1,false,usda_wasde_668_v1_263a6955bf60,https://www.usda.gov/sites/default/files/documents/oce-wasde-report-data-2026-02.csv,263a6955bf6014b345f24fbf640399d494e1cdfdac5742da335fd7e54721390a,U.S. Sugar Supply and Use,Sugar,United States,2025/26,Proj.,Total Supply,14142.00,14142,"1000 Short Tons, Raw Value","1000 Short Tons, Raw Value",
WASDE-668-V1:263a6955bf60,668,2026-02-10,February 2026,2026-02-10T17:00:00Z,2026-02-12T04:59:59Z,conservative end of next calendar day in America/New_York; USDA says consolidated CSV updates the day after WASDE,2026-08-20T15:50:03Z,WASDE-668-V1,false,usda_wasde_668_v1_263a6955bf60,https://www.usda.gov/sites/default/files/documents/oce-wasde-report-data-2026-02.csv,263a6955bf6014b345f24fbf640399d494e1cdfdac5742da335fd7e54721390a,U.S. Sugar Supply and Use,Sugar,United States,2025/26,Proj.,Total Use,12203.00,12203,"1000 Short Tons, Raw Value","1000 Short Tons, Raw Value",
WASDE-669-V1:ca03470e35d2,669,2026-03-10,March 2026,2026-03-10T16:00:00Z,2026-03-12T03:59:59Z,conservative end of next calendar day in America/New_York; USDA says consolidated CSV updates the day after WASDE,2026-08-20T15:50:03Z,WASDE-669-V1,false,usda_wasde_669_v1_ca03470e35d2,https://www.usda.gov/sites/default/files/documents/oce-wasde-report-data-2026-03.csv,ca03470e35d267fb20180c63515a84e90d2cf7ef2851edd02ef1c13b9ee5d83f,Mexico Sugar Supply and Use and High Fructose Corn Syrup Consumption,Sugar,Mexico,2024/25,Est.,Beginning Stocks,1418.00,1418,"1000 Metric Tons, Actual Weight","1000 Metric Tons, Actual Weight",
WASDE-669-V1:ca03470e35d2,669,2026-03-10,March 2026,2026-03-10T16:00:00Z,2026-03-12T03:59:59Z,conservative end of next calendar day in America/New_York; USDA says consolidated CSV updates the day after WASDE,2026-08-20T15:50:03Z,WASDE-669-V1,false,usda_wasde_669_v1_ca03470e35d2,https://www.usda.gov/sites/default/files/documents/oce-wasde-report-data-2026-03.csv,ca03470e35d267fb20180c63515a84e90d2cf7ef2851edd02ef1c13b9ee5d83f,Mexico Sugar Supply and Use and High Fructose Corn Syrup Consumption,Sugar,Mexico,2024/25,Est.,Domestic,4210.00,4210,"1000 Metric Tons, Actual Weight","1000 Metric Tons, Actual Weight",
WASDE-669-V1:ca03470e35d2,669,2026-03-10,March 2026,2026-03-10T16:00:00Z,2026-03-12T03:59:59Z,conservative end of next calendar day in America/New_York; USDA says consolidated CSV updates the day after WASDE,2026-08-20T15:50:03Z,WASDE-669-V1,false,usda_wasde_669_v1_ca03470e35d2,https://www.usda.gov/sites/default/files/documents/oce-wasde-report-data-2026-03.csv,ca03470e35d267fb20180c63515a84e90d2cf7ef2851edd02ef1c13b9ee5d83f,Mexico Sugar Supply and Use and High Fructose Corn Syrup Consumption,Sugar,Mexico,2024/25,Est.,Ending Stocks,1123.00,1123,"1000 Metric Tons, Actual Weight","1000 Metric Tons, Actual Weight",
WASDE-669-V1:ca03470e35d2,669,2026-03-10,March 2026,2026-03-10T16:00:00Z,2026-03-12T03:59:59Z,conservative end of next calendar day in America/New_York; USDA says consolidated CSV updates the day after WASDE,2026-08-20T15:50:03Z,WASDE-669-V1,false,usda_wasde_669_v1_ca03470e35d2,https://www.usda.gov/sites/default/files/documents/oce-wasde-report-data-2026-03.csv,ca03470e35d267fb20180c63515a84e90d2cf7ef2851edd02ef1c13b9ee5d83f,Mexico Sugar Supply and Use and High Fructose Corn Syrup Consumption,Sugar,Mexico,2024/25,Est.,Exports,1023.00,1023,"1000 Metric Tons, Actual Weight","1000 Metric Tons, Actual Weight",
WASDE-669-V1:ca03470e35d2,669,2026-03-10,March 2026,2026-03-10T16:00:00Z,2026-03-12T03:59:59Z,conservative end of next calendar day in America/New_York; USDA says consolidated CSV updates the day after WASDE,2026-08-20T15:50:03Z,WASDE-669-V1,false,usda_wasde_669_v1_ca03470e35d2,https://www.usda.gov/sites/default/files/documents/oce-wasde-report-data-2026-03.csv,ca03470e35d267fb20180c63515a84e90d2cf7ef2851edd02ef1c13b9ee5d83f,Mexico Sugar Supply and Use and High Fructose Corn Syrup Consumption,Sugar,Mexico,2024/25,Est.,Imports,167.00,167,"1000 Metric Tons, Actual Weight","1000 Metric Tons, Actual Weight",
WASDE-669-V1:ca03470e35d2,669,2026-03-10,March 2026,2026-03-10T16:00:00Z,2026-03-12T03:59:59Z,conservative end of next calendar day in America/New_York; USDA says consolidated CSV updates the day after WASDE,2026-08-20T15:50:03Z,WASDE-669-V1,false,usda_wasde_669_v1_ca03470e35d2,https://www.usda.gov/sites/default/files/documents/oce-wasde-report-data-2026-03.csv,ca03470e35d267fb20180c63515a84e90d2cf7ef2851edd02ef1c13b9ee5d83f,Mexico Sugar Supply and Use and High Fructose Corn Syrup Consumption,Sugar,Mexico,2024/25,Est.,Production,4771.00,4771,"1000 Metric Tons, Actual Weight","1000 Metric Tons, Actual Weight",
WASDE-669-V1:ca03470e35d2,669,2026-03-10,March 2026,2026-03-10T16:00:00Z,2026-03-12T03:59:59Z,conservative end of next calendar day in America/New_York; USDA says consolidated CSV updates the day after WASDE,2026-08-20T15:50:03Z,WASDE-669-V1,false,usda_wasde_669_v1_ca03470e35d2,https://www.usda.gov/sites/default/files/documents/oce-wasde-report-data-2026-03.csv,ca03470e35d267fb20180c63515a84e90d2cf7ef2851edd02ef1c13b9ee5d83f,Mexico Sugar Supply and Use and High Fructose Corn Syrup Consumption,Sugar,Mexico,2025/26,Proj.,Beginning Stocks,1123.00,1123,"1000 Metric Tons, Actual Weight","1000 Metric Tons, Actual Weight",
WASDE-669-V1:ca03470e35d2,669,2026-03-10,March 2026,2026-03-10T16:00:00Z,2026-03-12T03:59:59Z,conservative end of next calendar day in America/New_York; USDA says consolidated CSV updates the day after WASDE,2026-08-20T15:50:03Z,WASDE-669-V1,false,usda_wasde_669_v1_ca03470e35d2,https://www.usda.gov/sites/default/files/documents/oce-wasde-report-data-2026-03.csv,ca03470e35d267fb20180c63515a84e90d2cf7ef2851edd02ef1c13b9ee5d83f,Mexico Sugar Supply and Use and High Fructose Corn Syrup Consumption,Sugar,Mexico,2025/26,Proj.,Domestic,4297.00,4297,"1000 Metric Tons, Actual Weight","1000 Metric Tons, Actual Weight",
WASDE-669-V1:ca03470e35d2,669,2026-03-10,March 2026,2026-03-10T16:00:00Z,2026-03-12T03:59:59Z,conservative end of next calendar day in America/New_York; USDA says consolidated CSV updates the day after WASDE,2026-08-20T15:50:03Z,WASDE-669-V1,false,usda_wasde_669_v1_ca03470e35d2,https://www.usda.gov/sites/default/files/documents/oce-wasde-report-data-2026-03.csv,ca03470e35d267fb20180c63515a84e90d2cf7ef2851edd02ef1c13b9ee5d83f,Mexico Sugar Supply and Use and High Fructose Corn Syrup Consumption,Sugar,Mexico,2025/26,Proj.,Ending Stocks,1068.00,1068,"1000 Metric Tons, Actual Weight","1000 Metric Tons, Actual Weight",
WASDE-669-V1:ca03470e35d2,669,2026-03-10,March 2026,2026-03-10T16:00:00Z,2026-03-12T03:59:59Z,conservative end of next calendar day in America/New_York; USDA says consolidated CSV updates the day after WASDE,2026-08-20T15:50:03Z,WASDE-669-V1,false,usda_wasde_669_v1_ca03470e35d2,https://www.usda.gov/sites/default/files/documents/oce-wasde-report-data-2026-03.csv,ca03470e35d267fb20180c63515a84e90d2cf7ef2851edd02ef1c13b9ee5d83f,Mexico Sugar Supply and Use and High Fructose Corn Syrup Consumption,Sugar,Mexico,2025/26,Proj.,Exports,834.00,834,"1000 Metric Tons, Actual Weight","1000 Metric Tons, Actual Weight",
WASDE-669-V1:ca03470e35d2,669,2026-03-10,March 2026,2026-03-10T16:00:00Z,2026-03-12T03:59:59Z,conservative end of next calendar day in America/New_York; USDA says consolidated CSV updates the day after WASDE,2026-08-20T15:50:03Z,WASDE-669-V1,false,usda_wasde_669_v1_ca03470e35d2,https://www.usda.gov/sites/default/files/documents/oce-wasde-report-data-2026-03.csv,ca03470e35d267fb20180c63515a84e90d2cf7ef2851edd02ef1c13b9ee5d83f,Mexico Sugar Supply and Use and High Fructose Corn Syrup Consumption,Sugar,Mexico,2025/26,Proj.,Imports,52.00,52,"1000 Metric Tons, Actual Weight","1000 Metric Tons, Actual Weight",
WASDE-669-V1:ca03470e35d2,669,2026-03-10,March 2026,2026-03-10T16:00:00Z,2026-03-12T03:59:59Z,conservative end of next calendar day in America/New_York; USDA says consolidated CSV updates the day after WASDE,2026-08-20T15:50:03Z,WASDE-669-V1,false,usda_wasde_669_v1_ca03470e35d2,https://www.usda.gov/sites/default/files/documents/oce-wasde-report-data-2026-03.csv,ca03470e35d267fb20180c63515a84e90d2cf7ef2851edd02ef1c13b9ee5d83f,Mexico Sugar Supply and Use and High Fructose Corn Syrup Consumption,Sugar,Mexico,2025/26,Proj.,Production,5024.00,5024,"1000 Metric Tons, Actual Weight","1000 Metric Tons, Actual Weight",
WASDE-669-V1:ca03470e35d2,669,2026-03-10,March 2026,2026-03-10T16:00:00Z,2026-03-12T03:59:59Z,conservative end of next calendar day in America/New_York; USDA says consolidated CSV updates the day after WASDE,2026-08-20T15:50:03Z,WASDE-669-V1,false,usda_wasde_669_v1_ca03470e35d2,https://www.usda.gov/sites/default/files/documents/oce-wasde-report-data-2026-03.csv,ca03470e35d267fb20180c63515a84e90d2cf7ef2851edd02ef1c13b9ee5d83f,U.S. Sugar Supply and Use,Sugar,United States,2023/24,,Beet Sugar,5172.00,5172,"1000 Short Tons, Raw Value","1000 Short Tons, Raw Value",
WASDE-669-V1:ca03470e35d2,669,2026-03-10,March 2026,2026-03-10T16:00:00Z,2026-03-12T03:59:59Z,conservative end of next calendar day in America/New_York; USDA says consolidated CSV updates the day after WASDE,2026-08-20T15:50:03Z,WASDE-669-V1,false,usda_wasde_669_v1_ca03470e35d2,https://www.usda.gov/sites/default/files/documents/oce-wasde-report-data-2026-03.csv,ca03470e35d267fb20180c63515a84e90d2cf7ef2851edd02ef1c13b9ee5d83f,U.S. Sugar Supply and Use,Sugar,United States,2023/24,,Beginning Stocks,1843.00,1843,"1000 Short Tons, Raw Value","1000 Short Tons, Raw Value",
WASDE-669-V1:ca03470e35d2,669,2026-03-10,March 2026,2026-03-10T16:00:00Z,2026-03-12T03:59:59Z,conservative end of next calendar day in America/New_York; USDA says consolidated CSV updates the day after WASDE,2026-08-20T15:50:03Z,WASDE-669-V1,false,usda_wasde_669_v1_ca03470e35d2,https://www.usda.gov/sites/default/files/documents/oce-wasde-report-data-2026-03.csv,ca03470e35d267fb20180c63515a84e90d2cf7ef2851edd02ef1c13b9ee5d83f,U.S. Sugar Supply and Use,Sugar,United States,2023/24,,Cane Sugar,4141.00,4141,"1000 Short Tons, Raw Value","1000 Short Tons, Raw Value",
WASDE-669-V1:ca03470e35d2,669,2026-03-10,March 2026,2026-03-10T16:00:00Z,2026-03-12T03:59:59Z,conservative end of next calendar day in America/New_York; USDA says consolidated CSV updates the day after WASDE,2026-08-20T15:50:03Z,WASDE-669-V1,false,usda_wasde_669_v1_ca03470e35d2,https://www.usda.gov/sites/default/files/documents/oce-wasde-report-data-2026-03.csv,ca03470e35d267fb20180c63515a84e90d2cf7ef2851edd02ef1c13b9ee5d83f,U.S. Sugar Supply and Use,Sugar,United States,2023/24,,Deliveries,12443.00,12443,"1000 Short Tons, Raw Value","1000 Short Tons, Raw Value",
WASDE-669-V1:ca03470e35d2,669,2026-03-10,March 2026,2026-03-10T16:00:00Z,2026-03-12T03:59:59Z,conservative end of next calendar day in America/New_York; USDA says consolidated CSV updates the day after WASDE,2026-08-20T15:50:03Z,WASDE-669-V1,false,usda_wasde_669_v1_ca03470e35d2,https://www.usda.gov/sites/default/files/documents/oce-wasde-report-data-2026-03.csv,ca03470e35d267fb20180c63515a84e90d2cf7ef2851edd02ef1c13b9ee5d83f,U.S. Sugar Supply and Use,Sugar,United States,2023/24,,Ending Stocks,2220.00,2220,"1000 Short Tons, Raw Value","1000 Short Tons, Raw Value",
WASDE-669-V1:ca03470e35d2,669,2026-03-10,March 2026,2026-03-10T16:00:00Z,2026-03-12T03:59:59Z,conservative end of next calendar day in America/New_York; USDA says consolidated CSV updates the day after WASDE,2026-08-20T15:50:03Z,WASDE-669-V1,false,usda_wasde_669_v1_ca03470e35d2,https://www.usda.gov/sites/default/files/documents/oce-wasde-report-data-2026-03.csv,ca03470e35d267fb20180c63515a84e90d2cf7ef2851edd02ef1c13b9ee5d83f,U.S. Sugar Supply and Use,Sugar,United States,2023/24,,Exports,249.00,249,"1000 Short Tons, Raw Value","1000 Short Tons, Raw Value",
WASDE-669-V1:ca03470e35d2,669,2026-03-10,March 2026,2026-03-10T16:00:00Z,2026-03-12T03:59:59Z,conservative end of next calendar day in America/New_York; USDA says consolidated CSV updates the day after WASDE,2026-08-20T15:50:03Z,WASDE-669-V1,false,usda_wasde_669_v1_ca03470e35d2,https://www.usda.gov/sites/default/files/documents/oce-wasde-report-data-2026-03.csv,ca03470e35d267fb20180c63515a84e90d2cf7ef2851edd02ef1c13b9ee5d83f,U.S. Sugar Supply and Use,Sugar,United States,2023/24,,Exports - Other,106.00,106,"1000 Short Tons, Raw Value","1000 Short Tons, Raw Value",
WASDE-669-V1:ca03470e35d2,669,2026-03-10,March 2026,2026-03-10T16:00:00Z,2026-03-12T03:59:59Z,conservative end of next calendar day in America/New_York; USDA says consolidated CSV updates the day after WASDE,2026-08-20T15:50:03Z,WASDE-669-V1,false,usda_wasde_669_v1_ca03470e35d2,https://www.usda.gov/sites/default/files/documents/oce-wasde-report-data-2026-03.csv,ca03470e35d267fb20180c63515a84e90d2cf7ef2851edd02ef1c13b9ee5d83f,U.S. Sugar Supply and Use,Sugar,United States,2023/24,,Florida,2079.00,2079,"1000 Short Tons, Raw Value","1000 Short Tons, Raw Value",
WASDE-669-V1:ca03470e35d2,669,2026-03-10,March 2026,2026-03-10T16:00:00Z,2026-03-12T03:59:59Z,conservative end of next calendar day in America/New_York; USDA says consolidated CSV updates the day after WASDE,2026-08-20T15:50:03Z,WASDE-669-V1,false,usda_wasde_669_v1_ca03470e35d2,https://www.usda.gov/sites/default/files/documents/oce-wasde-report-data-2026-03.csv,ca03470e35d267fb20180c63515a84e90d2cf7ef2851edd02ef1c13b9ee5d83f,U.S. Sugar Supply and Use,Sugar,United States,2023/24,,Food,12336.00,12336,"1000 Short Tons, Raw Value","1000 Short Tons, Raw Value",
WASDE-669-V1:ca03470e35d2,669,2026-03-10,March 2026,2026-03-10T16:00:00Z,2026-03-12T03:59:59Z,conservative end of next calendar day in America/New_York; USDA says consolidated CSV updates the day after WASDE,2026-08-20T15:50:03Z,WASDE-669-V1,false,usda_wasde_669_v1_ca03470e35d2,https://www.usda.gov/sites/default/files/documents/oce-wasde-report-data-2026-03.csv,ca03470e35d267fb20180c63515a84e90d2cf7ef2851edd02ef1c13b9ee5d83f,U.S. Sugar Supply and Use,Sugar,United States,2023/24,,High-tier tariff/other,1231.00,1231,"1000 Short Tons, Raw Value","1000 Short Tons, Raw Value",
WASDE-669-V1:ca03470e35d2,669,2026-03-10,March 2026,2026-03-10T16:00:00Z,2026-03-12T03:59:59Z,conservative end of next calendar day in America/New_York; USDA says consolidated CSV updates the day after WASDE,2026-08-20T15:50:03Z,WASDE-669-V1,false,usda_wasde_669_v1_ca03470e35d2,https://www.usda.gov/sites/default/files/documents/oce-wasde-report-data-2026-03.csv,ca03470e35d267fb20180c63515a84e90d2cf7ef2851edd02ef1c13b9ee5d83f,U.S. Sugar Supply and Use,Sugar,United States,2023/24,,Imports,3840.00,3840,"1000 Short Tons, Raw Value","1000 Short Tons, Raw Value",
WASDE-669-V1:ca03470e35d2,669,2026-03-10,March 2026,2026-03-10T16:00:00Z,2026-03-12T03:59:59Z,conservative end of next calendar day in America/New_York; USDA says consolidated CSV updates the day after WASDE,2026-08-20T15:50:03Z,WASDE-669-V1,false,usda_wasde_669_v1_ca03470e35d2,https://www.usda.gov/sites/default/files/documents/oce-wasde-report-data-2026-03.csv,ca03470e35d267fb20180c63515a84e90d2cf7ef2851edd02ef1c13b9ee5d83f,U.S. Sugar Supply and Use,Sugar,United States,2023/24,,Louisiana,2022.00,2022,"1000 Short Tons, Raw Value","1000 Short Tons, Raw Value",
WASDE-669-V1:ca03470e35d2,669,2026-03-10,March 2026,2026-03-10T16:00:00Z,2026-03-12T03:59:59Z,conservative end of next calendar day in America/New_York; USDA says consolidated CSV updates the day after WASDE,2026-08-20T15:50:03Z,WASDE-669-V1,false,usda_wasde_669_v1_ca03470e35d2,https://www.usda.gov/sites/default/files/documents/oce-wasde-report-data-2026-03.csv,ca03470e35d267fb20180c63515a84e90d2cf7ef2851edd02ef1c13b9ee5d83f,U.S. Sugar Supply and Use,Sugar,United States,2023/24,,Mexico,521.00,521,"1000 Short Tons, Raw Value","1000 Short Tons, Raw Value",
WASDE-669-V1:ca03470e35d2,669,2026-03-10,March 2026,2026-03-10T16:00:00Z,2026-03-12T03:59:59Z,conservative end of next calendar day in America/New_York; USDA says consolidated CSV updates the day after WASDE,2026-08-20T15:50:03Z,WASDE-669-V1,false,usda_wasde_669_v1_ca03470e35d2,https://www.usda.gov/sites/default/files/documents/oce-wasde-report-data-2026-03.csv,ca03470e35d267fb20180c63515a84e90d2cf7ef2851edd02ef1c13b9ee5d83f,U.S. Sugar Supply and Use,Sugar,United States,2023/24,,Miscellaneous,83.00,83,"1000 Short Tons, Raw Value","1000 Short Tons, Raw Value",
WASDE-669-V1:ca03470e35d2,669,2026-03-10,March 2026,2026-03-10T16:00:00Z,2026-03-12T03:59:59Z,conservative end of next calendar day in America/New_York; USDA says consolidated CSV updates the day after WASDE,2026-08-20T15:50:03Z,WASDE-669-V1,false,usda_wasde_669_v1_ca03470e35d2,https://www.usda.gov/sites/default/files/documents/oce-wasde-report-data-2026-03.csv,ca03470e35d267fb20180c63515a84e90d2cf7ef2851edd02ef1c13b9ee5d83f,U.S. Sugar Supply and Use,Sugar,United States,2023/24,,Non-program,1752.00,1752,"1000 Short Tons, Raw Value","1000 Short Tons, Raw Value",
WASDE-669-V1:ca03470e35d2,669,2026-03-10,March 2026,2026-03-10T16:00:00Z,2026-03-12T03:59:59Z,conservative end of next calendar day in America/New_York; USDA says consolidated CSV updates the day after WASDE,2026-08-20T15:50:03Z,WASDE-669-V1,false,usda_wasde_669_v1_ca03470e35d2,https://www.usda.gov/sites/default/files/documents/oce-wasde-report-data-2026-03.csv,ca03470e35d267fb20180c63515a84e90d2cf7ef2851edd02ef1c13b9ee5d83f,U.S. Sugar Supply and Use,Sugar,United States,2023/24,,Other Program,300.00,300,"1000 Short Tons, Raw Value","1000 Short Tons, Raw Value",
WASDE-669-V1:ca03470e35d2,669,2026-03-10,March 2026,2026-03-10T16:00:00Z,2026-03-12T03:59:59Z,conservative end of next calendar day in America/New_York; USDA says consolidated CSV updates the day after WASDE,2026-08-20T15:50:03Z,WASDE-669-V1,false,usda_wasde_669_v1_ca03470e35d2,https://www.usda.gov/sites/default/files/documents/oce-wasde-report-data-2026-03.csv,ca03470e35d267fb20180c63515a84e90d2cf7ef2851edd02ef1c13b9ee5d83f,U.S. Sugar Supply and Use,Sugar,United States,2023/24,,Production,9313.00,9313,"1000 Short Tons, Raw Value","1000 Short Tons, Raw Value",
WASDE-669-V1:ca03470e35d2,669,2026-03-10,March 2026,2026-03-10T16:00:00Z,2026-03-12T03:59:59Z,conservative end of next calendar day in America/New_York; USDA says consolidated CSV updates the day after WASDE,2026-08-20T15:50:03Z,WASDE-669-V1,false,usda_wasde_669_v1_ca03470e35d2,https://www.usda.gov/sites/default/files/documents/oce-wasde-report-data-2026-03.csv,ca03470e35d267fb20180c63515a84e90d2cf7ef2851edd02ef1c13b9ee5d83f,U.S. Sugar Supply and Use,Sugar,United States,2023/24,,Stocks to Use Ratio,17.40,17.4,"1000 Short Tons, Raw Value",Percent,USDA historical CSV labels Stocks to Use Ratio with the table's tonnage unit; value is normalized as percent while the raw unit is retained.
WASDE-669-V1:ca03470e35d2,669,2026-03-10,March 2026,2026-03-10T16:00:00Z,2026-03-12T03:59:59Z,conservative end of next calendar day in America/New_York; USDA says consolidated CSV updates the day after WASDE,2026-08-20T15:50:03Z,WASDE-669-V1,false,usda_wasde_669_v1_ca03470e35d2,https://www.usda.gov/sites/default/files/documents/oce-wasde-report-data-2026-03.csv,ca03470e35d267fb20180c63515a84e90d2cf7ef2851edd02ef1c13b9ee5d83f,U.S. Sugar Supply and Use,Sugar,United States,2023/24,,TRQ,1788.00,1788,"1000 Short Tons, Raw Value","1000 Short Tons, Raw Value",
WASDE-669-V1:ca03470e35d2,669,2026-03-10,March 2026,2026-03-10T16:00:00Z,2026-03-12T03:59:59Z,conservative end of next calendar day in America/New_York; USDA says consolidated CSV updates the day after WASDE,2026-08-20T15:50:03Z,WASDE-669-V1,false,usda_wasde_669_v1_ca03470e35d2,https://www.usda.gov/sites/default/files/documents/oce-wasde-report-data-2026-03.csv,ca03470e35d267fb20180c63515a84e90d2cf7ef2851edd02ef1c13b9ee5d83f,U.S. Sugar Supply and Use,Sugar,United States,2023/24,,Texas,40.00,40,"1000 Short Tons, Raw Value","1000 Short Tons, Raw Value",
WASDE-669-V1:ca03470e35d2,669,2026-03-10,March 2026,2026-03-10T16:00:00Z,2026-03-12T03:59:59Z,conservative end of next calendar day in America/New_York; USDA says consolidated CSV updates the day after WASDE,2026-08-20T15:50:03Z,WASDE-669-V1,false,usda_wasde_669_v1_ca03470e35d2,https://www.usda.gov/sites/default/files/documents/oce-wasde-report-data-2026-03.csv,ca03470e35d267fb20180c63515a84e90d2cf7ef2851edd02ef1c13b9ee5d83f,U.S. Sugar Supply and Use,Sugar,United States,2023/24,,Total Supply,14995.00,14995,"1000 Short Tons, Raw Value","1000 Short Tons, Raw Value",
WASDE-669-V1:ca03470e35d2,669,2026-03-10,March 2026,2026-03-10T16:00:00Z,2026-03-12T03:59:59Z,conservative end of next calendar day in America/New_York; USDA says consolidated CSV updates the day after WASDE,2026-08-20T15:50:03Z,WASDE-669-V1,false,usda_wasde_669_v1_ca03470e35d2,https://www.usda.gov/sites/default/files/documents/oce-wasde-report-data-2026-03.csv,ca03470e35d267fb20180c63515a84e90d2cf7ef2851edd02ef1c13b9ee5d83f,U.S. Sugar Supply and Use,Sugar,United States,2023/24,,Total Use,12775.00,12775,"1000 Short Tons, Raw Value","1000 Short Tons, Raw Value",
WASDE-669-V1:ca03470e35d2,669,2026-03-10,March 2026,2026-03-10T16:00:00Z,2026-03-12T03:59:59Z,conservative end of next calendar day in America/New_York; USDA says consolidated CSV updates the day after WASDE,2026-08-20T15:50:03Z,WASDE-669-V1,false,usda_wasde_669_v1_ca03470e35d2,https://www.usda.gov/sites/default/files/documents/oce-wasde-report-data-2026-03.csv,ca03470e35d267fb20180c63515a84e90d2cf7ef2851edd02ef1c13b9ee5d83f,U.S. Sugar Supply and Use,Sugar,United States,2024/25,Est.,Beet Sugar,5370.00,5370,"1000 Short Tons, Raw Value","1000 Short Tons, Raw Value",
WASDE-669-V1:ca03470e35d2,669,2026-03-10,March 2026,2026-03-10T16:00:00Z,2026-03-12T03:59:59Z,conservative end of next calendar day in America/New_York; USDA says consolidated CSV updates the day after WASDE,2026-08-20T15:50:03Z,WASDE-669-V1,false,usda_wasde_669_v1_ca03470e35d2,https://www.usda.gov/sites/default/files/documents/oce-wasde-report-data-2026-03.csv,ca03470e35d267fb20180c63515a84e90d2cf7ef2851edd02ef1c13b9ee5d83f,U.S. Sugar Supply and Use,Sugar,United States,2024/25,Est.,Beginning Stocks,2220.00,2220,"1000 Short Tons, Raw Value","1000 Short Tons, Raw Value",
WASDE-669-V1:ca03470e35d2,669,2026-03-10,March 2026,2026-03-10T16:00:00Z,2026-03-12T03:59:59Z,conservative end of next calendar day in America/New_York; USDA says consolidated CSV updates the day after WASDE,2026-08-20T15:50:03Z,WASDE-669-V1,false,usda_wasde_669_v1_ca03470e35d2,https://www.usda.gov/sites/default/files/documents/oce-wasde-report-data-2026-03.csv,ca03470e35d267fb20180c63515a84e90d2cf7ef2851edd02ef1c13b9ee5d83f,U.S. Sugar Supply and Use,Sugar,United States,2024/25,Est.,Cane Sugar,4027.00,4027,"1000 Short Tons, Raw Value","1000 Short Tons, Raw Value",
WASDE-669-V1:ca03470e35d2,669,2026-03-10,March 2026,2026-03-10T16:00:00Z,2026-03-12T03:59:59Z,conservative end of next calendar day in America/New_York; USDA says consolidated CSV updates the day after WASDE,2026-08-20T15:50:03Z,WASDE-669-V1,false,usda_wasde_669_v1_ca03470e35d2,https://www.usda.gov/sites/default/files/documents/oce-wasde-report-data-2026-03.csv,ca03470e35d267fb20180c63515a84e90d2cf7ef2851edd02ef1c13b9ee5d83f,U.S. Sugar Supply and Use,Sugar,United States,2024/25,Est.,Deliveries,12450.00,12450,"1000 Short Tons, Raw Value","1000 Short Tons, Raw Value",
WASDE-669-V1:ca03470e35d2,669,2026-03-10,March 2026,2026-03-10T16:00:00Z,2026-03-12T03:59:59Z,conservative end of next calendar day in America/New_York; USDA says consolidated CSV updates the day after WASDE,2026-08-20T15:50:03Z,WASDE-669-V1,false,usda_wasde_669_v1_ca03470e35d2,https://www.usda.gov/sites/default/files/documents/oce-wasde-report-data-2026-03.csv,ca03470e35d267fb20180c63515a84e90d2cf7ef2851edd02ef1c13b9ee5d83f,U.S. Sugar Supply and Use,Sugar,United States,2024/25,Est.,Ending Stocks,2490.00,2490,"1000 Short Tons, Raw Value","1000 Short Tons, Raw Value",
WASDE-669-V1:ca03470e35d2,669,2026-03-10,March 2026,2026-03-10T16:00:00Z,2026-03-12T03:59:59Z,conservative end of next calendar day in America/New_York; USDA says consolidated CSV updates the day after WASDE,2026-08-20T15:50:03Z,WASDE-669-V1,false,usda_wasde_669_v1_ca03470e35d2,https://www.usda.gov/sites/default/files/documents/oce-wasde-report-data-2026-03.csv,ca03470e35d267fb20180c63515a84e90d2cf7ef2851edd02ef1c13b9ee5d83f,U.S. Sugar Supply and Use,Sugar,United States,2024/25,Est.,Exports,111.00,111,"1000 Short Tons, Raw Value","1000 Short Tons, Raw Value",
WASDE-669-V1:ca03470e35d2,669,2026-03-10,March 2026,2026-03-10T16:00:00Z,2026-03-12T03:59:59Z,conservative end of next calendar day in America/New_York; USDA says consolidated CSV updates the day after WASDE,2026-08-20T15:50:03Z,WASDE-669-V1,false,usda_wasde_669_v1_ca03470e35d2,https://www.usda.gov/sites/default/files/documents/oce-wasde-report-data-2026-03.csv,ca03470e35d267fb20180c63515a84e90d2cf7ef2851edd02ef1c13b9ee5d83f,U.S. Sugar Supply and Use,Sugar,United States,2024/25,Est.,Exports - Other,111.00,111,"1000 Short Tons, Raw Value","1000 Short Tons, Raw Value",
WASDE-669-V1:ca03470e35d2,669,2026-03-10,March 2026,2026-03-10T16:00:00Z,2026-03-12T03:59:59Z,conservative end of next calendar day in America/New_York; USDA says consolidated CSV updates the day after WASDE,2026-08-20T15:50:03Z,WASDE-669-V1,false,usda_wasde_669_v1_ca03470e35d2,https://www.usda.gov/sites/default/files/documents/oce-wasde-report-data-2026-03.csv,ca03470e35d267fb20180c63515a84e90d2cf7ef2851edd02ef1c13b9ee5d83f,U.S. Sugar Supply and Use,Sugar,United States,2024/25,Est.,Florida,1932.00,1932,"1000 Short Tons, Raw Value","1000 Short Tons, Raw Value",
WASDE-669-V1:ca03470e35d2,669,2026-03-10,March 2026,2026-03-10T16:00:00Z,2026-03-12T03:59:59Z,conservative end of next calendar day in America/New_York; USDA says consolidated CSV updates the day after WASDE,2026-08-20T15:50:03Z,WASDE-669-V1,false,usda_wasde_669_v1_ca03470e35d2,https://www.usda.gov/sites/default/files/documents/oce-wasde-report-data-2026-03.csv,ca03470e35d267fb20180c63515a84e90d2cf7ef2851edd02ef1c13b9ee5d83f,U.S. Sugar Supply and Use,Sugar,United States,2024/25,Est.,Food,12340.00,12340,"1000 Short Tons, Raw Value","1000 Short Tons, Raw Value",
WASDE-669-V1:ca03470e35d2,669,2026-03-10,March 2026,2026-03-10T16:00:00Z,2026-03-12T03:59:59Z,conservative end of next calendar day in America/New_York; USDA says consolidated CSV updates the day after WASDE,2026-08-20T15:50:03Z,WASDE-669-V1,false,usda_wasde_669_v1_ca03470e35d2,https://www.usda.gov/sites/default/files/documents/oce-wasde-report-data-2026-03.csv,ca03470e35d267fb20180c63515a84e90d2cf7ef2851edd02ef1c13b9ee5d83f,U.S. Sugar Supply and Use,Sugar,United States,2024/25,Est.,High-tier tariff/other,980.00,980,"1000 Short Tons, Raw Value","1000 Short Tons, Raw Value",
WASDE-669-V1:ca03470e35d2,669,2026-03-10,March 2026,2026-03-10T16:00:00Z,2026-03-12T03:59:59Z,conservative end of next calendar day in America/New_York; USDA says consolidated CSV updates the day after WASDE,2026-08-20T15:50:03Z,WASDE-669-V1,false,usda_wasde_669_v1_ca03470e35d2,https://www.usda.gov/sites/default/files/documents/oce-wasde-report-data-2026-03.csv,ca03470e35d267fb20180c63515a84e90d2cf7ef2851edd02ef1c13b9ee5d83f,U.S. Sugar Supply and Use,Sugar,United States,2024/25,Est.,Imports,3393.00,3393,"1000 Short Tons, Raw Value","1000 Short Tons, Raw Value",
WASDE-669-V1:ca03470e35d2,669,2026-03-10,March 2026,2026-03-10T16:00:00Z,2026-03-12T03:59:59Z,conservative end of next calendar day in America/New_York; USDA says consolidated CSV updates the day after WASDE,2026-08-20T15:50:03Z,WASDE-669-V1,false,usda_wasde_669_v1_ca03470e35d2,https://www.usda.gov/sites/default/files/documents/oce-wasde-report-data-2026-03.csv,ca03470e35d267fb20180c63515a84e90d2cf7ef2851edd02ef1c13b9ee5d83f,U.S. Sugar Supply and Use,Sugar,United States,2024/25,Est.,Louisiana,2095.00,2095,"1000 Short Tons, Raw Value","1000 Short Tons, Raw Value",
WASDE-669-V1:ca03470e35d2,669,2026-03-10,March 2026,2026-03-10T16:00:00Z,2026-03-12T03:59:59Z,conservative end of next calendar day in America/New_York; USDA says consolidated CSV updates the day after WASDE,2026-08-20T15:50:03Z,WASDE-669-V1,false,usda_wasde_669_v1_ca03470e35d2,https://www.usda.gov/sites/default/files/documents/oce-wasde-report-data-2026-03.csv,ca03470e35d267fb20180c63515a84e90d2cf7ef2851edd02ef1c13b9ee5d83f,U.S. Sugar Supply and Use,Sugar,United States,2024/25,Est.,Mexico,504.00,504,"1000 Short Tons, Raw Value","1000 Short Tons, Raw Value",
WASDE-669-V1:ca03470e35d2,669,2026-03-10,March 2026,2026-03-10T16:00:00Z,2026-03-12T03:59:59Z,conservative end of next calendar day in America/New_York; USDA says consolidated CSV updates the day after WASDE,2026-08-20T15:50:03Z,WASDE-669-V1,false,usda_wasde_669_v1_ca03470e35d2,https://www.usda.gov/sites/default/files/documents/oce-wasde-report-data-2026-03.csv,ca03470e35d267fb20180c63515a84e90d2cf7ef2851edd02ef1c13b9ee5d83f,U.S. Sugar Supply and Use,Sugar,United States,2024/25,Est.,Miscellaneous,-41.00,-41,"1000 Short Tons, Raw Value","1000 Short Tons, Raw Value",
WASDE-669-V1:ca03470e35d2,669,2026-03-10,March 2026,2026-03-10T16:00:00Z,2026-03-12T03:59:59Z,conservative end of next calendar day in America/New_York; USDA says consolidated CSV updates the day after WASDE,2026-08-20T15:50:03Z,WASDE-669-V1,false,usda_wasde_669_v1_ca03470e35d2,https://www.usda.gov/sites/default/files/documents/oce-wasde-report-data-2026-03.csv,ca03470e35d267fb20180c63515a84e90d2cf7ef2851edd02ef1c13b9ee5d83f,U.S. Sugar Supply and Use,Sugar,United States,2024/25,Est.,Non-program,1485.00,1485,"1000 Short Tons, Raw Value","1000 Short Tons, Raw Value",
WASDE-669-V1:ca03470e35d2,669,2026-03-10,March 2026,2026-03-10T16:00:00Z,2026-03-12T03:59:59Z,conservative end of next calendar day in America/New_York; USDA says consolidated CSV updates the day after WASDE,2026-08-20T15:50:03Z,WASDE-669-V1,false,usda_wasde_669_v1_ca03470e35d2,https://www.usda.gov/sites/default/files/documents/oce-wasde-report-data-2026-03.csv,ca03470e35d267fb20180c63515a84e90d2cf7ef2851edd02ef1c13b9ee5d83f,U.S. Sugar Supply and Use,Sugar,United States,2024/25,Est.,Other Program,373.00,373,"1000 Short Tons, Raw Value","1000 Short Tons, Raw Value",
WASDE-669-V1:ca03470e35d2,669,2026-03-10,March 2026,2026-03-10T16:00:00Z,2026-03-12T03:59:59Z,conservative end of next calendar day in America/New_York; USDA says consolidated CSV updates the day after WASDE,2026-08-20T15:50:03Z,WASDE-669-V1,false,usda_wasde_669_v1_ca03470e35d2,https://www.usda.gov/sites/default/files/documents/oce-wasde-report-data-2026-03.csv,ca03470e35d267fb20180c63515a84e90d2cf7ef2851edd02ef1c13b9ee5d83f,U.S. Sugar Supply and Use,Sugar,United States,2024/25,Est.,Production,9397.00,9397,"1000 Short Tons, Raw Value","1000 Short Tons, Raw Value",
WASDE-669-V1:ca03470e35d2,669,2026-03-10,March 2026,2026-03-10T16:00:00Z,2026-03-12T03:59:59Z,conservative end of next calendar day in America/New_York; USDA says consolidated CSV updates the day after WASDE,2026-08-20T15:50:03Z,WASDE-669-V1,false,usda_wasde_669_v1_ca03470e35d2,https://www.usda.gov/sites/default/files/documents/oce-wasde-report-data-2026-03.csv,ca03470e35d267fb20180c63515a84e90d2cf7ef2851edd02ef1c13b9ee5d83f,U.S. Sugar Supply and Use,Sugar,United States,2024/25,Est.,Stocks to Use Ratio,19.90,19.9,"1000 Short Tons, Raw Value",Percent,USDA historical CSV labels Stocks to Use Ratio with the table's tonnage unit; value is normalized as percent while the raw unit is retained.
WASDE-669-V1:ca03470e35d2,669,2026-03-10,March 2026,2026-03-10T16:00:00Z,2026-03-12T03:59:59Z,conservative end of next calendar day in America/New_York; USDA says consolidated CSV updates the day after WASDE,2026-08-20T15:50:03Z,WASDE-669-V1,false,usda_wasde_669_v1_ca03470e35d2,https://www.usda.gov/sites/default/files/documents/oce-wasde-report-data-2026-03.csv,ca03470e35d267fb20180c63515a84e90d2cf7ef2851edd02ef1c13b9ee5d83f,U.S. Sugar Supply and Use,Sugar,United States,2024/25,Est.,TRQ,1534.00,1534,"1000 Short Tons, Raw Value","1000 Short Tons, Raw Value",
WASDE-669-V1:ca03470e35d2,669,2026-03-10,March 2026,2026-03-10T16:00:00Z,2026-03-12T03:59:59Z,conservative end of next calendar day in America/New_York; USDA says consolidated CSV updates the day after WASDE,2026-08-20T15:50:03Z,WASDE-669-V1,false,usda_wasde_669_v1_ca03470e35d2,https://www.usda.gov/sites/default/files/documents/oce-wasde-report-data-2026-03.csv,ca03470e35d267fb20180c63515a84e90d2cf7ef2851edd02ef1c13b9ee5d83f,U.S. Sugar Supply and Use,Sugar,United States,2024/25,Est.,Texas,.00,0,"1000 Short Tons, Raw Value","1000 Short Tons, Raw Value",
WASDE-669-V1:ca03470e35d2,669,2026-03-10,March 2026,2026-03-10T16:00:00Z,2026-03-12T03:59:59Z,conservative end of next calendar day in America/New_York; USDA says consolidated CSV updates the day after WASDE,2026-08-20T15:50:03Z,WASDE-669-V1,false,usda_wasde_669_v1_ca03470e35d2,https://www.usda.gov/sites/default/files/documents/oce-wasde-report-data-2026-03.csv,ca03470e35d267fb20180c63515a84e90d2cf7ef2851edd02ef1c13b9ee5d83f,U.S. Sugar Supply and Use,Sugar,United States,2024/25,Est.,Total Supply,15009.00,15009,"1000 Short Tons, Raw Value","1000 Short Tons, Raw Value",
WASDE-669-V1:ca03470e35d2,669,2026-03-10,March 2026,2026-03-10T16:00:00Z,2026-03-12T03:59:59Z,conservative end of next calendar day in America/New_York; USDA says consolidated CSV updates the day after WASDE,2026-08-20T15:50:03Z,WASDE-669-V1,false,usda_wasde_669_v1_ca03470e35d2,https://www.usda.gov/sites/default/files/documents/oce-wasde-report-data-2026-03.csv,ca03470e35d267fb20180c63515a84e90d2cf7ef2851edd02ef1c13b9ee5d83f,U.S. Sugar Supply and Use,Sugar,United States,2024/25,Est.,Total Use,12520.00,12520,"1000 Short Tons, Raw Value","1000 Short Tons, Raw Value",
WASDE-669-V1:ca03470e35d2,669,2026-03-10,March 2026,2026-03-10T16:00:00Z,2026-03-12T03:59:59Z,conservative end of next calendar day in America/New_York; USDA says consolidated CSV updates the day after WASDE,2026-08-20T15:50:03Z,WASDE-669-V1,false,usda_wasde_669_v1_ca03470e35d2,https://www.usda.gov/sites/default/files/documents/oce-wasde-report-data-2026-03.csv,ca03470e35d267fb20180c63515a84e90d2cf7ef2851edd02ef1c13b9ee5d83f,U.S. Sugar Supply and Use,Sugar,United States,2025/26,Proj.,Beet Sugar,5093.00,5093,"1000 Short Tons, Raw Value","1000 Short Tons, Raw Value",
WASDE-669-V1:ca03470e35d2,669,2026-03-10,March 2026,2026-03-10T16:00:00Z,2026-03-12T03:59:59Z,conservative end of next calendar day in America/New_York; USDA says consolidated CSV updates the day after WASDE,2026-08-20T15:50:03Z,WASDE-669-V1,false,usda_wasde_669_v1_ca03470e35d2,https://www.usda.gov/sites/default/files/documents/oce-wasde-report-data-2026-03.csv,ca03470e35d267fb20180c63515a84e90d2cf7ef2851edd02ef1c13b9ee5d83f,U.S. Sugar Supply and Use,Sugar,United States,2025/26,Proj.,Beginning Stocks,2490.00,2490,"1000 Short Tons, Raw Value","1000 Short Tons, Raw Value",
WASDE-669-V1:ca03470e35d2,669,2026-03-10,March 2026,2026-03-10T16:00:00Z,2026-03-12T03:59:59Z,conservative end of next calendar day in America/New_York; USDA says consolidated CSV updates the day after WASDE,2026-08-20T15:50:03Z,WASDE-669-V1,false,usda_wasde_669_v1_ca03470e35d2,https://www.usda.gov/sites/default/files/documents/oce-wasde-report-data-2026-03.csv,ca03470e35d267fb20180c63515a84e90d2cf7ef2851edd02ef1c13b9ee5d83f,U.S. Sugar Supply and Use,Sugar,United States,2025/26,Proj.,Cane Sugar,4187.00,4187,"1000 Short Tons, Raw Value","1000 Short Tons, Raw Value",
WASDE-669-V1:ca03470e35d2,669,2026-03-10,March 2026,2026-03-10T16:00:00Z,2026-03-12T03:59:59Z,conservative end of next calendar day in America/New_York; USDA says consolidated CSV updates the day after WASDE,2026-08-20T15:50:03Z,WASDE-669-V1,false,usda_wasde_669_v1_ca03470e35d2,https://www.usda.gov/sites/default/files/documents/oce-wasde-report-data-2026-03.csv,ca03470e35d267fb20180c63515a84e90d2cf7ef2851edd02ef1c13b9ee5d83f,U.S. Sugar Supply and Use,Sugar,United States,2025/26,Proj.,Deliveries,12270.00,12270,"1000 Short Tons, Raw Value","1000 Short Tons, Raw Value",
WASDE-669-V1:ca03470e35d2,669,2026-03-10,March 2026,2026-03-10T16:00:00Z,2026-03-12T03:59:59Z,conservative end of next calendar day in America/New_York; USDA says consolidated CSV updates the day after WASDE,2026-08-20T15:50:03Z,WASDE-669-V1,false,usda_wasde_669_v1_ca03470e35d2,https://www.usda.gov/sites/default/files/documents/oce-wasde-report-data-2026-03.csv,ca03470e35d267fb20180c63515a84e90d2cf7ef2851edd02ef1c13b9ee5d83f,U.S. Sugar Supply and Use,Sugar,United States,2025/26,Proj.,Ending Stocks,1878.00,1878,"1000 Short Tons, Raw Value","1000 Short Tons, Raw Value",
WASDE-669-V1:ca03470e35d2,669,2026-03-10,March 2026,2026-03-10T16:00:00Z,2026-03-12T03:59:59Z,conservative end of next calendar day in America/New_York; USDA says consolidated CSV updates the day after WASDE,2026-08-20T15:50:03Z,WASDE-669-V1,false,usda_wasde_669_v1_ca03470e35d2,https://www.usda.gov/sites/default/files/documents/oce-wasde-report-data-2026-03.csv,ca03470e35d267fb20180c63515a84e90d2cf7ef2851edd02ef1c13b9ee5d83f,U.S. Sugar Supply and Use,Sugar,United States,2025/26,Proj.,Exports,50.00,50,"1000 Short Tons, Raw Value","1000 Short Tons, Raw Value",
WASDE-669-V1:ca03470e35d2,669,2026-03-10,March 2026,2026-03-10T16:00:00Z,2026-03-12T03:59:59Z,conservative end of next calendar day in America/New_York; USDA says consolidated CSV updates the day after WASDE,2026-08-20T15:50:03Z,WASDE-669-V1,false,usda_wasde_669_v1_ca03470e35d2,https://www.usda.gov/sites/default/files/documents/oce-wasde-report-data-2026-03.csv,ca03470e35d267fb20180c63515a84e90d2cf7ef2851edd02ef1c13b9ee5d83f,U.S. Sugar Supply and Use,Sugar,United States,2025/26,Proj.,Exports - Other,105.00,105,"1000 Short Tons, Raw Value","1000 Short Tons, Raw Value",
WASDE-669-V1:ca03470e35d2,669,2026-03-10,March 2026,2026-03-10T16:00:00Z,2026-03-12T03:59:59Z,conservative end of next calendar day in America/New_York; USDA says consolidated CSV updates the day after WASDE,2026-08-20T15:50:03Z,WASDE-669-V1,false,usda_wasde_669_v1_ca03470e35d2,https://www.usda.gov/sites/default/files/documents/oce-wasde-report-data-2026-03.csv,ca03470e35d267fb20180c63515a84e90d2cf7ef2851edd02ef1c13b9ee5d83f,U.S. Sugar Supply and Use,Sugar,United States,2025/26,Proj.,Florida,1956.00,1956,"1000 Short Tons, Raw Value","1000 Short Tons, Raw Value",
WASDE-669-V1:ca03470e35d2,669,2026-03-10,March 2026,2026-03-10T16:00:00Z,2026-03-12T03:59:59Z,conservative end of next calendar day in America/New_York; USDA says consolidated CSV updates the day after WASDE,2026-08-20T15:50:03Z,WASDE-669-V1,false,usda_wasde_669_v1_ca03470e35d2,https://www.usda.gov/sites/default/files/documents/oce-wasde-report-data-2026-03.csv,ca03470e35d267fb20180c63515a84e90d2cf7ef2851edd02ef1c13b9ee5d83f,U.S. Sugar Supply and Use,Sugar,United States,2025/26,Proj.,Food,12165.00,12165,"1000 Short Tons, Raw Value","1000 Short Tons, Raw Value",
WASDE-669-V1:ca03470e35d2,669,2026-03-10,March 2026,2026-03-10T16:00:00Z,2026-03-12T03:59:59Z,conservative end of next calendar day in America/New_York; USDA says consolidated CSV updates the day after WASDE,2026-08-20T15:50:03Z,WASDE-669-V1,false,usda_wasde_669_v1_ca03470e35d2,https://www.usda.gov/sites/default/files/documents/oce-wasde-report-data-2026-03.csv,ca03470e35d267fb20180c63515a84e90d2cf7ef2851edd02ef1c13b9ee5d83f,U.S. Sugar Supply and Use,Sugar,United States,2025/26,Proj.,High-tier tariff/other,642.00,642,"1000 Short Tons, Raw Value","1000 Short Tons, Raw Value",
WASDE-669-V1:ca03470e35d2,669,2026-03-10,March 2026,2026-03-10T16:00:00Z,2026-03-12T03:59:59Z,conservative end of next calendar day in America/New_York; USDA says consolidated CSV updates the day after WASDE,2026-08-20T15:50:03Z,WASDE-669-V1,false,usda_wasde_669_v1_ca03470e35d2,https://www.usda.gov/sites/default/files/documents/oce-wasde-report-data-2026-03.csv,ca03470e35d267fb20180c63515a84e90d2cf7ef2851edd02ef1c13b9ee5d83f,U.S. Sugar Supply and Use,Sugar,United States,2025/26,Proj.,Imports,2427.00,2427,"1000 Short Tons, Raw Value","1000 Short Tons, Raw Value",
WASDE-669-V1:ca03470e35d2,669,2026-03-10,March 2026,2026-03-10T16:00:00Z,2026-03-12T03:59:59Z,conservative end of next calendar day in America/New_York; USDA says consolidated CSV updates the day after WASDE,2026-08-20T15:50:03Z,WASDE-669-V1,false,usda_wasde_669_v1_ca03470e35d2,https://www.usda.gov/sites/default/files/documents/oce-wasde-report-data-2026-03.csv,ca03470e35d267fb20180c63515a84e90d2cf7ef2851edd02ef1c13b9ee5d83f,U.S. Sugar Supply and Use,Sugar,United States,2025/26,Proj.,Louisiana,2232.00,2232,"1000 Short Tons, Raw Value","1000 Short Tons, Raw Value",
WASDE-669-V1:ca03470e35d2,669,2026-03-10,March 2026,2026-03-10T16:00:00Z,2026-03-12T03:59:59Z,conservative end of next calendar day in America/New_York; USDA says consolidated CSV updates the day after WASDE,2026-08-20T15:50:03Z,WASDE-669-V1,false,usda_wasde_669_v1_ca03470e35d2,https://www.usda.gov/sites/default/files/documents/oce-wasde-report-data-2026-03.csv,ca03470e35d267fb20180c63515a84e90d2cf7ef2851edd02ef1c13b9ee5d83f,U.S. Sugar Supply and Use,Sugar,United States,2025/26,Proj.,Mexico,220.00,220,"1000 Short Tons, Raw Value","1000 Short Tons, Raw Value",
WASDE-669-V1:ca03470e35d2,669,2026-03-10,March 2026,2026-03-10T16:00:00Z,2026-03-12T03:59:59Z,conservative end of next calendar day in America/New_York; USDA says consolidated CSV updates the day after WASDE,2026-08-20T15:50:03Z,WASDE-669-V1,false,usda_wasde_669_v1_ca03470e35d2,https://www.usda.gov/sites/default/files/documents/oce-wasde-report-data-2026-03.csv,ca03470e35d267fb20180c63515a84e90d2cf7ef2851edd02ef1c13b9ee5d83f,U.S. Sugar Supply and Use,Sugar,United States,2025/26,Proj.,Miscellaneous,.00,0,"1000 Short Tons, Raw Value","1000 Short Tons, Raw Value",
WASDE-669-V1:ca03470e35d2,669,2026-03-10,March 2026,2026-03-10T16:00:00Z,2026-03-12T03:59:59Z,conservative end of next calendar day in America/New_York; USDA says consolidated CSV updates the day after WASDE,2026-08-20T15:50:03Z,WASDE-669-V1,false,usda_wasde_669_v1_ca03470e35d2,https://www.usda.gov/sites/default/files/documents/oce-wasde-report-data-2026-03.csv,ca03470e35d267fb20180c63515a84e90d2cf7ef2851edd02ef1c13b9ee5d83f,U.S. Sugar Supply and Use,Sugar,United States,2025/26,Proj.,Non-program,861.00,861,"1000 Short Tons, Raw Value","1000 Short Tons, Raw Value",
WASDE-669-V1:ca03470e35d2,669,2026-03-10,March 2026,2026-03-10T16:00:00Z,2026-03-12T03:59:59Z,conservative end of next calendar day in America/New_York; USDA says consolidated CSV updates the day after WASDE,2026-08-20T15:50:03Z,WASDE-669-V1,false,usda_wasde_669_v1_ca03470e35d2,https://www.usda.gov/sites/default/files/documents/oce-wasde-report-data-2026-03.csv,ca03470e35d267fb20180c63515a84e90d2cf7ef2851edd02ef1c13b9ee5d83f,U.S. Sugar Supply and Use,Sugar,United States,2025/26,Proj.,Other Program,250.00,250,"1000 Short Tons, Raw Value","1000 Short Tons, Raw Value",
WASDE-669-V1:ca03470e35d2,669,2026-03-10,March 2026,2026-03-10T16:00:00Z,2026-03-12T03:59:59Z,conservative end of next calendar day in America/New_York; USDA says consolidated CSV updates the day after WASDE,2026-08-20T15:50:03Z,WASDE-669-V1,false,usda_wasde_669_v1_ca03470e35d2,https://www.usda.gov/sites/default/files/documents/oce-wasde-report-data-2026-03.csv,ca03470e35d267fb20180c63515a84e90d2cf7ef2851edd02ef1c13b9ee5d83f,U.S. Sugar Supply and Use,Sugar,United States,2025/26,Proj.,Production,9280.00,9280,"1000 Short Tons, Raw Value","1000 Short Tons, Raw Value",
WASDE-669-V1:ca03470e35d2,669,2026-03-10,March 2026,2026-03-10T16:00:00Z,2026-03-12T03:59:59Z,conservative end of next calendar day in America/New_York; USDA says consolidated CSV updates the day after WASDE,2026-08-20T15:50:03Z,WASDE-669-V1,false,usda_wasde_669_v1_ca03470e35d2,https://www.usda.gov/sites/default/files/documents/oce-wasde-report-data-2026-03.csv,ca03470e35d267fb20180c63515a84e90d2cf7ef2851edd02ef1c13b9ee5d83f,U.S. Sugar Supply and Use,Sugar,United States,2025/26,Proj.,Stocks to Use Ratio,15.20,15.2,"1000 Short Tons, Raw Value",Percent,USDA historical CSV labels Stocks to Use Ratio with the table's tonnage unit; value is normalized as percent while the raw unit is retained.
WASDE-669-V1:ca03470e35d2,669,2026-03-10,March 2026,2026-03-10T16:00:00Z,2026-03-12T03:59:59Z,conservative end of next calendar day in America/New_York; USDA says consolidated CSV updates the day after WASDE,2026-08-20T15:50:03Z,WASDE-669-V1,false,usda_wasde_669_v1_ca03470e35d2,https://www.usda.gov/sites/default/files/documents/oce-wasde-report-data-2026-03.csv,ca03470e35d267fb20180c63515a84e90d2cf7ef2851edd02ef1c13b9ee5d83f,U.S. Sugar Supply and Use,Sugar,United States,2025/26,Proj.,TRQ,1316.00,1316,"1000 Short Tons, Raw Value","1000 Short Tons, Raw Value",
WASDE-669-V1:ca03470e35d2,669,2026-03-10,March 2026,2026-03-10T16:00:00Z,2026-03-12T03:59:59Z,conservative end of next calendar day in America/New_York; USDA says consolidated CSV updates the day after WASDE,2026-08-20T15:50:03Z,WASDE-669-V1,false,usda_wasde_669_v1_ca03470e35d2,https://www.usda.gov/sites/default/files/documents/oce-wasde-report-data-2026-03.csv,ca03470e35d267fb20180c63515a84e90d2cf7ef2851edd02ef1c13b9ee5d83f,U.S. Sugar Supply and Use,Sugar,United States,2025/26,Proj.,Texas,.00,0,"1000 Short Tons, Raw Value","1000 Short Tons, Raw Value",
WASDE-669-V1:ca03470e35d2,669,2026-03-10,March 2026,2026-03-10T16:00:00Z,2026-03-12T03:59:59Z,conservative end of next calendar day in America/New_York; USDA says consolidated CSV updates the day after WASDE,2026-08-20T15:50:03Z,WASDE-669-V1,false,usda_wasde_669_v1_ca03470e35d2,https://www.usda.gov/sites/default/files/documents/oce-wasde-report-data-2026-03.csv,ca03470e35d267fb20180c63515a84e90d2cf7ef2851edd02ef1c13b9ee5d83f,U.S. Sugar Supply and Use,Sugar,United States,2025/26,Proj.,Total Supply,14197.00,14197,"1000 Short Tons, Raw Value","1000 Short Tons, Raw Value",
WASDE-669-V1:ca03470e35d2,669,2026-03-10,March 2026,2026-03-10T16:00:00Z,2026-03-12T03:59:59Z,conservative end of next calendar day in America/New_York; USDA says consolidated CSV updates the day after WASDE,2026-08-20T15:50:03Z,WASDE-669-V1,false,usda_wasde_669_v1_ca03470e35d2,https://www.usda.gov/sites/default/files/documents/oce-wasde-report-data-2026-03.csv,ca03470e35d267fb20180c63515a84e90d2cf7ef2851edd02ef1c13b9ee5d83f,U.S. Sugar Supply and Use,Sugar,United States,2025/26,Proj.,Total Use,12320.00,12320,"1000 Short Tons, Raw Value","1000 Short Tons, Raw Value",
WASDE-670-V1:edd6819d2509,670,2026-04-09,April 2026,2026-04-09T16:00:00Z,2026-04-11T03:59:59Z,conservative end of next calendar day in America/New_York; USDA says consolidated CSV updates the day after WASDE,2026-08-20T15:50:03Z,WASDE-670-V1,false,usda_wasde_670_v1_edd6819d2509,https://www.usda.gov/sites/default/files/documents/oce-wasde-report-data-2026-04.csv,edd6819d250906b5ae2e251247b3fe35a8e5c52e6e1c93b597d51d114f63fdb4,Mexico Sugar Supply and Use and High Fructose Corn Syrup Consumption,Sugar,Mexico,2024/25,Est.,Beginning Stocks,1418.00,1418,"1000 Metric Tons, Actual Weight","1000 Metric Tons, Actual Weight",
WASDE-670-V1:edd6819d2509,670,2026-04-09,April 2026,2026-04-09T16:00:00Z,2026-04-11T03:59:59Z,conservative end of next calendar day in America/New_York; USDA says consolidated CSV updates the day after WASDE,2026-08-20T15:50:03Z,WASDE-670-V1,false,usda_wasde_670_v1_edd6819d2509,https://www.usda.gov/sites/default/files/documents/oce-wasde-report-data-2026-04.csv,edd6819d250906b5ae2e251247b3fe35a8e5c52e6e1c93b597d51d114f63fdb4,Mexico Sugar Supply and Use and High Fructose Corn Syrup Consumption,Sugar,Mexico,2024/25,Est.,Domestic,4210.00,4210,"1000 Metric Tons, Actual Weight","1000 Metric Tons, Actual Weight",
WASDE-670-V1:edd6819d2509,670,2026-04-09,April 2026,2026-04-09T16:00:00Z,2026-04-11T03:59:59Z,conservative end of next calendar day in America/New_York; USDA says consolidated CSV updates the day after WASDE,2026-08-20T15:50:03Z,WASDE-670-V1,false,usda_wasde_670_v1_edd6819d2509,https://www.usda.gov/sites/default/files/documents/oce-wasde-report-data-2026-04.csv,edd6819d250906b5ae2e251247b3fe35a8e5c52e6e1c93b597d51d114f63fdb4,Mexico Sugar Supply and Use and High Fructose Corn Syrup Consumption,Sugar,Mexico,2024/25,Est.,Ending Stocks,1123.00,1123,"1000 Metric Tons, Actual Weight","1000 Metric Tons, Actual Weight",
WASDE-670-V1:edd6819d2509,670,2026-04-09,April 2026,2026-04-09T16:00:00Z,2026-04-11T03:59:59Z,conservative end of next calendar day in America/New_York; USDA says consolidated CSV updates the day after WASDE,2026-08-20T15:50:03Z,WASDE-670-V1,false,usda_wasde_670_v1_edd6819d2509,https://www.usda.gov/sites/default/files/documents/oce-wasde-report-data-2026-04.csv,edd6819d250906b5ae2e251247b3fe35a8e5c52e6e1c93b597d51d114f63fdb4,Mexico Sugar Supply and Use and High Fructose Corn Syrup Consumption,Sugar,Mexico,2024/25,Est.,Exports,1023.00,1023,"1000 Metric Tons, Actual Weight","1000 Metric Tons, Actual Weight",
WASDE-670-V1:edd6819d2509,670,2026-04-09,April 2026,2026-04-09T16:00:00Z,2026-04-11T03:59:59Z,conservative end of next calendar day in America/New_York; USDA says consolidated CSV updates the day after WASDE,2026-08-20T15:50:03Z,WASDE-670-V1,false,usda_wasde_670_v1_edd6819d2509,https://www.usda.gov/sites/default/files/documents/oce-wasde-report-data-2026-04.csv,edd6819d250906b5ae2e251247b3fe35a8e5c52e6e1c93b597d51d114f63fdb4,Mexico Sugar Supply and Use and High Fructose Corn Syrup Consumption,Sugar,Mexico,2024/25,Est.,Imports,167.00,167,"1000 Metric Tons, Actual Weight","1000 Metric Tons, Actual Weight",
WASDE-670-V1:edd6819d2509,670,2026-04-09,April 2026,2026-04-09T16:00:00Z,2026-04-11T03:59:59Z,conservative end of next calendar day in America/New_York; USDA says consolidated CSV updates the day after WASDE,2026-08-20T15:50:03Z,WASDE-670-V1,false,usda_wasde_670_v1_edd6819d2509,https://www.usda.gov/sites/default/files/documents/oce-wasde-report-data-2026-04.csv,edd6819d250906b5ae2e251247b3fe35a8e5c52e6e1c93b597d51d114f63fdb4,Mexico Sugar Supply and Use and High Fructose Corn Syrup Consumption,Sugar,Mexico,2024/25,Est.,Production,4771.00,4771,"1000 Metric Tons, Actual Weight","1000 Metric Tons, Actual Weight",
WASDE-670-V1:edd6819d2509,670,2026-04-09,April 2026,2026-04-09T16:00:00Z,2026-04-11T03:59:59Z,conservative end of next calendar day in America/New_York; USDA says consolidated CSV updates the day after WASDE,2026-08-20T15:50:03Z,WASDE-670-V1,false,usda_wasde_670_v1_edd6819d2509,https://www.usda.gov/sites/default/files/documents/oce-wasde-report-data-2026-04.csv,edd6819d250906b5ae2e251247b3fe35a8e5c52e6e1c93b597d51d114f63fdb4,Mexico Sugar Supply and Use and High Fructose Corn Syrup Consumption,Sugar,Mexico,2025/26,Proj.,Beginning Stocks,1123.00,1123,"1000 Metric Tons, Actual Weight","1000 Metric Tons, Actual Weight",
WASDE-670-V1:edd6819d2509,670,2026-04-09,April 2026,2026-04-09T16:00:00Z,2026-04-11T03:59:59Z,conservative end of next calendar day in America/New_York; USDA says consolidated CSV updates the day after WASDE,2026-08-20T15:50:03Z,WASDE-670-V1,false,usda_wasde_670_v1_edd6819d2509,https://www.usda.gov/sites/default/files/documents/oce-wasde-report-data-2026-04.csv,edd6819d250906b5ae2e251247b3fe35a8e5c52e6e1c93b597d51d114f63fdb4,Mexico Sugar Supply and Use and High Fructose Corn Syrup Consumption,Sugar,Mexico,2025/26,Proj.,Domestic,4297.00,4297,"1000 Metric Tons, Actual Weight","1000 Metric Tons, Actual Weight",
WASDE-670-V1:edd6819d2509,670,2026-04-09,April 2026,2026-04-09T16:00:00Z,2026-04-11T03:59:59Z,conservative end of next calendar day in America/New_York; USDA says consolidated CSV updates the day after WASDE,2026-08-20T15:50:03Z,WASDE-670-V1,false,usda_wasde_670_v1_edd6819d2509,https://www.usda.gov/sites/default/files/documents/oce-wasde-report-data-2026-04.csv,edd6819d250906b5ae2e251247b3fe35a8e5c52e6e1c93b597d51d114f63fdb4,Mexico Sugar Supply and Use and High Fructose Corn Syrup Consumption,Sugar,Mexico,2025/26,Proj.,Ending Stocks,1068.00,1068,"1000 Metric Tons, Actual Weight","1000 Metric Tons, Actual Weight",
WASDE-670-V1:edd6819d2509,670,2026-04-09,April 2026,2026-04-09T16:00:00Z,2026-04-11T03:59:59Z,conservative end of next calendar day in America/New_York; USDA says consolidated CSV updates the day after WASDE,2026-08-20T15:50:03Z,WASDE-670-V1,false,usda_wasde_670_v1_edd6819d2509,https://www.usda.gov/sites/default/files/documents/oce-wasde-report-data-2026-04.csv,edd6819d250906b5ae2e251247b3fe35a8e5c52e6e1c93b597d51d114f63fdb4,Mexico Sugar Supply and Use and High Fructose Corn Syrup Consumption,Sugar,Mexico,2025/26,Proj.,Exports,935.00,935,"1000 Metric Tons, Actual Weight","1000 Metric Tons, Actual Weight",
WASDE-670-V1:edd6819d2509,670,2026-04-09,April 2026,2026-04-09T16:00:00Z,2026-04-11T03:59:59Z,conservative end of next calendar day in America/New_York; USDA says consolidated CSV updates the day after WASDE,2026-08-20T15:50:03Z,WASDE-670-V1,false,usda_wasde_670_v1_edd6819d2509,https://www.usda.gov/sites/default/files/documents/oce-wasde-report-data-2026-04.csv,edd6819d250906b5ae2e251247b3fe35a8e5c52e6e1c93b597d51d114f63fdb4,Mexico Sugar Supply and Use and High Fructose Corn Syrup Consumption,Sugar,Mexico,2025/26,Proj.,Imports,52.00,52,"1000 Metric Tons, Actual Weight","1000 Metric Tons, Actual Weight",
WASDE-670-V1:edd6819d2509,670,2026-04-09,April 2026,2026-04-09T16:00:00Z,2026-04-11T03:59:59Z,conservative end of next calendar day in America/New_York; USDA says consolidated CSV updates the day after WASDE,2026-08-20T15:50:03Z,WASDE-670-V1,false,usda_wasde_670_v1_edd6819d2509,https://www.usda.gov/sites/default/files/documents/oce-wasde-report-data-2026-04.csv,edd6819d250906b5ae2e251247b3fe35a8e5c52e6e1c93b597d51d114f63fdb4,Mexico Sugar Supply and Use and High Fructose Corn Syrup Consumption,Sugar,Mexico,2025/26,Proj.,Production,5125.00,5125,"1000 Metric Tons, Actual Weight","1000 Metric Tons, Actual Weight",
WASDE-670-V1:edd6819d2509,670,2026-04-09,April 2026,2026-04-09T16:00:00Z,2026-04-11T03:59:59Z,conservative end of next calendar day in America/New_York; USDA says consolidated CSV updates the day after WASDE,2026-08-20T15:50:03Z,WASDE-670-V1,false,usda_wasde_670_v1_edd6819d2509,https://www.usda.gov/sites/default/files/documents/oce-wasde-report-data-2026-04.csv,edd6819d250906b5ae2e251247b3fe35a8e5c52e6e1c93b597d51d114f63fdb4,U.S. Sugar Supply and Use,Sugar,United States,2023/24,,Beet Sugar,5172.00,5172,"1000 Short Tons, Raw Value","1000 Short Tons, Raw Value",
WASDE-670-V1:edd6819d2509,670,2026-04-09,April 2026,2026-04-09T16:00:00Z,2026-04-11T03:59:59Z,conservative end of next calendar day in America/New_York; USDA says consolidated CSV updates the day after WASDE,2026-08-20T15:50:03Z,WASDE-670-V1,false,usda_wasde_670_v1_edd6819d2509,https://www.usda.gov/sites/default/files/documents/oce-wasde-report-data-2026-04.csv,edd6819d250906b5ae2e251247b3fe35a8e5c52e6e1c93b597d51d114f63fdb4,U.S. Sugar Supply and Use,Sugar,United States,2023/24,,Beginning Stocks,1843.00,1843,"1000 Short Tons, Raw Value","1000 Short Tons, Raw Value",
WASDE-670-V1:edd6819d2509,670,2026-04-09,April 2026,2026-04-09T16:00:00Z,2026-04-11T03:59:59Z,conservative end of next calendar day in America/New_York; USDA says consolidated CSV updates the day after WASDE,2026-08-20T15:50:03Z,WASDE-670-V1,false,usda_wasde_670_v1_edd6819d2509,https://www.usda.gov/sites/default/files/documents/oce-wasde-report-data-2026-04.csv,edd6819d250906b5ae2e251247b3fe35a8e5c52e6e1c93b597d51d114f63fdb4,U.S. Sugar Supply and Use,Sugar,United States,2023/24,,Cane Sugar,4141.00,4141,"1000 Short Tons, Raw Value","1000 Short Tons, Raw Value",
WASDE-670-V1:edd6819d2509,670,2026-04-09,April 2026,2026-04-09T16:00:00Z,2026-04-11T03:59:59Z,conservative end of next calendar day in America/New_York; USDA says consolidated CSV updates the day after WASDE,2026-08-20T15:50:03Z,WASDE-670-V1,false,usda_wasde_670_v1_edd6819d2509,https://www.usda.gov/sites/default/files/documents/oce-wasde-report-data-2026-04.csv,edd6819d250906b5ae2e251247b3fe35a8e5c52e6e1c93b597d51d114f63fdb4,U.S. Sugar Supply and Use,Sugar,United States,2023/24,,Deliveries,12443.00,12443,"1000 Short Tons, Raw Value","1000 Short Tons, Raw Value",
WASDE-670-V1:edd6819d2509,670,2026-04-09,April 2026,2026-04-09T16:00:00Z,2026-04-11T03:59:59Z,conservative end of next calendar day in America/New_York; USDA says consolidated CSV updates the day after WASDE,2026-08-20T15:50:03Z,WASDE-670-V1,false,usda_wasde_670_v1_edd6819d2509,https://www.usda.gov/sites/default/files/documents/oce-wasde-report-data-2026-04.csv,edd6819d250906b5ae2e251247b3fe35a8e5c52e6e1c93b597d51d114f63fdb4,U.S. Sugar Supply and Use,Sugar,United States,2023/24,,Ending Stocks,2220.00,2220,"1000 Short Tons, Raw Value","1000 Short Tons, Raw Value",
WASDE-670-V1:edd6819d2509,670,2026-04-09,April 2026,2026-04-09T16:00:00Z,2026-04-11T03:59:59Z,conservative end of next calendar day in America/New_York; USDA says consolidated CSV updates the day after WASDE,2026-08-20T15:50:03Z,WASDE-670-V1,false,usda_wasde_670_v1_edd6819d2509,https://www.usda.gov/sites/default/files/documents/oce-wasde-report-data-2026-04.csv,edd6819d250906b5ae2e251247b3fe35a8e5c52e6e1c93b597d51d114f63fdb4,U.S. Sugar Supply and Use,Sugar,United States,2023/24,,Exports,249.00,249,"1000 Short Tons, Raw Value","1000 Short Tons, Raw Value",
WASDE-670-V1:edd6819d2509,670,2026-04-09,April 2026,2026-04-09T16:00:00Z,2026-04-11T03:59:59Z,conservative end of next calendar day in America/New_York; USDA says consolidated CSV updates the day after WASDE,2026-08-20T15:50:03Z,WASDE-670-V1,false,usda_wasde_670_v1_edd6819d2509,https://www.usda.gov/sites/default/files/documents/oce-wasde-report-data-2026-04.csv,edd6819d250906b5ae2e251247b3fe35a8e5c52e6e1c93b597d51d114f63fdb4,U.S. Sugar Supply and Use,Sugar,United States,2023/24,,Exports - Other,106.00,106,"1000 Short Tons, Raw Value","1000 Short Tons, Raw Value",
WASDE-670-V1:edd6819d2509,670,2026-04-09,April 2026,2026-04-09T16:00:00Z,2026-04-11T03:59:59Z,conservative end of next calendar day in America/New_York; USDA says consolidated CSV updates the day after WASDE,2026-08-20T15:50:03Z,WASDE-670-V1,false,usda_wasde_670_v1_edd6819d2509,https://www.usda.gov/sites/default/files/documents/oce-wasde-report-data-2026-04.csv,edd6819d250906b5ae2e251247b3fe35a8e5c52e6e1c93b597d51d114f63fdb4,U.S. Sugar Supply and Use,Sugar,United States,2023/24,,Florida,2079.00,2079,"1000 Short Tons, Raw Value","1000 Short Tons, Raw Value",
WASDE-670-V1:edd6819d2509,670,2026-04-09,April 2026,2026-04-09T16:00:00Z,2026-04-11T03:59:59Z,conservative end of next calendar day in America/New_York; USDA says consolidated CSV updates the day after WASDE,2026-08-20T15:50:03Z,WASDE-670-V1,false,usda_wasde_670_v1_edd6819d2509,https://www.usda.gov/sites/default/files/documents/oce-wasde-report-data-2026-04.csv,edd6819d250906b5ae2e251247b3fe35a8e5c52e6e1c93b597d51d114f63fdb4,U.S. Sugar Supply and Use,Sugar,United States,2023/24,,Food,12336.00,12336,"1000 Short Tons, Raw Value","1000 Short Tons, Raw Value",
WASDE-670-V1:edd6819d2509,670,2026-04-09,April 2026,2026-04-09T16:00:00Z,2026-04-11T03:59:59Z,conservative end of next calendar day in America/New_York; USDA says consolidated CSV updates the day after WASDE,2026-08-20T15:50:03Z,WASDE-670-V1,false,usda_wasde_670_v1_edd6819d2509,https://www.usda.gov/sites/default/files/documents/oce-wasde-report-data-2026-04.csv,edd6819d250906b5ae2e251247b3fe35a8e5c52e6e1c93b597d51d114f63fdb4,U.S. Sugar Supply and Use,Sugar,United States,2023/24,,High-tier tariff/other,1231.00,1231,"1000 Short Tons, Raw Value","1000 Short Tons, Raw Value",
WASDE-670-V1:edd6819d2509,670,2026-04-09,April 2026,2026-04-09T16:00:00Z,2026-04-11T03:59:59Z,conservative end of next calendar day in America/New_York; USDA says consolidated CSV updates the day after WASDE,2026-08-20T15:50:03Z,WASDE-670-V1,false,usda_wasde_670_v1_edd6819d2509,https://www.usda.gov/sites/default/files/documents/oce-wasde-report-data-2026-04.csv,edd6819d250906b5ae2e251247b3fe35a8e5c52e6e1c93b597d51d114f63fdb4,U.S. Sugar Supply and Use,Sugar,United States,2023/24,,Imports,3840.00,3840,"1000 Short Tons, Raw Value","1000 Short Tons, Raw Value",
WASDE-670-V1:edd6819d2509,670,2026-04-09,April 2026,2026-04-09T16:00:00Z,2026-04-11T03:59:59Z,conservative end of next calendar day in America/New_York; USDA says consolidated CSV updates the day after WASDE,2026-08-20T15:50:03Z,WASDE-670-V1,false,usda_wasde_670_v1_edd6819d2509,https://www.usda.gov/sites/default/files/documents/oce-wasde-report-data-2026-04.csv,edd6819d250906b5ae2e251247b3fe35a8e5c52e6e1c93b597d51d114f63fdb4,U.S. Sugar Supply and Use,Sugar,United States,2023/24,,Louisiana,2022.00,2022,"1000 Short Tons, Raw Value","1000 Short Tons, Raw Value",
WASDE-670-V1:edd6819d2509,670,2026-04-09,April 2026,2026-04-09T16:00:00Z,2026-04-11T03:59:59Z,conservative end of next calendar day in America/New_York; USDA says consolidated CSV updates the day after WASDE,2026-08-20T15:50:03Z,WASDE-670-V1,false,usda_wasde_670_v1_edd6819d2509,https://www.usda.gov/sites/default/files/documents/oce-wasde-report-data-2026-04.csv,edd6819d250906b5ae2e251247b3fe35a8e5c52e6e1c93b597d51d114f63fdb4,U.S. Sugar Supply and Use,Sugar,United States,2023/24,,Mexico,521.00,521,"1000 Short Tons, Raw Value","1000 Short Tons, Raw Value",
WASDE-670-V1:edd6819d2509,670,2026-04-09,April 2026,2026-04-09T16:00:00Z,2026-04-11T03:59:59Z,conservative end of next calendar day in America/New_York; USDA says consolidated CSV updates the day after WASDE,2026-08-20T15:50:03Z,WASDE-670-V1,false,usda_wasde_670_v1_edd6819d2509,https://www.usda.gov/sites/default/files/documents/oce-wasde-report-data-2026-04.csv,edd6819d250906b5ae2e251247b3fe35a8e5c52e6e1c93b597d51d114f63fdb4,U.S. Sugar Supply and Use,Sugar,United States,2023/24,,Miscellaneous,83.00,83,"1000 Short Tons, Raw Value","1000 Short Tons, Raw Value",
WASDE-670-V1:edd6819d2509,670,2026-04-09,April 2026,2026-04-09T16:00:00Z,2026-04-11T03:59:59Z,conservative end of next calendar day in America/New_York; USDA says consolidated CSV updates the day after WASDE,2026-08-20T15:50:03Z,WASDE-670-V1,false,usda_wasde_670_v1_edd6819d2509,https://www.usda.gov/sites/default/files/documents/oce-wasde-report-data-2026-04.csv,edd6819d250906b5ae2e251247b3fe35a8e5c52e6e1c93b597d51d114f63fdb4,U.S. Sugar Supply and Use,Sugar,United States,2023/24,,Non-program,1752.00,1752,"1000 Short Tons, Raw Value","1000 Short Tons, Raw Value",
WASDE-670-V1:edd6819d2509,670,2026-04-09,April 2026,2026-04-09T16:00:00Z,2026-04-11T03:59:59Z,conservative end of next calendar day in America/New_York; USDA says consolidated CSV updates the day after WASDE,2026-08-20T15:50:03Z,WASDE-670-V1,false,usda_wasde_670_v1_edd6819d2509,https://www.usda.gov/sites/default/files/documents/oce-wasde-report-data-2026-04.csv,edd6819d250906b5ae2e251247b3fe35a8e5c52e6e1c93b597d51d114f63fdb4,U.S. Sugar Supply and Use,Sugar,United States,2023/24,,Other Program,300.00,300,"1000 Short Tons, Raw Value","1000 Short Tons, Raw Value",
WASDE-670-V1:edd6819d2509,670,2026-04-09,April 2026,2026-04-09T16:00:00Z,2026-04-11T03:59:59Z,conservative end of next calendar day in America/New_York; USDA says consolidated CSV updates the day after WASDE,2026-08-20T15:50:03Z,WASDE-670-V1,false,usda_wasde_670_v1_edd6819d2509,https://www.usda.gov/sites/default/files/documents/oce-wasde-report-data-2026-04.csv,edd6819d250906b5ae2e251247b3fe35a8e5c52e6e1c93b597d51d114f63fdb4,U.S. Sugar Supply and Use,Sugar,United States,2023/24,,Production,9313.00,9313,"1000 Short Tons, Raw Value","1000 Short Tons, Raw Value",
WASDE-670-V1:edd6819d2509,670,2026-04-09,April 2026,2026-04-09T16:00:00Z,2026-04-11T03:59:59Z,conservative end of next calendar day in America/New_York; USDA says consolidated CSV updates the day after WASDE,2026-08-20T15:50:03Z,WASDE-670-V1,false,usda_wasde_670_v1_edd6819d2509,https://www.usda.gov/sites/default/files/documents/oce-wasde-report-data-2026-04.csv,edd6819d250906b5ae2e251247b3fe35a8e5c52e6e1c93b597d51d114f63fdb4,U.S. Sugar Supply and Use,Sugar,United States,2023/24,,Stocks to Use Ratio,17.40,17.4,"1000 Short Tons, Raw Value",Percent,USDA historical CSV labels Stocks to Use Ratio with the table's tonnage unit; value is normalized as percent while the raw unit is retained.
WASDE-670-V1:edd6819d2509,670,2026-04-09,April 2026,2026-04-09T16:00:00Z,2026-04-11T03:59:59Z,conservative end of next calendar day in America/New_York; USDA says consolidated CSV updates the day after WASDE,2026-08-20T15:50:03Z,WASDE-670-V1,false,usda_wasde_670_v1_edd6819d2509,https://www.usda.gov/sites/default/files/documents/oce-wasde-report-data-2026-04.csv,edd6819d250906b5ae2e251247b3fe35a8e5c52e6e1c93b597d51d114f63fdb4,U.S. Sugar Supply and Use,Sugar,United States,2023/24,,TRQ,1788.00,1788,"1000 Short Tons, Raw Value","1000 Short Tons, Raw Value",
WASDE-670-V1:edd6819d2509,670,2026-04-09,April 2026,2026-04-09T16:00:00Z,2026-04-11T03:59:59Z,conservative end of next calendar day in America/New_York; USDA says consolidated CSV updates the day after WASDE,2026-08-20T15:50:03Z,WASDE-670-V1,false,usda_wasde_670_v1_edd6819d2509,https://www.usda.gov/sites/default/files/documents/oce-wasde-report-data-2026-04.csv,edd6819d250906b5ae2e251247b3fe35a8e5c52e6e1c93b597d51d114f63fdb4,U.S. Sugar Supply and Use,Sugar,United States,2023/24,,Texas,40.00,40,"1000 Short Tons, Raw Value","1000 Short Tons, Raw Value",
WASDE-670-V1:edd6819d2509,670,2026-04-09,April 2026,2026-04-09T16:00:00Z,2026-04-11T03:59:59Z,conservative end of next calendar day in America/New_York; USDA says consolidated CSV updates the day after WASDE,2026-08-20T15:50:03Z,WASDE-670-V1,false,usda_wasde_670_v1_edd6819d2509,https://www.usda.gov/sites/default/files/documents/oce-wasde-report-data-2026-04.csv,edd6819d250906b5ae2e251247b3fe35a8e5c52e6e1c93b597d51d114f63fdb4,U.S. Sugar Supply and Use,Sugar,United States,2023/24,,Total Supply,14995.00,14995,"1000 Short Tons, Raw Value","1000 Short Tons, Raw Value",
WASDE-670-V1:edd6819d2509,670,2026-04-09,April 2026,2026-04-09T16:00:00Z,2026-04-11T03:59:59Z,conservative end of next calendar day in America/New_York; USDA says consolidated CSV updates the day after WASDE,2026-08-20T15:50:03Z,WASDE-670-V1,false,usda_wasde_670_v1_edd6819d2509,https://www.usda.gov/sites/default/files/documents/oce-wasde-report-data-2026-04.csv,edd6819d250906b5ae2e251247b3fe35a8e5c52e6e1c93b597d51d114f63fdb4,U.S. Sugar Supply and Use,Sugar,United States,2023/24,,Total Use,12775.00,12775,"1000 Short Tons, Raw Value","1000 Short Tons, Raw Value",
WASDE-670-V1:edd6819d2509,670,2026-04-09,April 2026,2026-04-09T16:00:00Z,2026-04-11T03:59:59Z,conservative end of next calendar day in America/New_York; USDA says consolidated CSV updates the day after WASDE,2026-08-20T15:50:03Z,WASDE-670-V1,false,usda_wasde_670_v1_edd6819d2509,https://www.usda.gov/sites/default/files/documents/oce-wasde-report-data-2026-04.csv,edd6819d250906b5ae2e251247b3fe35a8e5c52e6e1c93b597d51d114f63fdb4,U.S. Sugar Supply and Use,Sugar,United States,2024/25,Est.,Beet Sugar,5370.00,5370,"1000 Short Tons, Raw Value","1000 Short Tons, Raw Value",
WASDE-670-V1:edd6819d2509,670,2026-04-09,April 2026,2026-04-09T16:00:00Z,2026-04-11T03:59:59Z,conservative end of next calendar day in America/New_York; USDA says consolidated CSV updates the day after WASDE,2026-08-20T15:50:03Z,WASDE-670-V1,false,usda_wasde_670_v1_edd6819d2509,https://www.usda.gov/sites/default/files/documents/oce-wasde-report-data-2026-04.csv,edd6819d250906b5ae2e251247b3fe35a8e5c52e6e1c93b597d51d114f63fdb4,U.S. Sugar Supply and Use,Sugar,United States,2024/25,Est.,Beginning Stocks,2220.00,2220,"1000 Short Tons, Raw Value","1000 Short Tons, Raw Value",
WASDE-670-V1:edd6819d2509,670,2026-04-09,April 2026,2026-04-09T16:00:00Z,2026-04-11T03:59:59Z,conservative end of next calendar day in America/New_York; USDA says consolidated CSV updates the day after WASDE,2026-08-20T15:50:03Z,WASDE-670-V1,false,usda_wasde_670_v1_edd6819d2509,https://www.usda.gov/sites/default/files/documents/oce-wasde-report-data-2026-04.csv,edd6819d250906b5ae2e251247b3fe35a8e5c52e6e1c93b597d51d114f63fdb4,U.S. Sugar Supply and Use,Sugar,United States,2024/25,Est.,Cane Sugar,4027.00,4027,"1000 Short Tons, Raw Value","1000 Short Tons, Raw Value",
WASDE-670-V1:edd6819d2509,670,2026-04-09,April 2026,2026-04-09T16:00:00Z,2026-04-11T03:59:59Z,conservative end of next calendar day in America/New_York; USDA says consolidated CSV updates the day after WASDE,2026-08-20T15:50:03Z,WASDE-670-V1,false,usda_wasde_670_v1_edd6819d2509,https://www.usda.gov/sites/default/files/documents/oce-wasde-report-data-2026-04.csv,edd6819d250906b5ae2e251247b3fe35a8e5c52e6e1c93b597d51d114f63fdb4,U.S. Sugar Supply and Use,Sugar,United States,2024/25,Est.,Deliveries,12450.00,12450,"1000 Short Tons, Raw Value","1000 Short Tons, Raw Value",
WASDE-670-V1:edd6819d2509,670,2026-04-09,April 2026,2026-04-09T16:00:00Z,2026-04-11T03:59:59Z,conservative end of next calendar day in America/New_York; USDA says consolidated CSV updates the day after WASDE,2026-08-20T15:50:03Z,WASDE-670-V1,false,usda_wasde_670_v1_edd6819d2509,https://www.usda.gov/sites/default/files/documents/oce-wasde-report-data-2026-04.csv,edd6819d250906b5ae2e251247b3fe35a8e5c52e6e1c93b597d51d114f63fdb4,U.S. Sugar Supply and Use,Sugar,United States,2024/25,Est.,Ending Stocks,2490.00,2490,"1000 Short Tons, Raw Value","1000 Short Tons, Raw Value",
WASDE-670-V1:edd6819d2509,670,2026-04-09,April 2026,2026-04-09T16:00:00Z,2026-04-11T03:59:59Z,conservative end of next calendar day in America/New_York; USDA says consolidated CSV updates the day after WASDE,2026-08-20T15:50:03Z,WASDE-670-V1,false,usda_wasde_670_v1_edd6819d2509,https://www.usda.gov/sites/default/files/documents/oce-wasde-report-data-2026-04.csv,edd6819d250906b5ae2e251247b3fe35a8e5c52e6e1c93b597d51d114f63fdb4,U.S. Sugar Supply and Use,Sugar,United States,2024/25,Est.,Exports,111.00,111,"1000 Short Tons, Raw Value","1000 Short Tons, Raw Value",
WASDE-670-V1:edd6819d2509,670,2026-04-09,April 2026,2026-04-09T16:00:00Z,2026-04-11T03:59:59Z,conservative end of next calendar day in America/New_York; USDA says consolidated CSV updates the day after WASDE,2026-08-20T15:50:03Z,WASDE-670-V1,false,usda_wasde_670_v1_edd6819d2509,https://www.usda.gov/sites/default/files/documents/oce-wasde-report-data-2026-04.csv,edd6819d250906b5ae2e251247b3fe35a8e5c52e6e1c93b597d51d114f63fdb4,U.S. Sugar Supply and Use,Sugar,United States,2024/25,Est.,Exports - Other,111.00,111,"1000 Short Tons, Raw Value","1000 Short Tons, Raw Value",
WASDE-670-V1:edd6819d2509,670,2026-04-09,April 2026,2026-04-09T16:00:00Z,2026-04-11T03:59:59Z,conservative end of next calendar day in America/New_York; USDA says consolidated CSV updates the day after WASDE,2026-08-20T15:50:03Z,WASDE-670-V1,false,usda_wasde_670_v1_edd6819d2509,https://www.usda.gov/sites/default/files/documents/oce-wasde-report-data-2026-04.csv,edd6819d250906b5ae2e251247b3fe35a8e5c52e6e1c93b597d51d114f63fdb4,U.S. Sugar Supply and Use,Sugar,United States,2024/25,Est.,Florida,1932.00,1932,"1000 Short Tons, Raw Value","1000 Short Tons, Raw Value",
WASDE-670-V1:edd6819d2509,670,2026-04-09,April 2026,2026-04-09T16:00:00Z,2026-04-11T03:59:59Z,conservative end of next calendar day in America/New_York; USDA says consolidated CSV updates the day after WASDE,2026-08-20T15:50:03Z,WASDE-670-V1,false,usda_wasde_670_v1_edd6819d2509,https://www.usda.gov/sites/default/files/documents/oce-wasde-report-data-2026-04.csv,edd6819d250906b5ae2e251247b3fe35a8e5c52e6e1c93b597d51d114f63fdb4,U.S. Sugar Supply and Use,Sugar,United States,2024/25,Est.,Food,12340.00,12340,"1000 Short Tons, Raw Value","1000 Short Tons, Raw Value",
WASDE-670-V1:edd6819d2509,670,2026-04-09,April 2026,2026-04-09T16:00:00Z,2026-04-11T03:59:59Z,conservative end of next calendar day in America/New_York; USDA says consolidated CSV updates the day after WASDE,2026-08-20T15:50:03Z,WASDE-670-V1,false,usda_wasde_670_v1_edd6819d2509,https://www.usda.gov/sites/default/files/documents/oce-wasde-report-data-2026-04.csv,edd6819d250906b5ae2e251247b3fe35a8e5c52e6e1c93b597d51d114f63fdb4,U.S. Sugar Supply and Use,Sugar,United States,2024/25,Est.,High-tier tariff/other,980.00,980,"1000 Short Tons, Raw Value","1000 Short Tons, Raw Value",
WASDE-670-V1:edd6819d2509,670,2026-04-09,April 2026,2026-04-09T16:00:00Z,2026-04-11T03:59:59Z,conservative end of next calendar day in America/New_York; USDA says consolidated CSV updates the day after WASDE,2026-08-20T15:50:03Z,WASDE-670-V1,false,usda_wasde_670_v1_edd6819d2509,https://www.usda.gov/sites/default/files/documents/oce-wasde-report-data-2026-04.csv,edd6819d250906b5ae2e251247b3fe35a8e5c52e6e1c93b597d51d114f63fdb4,U.S. Sugar Supply and Use,Sugar,United States,2024/25,Est.,Imports,3393.00,3393,"1000 Short Tons, Raw Value","1000 Short Tons, Raw Value",
WASDE-670-V1:edd6819d2509,670,2026-04-09,April 2026,2026-04-09T16:00:00Z,2026-04-11T03:59:59Z,conservative end of next calendar day in America/New_York; USDA says consolidated CSV updates the day after WASDE,2026-08-20T15:50:03Z,WASDE-670-V1,false,usda_wasde_670_v1_edd6819d2509,https://www.usda.gov/sites/default/files/documents/oce-wasde-report-data-2026-04.csv,edd6819d250906b5ae2e251247b3fe35a8e5c52e6e1c93b597d51d114f63fdb4,U.S. Sugar Supply and Use,Sugar,United States,2024/25,Est.,Louisiana,2095.00,2095,"1000 Short Tons, Raw Value","1000 Short Tons, Raw Value",
WASDE-670-V1:edd6819d2509,670,2026-04-09,April 2026,2026-04-09T16:00:00Z,2026-04-11T03:59:59Z,conservative end of next calendar day in America/New_York; USDA says consolidated CSV updates the day after WASDE,2026-08-20T15:50:03Z,WASDE-670-V1,false,usda_wasde_670_v1_edd6819d2509,https://www.usda.gov/sites/default/files/documents/oce-wasde-report-data-2026-04.csv,edd6819d250906b5ae2e251247b3fe35a8e5c52e6e1c93b597d51d114f63fdb4,U.S. Sugar Supply and Use,Sugar,United States,2024/25,Est.,Mexico,504.00,504,"1000 Short Tons, Raw Value","1000 Short Tons, Raw Value",
WASDE-670-V1:edd6819d2509,670,2026-04-09,April 2026,2026-04-09T16:00:00Z,2026-04-11T03:59:59Z,conservative end of next calendar day in America/New_York; USDA says consolidated CSV updates the day after WASDE,2026-08-20T15:50:03Z,WASDE-670-V1,false,usda_wasde_670_v1_edd6819d2509,https://www.usda.gov/sites/default/files/documents/oce-wasde-report-data-2026-04.csv,edd6819d250906b5ae2e251247b3fe35a8e5c52e6e1c93b597d51d114f63fdb4,U.S. Sugar Supply and Use,Sugar,United States,2024/25,Est.,Miscellaneous,-41.00,-41,"1000 Short Tons, Raw Value","1000 Short Tons, Raw Value",
WASDE-670-V1:edd6819d2509,670,2026-04-09,April 2026,2026-04-09T16:00:00Z,2026-04-11T03:59:59Z,conservative end of next calendar day in America/New_York; USDA says consolidated CSV updates the day after WASDE,2026-08-20T15:50:03Z,WASDE-670-V1,false,usda_wasde_670_v1_edd6819d2509,https://www.usda.gov/sites/default/files/documents/oce-wasde-report-data-2026-04.csv,edd6819d250906b5ae2e251247b3fe35a8e5c52e6e1c93b597d51d114f63fdb4,U.S. Sugar Supply and Use,Sugar,United States,2024/25,Est.,Non-program,1485.00,1485,"1000 Short Tons, Raw Value","1000 Short Tons, Raw Value",
WASDE-670-V1:edd6819d2509,670,2026-04-09,April 2026,2026-04-09T16:00:00Z,2026-04-11T03:59:59Z,conservative end of next calendar day in America/New_York; USDA says consolidated CSV updates the day after WASDE,2026-08-20T15:50:03Z,WASDE-670-V1,false,usda_wasde_670_v1_edd6819d2509,https://www.usda.gov/sites/default/files/documents/oce-wasde-report-data-2026-04.csv,edd6819d250906b5ae2e251247b3fe35a8e5c52e6e1c93b597d51d114f63fdb4,U.S. Sugar Supply and Use,Sugar,United States,2024/25,Est.,Other Program,373.00,373,"1000 Short Tons, Raw Value","1000 Short Tons, Raw Value",
WASDE-670-V1:edd6819d2509,670,2026-04-09,April 2026,2026-04-09T16:00:00Z,2026-04-11T03:59:59Z,conservative end of next calendar day in America/New_York; USDA says consolidated CSV updates the day after WASDE,2026-08-20T15:50:03Z,WASDE-670-V1,false,usda_wasde_670_v1_edd6819d2509,https://www.usda.gov/sites/default/files/documents/oce-wasde-report-data-2026-04.csv,edd6819d250906b5ae2e251247b3fe35a8e5c52e6e1c93b597d51d114f63fdb4,U.S. Sugar Supply and Use,Sugar,United States,2024/25,Est.,Production,9397.00,9397,"1000 Short Tons, Raw Value","1000 Short Tons, Raw Value",
WASDE-670-V1:edd6819d2509,670,2026-04-09,April 2026,2026-04-09T16:00:00Z,2026-04-11T03:59:59Z,conservative end of next calendar day in America/New_York; USDA says consolidated CSV updates the day after WASDE,2026-08-20T15:50:03Z,WASDE-670-V1,false,usda_wasde_670_v1_edd6819d2509,https://www.usda.gov/sites/default/files/documents/oce-wasde-report-data-2026-04.csv,edd6819d250906b5ae2e251247b3fe35a8e5c52e6e1c93b597d51d114f63fdb4,U.S. Sugar Supply and Use,Sugar,United States,2024/25,Est.,Stocks to Use Ratio,19.90,19.9,"1000 Short Tons, Raw Value",Percent,USDA historical CSV labels Stocks to Use Ratio with the table's tonnage unit; value is normalized as percent while the raw unit is retained.
WASDE-670-V1:edd6819d2509,670,2026-04-09,April 2026,2026-04-09T16:00:00Z,2026-04-11T03:59:59Z,conservative end of next calendar day in America/New_York; USDA says consolidated CSV updates the day after WASDE,2026-08-20T15:50:03Z,WASDE-670-V1,false,usda_wasde_670_v1_edd6819d2509,https://www.usda.gov/sites/default/files/documents/oce-wasde-report-data-2026-04.csv,edd6819d250906b5ae2e251247b3fe35a8e5c52e6e1c93b597d51d114f63fdb4,U.S. Sugar Supply and Use,Sugar,United States,2024/25,Est.,TRQ,1534.00,1534,"1000 Short Tons, Raw Value","1000 Short Tons, Raw Value",
WASDE-670-V1:edd6819d2509,670,2026-04-09,April 2026,2026-04-09T16:00:00Z,2026-04-11T03:59:59Z,conservative end of next calendar day in America/New_York; USDA says consolidated CSV updates the day after WASDE,2026-08-20T15:50:03Z,WASDE-670-V1,false,usda_wasde_670_v1_edd6819d2509,https://www.usda.gov/sites/default/files/documents/oce-wasde-report-data-2026-04.csv,edd6819d250906b5ae2e251247b3fe35a8e5c52e6e1c93b597d51d114f63fdb4,U.S. Sugar Supply and Use,Sugar,United States,2024/25,Est.,Texas,.00,0,"1000 Short Tons, Raw Value","1000 Short Tons, Raw Value",
WASDE-670-V1:edd6819d2509,670,2026-04-09,April 2026,2026-04-09T16:00:00Z,2026-04-11T03:59:59Z,conservative end of next calendar day in America/New_York; USDA says consolidated CSV updates the day after WASDE,2026-08-20T15:50:03Z,WASDE-670-V1,false,usda_wasde_670_v1_edd6819d2509,https://www.usda.gov/sites/default/files/documents/oce-wasde-report-data-2026-04.csv,edd6819d250906b5ae2e251247b3fe35a8e5c52e6e1c93b597d51d114f63fdb4,U.S. Sugar Supply and Use,Sugar,United States,2024/25,Est.,Total Supply,15009.00,15009,"1000 Short Tons, Raw Value","1000 Short Tons, Raw Value",
WASDE-670-V1:edd6819d2509,670,2026-04-09,April 2026,2026-04-09T16:00:00Z,2026-04-11T03:59:59Z,conservative end of next calendar day in America/New_York; USDA says consolidated CSV updates the day after WASDE,2026-08-20T15:50:03Z,WASDE-670-V1,false,usda_wasde_670_v1_edd6819d2509,https://www.usda.gov/sites/default/files/documents/oce-wasde-report-data-2026-04.csv,edd6819d250906b5ae2e251247b3fe35a8e5c52e6e1c93b597d51d114f63fdb4,U.S. Sugar Supply and Use,Sugar,United States,2024/25,Est.,Total Use,12520.00,12520,"1000 Short Tons, Raw Value","1000 Short Tons, Raw Value",
WASDE-670-V1:edd6819d2509,670,2026-04-09,April 2026,2026-04-09T16:00:00Z,2026-04-11T03:59:59Z,conservative end of next calendar day in America/New_York; USDA says consolidated CSV updates the day after WASDE,2026-08-20T15:50:03Z,WASDE-670-V1,false,usda_wasde_670_v1_edd6819d2509,https://www.usda.gov/sites/default/files/documents/oce-wasde-report-data-2026-04.csv,edd6819d250906b5ae2e251247b3fe35a8e5c52e6e1c93b597d51d114f63fdb4,U.S. Sugar Supply and Use,Sugar,United States,2025/26,Proj.,Beet Sugar,5060.00,5060,"1000 Short Tons, Raw Value","1000 Short Tons, Raw Value",
WASDE-670-V1:edd6819d2509,670,2026-04-09,April 2026,2026-04-09T16:00:00Z,2026-04-11T03:59:59Z,conservative end of next calendar day in America/New_York; USDA says consolidated CSV updates the day after WASDE,2026-08-20T15:50:03Z,WASDE-670-V1,false,usda_wasde_670_v1_edd6819d2509,https://www.usda.gov/sites/default/files/documents/oce-wasde-report-data-2026-04.csv,edd6819d250906b5ae2e251247b3fe35a8e5c52e6e1c93b597d51d114f63fdb4,U.S. Sugar Supply and Use,Sugar,United States,2025/26,Proj.,Beginning Stocks,2490.00,2490,"1000 Short Tons, Raw Value","1000 Short Tons, Raw Value",
WASDE-670-V1:edd6819d2509,670,2026-04-09,April 2026,2026-04-09T16:00:00Z,2026-04-11T03:59:59Z,conservative end of next calendar day in America/New_York; USDA says consolidated CSV updates the day after WASDE,2026-08-20T15:50:03Z,WASDE-670-V1,false,usda_wasde_670_v1_edd6819d2509,https://www.usda.gov/sites/default/files/documents/oce-wasde-report-data-2026-04.csv,edd6819d250906b5ae2e251247b3fe35a8e5c52e6e1c93b597d51d114f63fdb4,U.S. Sugar Supply and Use,Sugar,United States,2025/26,Proj.,Cane Sugar,4207.00,4207,"1000 Short Tons, Raw Value","1000 Short Tons, Raw Value",
WASDE-670-V1:edd6819d2509,670,2026-04-09,April 2026,2026-04-09T16:00:00Z,2026-04-11T03:59:59Z,conservative end of next calendar day in America/New_York; USDA says consolidated CSV updates the day after WASDE,2026-08-20T15:50:03Z,WASDE-670-V1,false,usda_wasde_670_v1_edd6819d2509,https://www.usda.gov/sites/default/files/documents/oce-wasde-report-data-2026-04.csv,edd6819d250906b5ae2e251247b3fe35a8e5c52e6e1c93b597d51d114f63fdb4,U.S. Sugar Supply and Use,Sugar,United States,2025/26,Proj.,Deliveries,12364.00,12364,"1000 Short Tons, Raw Value","1000 Short Tons, Raw Value",
WASDE-670-V1:edd6819d2509,670,2026-04-09,April 2026,2026-04-09T16:00:00Z,2026-04-11T03:59:59Z,conservative end of next calendar day in America/New_York; USDA says consolidated CSV updates the day after WASDE,2026-08-20T15:50:03Z,WASDE-670-V1,false,usda_wasde_670_v1_edd6819d2509,https://www.usda.gov/sites/default/files/documents/oce-wasde-report-data-2026-04.csv,edd6819d250906b5ae2e251247b3fe35a8e5c52e6e1c93b597d51d114f63fdb4,U.S. Sugar Supply and Use,Sugar,United States,2025/26,Proj.,Ending Stocks,1880.00,1880,"1000 Short Tons, Raw Value","1000 Short Tons, Raw Value",
WASDE-670-V1:edd6819d2509,670,2026-04-09,April 2026,2026-04-09T16:00:00Z,2026-04-11T03:59:59Z,conservative end of next calendar day in America/New_York; USDA says consolidated CSV updates the day after WASDE,2026-08-20T15:50:03Z,WASDE-670-V1,false,usda_wasde_670_v1_edd6819d2509,https://www.usda.gov/sites/default/files/documents/oce-wasde-report-data-2026-04.csv,edd6819d250906b5ae2e251247b3fe35a8e5c52e6e1c93b597d51d114f63fdb4,U.S. Sugar Supply and Use,Sugar,United States,2025/26,Proj.,Exports,25.00,25,"1000 Short Tons, Raw Value","1000 Short Tons, Raw Value",
WASDE-670-V1:edd6819d2509,670,2026-04-09,April 2026,2026-04-09T16:00:00Z,2026-04-11T03:59:59Z,conservative end of next calendar day in America/New_York; USDA says consolidated CSV updates the day after WASDE,2026-08-20T15:50:03Z,WASDE-670-V1,false,usda_wasde_670_v1_edd6819d2509,https://www.usda.gov/sites/default/files/documents/oce-wasde-report-data-2026-04.csv,edd6819d250906b5ae2e251247b3fe35a8e5c52e6e1c93b597d51d114f63fdb4,U.S. Sugar Supply and Use,Sugar,United States,2025/26,Proj.,Exports - Other,105.00,105,"1000 Short Tons, Raw Value","1000 Short Tons, Raw Value",
WASDE-670-V1:edd6819d2509,670,2026-04-09,April 2026,2026-04-09T16:00:00Z,2026-04-11T03:59:59Z,conservative end of next calendar day in America/New_York; USDA says consolidated CSV updates the day after WASDE,2026-08-20T15:50:03Z,WASDE-670-V1,false,usda_wasde_670_v1_edd6819d2509,https://www.usda.gov/sites/default/files/documents/oce-wasde-report-data-2026-04.csv,edd6819d250906b5ae2e251247b3fe35a8e5c52e6e1c93b597d51d114f63fdb4,U.S. Sugar Supply and Use,Sugar,United States,2025/26,Proj.,Florida,1976.00,1976,"1000 Short Tons, Raw Value","1000 Short Tons, Raw Value",
WASDE-670-V1:edd6819d2509,670,2026-04-09,April 2026,2026-04-09T16:00:00Z,2026-04-11T03:59:59Z,conservative end of next calendar day in America/New_York; USDA says consolidated CSV updates the day after WASDE,2026-08-20T15:50:03Z,WASDE-670-V1,false,usda_wasde_670_v1_edd6819d2509,https://www.usda.gov/sites/default/files/documents/oce-wasde-report-data-2026-04.csv,edd6819d250906b5ae2e251247b3fe35a8e5c52e6e1c93b597d51d114f63fdb4,U.S. Sugar Supply and Use,Sugar,United States,2025/26,Proj.,Food,12259.00,12259,"1000 Short Tons, Raw Value","1000 Short Tons, Raw Value",
WASDE-670-V1:edd6819d2509,670,2026-04-09,April 2026,2026-04-09T16:00:00Z,2026-04-11T03:59:59Z,conservative end of next calendar day in America/New_York; USDA says consolidated CSV updates the day after WASDE,2026-08-20T15:50:03Z,WASDE-670-V1,false,usda_wasde_670_v1_edd6819d2509,https://www.usda.gov/sites/default/files/documents/oce-wasde-report-data-2026-04.csv,edd6819d250906b5ae2e251247b3fe35a8e5c52e6e1c93b597d51d114f63fdb4,U.S. Sugar Supply and Use,Sugar,United States,2025/26,Proj.,High-tier tariff/other,676.00,676,"1000 Short Tons, Raw Value","1000 Short Tons, Raw Value",
WASDE-670-V1:edd6819d2509,670,2026-04-09,April 2026,2026-04-09T16:00:00Z,2026-04-11T03:59:59Z,conservative end of next calendar day in America/New_York; USDA says consolidated CSV updates the day after WASDE,2026-08-20T15:50:03Z,WASDE-670-V1,false,usda_wasde_670_v1_edd6819d2509,https://www.usda.gov/sites/default/files/documents/oce-wasde-report-data-2026-04.csv,edd6819d250906b5ae2e251247b3fe35a8e5c52e6e1c93b597d51d114f63fdb4,U.S. Sugar Supply and Use,Sugar,United States,2025/26,Proj.,Imports,2512.00,2512,"1000 Short Tons, Raw Value","1000 Short Tons, Raw Value",
WASDE-670-V1:edd6819d2509,670,2026-04-09,April 2026,2026-04-09T16:00:00Z,2026-04-11T03:59:59Z,conservative end of next calendar day in America/New_York; USDA says consolidated CSV updates the day after WASDE,2026-08-20T15:50:03Z,WASDE-670-V1,false,usda_wasde_670_v1_edd6819d2509,https://www.usda.gov/sites/default/files/documents/oce-wasde-report-data-2026-04.csv,edd6819d250906b5ae2e251247b3fe35a8e5c52e6e1c93b597d51d114f63fdb4,U.S. Sugar Supply and Use,Sugar,United States,2025/26,Proj.,Louisiana,2232.00,2232,"1000 Short Tons, Raw Value","1000 Short Tons, Raw Value",
WASDE-670-V1:edd6819d2509,670,2026-04-09,April 2026,2026-04-09T16:00:00Z,2026-04-11T03:59:59Z,conservative end of next calendar day in America/New_York; USDA says consolidated CSV updates the day after WASDE,2026-08-20T15:50:03Z,WASDE-670-V1,false,usda_wasde_670_v1_edd6819d2509,https://www.usda.gov/sites/default/files/documents/oce-wasde-report-data-2026-04.csv,edd6819d250906b5ae2e251247b3fe35a8e5c52e6e1c93b597d51d114f63fdb4,U.S. Sugar Supply and Use,Sugar,United States,2025/26,Proj.,Mexico,220.00,220,"1000 Short Tons, Raw Value","1000 Short Tons, Raw Value",
WASDE-670-V1:edd6819d2509,670,2026-04-09,April 2026,2026-04-09T16:00:00Z,2026-04-11T03:59:59Z,conservative end of next calendar day in America/New_York; USDA says consolidated CSV updates the day after WASDE,2026-08-20T15:50:03Z,WASDE-670-V1,false,usda_wasde_670_v1_edd6819d2509,https://www.usda.gov/sites/default/files/documents/oce-wasde-report-data-2026-04.csv,edd6819d250906b5ae2e251247b3fe35a8e5c52e6e1c93b597d51d114f63fdb4,U.S. Sugar Supply and Use,Sugar,United States,2025/26,Proj.,Miscellaneous,.00,0,"1000 Short Tons, Raw Value","1000 Short Tons, Raw Value",
WASDE-670-V1:edd6819d2509,670,2026-04-09,April 2026,2026-04-09T16:00:00Z,2026-04-11T03:59:59Z,conservative end of next calendar day in America/New_York; USDA says consolidated CSV updates the day after WASDE,2026-08-20T15:50:03Z,WASDE-670-V1,false,usda_wasde_670_v1_edd6819d2509,https://www.usda.gov/sites/default/files/documents/oce-wasde-report-data-2026-04.csv,edd6819d250906b5ae2e251247b3fe35a8e5c52e6e1c93b597d51d114f63fdb4,U.S. Sugar Supply and Use,Sugar,United States,2025/26,Proj.,Non-program,896.00,896,"1000 Short Tons, Raw Value","1000 Short Tons, Raw Value",
WASDE-670-V1:edd6819d2509,670,2026-04-09,April 2026,2026-04-09T16:00:00Z,2026-04-11T03:59:59Z,conservative end of next calendar day in America/New_York; USDA says consolidated CSV updates the day after WASDE,2026-08-20T15:50:03Z,WASDE-670-V1,false,usda_wasde_670_v1_edd6819d2509,https://www.usda.gov/sites/default/files/documents/oce-wasde-report-data-2026-04.csv,edd6819d250906b5ae2e251247b3fe35a8e5c52e6e1c93b597d51d114f63fdb4,U.S. Sugar Supply and Use,Sugar,United States,2025/26,Proj.,Other Program,300.00,300,"1000 Short Tons, Raw Value","1000 Short Tons, Raw Value",
WASDE-670-V1:edd6819d2509,670,2026-04-09,April 2026,2026-04-09T16:00:00Z,2026-04-11T03:59:59Z,conservative end of next calendar day in America/New_York; USDA says consolidated CSV updates the day after WASDE,2026-08-20T15:50:03Z,WASDE-670-V1,false,usda_wasde_670_v1_edd6819d2509,https://www.usda.gov/sites/default/files/documents/oce-wasde-report-data-2026-04.csv,edd6819d250906b5ae2e251247b3fe35a8e5c52e6e1c93b597d51d114f63fdb4,U.S. Sugar Supply and Use,Sugar,United States,2025/26,Proj.,Production,9268.00,9268,"1000 Short Tons, Raw Value","1000 Short Tons, Raw Value",
WASDE-670-V1:edd6819d2509,670,2026-04-09,April 2026,2026-04-09T16:00:00Z,2026-04-11T03:59:59Z,conservative end of next calendar day in America/New_York; USDA says consolidated CSV updates the day after WASDE,2026-08-20T15:50:03Z,WASDE-670-V1,false,usda_wasde_670_v1_edd6819d2509,https://www.usda.gov/sites/default/files/documents/oce-wasde-report-data-2026-04.csv,edd6819d250906b5ae2e251247b3fe35a8e5c52e6e1c93b597d51d114f63fdb4,U.S. Sugar Supply and Use,Sugar,United States,2025/26,Proj.,Stocks to Use Ratio,15.20,15.2,"1000 Short Tons, Raw Value",Percent,USDA historical CSV labels Stocks to Use Ratio with the table's tonnage unit; value is normalized as percent while the raw unit is retained.
WASDE-670-V1:edd6819d2509,670,2026-04-09,April 2026,2026-04-09T16:00:00Z,2026-04-11T03:59:59Z,conservative end of next calendar day in America/New_York; USDA says consolidated CSV updates the day after WASDE,2026-08-20T15:50:03Z,WASDE-670-V1,false,usda_wasde_670_v1_edd6819d2509,https://www.usda.gov/sites/default/files/documents/oce-wasde-report-data-2026-04.csv,edd6819d250906b5ae2e251247b3fe35a8e5c52e6e1c93b597d51d114f63fdb4,U.S. Sugar Supply and Use,Sugar,United States,2025/26,Proj.,TRQ,1316.00,1316,"1000 Short Tons, Raw Value","1000 Short Tons, Raw Value",
WASDE-670-V1:edd6819d2509,670,2026-04-09,April 2026,2026-04-09T16:00:00Z,2026-04-11T03:59:59Z,conservative end of next calendar day in America/New_York; USDA says consolidated CSV updates the day after WASDE,2026-08-20T15:50:03Z,WASDE-670-V1,false,usda_wasde_670_v1_edd6819d2509,https://www.usda.gov/sites/default/files/documents/oce-wasde-report-data-2026-04.csv,edd6819d250906b5ae2e251247b3fe35a8e5c52e6e1c93b597d51d114f63fdb4,U.S. Sugar Supply and Use,Sugar,United States,2025/26,Proj.,Texas,.00,0,"1000 Short Tons, Raw Value","1000 Short Tons, Raw Value",
WASDE-670-V1:edd6819d2509,670,2026-04-09,April 2026,2026-04-09T16:00:00Z,2026-04-11T03:59:59Z,conservative end of next calendar day in America/New_York; USDA says consolidated CSV updates the day after WASDE,2026-08-20T15:50:03Z,WASDE-670-V1,false,usda_wasde_670_v1_edd6819d2509,https://www.usda.gov/sites/default/files/documents/oce-wasde-report-data-2026-04.csv,edd6819d250906b5ae2e251247b3fe35a8e5c52e6e1c93b597d51d114f63fdb4,U.S. Sugar Supply and Use,Sugar,United States,2025/26,Proj.,Total Supply,14269.00,14269,"1000 Short Tons, Raw Value","1000 Short Tons, Raw Value",
WASDE-670-V1:edd6819d2509,670,2026-04-09,April 2026,2026-04-09T16:00:00Z,2026-04-11T03:59:59Z,conservative end of next calendar day in America/New_York; USDA says consolidated CSV updates the day after WASDE,2026-08-20T15:50:03Z,WASDE-670-V1,false,usda_wasde_670_v1_edd6819d2509,https://www.usda.gov/sites/default/files/documents/oce-wasde-report-data-2026-04.csv,edd6819d250906b5ae2e251247b3fe35a8e5c52e6e1c93b597d51d114f63fdb4,U.S. Sugar Supply and Use,Sugar,United States,2025/26,Proj.,Total Use,12389.00,12389,"1000 Short Tons, Raw Value","1000 Short Tons, Raw Value",
WASDE-671-V2:de983bfa4a5f,671,2026-05-12,May 2026,2026-05-12T16:00:00Z,2026-05-14T03:59:59Z,conservative end of corrected V2 embedded release date in America/New_York; exact repost time unavailable,2026-08-20T15:50:03Z,WASDE-671-V2,true,usda_wasde_671_v2_de983bfa4a5f,https://www.usda.gov/sites/default/files/documents/oce-wasde-report-data-2026-05-V2.csv,de983bfa4a5f8103a06ca6119e706cff3e018a9e02f2ab57aed42cc9bcc263c6,Mexico Sugar Supply and Use and High Fructose Corn Syrup Consumption,Sugar,Mexico,2025/26,Est.,Beginning Stocks,1123.00,1123,"1000 Metric Tons, Actual Weight","1000 Metric Tons, Actual Weight",
WASDE-671-V2:de983bfa4a5f,671,2026-05-12,May 2026,2026-05-12T16:00:00Z,2026-05-14T03:59:59Z,conservative end of corrected V2 embedded release date in America/New_York; exact repost time unavailable,2026-08-20T15:50:03Z,WASDE-671-V2,true,usda_wasde_671_v2_de983bfa4a5f,https://www.usda.gov/sites/default/files/documents/oce-wasde-report-data-2026-05-V2.csv,de983bfa4a5f8103a06ca6119e706cff3e018a9e02f2ab57aed42cc9bcc263c6,Mexico Sugar Supply and Use and High Fructose Corn Syrup Consumption,Sugar,Mexico,2025/26,Est.,Domestic,4297.00,4297,"1000 Metric Tons, Actual Weight","1000 Metric Tons, Actual Weight",
WASDE-671-V2:de983bfa4a5f,671,2026-05-12,May 2026,2026-05-12T16:00:00Z,2026-05-14T03:59:59Z,conservative end of corrected V2 embedded release date in America/New_York; exact repost time unavailable,2026-08-20T15:50:03Z,WASDE-671-V2,true,usda_wasde_671_v2_de983bfa4a5f,https://www.usda.gov/sites/default/files/documents/oce-wasde-report-data-2026-05-V2.csv,de983bfa4a5f8103a06ca6119e706cff3e018a9e02f2ab57aed42cc9bcc263c6,Mexico Sugar Supply and Use and High Fructose Corn Syrup Consumption,Sugar,Mexico,2025/26,Est.,Ending Stocks,1068.00,1068,"1000 Metric Tons, Actual Weight","1000 Metric Tons, Actual Weight",
WASDE-671-V2:de983bfa4a5f,671,2026-05-12,May 2026,2026-05-12T16:00:00Z,2026-05-14T03:59:59Z,conservative end of corrected V2 embedded release date in America/New_York; exact repost time unavailable,2026-08-20T15:50:03Z,WASDE-671-V2,true,usda_wasde_671_v2_de983bfa4a5f,https://www.usda.gov/sites/default/files/documents/oce-wasde-report-data-2026-05-V2.csv,de983bfa4a5f8103a06ca6119e706cff3e018a9e02f2ab57aed42cc9bcc263c6,Mexico Sugar Supply and Use and High Fructose Corn Syrup Consumption,Sugar,Mexico,2025/26,Est.,Exports,989.00,989,"1000 Metric Tons, Actual Weight","1000 Metric Tons, Actual Weight",
WASDE-671-V2:de983bfa4a5f,671,2026-05-12,May 2026,2026-05-12T16:00:00Z,2026-05-14T03:59:59Z,conservative end of corrected V2 embedded release date in America/New_York; exact repost time unavailable,2026-08-20T15:50:03Z,WASDE-671-V2,true,usda_wasde_671_v2_de983bfa4a5f,https://www.usda.gov/sites/default/files/documents/oce-wasde-report-data-2026-05-V2.csv,de983bfa4a5f8103a06ca6119e706cff3e018a9e02f2ab57aed42cc9bcc263c6,Mexico Sugar Supply and Use and High Fructose Corn Syrup Consumption,Sugar,Mexico,2025/26,Est.,Imports,52.00,52,"1000 Metric Tons, Actual Weight","1000 Metric Tons, Actual Weight",
WASDE-671-V2:de983bfa4a5f,671,2026-05-12,May 2026,2026-05-12T16:00:00Z,2026-05-14T03:59:59Z,conservative end of corrected V2 embedded release date in America/New_York; exact repost time unavailable,2026-08-20T15:50:03Z,WASDE-671-V2,true,usda_wasde_671_v2_de983bfa4a5f,https://www.usda.gov/sites/default/files/documents/oce-wasde-report-data-2026-05-V2.csv,de983bfa4a5f8103a06ca6119e706cff3e018a9e02f2ab57aed42cc9bcc263c6,Mexico Sugar Supply and Use and High Fructose Corn Syrup Consumption,Sugar,Mexico,2025/26,Est.,Production,5179.00,5179,"1000 Metric Tons, Actual Weight","1000 Metric Tons, Actual Weight",
WASDE-671-V2:de983bfa4a5f,671,2026-05-12,May 2026,2026-05-12T16:00:00Z,2026-05-14T03:59:59Z,conservative end of corrected V2 embedded release date in America/New_York; exact repost time unavailable,2026-08-20T15:50:03Z,WASDE-671-V2,true,usda_wasde_671_v2_de983bfa4a5f,https://www.usda.gov/sites/default/files/documents/oce-wasde-report-data-2026-05-V2.csv,de983bfa4a5f8103a06ca6119e706cff3e018a9e02f2ab57aed42cc9bcc263c6,Mexico Sugar Supply and Use and High Fructose Corn Syrup Consumption,Sugar,Mexico,2026/27,Proj.,Beginning Stocks,1068.00,1068,"1000 Metric Tons, Actual Weight","1000 Metric Tons, Actual Weight",
WASDE-671-V2:de983bfa4a5f,671,2026-05-12,May 2026,2026-05-12T16:00:00Z,2026-05-14T03:59:59Z,conservative end of corrected V2 embedded release date in America/New_York; exact repost time unavailable,2026-08-20T15:50:03Z,WASDE-671-V2,true,usda_wasde_671_v2_de983bfa4a5f,https://www.usda.gov/sites/default/files/documents/oce-wasde-report-data-2026-05-V2.csv,de983bfa4a5f8103a06ca6119e706cff3e018a9e02f2ab57aed42cc9bcc263c6,Mexico Sugar Supply and Use and High Fructose Corn Syrup Consumption,Sugar,Mexico,2026/27,Proj.,Domestic,4226.00,4226,"1000 Metric Tons, Actual Weight","1000 Metric Tons, Actual Weight",
WASDE-671-V2:de983bfa4a5f,671,2026-05-12,May 2026,2026-05-12T16:00:00Z,2026-05-14T03:59:59Z,conservative end of corrected V2 embedded release date in America/New_York; exact repost time unavailable,2026-08-20T15:50:03Z,WASDE-671-V2,true,usda_wasde_671_v2_de983bfa4a5f,https://www.usda.gov/sites/default/files/documents/oce-wasde-report-data-2026-05-V2.csv,de983bfa4a5f8103a06ca6119e706cff3e018a9e02f2ab57aed42cc9bcc263c6,Mexico Sugar Supply and Use and High Fructose Corn Syrup Consumption,Sugar,Mexico,2026/27,Proj.,Ending Stocks,1117.00,1117,"1000 Metric Tons, Actual Weight","1000 Metric Tons, Actual Weight",
WASDE-671-V2:de983bfa4a5f,671,2026-05-12,May 2026,2026-05-12T16:00:00Z,2026-05-14T03:59:59Z,conservative end of corrected V2 embedded release date in America/New_York; exact repost time unavailable,2026-08-20T15:50:03Z,WASDE-671-V2,true,usda_wasde_671_v2_de983bfa4a5f,https://www.usda.gov/sites/default/files/documents/oce-wasde-report-data-2026-05-V2.csv,de983bfa4a5f8103a06ca6119e706cff3e018a9e02f2ab57aed42cc9bcc263c6,Mexico Sugar Supply and Use and High Fructose Corn Syrup Consumption,Sugar,Mexico,2026/27,Proj.,Exports,895.00,895,"1000 Metric Tons, Actual Weight","1000 Metric Tons, Actual Weight",
WASDE-671-V2:de983bfa4a5f,671,2026-05-12,May 2026,2026-05-12T16:00:00Z,2026-05-14T03:59:59Z,conservative end of corrected V2 embedded release date in America/New_York; exact repost time unavailable,2026-08-20T15:50:03Z,WASDE-671-V2,true,usda_wasde_671_v2_de983bfa4a5f,https://www.usda.gov/sites/default/files/documents/oce-wasde-report-data-2026-05-V2.csv,de983bfa4a5f8103a06ca6119e706cff3e018a9e02f2ab57aed42cc9bcc263c6,Mexico Sugar Supply and Use and High Fructose Corn Syrup Consumption,Sugar,Mexico,2026/27,Proj.,Imports,28.00,28,"1000 Metric Tons, Actual Weight","1000 Metric Tons, Actual Weight",
WASDE-671-V2:de983bfa4a5f,671,2026-05-12,May 2026,2026-05-12T16:00:00Z,2026-05-14T03:59:59Z,conservative end of corrected V2 embedded release date in America/New_York; exact repost time unavailable,2026-08-20T15:50:03Z,WASDE-671-V2,true,usda_wasde_671_v2_de983bfa4a5f,https://www.usda.gov/sites/default/files/documents/oce-wasde-report-data-2026-05-V2.csv,de983bfa4a5f8103a06ca6119e706cff3e018a9e02f2ab57aed42cc9bcc263c6,Mexico Sugar Supply and Use and High Fructose Corn Syrup Consumption,Sugar,Mexico,2026/27,Proj.,Production,5142.00,5142,"1000 Metric Tons, Actual Weight","1000 Metric Tons, Actual Weight",
WASDE-671-V2:de983bfa4a5f,671,2026-05-12,May 2026,2026-05-12T16:00:00Z,2026-05-14T03:59:59Z,conservative end of corrected V2 embedded release date in America/New_York; exact repost time unavailable,2026-08-20T15:50:03Z,WASDE-671-V2,true,usda_wasde_671_v2_de983bfa4a5f,https://www.usda.gov/sites/default/files/documents/oce-wasde-report-data-2026-05-V2.csv,de983bfa4a5f8103a06ca6119e706cff3e018a9e02f2ab57aed42cc9bcc263c6,U.S. Sugar Supply and Use,Sugar,United States,2024/25,,Beet Sugar,5370.00,5370,"1000 Short Tons, Raw Value","1000 Short Tons, Raw Value",
WASDE-671-V2:de983bfa4a5f,671,2026-05-12,May 2026,2026-05-12T16:00:00Z,2026-05-14T03:59:59Z,conservative end of corrected V2 embedded release date in America/New_York; exact repost time unavailable,2026-08-20T15:50:03Z,WASDE-671-V2,true,usda_wasde_671_v2_de983bfa4a5f,https://www.usda.gov/sites/default/files/documents/oce-wasde-report-data-2026-05-V2.csv,de983bfa4a5f8103a06ca6119e706cff3e018a9e02f2ab57aed42cc9bcc263c6,U.S. Sugar Supply and Use,Sugar,United States,2024/25,,Beginning Stocks,2220.00,2220,"1000 Short Tons, Raw Value","1000 Short Tons, Raw Value",
WASDE-671-V2:de983bfa4a5f,671,2026-05-12,May 2026,2026-05-12T16:00:00Z,2026-05-14T03:59:59Z,conservative end of corrected V2 embedded release date in America/New_York; exact repost time unavailable,2026-08-20T15:50:03Z,WASDE-671-V2,true,usda_wasde_671_v2_de983bfa4a5f,https://www.usda.gov/sites/default/files/documents/oce-wasde-report-data-2026-05-V2.csv,de983bfa4a5f8103a06ca6119e706cff3e018a9e02f2ab57aed42cc9bcc263c6,U.S. Sugar Supply and Use,Sugar,United States,2024/25,,Cane Sugar,4027.00,4027,"1000 Short Tons, Raw Value","1000 Short Tons, Raw Value",
WASDE-671-V2:de983bfa4a5f,671,2026-05-12,May 2026,2026-05-12T16:00:00Z,2026-05-14T03:59:59Z,conservative end of corrected V2 embedded release date in America/New_York; exact repost time unavailable,2026-08-20T15:50:03Z,WASDE-671-V2,true,usda_wasde_671_v2_de983bfa4a5f,https://www.usda.gov/sites/default/files/documents/oce-wasde-report-data-2026-05-V2.csv,de983bfa4a5f8103a06ca6119e706cff3e018a9e02f2ab57aed42cc9bcc263c6,U.S. Sugar Supply and Use,Sugar,United States,2024/25,,Deliveries,12450.00,12450,"1000 Short Tons, Raw Value","1000 Short Tons, Raw Value",
WASDE-671-V2:de983bfa4a5f,671,2026-05-12,May 2026,2026-05-12T16:00:00Z,2026-05-14T03:59:59Z,conservative end of corrected V2 embedded release date in America/New_York; exact repost time unavailable,2026-08-20T15:50:03Z,WASDE-671-V2,true,usda_wasde_671_v2_de983bfa4a5f,https://www.usda.gov/sites/default/files/documents/oce-wasde-report-data-2026-05-V2.csv,de983bfa4a5f8103a06ca6119e706cff3e018a9e02f2ab57aed42cc9bcc263c6,U.S. Sugar Supply and Use,Sugar,United States,2024/25,,Ending Stocks,2490.00,2490,"1000 Short Tons, Raw Value","1000 Short Tons, Raw Value",
WASDE-671-V2:de983bfa4a5f,671,2026-05-12,May 2026,2026-05-12T16:00:00Z,2026-05-14T03:59:59Z,conservative end of corrected V2 embedded release date in America/New_York; exact repost time unavailable,2026-08-20T15:50:03Z,WASDE-671-V2,true,usda_wasde_671_v2_de983bfa4a5f,https://www.usda.gov/sites/default/files/documents/oce-wasde-report-data-2026-05-V2.csv,de983bfa4a5f8103a06ca6119e706cff3e018a9e02f2ab57aed42cc9bcc263c6,U.S. Sugar Supply and Use,Sugar,United States,2024/25,,Exports,111.00,111,"1000 Short Tons, Raw Value","1000 Short Tons, Raw Value",
WASDE-671-V2:de983bfa4a5f,671,2026-05-12,May 2026,2026-05-12T16:00:00Z,2026-05-14T03:59:59Z,conservative end of corrected V2 embedded release date in America/New_York; exact repost time unavailable,2026-08-20T15:50:03Z,WASDE-671-V2,true,usda_wasde_671_v2_de983bfa4a5f,https://www.usda.gov/sites/default/files/documents/oce-wasde-report-data-2026-05-V2.csv,de983bfa4a5f8103a06ca6119e706cff3e018a9e02f2ab57aed42cc9bcc263c6,U.S. Sugar Supply and Use,Sugar,United States,2024/25,,Exports - Other,111.00,111,"1000 Short Tons, Raw Value","1000 Short Tons, Raw Value",
WASDE-671-V2:de983bfa4a5f,671,2026-05-12,May 2026,2026-05-12T16:00:00Z,2026-05-14T03:59:59Z,conservative end of corrected V2 embedded release date in America/New_York; exact repost time unavailable,2026-08-20T15:50:03Z,WASDE-671-V2,true,usda_wasde_671_v2_de983bfa4a5f,https://www.usda.gov/sites/default/files/documents/oce-wasde-report-data-2026-05-V2.csv,de983bfa4a5f8103a06ca6119e706cff3e018a9e02f2ab57aed42cc9bcc263c6,U.S. Sugar Supply and Use,Sugar,United States,2024/25,,Florida,1932.00,1932,"1000 Short Tons, Raw Value","1000 Short Tons, Raw Value",
WASDE-671-V2:de983bfa4a5f,671,2026-05-12,May 2026,2026-05-12T16:00:00Z,2026-05-14T03:59:59Z,conservative end of corrected V2 embedded release date in America/New_York; exact repost time unavailable,2026-08-20T15:50:03Z,WASDE-671-V2,true,usda_wasde_671_v2_de983bfa4a5f,https://www.usda.gov/sites/default/files/documents/oce-wasde-report-data-2026-05-V2.csv,de983bfa4a5f8103a06ca6119e706cff3e018a9e02f2ab57aed42cc9bcc263c6,U.S. Sugar Supply and Use,Sugar,United States,2024/25,,Food,12340.00,12340,"1000 Short Tons, Raw Value","1000 Short Tons, Raw Value",
WASDE-671-V2:de983bfa4a5f,671,2026-05-12,May 2026,2026-05-12T16:00:00Z,2026-05-14T03:59:59Z,conservative end of corrected V2 embedded release date in America/New_York; exact repost time unavailable,2026-08-20T15:50:03Z,WASDE-671-V2,true,usda_wasde_671_v2_de983bfa4a5f,https://www.usda.gov/sites/default/files/documents/oce-wasde-report-data-2026-05-V2.csv,de983bfa4a5f8103a06ca6119e706cff3e018a9e02f2ab57aed42cc9bcc263c6,U.S. Sugar Supply and Use,Sugar,United States,2024/25,,High-tier tariff/other,980.00,980,"1000 Short Tons, Raw Value","1000 Short Tons, Raw Value",
WASDE-671-V2:de983bfa4a5f,671,2026-05-12,May 2026,2026-05-12T16:00:00Z,2026-05-14T03:59:59Z,conservative end of corrected V2 embedded release date in America/New_York; exact repost time unavailable,2026-08-20T15:50:03Z,WASDE-671-V2,true,usda_wasde_671_v2_de983bfa4a5f,https://www.usda.gov/sites/default/files/documents/oce-wasde-report-data-2026-05-V2.csv,de983bfa4a5f8103a06ca6119e706cff3e018a9e02f2ab57aed42cc9bcc263c6,U.S. Sugar Supply and Use,Sugar,United States,2024/25,,Imports,3393.00,3393,"1000 Short Tons, Raw Value","1000 Short Tons, Raw Value",
WASDE-671-V2:de983bfa4a5f,671,2026-05-12,May 2026,2026-05-12T16:00:00Z,2026-05-14T03:59:59Z,conservative end of corrected V2 embedded release date in America/New_York; exact repost time unavailable,2026-08-20T15:50:03Z,WASDE-671-V2,true,usda_wasde_671_v2_de983bfa4a5f,https://www.usda.gov/sites/default/files/documents/oce-wasde-report-data-2026-05-V2.csv,de983bfa4a5f8103a06ca6119e706cff3e018a9e02f2ab57aed42cc9bcc263c6,U.S. Sugar Supply and Use,Sugar,United States,2024/25,,Louisiana,2095.00,2095,"1000 Short Tons, Raw Value","1000 Short Tons, Raw Value",
WASDE-671-V2:de983bfa4a5f,671,2026-05-12,May 2026,2026-05-12T16:00:00Z,2026-05-14T03:59:59Z,conservative end of corrected V2 embedded release date in America/New_York; exact repost time unavailable,2026-08-20T15:50:03Z,WASDE-671-V2,true,usda_wasde_671_v2_de983bfa4a5f,https://www.usda.gov/sites/default/files/documents/oce-wasde-report-data-2026-05-V2.csv,de983bfa4a5f8103a06ca6119e706cff3e018a9e02f2ab57aed42cc9bcc263c6,U.S. Sugar Supply and Use,Sugar,United States,2024/25,,Mexico,504.00,504,"1000 Short Tons, Raw Value","1000 Short Tons, Raw Value",
WASDE-671-V2:de983bfa4a5f,671,2026-05-12,May 2026,2026-05-12T16:00:00Z,2026-05-14T03:59:59Z,conservative end of corrected V2 embedded release date in America/New_York; exact repost time unavailable,2026-08-20T15:50:03Z,WASDE-671-V2,true,usda_wasde_671_v2_de983bfa4a5f,https://www.usda.gov/sites/default/files/documents/oce-wasde-report-data-2026-05-V2.csv,de983bfa4a5f8103a06ca6119e706cff3e018a9e02f2ab57aed42cc9bcc263c6,U.S. Sugar Supply and Use,Sugar,United States,2024/25,,Miscellaneous,-41.00,-41,"1000 Short Tons, Raw Value","1000 Short Tons, Raw Value",
WASDE-671-V2:de983bfa4a5f,671,2026-05-12,May 2026,2026-05-12T16:00:00Z,2026-05-14T03:59:59Z,conservative end of corrected V2 embedded release date in America/New_York; exact repost time unavailable,2026-08-20T15:50:03Z,WASDE-671-V2,true,usda_wasde_671_v2_de983bfa4a5f,https://www.usda.gov/sites/default/files/documents/oce-wasde-report-data-2026-05-V2.csv,de983bfa4a5f8103a06ca6119e706cff3e018a9e02f2ab57aed42cc9bcc263c6,U.S. Sugar Supply and Use,Sugar,United States,2024/25,,Non-program,1485.00,1485,"1000 Short Tons, Raw Value","1000 Short Tons, Raw Value",
WASDE-671-V2:de983bfa4a5f,671,2026-05-12,May 2026,2026-05-12T16:00:00Z,2026-05-14T03:59:59Z,conservative end of corrected V2 embedded release date in America/New_York; exact repost time unavailable,2026-08-20T15:50:03Z,WASDE-671-V2,true,usda_wasde_671_v2_de983bfa4a5f,https://www.usda.gov/sites/default/files/documents/oce-wasde-report-data-2026-05-V2.csv,de983bfa4a5f8103a06ca6119e706cff3e018a9e02f2ab57aed42cc9bcc263c6,U.S. Sugar Supply and Use,Sugar,United States,2024/25,,Other Program,373.00,373,"1000 Short Tons, Raw Value","1000 Short Tons, Raw Value",
WASDE-671-V2:de983bfa4a5f,671,2026-05-12,May 2026,2026-05-12T16:00:00Z,2026-05-14T03:59:59Z,conservative end of corrected V2 embedded release date in America/New_York; exact repost time unavailable,2026-08-20T15:50:03Z,WASDE-671-V2,true,usda_wasde_671_v2_de983bfa4a5f,https://www.usda.gov/sites/default/files/documents/oce-wasde-report-data-2026-05-V2.csv,de983bfa4a5f8103a06ca6119e706cff3e018a9e02f2ab57aed42cc9bcc263c6,U.S. Sugar Supply and Use,Sugar,United States,2024/25,,Production,9397.00,9397,"1000 Short Tons, Raw Value","1000 Short Tons, Raw Value",
WASDE-671-V2:de983bfa4a5f,671,2026-05-12,May 2026,2026-05-12T16:00:00Z,2026-05-14T03:59:59Z,conservative end of corrected V2 embedded release date in America/New_York; exact repost time unavailable,2026-08-20T15:50:03Z,WASDE-671-V2,true,usda_wasde_671_v2_de983bfa4a5f,https://www.usda.gov/sites/default/files/documents/oce-wasde-report-data-2026-05-V2.csv,de983bfa4a5f8103a06ca6119e706cff3e018a9e02f2ab57aed42cc9bcc263c6,U.S. Sugar Supply and Use,Sugar,United States,2024/25,,Stocks to Use Ratio,19.90,19.9,"1000 Short Tons, Raw Value",Percent,USDA historical CSV labels Stocks to Use Ratio with the table's tonnage unit; value is normalized as percent while the raw unit is retained.
WASDE-671-V2:de983bfa4a5f,671,2026-05-12,May 2026,2026-05-12T16:00:00Z,2026-05-14T03:59:59Z,conservative end of corrected V2 embedded release date in America/New_York; exact repost time unavailable,2026-08-20T15:50:03Z,WASDE-671-V2,true,usda_wasde_671_v2_de983bfa4a5f,https://www.usda.gov/sites/default/files/documents/oce-wasde-report-data-2026-05-V2.csv,de983bfa4a5f8103a06ca6119e706cff3e018a9e02f2ab57aed42cc9bcc263c6,U.S. Sugar Supply and Use,Sugar,United States,2024/25,,TRQ,1534.00,1534,"1000 Short Tons, Raw Value","1000 Short Tons, Raw Value",
WASDE-671-V2:de983bfa4a5f,671,2026-05-12,May 2026,2026-05-12T16:00:00Z,2026-05-14T03:59:59Z,conservative end of corrected V2 embedded release date in America/New_York; exact repost time unavailable,2026-08-20T15:50:03Z,WASDE-671-V2,true,usda_wasde_671_v2_de983bfa4a5f,https://www.usda.gov/sites/default/files/documents/oce-wasde-report-data-2026-05-V2.csv,de983bfa4a5f8103a06ca6119e706cff3e018a9e02f2ab57aed42cc9bcc263c6,U.S. Sugar Supply and Use,Sugar,United States,2024/25,,Texas,.00,0,"1000 Short Tons, Raw Value","1000 Short Tons, Raw Value",
WASDE-671-V2:de983bfa4a5f,671,2026-05-12,May 2026,2026-05-12T16:00:00Z,2026-05-14T03:59:59Z,conservative end of corrected V2 embedded release date in America/New_York; exact repost time unavailable,2026-08-20T15:50:03Z,WASDE-671-V2,true,usda_wasde_671_v2_de983bfa4a5f,https://www.usda.gov/sites/default/files/documents/oce-wasde-report-data-2026-05-V2.csv,de983bfa4a5f8103a06ca6119e706cff3e018a9e02f2ab57aed42cc9bcc263c6,U.S. Sugar Supply and Use,Sugar,United States,2024/25,,Total Supply,15009.00,15009,"1000 Short Tons, Raw Value","1000 Short Tons, Raw Value",
WASDE-671-V2:de983bfa4a5f,671,2026-05-12,May 2026,2026-05-12T16:00:00Z,2026-05-14T03:59:59Z,conservative end of corrected V2 embedded release date in America/New_York; exact repost time unavailable,2026-08-20T15:50:03Z,WASDE-671-V2,true,usda_wasde_671_v2_de983bfa4a5f,https://www.usda.gov/sites/default/files/documents/oce-wasde-report-data-2026-05-V2.csv,de983bfa4a5f8103a06ca6119e706cff3e018a9e02f2ab57aed42cc9bcc263c6,U.S. Sugar Supply and Use,Sugar,United States,2024/25,,Total Use,12520.00,12520,"1000 Short Tons, Raw Value","1000 Short Tons, Raw Value",
WASDE-671-V2:de983bfa4a5f,671,2026-05-12,May 2026,2026-05-12T16:00:00Z,2026-05-14T03:59:59Z,conservative end of corrected V2 embedded release date in America/New_York; exact repost time unavailable,2026-08-20T15:50:03Z,WASDE-671-V2,true,usda_wasde_671_v2_de983bfa4a5f,https://www.usda.gov/sites/default/files/documents/oce-wasde-report-data-2026-05-V2.csv,de983bfa4a5f8103a06ca6119e706cff3e018a9e02f2ab57aed42cc9bcc263c6,U.S. Sugar Supply and Use,Sugar,United States,2025/26,Est.,Beet Sugar,5021.00,5021,"1000 Short Tons, Raw Value","1000 Short Tons, Raw Value",
WASDE-671-V2:de983bfa4a5f,671,2026-05-12,May 2026,2026-05-12T16:00:00Z,2026-05-14T03:59:59Z,conservative end of corrected V2 embedded release date in America/New_York; exact repost time unavailable,2026-08-20T15:50:03Z,WASDE-671-V2,true,usda_wasde_671_v2_de983bfa4a5f,https://www.usda.gov/sites/default/files/documents/oce-wasde-report-data-2026-05-V2.csv,de983bfa4a5f8103a06ca6119e706cff3e018a9e02f2ab57aed42cc9bcc263c6,U.S. Sugar Supply and Use,Sugar,United States,2025/26,Est.,Beginning Stocks,2490.00,2490,"1000 Short Tons, Raw Value","1000 Short Tons, Raw Value",
WASDE-671-V2:de983bfa4a5f,671,2026-05-12,May 2026,2026-05-12T16:00:00Z,2026-05-14T03:59:59Z,conservative end of corrected V2 embedded release date in America/New_York; exact repost time unavailable,2026-08-20T15:50:03Z,WASDE-671-V2,true,usda_wasde_671_v2_de983bfa4a5f,https://www.usda.gov/sites/default/files/documents/oce-wasde-report-data-2026-05-V2.csv,de983bfa4a5f8103a06ca6119e706cff3e018a9e02f2ab57aed42cc9bcc263c6,U.S. Sugar Supply and Use,Sugar,United States,2025/26,Est.,Cane Sugar,4218.00,4218,"1000 Short Tons, Raw Value","1000 Short Tons, Raw Value",
WASDE-671-V2:de983bfa4a5f,671,2026-05-12,May 2026,2026-05-12T16:00:00Z,2026-05-14T03:59:59Z,conservative end of corrected V2 embedded release date in America/New_York; exact repost time unavailable,2026-08-20T15:50:03Z,WASDE-671-V2,true,usda_wasde_671_v2_de983bfa4a5f,https://www.usda.gov/sites/default/files/documents/oce-wasde-report-data-2026-05-V2.csv,de983bfa4a5f8103a06ca6119e706cff3e018a9e02f2ab57aed42cc9bcc263c6,U.S. Sugar Supply and Use,Sugar,United States,2025/26,Est.,Deliveries,12364.00,12364,"1000 Short Tons, Raw Value","1000 Short Tons, Raw Value",
WASDE-671-V2:de983bfa4a5f,671,2026-05-12,May 2026,2026-05-12T16:00:00Z,2026-05-14T03:59:59Z,conservative end of corrected V2 embedded release date in America/New_York; exact repost time unavailable,2026-08-20T15:50:03Z,WASDE-671-V2,true,usda_wasde_671_v2_de983bfa4a5f,https://www.usda.gov/sites/default/files/documents/oce-wasde-report-data-2026-05-V2.csv,de983bfa4a5f8103a06ca6119e706cff3e018a9e02f2ab57aed42cc9bcc263c6,U.S. Sugar Supply and Use,Sugar,United States,2025/26,Est.,Ending Stocks,1992.00,1992,"1000 Short Tons, Raw Value","1000 Short Tons, Raw Value",
WASDE-671-V2:de983bfa4a5f,671,2026-05-12,May 2026,2026-05-12T16:00:00Z,2026-05-14T03:59:59Z,conservative end of corrected V2 embedded release date in America/New_York; exact repost time unavailable,2026-08-20T15:50:03Z,WASDE-671-V2,true,usda_wasde_671_v2_de983bfa4a5f,https://www.usda.gov/sites/default/files/documents/oce-wasde-report-data-2026-05-V2.csv,de983bfa4a5f8103a06ca6119e706cff3e018a9e02f2ab57aed42cc9bcc263c6,U.S. Sugar Supply and Use,Sugar,United States,2025/26,Est.,Exports,25.00,25,"1000 Short Tons, Raw Value","1000 Short Tons, Raw Value",
WASDE-671-V2:de983bfa4a5f,671,2026-05-12,May 2026,2026-05-12T16:00:00Z,2026-05-14T03:59:59Z,conservative end of corrected V2 embedded release date in America/New_York; exact repost time unavailable,2026-08-20T15:50:03Z,WASDE-671-V2,true,usda_wasde_671_v2_de983bfa4a5f,https://www.usda.gov/sites/default/files/documents/oce-wasde-report-data-2026-05-V2.csv,de983bfa4a5f8103a06ca6119e706cff3e018a9e02f2ab57aed42cc9bcc263c6,U.S. Sugar Supply and Use,Sugar,United States,2025/26,Est.,Exports - Other,105.00,105,"1000 Short Tons, Raw Value","1000 Short Tons, Raw Value",
WASDE-671-V2:de983bfa4a5f,671,2026-05-12,May 2026,2026-05-12T16:00:00Z,2026-05-14T03:59:59Z,conservative end of corrected V2 embedded release date in America/New_York; exact repost time unavailable,2026-08-20T15:50:03Z,WASDE-671-V2,true,usda_wasde_671_v2_de983bfa4a5f,https://www.usda.gov/sites/default/files/documents/oce-wasde-report-data-2026-05-V2.csv,de983bfa4a5f8103a06ca6119e706cff3e018a9e02f2ab57aed42cc9bcc263c6,U.S. Sugar Supply and Use,Sugar,United States,2025/26,Est.,Florida,1987.00,1987,"1000 Short Tons, Raw Value","1000 Short Tons, Raw Value",
WASDE-671-V2:de983bfa4a5f,671,2026-05-12,May 2026,2026-05-12T16:00:00Z,2026-05-14T03:59:59Z,conservative end of corrected V2 embedded release date in America/New_York; exact repost time unavailable,2026-08-20T15:50:03Z,WASDE-671-V2,true,usda_wasde_671_v2_de983bfa4a5f,https://www.usda.gov/sites/default/files/documents/oce-wasde-report-data-2026-05-V2.csv,de983bfa4a5f8103a06ca6119e706cff3e018a9e02f2ab57aed42cc9bcc263c6,U.S. Sugar Supply and Use,Sugar,United States,2025/26,Est.,Food,12259.00,12259,"1000 Short Tons, Raw Value","1000 Short Tons, Raw Value",
WASDE-671-V2:de983bfa4a5f,671,2026-05-12,May 2026,2026-05-12T16:00:00Z,2026-05-14T03:59:59Z,conservative end of corrected V2 embedded release date in America/New_York; exact repost time unavailable,2026-08-20T15:50:03Z,WASDE-671-V2,true,usda_wasde_671_v2_de983bfa4a5f,https://www.usda.gov/sites/default/files/documents/oce-wasde-report-data-2026-05-V2.csv,de983bfa4a5f8103a06ca6119e706cff3e018a9e02f2ab57aed42cc9bcc263c6,U.S. Sugar Supply and Use,Sugar,United States,2025/26,Est.,High-tier tariff/other,817.00,817,"1000 Short Tons, Raw Value","1000 Short Tons, Raw Value",
WASDE-671-V2:de983bfa4a5f,671,2026-05-12,May 2026,2026-05-12T16:00:00Z,2026-05-14T03:59:59Z,conservative end of corrected V2 embedded release date in America/New_York; exact repost time unavailable,2026-08-20T15:50:03Z,WASDE-671-V2,true,usda_wasde_671_v2_de983bfa4a5f,https://www.usda.gov/sites/default/files/documents/oce-wasde-report-data-2026-05-V2.csv,de983bfa4a5f8103a06ca6119e706cff3e018a9e02f2ab57aed42cc9bcc263c6,U.S. Sugar Supply and Use,Sugar,United States,2025/26,Est.,Imports,2653.00,2653,"1000 Short Tons, Raw Value","1000 Short Tons, Raw Value",
WASDE-671-V2:de983bfa4a5f,671,2026-05-12,May 2026,2026-05-12T16:00:00Z,2026-05-14T03:59:59Z,conservative end of corrected V2 embedded release date in America/New_York; exact repost time unavailable,2026-08-20T15:50:03Z,WASDE-671-V2,true,usda_wasde_671_v2_de983bfa4a5f,https://www.usda.gov/sites/default/files/documents/oce-wasde-report-data-2026-05-V2.csv,de983bfa4a5f8103a06ca6119e706cff3e018a9e02f2ab57aed42cc9bcc263c6,U.S. Sugar Supply and Use,Sugar,United States,2025/26,Est.,Louisiana,2232.00,2232,"1000 Short Tons, Raw Value","1000 Short Tons, Raw Value",
WASDE-671-V2:de983bfa4a5f,671,2026-05-12,May 2026,2026-05-12T16:00:00Z,2026-05-14T03:59:59Z,conservative end of corrected V2 embedded release date in America/New_York; exact repost time unavailable,2026-08-20T15:50:03Z,WASDE-671-V2,true,usda_wasde_671_v2_de983bfa4a5f,https://www.usda.gov/sites/default/files/documents/oce-wasde-report-data-2026-05-V2.csv,de983bfa4a5f8103a06ca6119e706cff3e018a9e02f2ab57aed42cc9bcc263c6,U.S. Sugar Supply and Use,Sugar,United States,2025/26,Est.,Mexico,220.00,220,"1000 Short Tons, Raw Value","1000 Short Tons, Raw Value",
WASDE-671-V2:de983bfa4a5f,671,2026-05-12,May 2026,2026-05-12T16:00:00Z,2026-05-14T03:59:59Z,conservative end of corrected V2 embedded release date in America/New_York; exact repost time unavailable,2026-08-20T15:50:03Z,WASDE-671-V2,true,usda_wasde_671_v2_de983bfa4a5f,https://www.usda.gov/sites/default/files/documents/oce-wasde-report-data-2026-05-V2.csv,de983bfa4a5f8103a06ca6119e706cff3e018a9e02f2ab57aed42cc9bcc263c6,U.S. Sugar Supply and Use,Sugar,United States,2025/26,Est.,Miscellaneous,.00,0,"1000 Short Tons, Raw Value","1000 Short Tons, Raw Value",
WASDE-671-V2:de983bfa4a5f,671,2026-05-12,May 2026,2026-05-12T16:00:00Z,2026-05-14T03:59:59Z,conservative end of corrected V2 embedded release date in America/New_York; exact repost time unavailable,2026-08-20T15:50:03Z,WASDE-671-V2,true,usda_wasde_671_v2_de983bfa4a5f,https://www.usda.gov/sites/default/files/documents/oce-wasde-report-data-2026-05-V2.csv,de983bfa4a5f8103a06ca6119e706cff3e018a9e02f2ab57aed42cc9bcc263c6,U.S. Sugar Supply and Use,Sugar,United States,2025/26,Est.,Non-program,1037.00,1037,"1000 Short Tons, Raw Value","1000 Short Tons, Raw Value",
WASDE-671-V2:de983bfa4a5f,671,2026-05-12,May 2026,2026-05-12T16:00:00Z,2026-05-14T03:59:59Z,conservative end of corrected V2 embedded release date in America/New_York; exact repost time unavailable,2026-08-20T15:50:03Z,WASDE-671-V2,true,usda_wasde_671_v2_de983bfa4a5f,https://www.usda.gov/sites/default/files/documents/oce-wasde-report-data-2026-05-V2.csv,de983bfa4a5f8103a06ca6119e706cff3e018a9e02f2ab57aed42cc9bcc263c6,U.S. Sugar Supply and Use,Sugar,United States,2025/26,Est.,Other Program,300.00,300,"1000 Short Tons, Raw Value","1000 Short Tons, Raw Value",
WASDE-671-V2:de983bfa4a5f,671,2026-05-12,May 2026,2026-05-12T16:00:00Z,2026-05-14T03:59:59Z,conservative end of corrected V2 embedded release date in America/New_York; exact repost time unavailable,2026-08-20T15:50:03Z,WASDE-671-V2,true,usda_wasde_671_v2_de983bfa4a5f,https://www.usda.gov/sites/default/files/documents/oce-wasde-report-data-2026-05-V2.csv,de983bfa4a5f8103a06ca6119e706cff3e018a9e02f2ab57aed42cc9bcc263c6,U.S. Sugar Supply and Use,Sugar,United States,2025/26,Est.,Production,9239.00,9239,"1000 Short Tons, Raw Value","1000 Short Tons, Raw Value",
WASDE-671-V2:de983bfa4a5f,671,2026-05-12,May 2026,2026-05-12T16:00:00Z,2026-05-14T03:59:59Z,conservative end of corrected V2 embedded release date in America/New_York; exact repost time unavailable,2026-08-20T15:50:03Z,WASDE-671-V2,true,usda_wasde_671_v2_de983bfa4a5f,https://www.usda.gov/sites/default/files/documents/oce-wasde-report-data-2026-05-V2.csv,de983bfa4a5f8103a06ca6119e706cff3e018a9e02f2ab57aed42cc9bcc263c6,U.S. Sugar Supply and Use,Sugar,United States,2025/26,Est.,Stocks to Use Ratio,16.10,16.1,"1000 Short Tons, Raw Value",Percent,USDA historical CSV labels Stocks to Use Ratio with the table's tonnage unit; value is normalized as percent while the raw unit is retained.
WASDE-671-V2:de983bfa4a5f,671,2026-05-12,May 2026,2026-05-12T16:00:00Z,2026-05-14T03:59:59Z,conservative end of corrected V2 embedded release date in America/New_York; exact repost time unavailable,2026-08-20T15:50:03Z,WASDE-671-V2,true,usda_wasde_671_v2_de983bfa4a5f,https://www.usda.gov/sites/default/files/documents/oce-wasde-report-data-2026-05-V2.csv,de983bfa4a5f8103a06ca6119e706cff3e018a9e02f2ab57aed42cc9bcc263c6,U.S. Sugar Supply and Use,Sugar,United States,2025/26,Est.,TRQ,1316.00,1316,"1000 Short Tons, Raw Value","1000 Short Tons, Raw Value",
WASDE-671-V2:de983bfa4a5f,671,2026-05-12,May 2026,2026-05-12T16:00:00Z,2026-05-14T03:59:59Z,conservative end of corrected V2 embedded release date in America/New_York; exact repost time unavailable,2026-08-20T15:50:03Z,WASDE-671-V2,true,usda_wasde_671_v2_de983bfa4a5f,https://www.usda.gov/sites/default/files/documents/oce-wasde-report-data-2026-05-V2.csv,de983bfa4a5f8103a06ca6119e706cff3e018a9e02f2ab57aed42cc9bcc263c6,U.S. Sugar Supply and Use,Sugar,United States,2025/26,Est.,Texas,.00,0,"1000 Short Tons, Raw Value","1000 Short Tons, Raw Value",
WASDE-671-V2:de983bfa4a5f,671,2026-05-12,May 2026,2026-05-12T16:00:00Z,2026-05-14T03:59:59Z,conservative end of corrected V2 embedded release date in America/New_York; exact repost time unavailable,2026-08-20T15:50:03Z,WASDE-671-V2,true,usda_wasde_671_v2_de983bfa4a5f,https://www.usda.gov/sites/default/files/documents/oce-wasde-report-data-2026-05-V2.csv,de983bfa4a5f8103a06ca6119e706cff3e018a9e02f2ab57aed42cc9bcc263c6,U.S. Sugar Supply and Use,Sugar,United States,2025/26,Est.,Total Supply,14381.00,14381,"1000 Short Tons, Raw Value","1000 Short Tons, Raw Value",
WASDE-671-V2:de983bfa4a5f,671,2026-05-12,May 2026,2026-05-12T16:00:00Z,2026-05-14T03:59:59Z,conservative end of corrected V2 embedded release date in America/New_York; exact repost time unavailable,2026-08-20T15:50:03Z,WASDE-671-V2,true,usda_wasde_671_v2_de983bfa4a5f,https://www.usda.gov/sites/default/files/documents/oce-wasde-report-data-2026-05-V2.csv,de983bfa4a5f8103a06ca6119e706cff3e018a9e02f2ab57aed42cc9bcc263c6,U.S. Sugar Supply and Use,Sugar,United States,2025/26,Est.,Total Use,12389.00,12389,"1000 Short Tons, Raw Value","1000 Short Tons, Raw Value",
WASDE-671-V2:de983bfa4a5f,671,2026-05-12,May 2026,2026-05-12T16:00:00Z,2026-05-14T03:59:59Z,conservative end of corrected V2 embedded release date in America/New_York; exact repost time unavailable,2026-08-20T15:50:03Z,WASDE-671-V2,true,usda_wasde_671_v2_de983bfa4a5f,https://www.usda.gov/sites/default/files/documents/oce-wasde-report-data-2026-05-V2.csv,de983bfa4a5f8103a06ca6119e706cff3e018a9e02f2ab57aed42cc9bcc263c6,U.S. Sugar Supply and Use,Sugar,United States,2026/27,Proj.,Beet Sugar,4722.00,4722,"1000 Short Tons, Raw Value","1000 Short Tons, Raw Value",
WASDE-671-V2:de983bfa4a5f,671,2026-05-12,May 2026,2026-05-12T16:00:00Z,2026-05-14T03:59:59Z,conservative end of corrected V2 embedded release date in America/New_York; exact repost time unavailable,2026-08-20T15:50:03Z,WASDE-671-V2,true,usda_wasde_671_v2_de983bfa4a5f,https://www.usda.gov/sites/default/files/documents/oce-wasde-report-data-2026-05-V2.csv,de983bfa4a5f8103a06ca6119e706cff3e018a9e02f2ab57aed42cc9bcc263c6,U.S. Sugar Supply and Use,Sugar,United States,2026/27,Proj.,Beginning Stocks,1992.00,1992,"1000 Short Tons, Raw Value","1000 Short Tons, Raw Value",
WASDE-671-V2:de983bfa4a5f,671,2026-05-12,May 2026,2026-05-12T16:00:00Z,2026-05-14T03:59:59Z,conservative end of corrected V2 embedded release date in America/New_York; exact repost time unavailable,2026-08-20T15:50:03Z,WASDE-671-V2,true,usda_wasde_671_v2_de983bfa4a5f,https://www.usda.gov/sites/default/files/documents/oce-wasde-report-data-2026-05-V2.csv,de983bfa4a5f8103a06ca6119e706cff3e018a9e02f2ab57aed42cc9bcc263c6,U.S. Sugar Supply and Use,Sugar,United States,2026/27,Proj.,Cane Sugar,4088.00,4088,"1000 Short Tons, Raw Value","1000 Short Tons, Raw Value",
WASDE-671-V2:de983bfa4a5f,671,2026-05-12,May 2026,2026-05-12T16:00:00Z,2026-05-14T03:59:59Z,conservative end of corrected V2 embedded release date in America/New_York; exact repost time unavailable,2026-08-20T15:50:03Z,WASDE-671-V2,true,usda_wasde_671_v2_de983bfa4a5f,https://www.usda.gov/sites/default/files/documents/oce-wasde-report-data-2026-05-V2.csv,de983bfa4a5f8103a06ca6119e706cff3e018a9e02f2ab57aed42cc9bcc263c6,U.S. Sugar Supply and Use,Sugar,United States,2026/27,Proj.,Deliveries,12364.00,12364,"1000 Short Tons, Raw Value","1000 Short Tons, Raw Value",
WASDE-671-V2:de983bfa4a5f,671,2026-05-12,May 2026,2026-05-12T16:00:00Z,2026-05-14T03:59:59Z,conservative end of corrected V2 embedded release date in America/New_York; exact repost time unavailable,2026-08-20T15:50:03Z,WASDE-671-V2,true,usda_wasde_671_v2_de983bfa4a5f,https://www.usda.gov/sites/default/files/documents/oce-wasde-report-data-2026-05-V2.csv,de983bfa4a5f8103a06ca6119e706cff3e018a9e02f2ab57aed42cc9bcc263c6,U.S. Sugar Supply and Use,Sugar,United States,2026/27,Proj.,Ending Stocks,1673.00,1673,"1000 Short Tons, Raw Value","1000 Short Tons, Raw Value",
WASDE-671-V2:de983bfa4a5f,671,2026-05-12,May 2026,2026-05-12T16:00:00Z,2026-05-14T03:59:59Z,conservative end of corrected V2 embedded release date in America/New_York; exact repost time unavailable,2026-08-20T15:50:03Z,WASDE-671-V2,true,usda_wasde_671_v2_de983bfa4a5f,https://www.usda.gov/sites/default/files/documents/oce-wasde-report-data-2026-05-V2.csv,de983bfa4a5f8103a06ca6119e706cff3e018a9e02f2ab57aed42cc9bcc263c6,U.S. Sugar Supply and Use,Sugar,United States,2026/27,Proj.,Exports,25.00,25,"1000 Short Tons, Raw Value","1000 Short Tons, Raw Value",
WASDE-671-V2:de983bfa4a5f,671,2026-05-12,May 2026,2026-05-12T16:00:00Z,2026-05-14T03:59:59Z,conservative end of corrected V2 embedded release date in America/New_York; exact repost time unavailable,2026-08-20T15:50:03Z,WASDE-671-V2,true,usda_wasde_671_v2_de983bfa4a5f,https://www.usda.gov/sites/default/files/documents/oce-wasde-report-data-2026-05-V2.csv,de983bfa4a5f8103a06ca6119e706cff3e018a9e02f2ab57aed42cc9bcc263c6,U.S. Sugar Supply and Use,Sugar,United States,2026/27,Proj.,Exports - Other,105.00,105,"1000 Short Tons, Raw Value","1000 Short Tons, Raw Value",
WASDE-671-V2:de983bfa4a5f,671,2026-05-12,May 2026,2026-05-12T16:00:00Z,2026-05-14T03:59:59Z,conservative end of corrected V2 embedded release date in America/New_York; exact repost time unavailable,2026-08-20T15:50:03Z,WASDE-671-V2,true,usda_wasde_671_v2_de983bfa4a5f,https://www.usda.gov/sites/default/files/documents/oce-wasde-report-data-2026-05-V2.csv,de983bfa4a5f8103a06ca6119e706cff3e018a9e02f2ab57aed42cc9bcc263c6,U.S. Sugar Supply and Use,Sugar,United States,2026/27,Proj.,Florida,1942.00,1942,"1000 Short Tons, Raw Value","1000 Short Tons, Raw Value",
WASDE-671-V2:de983bfa4a5f,671,2026-05-12,May 2026,2026-05-12T16:00:00Z,2026-05-14T03:59:59Z,conservative end of corrected V2 embedded release date in America/New_York; exact repost time unavailable,2026-08-20T15:50:03Z,WASDE-671-V2,true,usda_wasde_671_v2_de983bfa4a5f,https://www.usda.gov/sites/default/files/documents/oce-wasde-report-data-2026-05-V2.csv,de983bfa4a5f8103a06ca6119e706cff3e018a9e02f2ab57aed42cc9bcc263c6,U.S. Sugar Supply and Use,Sugar,United States,2026/27,Proj.,Food,12259.00,12259,"1000 Short Tons, Raw Value","1000 Short Tons, Raw Value",
WASDE-671-V2:de983bfa4a5f,671,2026-05-12,May 2026,2026-05-12T16:00:00Z,2026-05-14T03:59:59Z,conservative end of corrected V2 embedded release date in America/New_York; exact repost time unavailable,2026-08-20T15:50:03Z,WASDE-671-V2,true,usda_wasde_671_v2_de983bfa4a5f,https://www.usda.gov/sites/default/files/documents/oce-wasde-report-data-2026-05-V2.csv,de983bfa4a5f8103a06ca6119e706cff3e018a9e02f2ab57aed42cc9bcc263c6,U.S. Sugar Supply and Use,Sugar,United States,2026/27,Proj.,High-tier tariff/other,492.00,492,"1000 Short Tons, Raw Value","1000 Short Tons, Raw Value",
WASDE-671-V2:de983bfa4a5f,671,2026-05-12,May 2026,2026-05-12T16:00:00Z,2026-05-14T03:59:59Z,conservative end of corrected V2 embedded release date in America/New_York; exact repost time unavailable,2026-08-20T15:50:03Z,WASDE-671-V2,true,usda_wasde_671_v2_de983bfa4a5f,https://www.usda.gov/sites/default/files/documents/oce-wasde-report-data-2026-05-V2.csv,de983bfa4a5f8103a06ca6119e706cff3e018a9e02f2ab57aed42cc9bcc263c6,U.S. Sugar Supply and Use,Sugar,United States,2026/27,Proj.,Imports,3260.00,3260,"1000 Short Tons, Raw Value","1000 Short Tons, Raw Value",
WASDE-671-V2:de983bfa4a5f,671,2026-05-12,May 2026,2026-05-12T16:00:00Z,2026-05-14T03:59:59Z,conservative end of corrected V2 embedded release date in America/New_York; exact repost time unavailable,2026-08-20T15:50:03Z,WASDE-671-V2,true,usda_wasde_671_v2_de983bfa4a5f,https://www.usda.gov/sites/default/files/documents/oce-wasde-report-data-2026-05-V2.csv,de983bfa4a5f8103a06ca6119e706cff3e018a9e02f2ab57aed42cc9bcc263c6,U.S. Sugar Supply and Use,Sugar,United States,2026/27,Proj.,Louisiana,2146.00,2146,"1000 Short Tons, Raw Value","1000 Short Tons, Raw Value",
WASDE-671-V2:de983bfa4a5f,671,2026-05-12,May 2026,2026-05-12T16:00:00Z,2026-05-14T03:59:59Z,conservative end of corrected V2 embedded release date in America/New_York; exact repost time unavailable,2026-08-20T15:50:03Z,WASDE-671-V2,true,usda_wasde_671_v2_de983bfa4a5f,https://www.usda.gov/sites/default/files/documents/oce-wasde-report-data-2026-05-V2.csv,de983bfa4a5f8103a06ca6119e706cff3e018a9e02f2ab57aed42cc9bcc263c6,U.S. Sugar Supply and Use,Sugar,United States,2026/27,Proj.,Mexico,1046.00,1046,"1000 Short Tons, Raw Value","1000 Short Tons, Raw Value",
WASDE-671-V2:de983bfa4a5f,671,2026-05-12,May 2026,2026-05-12T16:00:00Z,2026-05-14T03:59:59Z,conservative end of corrected V2 embedded release date in America/New_York; exact repost time unavailable,2026-08-20T15:50:03Z,WASDE-671-V2,true,usda_wasde_671_v2_de983bfa4a5f,https://www.usda.gov/sites/default/files/documents/oce-wasde-report-data-2026-05-V2.csv,de983bfa4a5f8103a06ca6119e706cff3e018a9e02f2ab57aed42cc9bcc263c6,U.S. Sugar Supply and Use,Sugar,United States,2026/27,Proj.,Miscellaneous,.00,0,"1000 Short Tons, Raw Value","1000 Short Tons, Raw Value",
WASDE-671-V2:de983bfa4a5f,671,2026-05-12,May 2026,2026-05-12T16:00:00Z,2026-05-14T03:59:59Z,conservative end of corrected V2 embedded release date in America/New_York; exact repost time unavailable,2026-08-20T15:50:03Z,WASDE-671-V2,true,usda_wasde_671_v2_de983bfa4a5f,https://www.usda.gov/sites/default/files/documents/oce-wasde-report-data-2026-05-V2.csv,de983bfa4a5f8103a06ca6119e706cff3e018a9e02f2ab57aed42cc9bcc263c6,U.S. Sugar Supply and Use,Sugar,United States,2026/27,Proj.,Non-program,1538.00,1538,"1000 Short Tons, Raw Value","1000 Short Tons, Raw Value",
WASDE-671-V2:de983bfa4a5f,671,2026-05-12,May 2026,2026-05-12T16:00:00Z,2026-05-14T03:59:59Z,conservative end of corrected V2 embedded release date in America/New_York; exact repost time unavailable,2026-08-20T15:50:03Z,WASDE-671-V2,true,usda_wasde_671_v2_de983bfa4a5f,https://www.usda.gov/sites/default/files/documents/oce-wasde-report-data-2026-05-V2.csv,de983bfa4a5f8103a06ca6119e706cff3e018a9e02f2ab57aed42cc9bcc263c6,U.S. Sugar Supply and Use,Sugar,United States,2026/27,Proj.,Other Program,300.00,300,"1000 Short Tons, Raw Value","1000 Short Tons, Raw Value",
WASDE-671-V2:de983bfa4a5f,671,2026-05-12,May 2026,2026-05-12T16:00:00Z,2026-05-14T03:59:59Z,conservative end of corrected V2 embedded release date in America/New_York; exact repost time unavailable,2026-08-20T15:50:03Z,WASDE-671-V2,true,usda_wasde_671_v2_de983bfa4a5f,https://www.usda.gov/sites/default/files/documents/oce-wasde-report-data-2026-05-V2.csv,de983bfa4a5f8103a06ca6119e706cff3e018a9e02f2ab57aed42cc9bcc263c6,U.S. Sugar Supply and Use,Sugar,United States,2026/27,Proj.,Production,8810.00,8810,"1000 Short Tons, Raw Value","1000 Short Tons, Raw Value",
WASDE-671-V2:de983bfa4a5f,671,2026-05-12,May 2026,2026-05-12T16:00:00Z,2026-05-14T03:59:59Z,conservative end of corrected V2 embedded release date in America/New_York; exact repost time unavailable,2026-08-20T15:50:03Z,WASDE-671-V2,true,usda_wasde_671_v2_de983bfa4a5f,https://www.usda.gov/sites/default/files/documents/oce-wasde-report-data-2026-05-V2.csv,de983bfa4a5f8103a06ca6119e706cff3e018a9e02f2ab57aed42cc9bcc263c6,U.S. Sugar Supply and Use,Sugar,United States,2026/27,Proj.,Stocks to Use Ratio,13.50,13.5,"1000 Short Tons, Raw Value",Percent,USDA historical CSV labels Stocks to Use Ratio with the table's tonnage unit; value is normalized as percent while the raw unit is retained.
WASDE-671-V2:de983bfa4a5f,671,2026-05-12,May 2026,2026-05-12T16:00:00Z,2026-05-14T03:59:59Z,conservative end of corrected V2 embedded release date in America/New_York; exact repost time unavailable,2026-08-20T15:50:03Z,WASDE-671-V2,true,usda_wasde_671_v2_de983bfa4a5f,https://www.usda.gov/sites/default/files/documents/oce-wasde-report-data-2026-05-V2.csv,de983bfa4a5f8103a06ca6119e706cff3e018a9e02f2ab57aed42cc9bcc263c6,U.S. Sugar Supply and Use,Sugar,United States,2026/27,Proj.,TRQ,1422.00,1422,"1000 Short Tons, Raw Value","1000 Short Tons, Raw Value",
WASDE-671-V2:de983bfa4a5f,671,2026-05-12,May 2026,2026-05-12T16:00:00Z,2026-05-14T03:59:59Z,conservative end of corrected V2 embedded release date in America/New_York; exact repost time unavailable,2026-08-20T15:50:03Z,WASDE-671-V2,true,usda_wasde_671_v2_de983bfa4a5f,https://www.usda.gov/sites/default/files/documents/oce-wasde-report-data-2026-05-V2.csv,de983bfa4a5f8103a06ca6119e706cff3e018a9e02f2ab57aed42cc9bcc263c6,U.S. Sugar Supply and Use,Sugar,United States,2026/27,Proj.,Texas,.00,0,"1000 Short Tons, Raw Value","1000 Short Tons, Raw Value",
WASDE-671-V2:de983bfa4a5f,671,2026-05-12,May 2026,2026-05-12T16:00:00Z,2026-05-14T03:59:59Z,conservative end of corrected V2 embedded release date in America/New_York; exact repost time unavailable,2026-08-20T15:50:03Z,WASDE-671-V2,true,usda_wasde_671_v2_de983bfa4a5f,https://www.usda.gov/sites/default/files/documents/oce-wasde-report-data-2026-05-V2.csv,de983bfa4a5f8103a06ca6119e706cff3e018a9e02f2ab57aed42cc9bcc263c6,U.S. Sugar Supply and Use,Sugar,United States,2026/27,Proj.,Total Supply,14062.00,14062,"1000 Short Tons, Raw Value","1000 Short Tons, Raw Value",
WASDE-671-V2:de983bfa4a5f,671,2026-05-12,May 2026,2026-05-12T16:00:00Z,2026-05-14T03:59:59Z,conservative end of corrected V2 embedded release date in America/New_York; exact repost time unavailable,2026-08-20T15:50:03Z,WASDE-671-V2,true,usda_wasde_671_v2_de983bfa4a5f,https://www.usda.gov/sites/default/files/documents/oce-wasde-report-data-2026-05-V2.csv,de983bfa4a5f8103a06ca6119e706cff3e018a9e02f2ab57aed42cc9bcc263c6,U.S. Sugar Supply and Use,Sugar,United States,2026/27,Proj.,Total Use,12389.00,12389,"1000 Short Tons, Raw Value","1000 Short Tons, Raw Value",
WASDE-672-V2:d14f9e19550c,672,2026-06-11,June 2026,2026-06-11T16:00:00Z,2026-06-13T03:59:59Z,conservative end of day after original release in America/New_York; June sugar V2 exact repost time unavailable,2026-08-20T15:50:03Z,WASDE-672-V2,true,usda_wasde_672_v2_d14f9e19550c,https://www.usda.gov/sites/default/files/documents/oce-wasde-report-data-2026-06-V2.csv,d14f9e19550cced4ac800bad908bac913f3bed8ea5135305a9e519ff1d45f7c0,Mexico Sugar Supply and Use and High Fructose Corn Syrup Consumption,Sugar,Mexico,2025/26,Est.,Beginning Stocks,1123.00,1123,"1000 Metric Tons, Actual Weight","1000 Metric Tons, Actual Weight",
WASDE-672-V2:d14f9e19550c,672,2026-06-11,June 2026,2026-06-11T16:00:00Z,2026-06-13T03:59:59Z,conservative end of day after original release in America/New_York; June sugar V2 exact repost time unavailable,2026-08-20T15:50:03Z,WASDE-672-V2,true,usda_wasde_672_v2_d14f9e19550c,https://www.usda.gov/sites/default/files/documents/oce-wasde-report-data-2026-06-V2.csv,d14f9e19550cced4ac800bad908bac913f3bed8ea5135305a9e519ff1d45f7c0,Mexico Sugar Supply and Use and High Fructose Corn Syrup Consumption,Sugar,Mexico,2025/26,Est.,Domestic,4297.00,4297,"1000 Metric Tons, Actual Weight","1000 Metric Tons, Actual Weight",
WASDE-672-V2:d14f9e19550c,672,2026-06-11,June 2026,2026-06-11T16:00:00Z,2026-06-13T03:59:59Z,conservative end of day after original release in America/New_York; June sugar V2 exact repost time unavailable,2026-08-20T15:50:03Z,WASDE-672-V2,true,usda_wasde_672_v2_d14f9e19550c,https://www.usda.gov/sites/default/files/documents/oce-wasde-report-data-2026-06-V2.csv,d14f9e19550cced4ac800bad908bac913f3bed8ea5135305a9e519ff1d45f7c0,Mexico Sugar Supply and Use and High Fructose Corn Syrup Consumption,Sugar,Mexico,2025/26,Est.,Ending Stocks,1176.00,1176,"1000 Metric Tons, Actual Weight","1000 Metric Tons, Actual Weight",
WASDE-672-V2:d14f9e19550c,672,2026-06-11,June 2026,2026-06-11T16:00:00Z,2026-06-13T03:59:59Z,conservative end of day after original release in America/New_York; June sugar V2 exact repost time unavailable,2026-08-20T15:50:03Z,WASDE-672-V2,true,usda_wasde_672_v2_d14f9e19550c,https://www.usda.gov/sites/default/files/documents/oce-wasde-report-data-2026-06-V2.csv,d14f9e19550cced4ac800bad908bac913f3bed8ea5135305a9e519ff1d45f7c0,Mexico Sugar Supply and Use and High Fructose Corn Syrup Consumption,Sugar,Mexico,2025/26,Est.,Exports,938.00,938,"1000 Metric Tons, Actual Weight","1000 Metric Tons, Actual Weight",
WASDE-672-V2:d14f9e19550c,672,2026-06-11,June 2026,2026-06-11T16:00:00Z,2026-06-13T03:59:59Z,conservative end of day after original release in America/New_York; June sugar V2 exact repost time unavailable,2026-08-20T15:50:03Z,WASDE-672-V2,true,usda_wasde_672_v2_d14f9e19550c,https://www.usda.gov/sites/default/files/documents/oce-wasde-report-data-2026-06-V2.csv,d14f9e19550cced4ac800bad908bac913f3bed8ea5135305a9e519ff1d45f7c0,Mexico Sugar Supply and Use and High Fructose Corn Syrup Consumption,Sugar,Mexico,2025/26,Est.,Imports,52.00,52,"1000 Metric Tons, Actual Weight","1000 Metric Tons, Actual Weight",
WASDE-672-V2:d14f9e19550c,672,2026-06-11,June 2026,2026-06-11T16:00:00Z,2026-06-13T03:59:59Z,conservative end of day after original release in America/New_York; June sugar V2 exact repost time unavailable,2026-08-20T15:50:03Z,WASDE-672-V2,true,usda_wasde_672_v2_d14f9e19550c,https://www.usda.gov/sites/default/files/documents/oce-wasde-report-data-2026-06-V2.csv,d14f9e19550cced4ac800bad908bac913f3bed8ea5135305a9e519ff1d45f7c0,Mexico Sugar Supply and Use and High Fructose Corn Syrup Consumption,Sugar,Mexico,2025/26,Est.,Production,5236.00,5236,"1000 Metric Tons, Actual Weight","1000 Metric Tons, Actual Weight",
WASDE-672-V2:d14f9e19550c,672,2026-06-11,June 2026,2026-06-11T16:00:00Z,2026-06-13T03:59:59Z,conservative end of day after original release in America/New_York; June sugar V2 exact repost time unavailable,2026-08-20T15:50:03Z,WASDE-672-V2,true,usda_wasde_672_v2_d14f9e19550c,https://www.usda.gov/sites/default/files/documents/oce-wasde-report-data-2026-06-V2.csv,d14f9e19550cced4ac800bad908bac913f3bed8ea5135305a9e519ff1d45f7c0,Mexico Sugar Supply and Use and High Fructose Corn Syrup Consumption,Sugar,Mexico,2026/27,Proj.,Beginning Stocks,1176.00,1176,"1000 Metric Tons, Actual Weight","1000 Metric Tons, Actual Weight",
WASDE-672-V2:d14f9e19550c,672,2026-06-11,June 2026,2026-06-11T16:00:00Z,2026-06-13T03:59:59Z,conservative end of day after original release in America/New_York; June sugar V2 exact repost time unavailable,2026-08-20T15:50:03Z,WASDE-672-V2,true,usda_wasde_672_v2_d14f9e19550c,https://www.usda.gov/sites/default/files/documents/oce-wasde-report-data-2026-06-V2.csv,d14f9e19550cced4ac800bad908bac913f3bed8ea5135305a9e519ff1d45f7c0,Mexico Sugar Supply and Use and High Fructose Corn Syrup Consumption,Sugar,Mexico,2026/27,Proj.,Domestic,4226.00,4226,"1000 Metric Tons, Actual Weight","1000 Metric Tons, Actual Weight",
WASDE-672-V2:d14f9e19550c,672,2026-06-11,June 2026,2026-06-11T16:00:00Z,2026-06-13T03:59:59Z,conservative end of day after original release in America/New_York; June sugar V2 exact repost time unavailable,2026-08-20T15:50:03Z,WASDE-672-V2,true,usda_wasde_672_v2_d14f9e19550c,https://www.usda.gov/sites/default/files/documents/oce-wasde-report-data-2026-06-V2.csv,d14f9e19550cced4ac800bad908bac913f3bed8ea5135305a9e519ff1d45f7c0,Mexico Sugar Supply and Use and High Fructose Corn Syrup Consumption,Sugar,Mexico,2026/27,Proj.,Ending Stocks,1063.00,1063,"1000 Metric Tons, Actual Weight","1000 Metric Tons, Actual Weight",
WASDE-672-V2:d14f9e19550c,672,2026-06-11,June 2026,2026-06-11T16:00:00Z,2026-06-13T03:59:59Z,conservative end of day after original release in America/New_York; June sugar V2 exact repost time unavailable,2026-08-20T15:50:03Z,WASDE-672-V2,true,usda_wasde_672_v2_d14f9e19550c,https://www.usda.gov/sites/default/files/documents/oce-wasde-report-data-2026-06-V2.csv,d14f9e19550cced4ac800bad908bac913f3bed8ea5135305a9e519ff1d45f7c0,Mexico Sugar Supply and Use and High Fructose Corn Syrup Consumption,Sugar,Mexico,2026/27,Proj.,Exports,1198.00,1198,"1000 Metric Tons, Actual Weight","1000 Metric Tons, Actual Weight",
WASDE-672-V2:d14f9e19550c,672,2026-06-11,June 2026,2026-06-11T16:00:00Z,2026-06-13T03:59:59Z,conservative end of day after original release in America/New_York; June sugar V2 exact repost time unavailable,2026-08-20T15:50:03Z,WASDE-672-V2,true,usda_wasde_672_v2_d14f9e19550c,https://www.usda.gov/sites/default/files/documents/oce-wasde-report-data-2026-06-V2.csv,d14f9e19550cced4ac800bad908bac913f3bed8ea5135305a9e519ff1d45f7c0,Mexico Sugar Supply and Use and High Fructose Corn Syrup Consumption,Sugar,Mexico,2026/27,Proj.,Imports,28.00,28,"1000 Metric Tons, Actual Weight","1000 Metric Tons, Actual Weight",
WASDE-672-V2:d14f9e19550c,672,2026-06-11,June 2026,2026-06-11T16:00:00Z,2026-06-13T03:59:59Z,conservative end of day after original release in America/New_York; June sugar V2 exact repost time unavailable,2026-08-20T15:50:03Z,WASDE-672-V2,true,usda_wasde_672_v2_d14f9e19550c,https://www.usda.gov/sites/default/files/documents/oce-wasde-report-data-2026-06-V2.csv,d14f9e19550cced4ac800bad908bac913f3bed8ea5135305a9e519ff1d45f7c0,Mexico Sugar Supply and Use and High Fructose Corn Syrup Consumption,Sugar,Mexico,2026/27,Proj.,Production,5283.00,5283,"1000 Metric Tons, Actual Weight","1000 Metric Tons, Actual Weight",
WASDE-672-V2:d14f9e19550c,672,2026-06-11,June 2026,2026-06-11T16:00:00Z,2026-06-13T03:59:59Z,conservative end of day after original release in America/New_York; June sugar V2 exact repost time unavailable,2026-08-20T15:50:03Z,WASDE-672-V2,true,usda_wasde_672_v2_d14f9e19550c,https://www.usda.gov/sites/default/files/documents/oce-wasde-report-data-2026-06-V2.csv,d14f9e19550cced4ac800bad908bac913f3bed8ea5135305a9e519ff1d45f7c0,U.S. Sugar Supply and Use,Sugar,United States,2024/25,,Beet Sugar,5370.00,5370,"1000 Short Tons, Raw Value","1000 Short Tons, Raw Value",
WASDE-672-V2:d14f9e19550c,672,2026-06-11,June 2026,2026-06-11T16:00:00Z,2026-06-13T03:59:59Z,conservative end of day after original release in America/New_York; June sugar V2 exact repost time unavailable,2026-08-20T15:50:03Z,WASDE-672-V2,true,usda_wasde_672_v2_d14f9e19550c,https://www.usda.gov/sites/default/files/documents/oce-wasde-report-data-2026-06-V2.csv,d14f9e19550cced4ac800bad908bac913f3bed8ea5135305a9e519ff1d45f7c0,U.S. Sugar Supply and Use,Sugar,United States,2024/25,,Beginning Stocks,2220.00,2220,"1000 Short Tons, Raw Value","1000 Short Tons, Raw Value",
WASDE-672-V2:d14f9e19550c,672,2026-06-11,June 2026,2026-06-11T16:00:00Z,2026-06-13T03:59:59Z,conservative end of day after original release in America/New_York; June sugar V2 exact repost time unavailable,2026-08-20T15:50:03Z,WASDE-672-V2,true,usda_wasde_672_v2_d14f9e19550c,https://www.usda.gov/sites/default/files/documents/oce-wasde-report-data-2026-06-V2.csv,d14f9e19550cced4ac800bad908bac913f3bed8ea5135305a9e519ff1d45f7c0,U.S. Sugar Supply and Use,Sugar,United States,2024/25,,Cane Sugar,4027.00,4027,"1000 Short Tons, Raw Value","1000 Short Tons, Raw Value",
WASDE-672-V2:d14f9e19550c,672,2026-06-11,June 2026,2026-06-11T16:00:00Z,2026-06-13T03:59:59Z,conservative end of day after original release in America/New_York; June sugar V2 exact repost time unavailable,2026-08-20T15:50:03Z,WASDE-672-V2,true,usda_wasde_672_v2_d14f9e19550c,https://www.usda.gov/sites/default/files/documents/oce-wasde-report-data-2026-06-V2.csv,d14f9e19550cced4ac800bad908bac913f3bed8ea5135305a9e519ff1d45f7c0,U.S. Sugar Supply and Use,Sugar,United States,2024/25,,Deliveries,12450.00,12450,"1000 Short Tons, Raw Value","1000 Short Tons, Raw Value",
WASDE-672-V2:d14f9e19550c,672,2026-06-11,June 2026,2026-06-11T16:00:00Z,2026-06-13T03:59:59Z,conservative end of day after original release in America/New_York; June sugar V2 exact repost time unavailable,2026-08-20T15:50:03Z,WASDE-672-V2,true,usda_wasde_672_v2_d14f9e19550c,https://www.usda.gov/sites/default/files/documents/oce-wasde-report-data-2026-06-V2.csv,d14f9e19550cced4ac800bad908bac913f3bed8ea5135305a9e519ff1d45f7c0,U.S. Sugar Supply and Use,Sugar,United States,2024/25,,Ending Stocks,2490.00,2490,"1000 Short Tons, Raw Value","1000 Short Tons, Raw Value",
WASDE-672-V2:d14f9e19550c,672,2026-06-11,June 2026,2026-06-11T16:00:00Z,2026-06-13T03:59:59Z,conservative end of day after original release in America/New_York; June sugar V2 exact repost time unavailable,2026-08-20T15:50:03Z,WASDE-672-V2,true,usda_wasde_672_v2_d14f9e19550c,https://www.usda.gov/sites/default/files/documents/oce-wasde-report-data-2026-06-V2.csv,d14f9e19550cced4ac800bad908bac913f3bed8ea5135305a9e519ff1d45f7c0,U.S. Sugar Supply and Use,Sugar,United States,2024/25,,Exports,111.00,111,"1000 Short Tons, Raw Value","1000 Short Tons, Raw Value",
WASDE-672-V2:d14f9e19550c,672,2026-06-11,June 2026,2026-06-11T16:00:00Z,2026-06-13T03:59:59Z,conservative end of day after original release in America/New_York; June sugar V2 exact repost time unavailable,2026-08-20T15:50:03Z,WASDE-672-V2,true,usda_wasde_672_v2_d14f9e19550c,https://www.usda.gov/sites/default/files/documents/oce-wasde-report-data-2026-06-V2.csv,d14f9e19550cced4ac800bad908bac913f3bed8ea5135305a9e519ff1d45f7c0,U.S. Sugar Supply and Use,Sugar,United States,2024/25,,Exports - Other,111.00,111,"1000 Short Tons, Raw Value","1000 Short Tons, Raw Value",
WASDE-672-V2:d14f9e19550c,672,2026-06-11,June 2026,2026-06-11T16:00:00Z,2026-06-13T03:59:59Z,conservative end of day after original release in America/New_York; June sugar V2 exact repost time unavailable,2026-08-20T15:50:03Z,WASDE-672-V2,true,usda_wasde_672_v2_d14f9e19550c,https://www.usda.gov/sites/default/files/documents/oce-wasde-report-data-2026-06-V2.csv,d14f9e19550cced4ac800bad908bac913f3bed8ea5135305a9e519ff1d45f7c0,U.S. Sugar Supply and Use,Sugar,United States,2024/25,,Florida,1932.00,1932,"1000 Short Tons, Raw Value","1000 Short Tons, Raw Value",
WASDE-672-V2:d14f9e19550c,672,2026-06-11,June 2026,2026-06-11T16:00:00Z,2026-06-13T03:59:59Z,conservative end of day after original release in America/New_York; June sugar V2 exact repost time unavailable,2026-08-20T15:50:03Z,WASDE-672-V2,true,usda_wasde_672_v2_d14f9e19550c,https://www.usda.gov/sites/default/files/documents/oce-wasde-report-data-2026-06-V2.csv,d14f9e19550cced4ac800bad908bac913f3bed8ea5135305a9e519ff1d45f7c0,U.S. Sugar Supply and Use,Sugar,United States,2024/25,,Food,12340.00,12340,"1000 Short Tons, Raw Value","1000 Short Tons, Raw Value",
WASDE-672-V2:d14f9e19550c,672,2026-06-11,June 2026,2026-06-11T16:00:00Z,2026-06-13T03:59:59Z,conservative end of day after original release in America/New_York; June sugar V2 exact repost time unavailable,2026-08-20T15:50:03Z,WASDE-672-V2,true,usda_wasde_672_v2_d14f9e19550c,https://www.usda.gov/sites/default/files/documents/oce-wasde-report-data-2026-06-V2.csv,d14f9e19550cced4ac800bad908bac913f3bed8ea5135305a9e519ff1d45f7c0,U.S. Sugar Supply and Use,Sugar,United States,2024/25,,High-tier tariff/other,980.00,980,"1000 Short Tons, Raw Value","1000 Short Tons, Raw Value",
WASDE-672-V2:d14f9e19550c,672,2026-06-11,June 2026,2026-06-11T16:00:00Z,2026-06-13T03:59:59Z,conservative end of day after original release in America/New_York; June sugar V2 exact repost time unavailable,2026-08-20T15:50:03Z,WASDE-672-V2,true,usda_wasde_672_v2_d14f9e19550c,https://www.usda.gov/sites/default/files/documents/oce-wasde-report-data-2026-06-V2.csv,d14f9e19550cced4ac800bad908bac913f3bed8ea5135305a9e519ff1d45f7c0,U.S. Sugar Supply and Use,Sugar,United States,2024/25,,Imports,3393.00,3393,"1000 Short Tons, Raw Value","1000 Short Tons, Raw Value",
WASDE-672-V2:d14f9e19550c,672,2026-06-11,June 2026,2026-06-11T16:00:00Z,2026-06-13T03:59:59Z,conservative end of day after original release in America/New_York; June sugar V2 exact repost time unavailable,2026-08-20T15:50:03Z,WASDE-672-V2,true,usda_wasde_672_v2_d14f9e19550c,https://www.usda.gov/sites/default/files/documents/oce-wasde-report-data-2026-06-V2.csv,d14f9e19550cced4ac800bad908bac913f3bed8ea5135305a9e519ff1d45f7c0,U.S. Sugar Supply and Use,Sugar,United States,2024/25,,Louisiana,2095.00,2095,"1000 Short Tons, Raw Value","1000 Short Tons, Raw Value",
WASDE-672-V2:d14f9e19550c,672,2026-06-11,June 2026,2026-06-11T16:00:00Z,2026-06-13T03:59:59Z,conservative end of day after original release in America/New_York; June sugar V2 exact repost time unavailable,2026-08-20T15:50:03Z,WASDE-672-V2,true,usda_wasde_672_v2_d14f9e19550c,https://www.usda.gov/sites/default/files/documents/oce-wasde-report-data-2026-06-V2.csv,d14f9e19550cced4ac800bad908bac913f3bed8ea5135305a9e519ff1d45f7c0,U.S. Sugar Supply and Use,Sugar,United States,2024/25,,Mexico,504.00,504,"1000 Short Tons, Raw Value","1000 Short Tons, Raw Value",
WASDE-672-V2:d14f9e19550c,672,2026-06-11,June 2026,2026-06-11T16:00:00Z,2026-06-13T03:59:59Z,conservative end of day after original release in America/New_York; June sugar V2 exact repost time unavailable,2026-08-20T15:50:03Z,WASDE-672-V2,true,usda_wasde_672_v2_d14f9e19550c,https://www.usda.gov/sites/default/files/documents/oce-wasde-report-data-2026-06-V2.csv,d14f9e19550cced4ac800bad908bac913f3bed8ea5135305a9e519ff1d45f7c0,U.S. Sugar Supply and Use,Sugar,United States,2024/25,,Miscellaneous,-41.00,-41,"1000 Short Tons, Raw Value","1000 Short Tons, Raw Value",
WASDE-672-V2:d14f9e19550c,672,2026-06-11,June 2026,2026-06-11T16:00:00Z,2026-06-13T03:59:59Z,conservative end of day after original release in America/New_York; June sugar V2 exact repost time unavailable,2026-08-20T15:50:03Z,WASDE-672-V2,true,usda_wasde_672_v2_d14f9e19550c,https://www.usda.gov/sites/default/files/documents/oce-wasde-report-data-2026-06-V2.csv,d14f9e19550cced4ac800bad908bac913f3bed8ea5135305a9e519ff1d45f7c0,U.S. Sugar Supply and Use,Sugar,United States,2024/25,,Non-program,1485.00,1485,"1000 Short Tons, Raw Value","1000 Short Tons, Raw Value",
WASDE-672-V2:d14f9e19550c,672,2026-06-11,June 2026,2026-06-11T16:00:00Z,2026-06-13T03:59:59Z,conservative end of day after original release in America/New_York; June sugar V2 exact repost time unavailable,2026-08-20T15:50:03Z,WASDE-672-V2,true,usda_wasde_672_v2_d14f9e19550c,https://www.usda.gov/sites/default/files/documents/oce-wasde-report-data-2026-06-V2.csv,d14f9e19550cced4ac800bad908bac913f3bed8ea5135305a9e519ff1d45f7c0,U.S. Sugar Supply and Use,Sugar,United States,2024/25,,Other Program,373.00,373,"1000 Short Tons, Raw Value","1000 Short Tons, Raw Value",
WASDE-672-V2:d14f9e19550c,672,2026-06-11,June 2026,2026-06-11T16:00:00Z,2026-06-13T03:59:59Z,conservative end of day after original release in America/New_York; June sugar V2 exact repost time unavailable,2026-08-20T15:50:03Z,WASDE-672-V2,true,usda_wasde_672_v2_d14f9e19550c,https://www.usda.gov/sites/default/files/documents/oce-wasde-report-data-2026-06-V2.csv,d14f9e19550cced4ac800bad908bac913f3bed8ea5135305a9e519ff1d45f7c0,U.S. Sugar Supply and Use,Sugar,United States,2024/25,,Production,9397.00,9397,"1000 Short Tons, Raw Value","1000 Short Tons, Raw Value",
WASDE-672-V2:d14f9e19550c,672,2026-06-11,June 2026,2026-06-11T16:00:00Z,2026-06-13T03:59:59Z,conservative end of day after original release in America/New_York; June sugar V2 exact repost time unavailable,2026-08-20T15:50:03Z,WASDE-672-V2,true,usda_wasde_672_v2_d14f9e19550c,https://www.usda.gov/sites/default/files/documents/oce-wasde-report-data-2026-06-V2.csv,d14f9e19550cced4ac800bad908bac913f3bed8ea5135305a9e519ff1d45f7c0,U.S. Sugar Supply and Use,Sugar,United States,2024/25,,Stocks to Use Ratio,19.90,19.9,"1000 Short Tons, Raw Value",Percent,USDA historical CSV labels Stocks to Use Ratio with the table's tonnage unit; value is normalized as percent while the raw unit is retained.
WASDE-672-V2:d14f9e19550c,672,2026-06-11,June 2026,2026-06-11T16:00:00Z,2026-06-13T03:59:59Z,conservative end of day after original release in America/New_York; June sugar V2 exact repost time unavailable,2026-08-20T15:50:03Z,WASDE-672-V2,true,usda_wasde_672_v2_d14f9e19550c,https://www.usda.gov/sites/default/files/documents/oce-wasde-report-data-2026-06-V2.csv,d14f9e19550cced4ac800bad908bac913f3bed8ea5135305a9e519ff1d45f7c0,U.S. Sugar Supply and Use,Sugar,United States,2024/25,,TRQ,1534.00,1534,"1000 Short Tons, Raw Value","1000 Short Tons, Raw Value",
WASDE-672-V2:d14f9e19550c,672,2026-06-11,June 2026,2026-06-11T16:00:00Z,2026-06-13T03:59:59Z,conservative end of day after original release in America/New_York; June sugar V2 exact repost time unavailable,2026-08-20T15:50:03Z,WASDE-672-V2,true,usda_wasde_672_v2_d14f9e19550c,https://www.usda.gov/sites/default/files/documents/oce-wasde-report-data-2026-06-V2.csv,d14f9e19550cced4ac800bad908bac913f3bed8ea5135305a9e519ff1d45f7c0,U.S. Sugar Supply and Use,Sugar,United States,2024/25,,Texas,.00,0,"1000 Short Tons, Raw Value","1000 Short Tons, Raw Value",
WASDE-672-V2:d14f9e19550c,672,2026-06-11,June 2026,2026-06-11T16:00:00Z,2026-06-13T03:59:59Z,conservative end of day after original release in America/New_York; June sugar V2 exact repost time unavailable,2026-08-20T15:50:03Z,WASDE-672-V2,true,usda_wasde_672_v2_d14f9e19550c,https://www.usda.gov/sites/default/files/documents/oce-wasde-report-data-2026-06-V2.csv,d14f9e19550cced4ac800bad908bac913f3bed8ea5135305a9e519ff1d45f7c0,U.S. Sugar Supply and Use,Sugar,United States,2024/25,,Total Supply,15009.00,15009,"1000 Short Tons, Raw Value","1000 Short Tons, Raw Value",
WASDE-672-V2:d14f9e19550c,672,2026-06-11,June 2026,2026-06-11T16:00:00Z,2026-06-13T03:59:59Z,conservative end of day after original release in America/New_York; June sugar V2 exact repost time unavailable,2026-08-20T15:50:03Z,WASDE-672-V2,true,usda_wasde_672_v2_d14f9e19550c,https://www.usda.gov/sites/default/files/documents/oce-wasde-report-data-2026-06-V2.csv,d14f9e19550cced4ac800bad908bac913f3bed8ea5135305a9e519ff1d45f7c0,U.S. Sugar Supply and Use,Sugar,United States,2024/25,,Total Use,12520.00,12520,"1000 Short Tons, Raw Value","1000 Short Tons, Raw Value",
WASDE-672-V2:d14f9e19550c,672,2026-06-11,June 2026,2026-06-11T16:00:00Z,2026-06-13T03:59:59Z,conservative end of day after original release in America/New_York; June sugar V2 exact repost time unavailable,2026-08-20T15:50:03Z,WASDE-672-V2,true,usda_wasde_672_v2_d14f9e19550c,https://www.usda.gov/sites/default/files/documents/oce-wasde-report-data-2026-06-V2.csv,d14f9e19550cced4ac800bad908bac913f3bed8ea5135305a9e519ff1d45f7c0,U.S. Sugar Supply and Use,Sugar,United States,2025/26,Est.,Beet Sugar,5009.00,5009,"1000 Short Tons, Raw Value","1000 Short Tons, Raw Value",
WASDE-672-V2:d14f9e19550c,672,2026-06-11,June 2026,2026-06-11T16:00:00Z,2026-06-13T03:59:59Z,conservative end of day after original release in America/New_York; June sugar V2 exact repost time unavailable,2026-08-20T15:50:03Z,WASDE-672-V2,true,usda_wasde_672_v2_d14f9e19550c,https://www.usda.gov/sites/default/files/documents/oce-wasde-report-data-2026-06-V2.csv,d14f9e19550cced4ac800bad908bac913f3bed8ea5135305a9e519ff1d45f7c0,U.S. Sugar Supply and Use,Sugar,United States,2025/26,Est.,Beginning Stocks,2490.00,2490,"1000 Short Tons, Raw Value","1000 Short Tons, Raw Value",
WASDE-672-V2:d14f9e19550c,672,2026-06-11,June 2026,2026-06-11T16:00:00Z,2026-06-13T03:59:59Z,conservative end of day after original release in America/New_York; June sugar V2 exact repost time unavailable,2026-08-20T15:50:03Z,WASDE-672-V2,true,usda_wasde_672_v2_d14f9e19550c,https://www.usda.gov/sites/default/files/documents/oce-wasde-report-data-2026-06-V2.csv,d14f9e19550cced4ac800bad908bac913f3bed8ea5135305a9e519ff1d45f7c0,U.S. Sugar Supply and Use,Sugar,United States,2025/26,Est.,Cane Sugar,4214.00,4214,"1000 Short Tons, Raw Value","1000 Short Tons, Raw Value",
WASDE-672-V2:d14f9e19550c,672,2026-06-11,June 2026,2026-06-11T16:00:00Z,2026-06-13T03:59:59Z,conservative end of day after original release in America/New_York; June sugar V2 exact repost time unavailable,2026-08-20T15:50:03Z,WASDE-672-V2,true,usda_wasde_672_v2_d14f9e19550c,https://www.usda.gov/sites/default/files/documents/oce-wasde-report-data-2026-06-V2.csv,d14f9e19550cced4ac800bad908bac913f3bed8ea5135305a9e519ff1d45f7c0,U.S. Sugar Supply and Use,Sugar,United States,2025/26,Est.,Deliveries,12490.00,12490,"1000 Short Tons, Raw Value","1000 Short Tons, Raw Value",
WASDE-672-V2:d14f9e19550c,672,2026-06-11,June 2026,2026-06-11T16:00:00Z,2026-06-13T03:59:59Z,conservative end of day after original release in America/New_York; June sugar V2 exact repost time unavailable,2026-08-20T15:50:03Z,WASDE-672-V2,true,usda_wasde_672_v2_d14f9e19550c,https://www.usda.gov/sites/default/files/documents/oce-wasde-report-data-2026-06-V2.csv,d14f9e19550cced4ac800bad908bac913f3bed8ea5135305a9e519ff1d45f7c0,U.S. Sugar Supply and Use,Sugar,United States,2025/26,Est.,Ending Stocks,1851.00,1851,"1000 Short Tons, Raw Value","1000 Short Tons, Raw Value",
WASDE-672-V2:d14f9e19550c,672,2026-06-11,June 2026,2026-06-11T16:00:00Z,2026-06-13T03:59:59Z,conservative end of day after original release in America/New_York; June sugar V2 exact repost time unavailable,2026-08-20T15:50:03Z,WASDE-672-V2,true,usda_wasde_672_v2_d14f9e19550c,https://www.usda.gov/sites/default/files/documents/oce-wasde-report-data-2026-06-V2.csv,d14f9e19550cced4ac800bad908bac913f3bed8ea5135305a9e519ff1d45f7c0,U.S. Sugar Supply and Use,Sugar,United States,2025/26,Est.,Exports,25.00,25,"1000 Short Tons, Raw Value","1000 Short Tons, Raw Value",
WASDE-672-V2:d14f9e19550c,672,2026-06-11,June 2026,2026-06-11T16:00:00Z,2026-06-13T03:59:59Z,conservative end of day after original release in America/New_York; June sugar V2 exact repost time unavailable,2026-08-20T15:50:03Z,WASDE-672-V2,true,usda_wasde_672_v2_d14f9e19550c,https://www.usda.gov/sites/default/files/documents/oce-wasde-report-data-2026-06-V2.csv,d14f9e19550cced4ac800bad908bac913f3bed8ea5135305a9e519ff1d45f7c0,U.S. Sugar Supply and Use,Sugar,United States,2025/26,Est.,Exports - Other,105.00,105,"1000 Short Tons, Raw Value","1000 Short Tons, Raw Value",
WASDE-672-V2:d14f9e19550c,672,2026-06-11,June 2026,2026-06-11T16:00:00Z,2026-06-13T03:59:59Z,conservative end of day after original release in America/New_York; June sugar V2 exact repost time unavailable,2026-08-20T15:50:03Z,WASDE-672-V2,true,usda_wasde_672_v2_d14f9e19550c,https://www.usda.gov/sites/default/files/documents/oce-wasde-report-data-2026-06-V2.csv,d14f9e19550cced4ac800bad908bac913f3bed8ea5135305a9e519ff1d45f7c0,U.S. Sugar Supply and Use,Sugar,United States,2025/26,Est.,Florida,1983.00,1983,"1000 Short Tons, Raw Value","1000 Short Tons, Raw Value",
WASDE-672-V2:d14f9e19550c,672,2026-06-11,June 2026,2026-06-11T16:00:00Z,2026-06-13T03:59:59Z,conservative end of day after original release in America/New_York; June sugar V2 exact repost time unavailable,2026-08-20T15:50:03Z,WASDE-672-V2,true,usda_wasde_672_v2_d14f9e19550c,https://www.usda.gov/sites/default/files/documents/oce-wasde-report-data-2026-06-V2.csv,d14f9e19550cced4ac800bad908bac913f3bed8ea5135305a9e519ff1d45f7c0,U.S. Sugar Supply and Use,Sugar,United States,2025/26,Est.,Food,12385.00,12385,"1000 Short Tons, Raw Value","1000 Short Tons, Raw Value",
WASDE-672-V2:d14f9e19550c,672,2026-06-11,June 2026,2026-06-11T16:00:00Z,2026-06-13T03:59:59Z,conservative end of day after original release in America/New_York; June sugar V2 exact repost time unavailable,2026-08-20T15:50:03Z,WASDE-672-V2,true,usda_wasde_672_v2_d14f9e19550c,https://www.usda.gov/sites/default/files/documents/oce-wasde-report-data-2026-06-V2.csv,d14f9e19550cced4ac800bad908bac913f3bed8ea5135305a9e519ff1d45f7c0,U.S. Sugar Supply and Use,Sugar,United States,2025/26,Est.,High-tier tariff/other,817.00,817,"1000 Short Tons, Raw Value","1000 Short Tons, Raw Value",
WASDE-672-V2:d14f9e19550c,672,2026-06-11,June 2026,2026-06-11T16:00:00Z,2026-06-13T03:59:59Z,conservative end of day after original release in America/New_York; June sugar V2 exact repost time unavailable,2026-08-20T15:50:03Z,WASDE-672-V2,true,usda_wasde_672_v2_d14f9e19550c,https://www.usda.gov/sites/default/files/documents/oce-wasde-report-data-2026-06-V2.csv,d14f9e19550cced4ac800bad908bac913f3bed8ea5135305a9e519ff1d45f7c0,U.S. Sugar Supply and Use,Sugar,United States,2025/26,Est.,Imports,2653.00,2653,"1000 Short Tons, Raw Value","1000 Short Tons, Raw Value",
WASDE-672-V2:d14f9e19550c,672,2026-06-11,June 2026,2026-06-11T16:00:00Z,2026-06-13T03:59:59Z,conservative end of day after original release in America/New_York; June sugar V2 exact repost time unavailable,2026-08-20T15:50:03Z,WASDE-672-V2,true,usda_wasde_672_v2_d14f9e19550c,https://www.usda.gov/sites/default/files/documents/oce-wasde-report-data-2026-06-V2.csv,d14f9e19550cced4ac800bad908bac913f3bed8ea5135305a9e519ff1d45f7c0,U.S. Sugar Supply and Use,Sugar,United States,2025/26,Est.,Louisiana,2232.00,2232,"1000 Short Tons, Raw Value","1000 Short Tons, Raw Value",
WASDE-672-V2:d14f9e19550c,672,2026-06-11,June 2026,2026-06-11T16:00:00Z,2026-06-13T03:59:59Z,conservative end of day after original release in America/New_York; June sugar V2 exact repost time unavailable,2026-08-20T15:50:03Z,WASDE-672-V2,true,usda_wasde_672_v2_d14f9e19550c,https://www.usda.gov/sites/default/files/documents/oce-wasde-report-data-2026-06-V2.csv,d14f9e19550cced4ac800bad908bac913f3bed8ea5135305a9e519ff1d45f7c0,U.S. Sugar Supply and Use,Sugar,United States,2025/26,Est.,Mexico,220.00,220,"1000 Short Tons, Raw Value","1000 Short Tons, Raw Value",
WASDE-672-V2:d14f9e19550c,672,2026-06-11,June 2026,2026-06-11T16:00:00Z,2026-06-13T03:59:59Z,conservative end of day after original release in America/New_York; June sugar V2 exact repost time unavailable,2026-08-20T15:50:03Z,WASDE-672-V2,true,usda_wasde_672_v2_d14f9e19550c,https://www.usda.gov/sites/default/files/documents/oce-wasde-report-data-2026-06-V2.csv,d14f9e19550cced4ac800bad908bac913f3bed8ea5135305a9e519ff1d45f7c0,U.S. Sugar Supply and Use,Sugar,United States,2025/26,Est.,Miscellaneous,.00,0,"1000 Short Tons, Raw Value","1000 Short Tons, Raw Value",
WASDE-672-V2:d14f9e19550c,672,2026-06-11,June 2026,2026-06-11T16:00:00Z,2026-06-13T03:59:59Z,conservative end of day after original release in America/New_York; June sugar V2 exact repost time unavailable,2026-08-20T15:50:03Z,WASDE-672-V2,true,usda_wasde_672_v2_d14f9e19550c,https://www.usda.gov/sites/default/files/documents/oce-wasde-report-data-2026-06-V2.csv,d14f9e19550cced4ac800bad908bac913f3bed8ea5135305a9e519ff1d45f7c0,U.S. Sugar Supply and Use,Sugar,United States,2025/26,Est.,Non-program,1037.00,1037,"1000 Short Tons, Raw Value","1000 Short Tons, Raw Value",
WASDE-672-V2:d14f9e19550c,672,2026-06-11,June 2026,2026-06-11T16:00:00Z,2026-06-13T03:59:59Z,conservative end of day after original release in America/New_York; June sugar V2 exact repost time unavailable,2026-08-20T15:50:03Z,WASDE-672-V2,true,usda_wasde_672_v2_d14f9e19550c,https://www.usda.gov/sites/default/files/documents/oce-wasde-report-data-2026-06-V2.csv,d14f9e19550cced4ac800bad908bac913f3bed8ea5135305a9e519ff1d45f7c0,U.S. Sugar Supply and Use,Sugar,United States,2025/26,Est.,Other Program,300.00,300,"1000 Short Tons, Raw Value","1000 Short Tons, Raw Value",
WASDE-672-V2:d14f9e19550c,672,2026-06-11,June 2026,2026-06-11T16:00:00Z,2026-06-13T03:59:59Z,conservative end of day after original release in America/New_York; June sugar V2 exact repost time unavailable,2026-08-20T15:50:03Z,WASDE-672-V2,true,usda_wasde_672_v2_d14f9e19550c,https://www.usda.gov/sites/default/files/documents/oce-wasde-report-data-2026-06-V2.csv,d14f9e19550cced4ac800bad908bac913f3bed8ea5135305a9e519ff1d45f7c0,U.S. Sugar Supply and Use,Sugar,United States,2025/26,Est.,Production,9223.00,9223,"1000 Short Tons, Raw Value","1000 Short Tons, Raw Value",
WASDE-672-V2:d14f9e19550c,672,2026-06-11,June 2026,2026-06-11T16:00:00Z,2026-06-13T03:59:59Z,conservative end of day after original release in America/New_York; June sugar V2 exact repost time unavailable,2026-08-20T15:50:03Z,WASDE-672-V2,true,usda_wasde_672_v2_d14f9e19550c,https://www.usda.gov/sites/default/files/documents/oce-wasde-report-data-2026-06-V2.csv,d14f9e19550cced4ac800bad908bac913f3bed8ea5135305a9e519ff1d45f7c0,U.S. Sugar Supply and Use,Sugar,United States,2025/26,Est.,Stocks to Use Ratio,14.80,14.8,"1000 Short Tons, Raw Value",Percent,USDA historical CSV labels Stocks to Use Ratio with the table's tonnage unit; value is normalized as percent while the raw unit is retained.
WASDE-672-V2:d14f9e19550c,672,2026-06-11,June 2026,2026-06-11T16:00:00Z,2026-06-13T03:59:59Z,conservative end of day after original release in America/New_York; June sugar V2 exact repost time unavailable,2026-08-20T15:50:03Z,WASDE-672-V2,true,usda_wasde_672_v2_d14f9e19550c,https://www.usda.gov/sites/default/files/documents/oce-wasde-report-data-2026-06-V2.csv,d14f9e19550cced4ac800bad908bac913f3bed8ea5135305a9e519ff1d45f7c0,U.S. Sugar Supply and Use,Sugar,United States,2025/26,Est.,TRQ,1316.00,1316,"1000 Short Tons, Raw Value","1000 Short Tons, Raw Value",
WASDE-672-V2:d14f9e19550c,672,2026-06-11,June 2026,2026-06-11T16:00:00Z,2026-06-13T03:59:59Z,conservative end of day after original release in America/New_York; June sugar V2 exact repost time unavailable,2026-08-20T15:50:03Z,WASDE-672-V2,true,usda_wasde_672_v2_d14f9e19550c,https://www.usda.gov/sites/default/files/documents/oce-wasde-report-data-2026-06-V2.csv,d14f9e19550cced4ac800bad908bac913f3bed8ea5135305a9e519ff1d45f7c0,U.S. Sugar Supply and Use,Sugar,United States,2025/26,Est.,Texas,.00,0,"1000 Short Tons, Raw Value","1000 Short Tons, Raw Value",
WASDE-672-V2:d14f9e19550c,672,2026-06-11,June 2026,2026-06-11T16:00:00Z,2026-06-13T03:59:59Z,conservative end of day after original release in America/New_York; June sugar V2 exact repost time unavailable,2026-08-20T15:50:03Z,WASDE-672-V2,true,usda_wasde_672_v2_d14f9e19550c,https://www.usda.gov/sites/default/files/documents/oce-wasde-report-data-2026-06-V2.csv,d14f9e19550cced4ac800bad908bac913f3bed8ea5135305a9e519ff1d45f7c0,U.S. Sugar Supply and Use,Sugar,United States,2025/26,Est.,Total Supply,14366.00,14366,"1000 Short Tons, Raw Value","1000 Short Tons, Raw Value",
WASDE-672-V2:d14f9e19550c,672,2026-06-11,June 2026,2026-06-11T16:00:00Z,2026-06-13T03:59:59Z,conservative end of day after original release in America/New_York; June sugar V2 exact repost time unavailable,2026-08-20T15:50:03Z,WASDE-672-V2,true,usda_wasde_672_v2_d14f9e19550c,https://www.usda.gov/sites/default/files/documents/oce-wasde-report-data-2026-06-V2.csv,d14f9e19550cced4ac800bad908bac913f3bed8ea5135305a9e519ff1d45f7c0,U.S. Sugar Supply and Use,Sugar,United States,2025/26,Est.,Total Use,12515.00,12515,"1000 Short Tons, Raw Value","1000 Short Tons, Raw Value",
WASDE-672-V2:d14f9e19550c,672,2026-06-11,June 2026,2026-06-11T16:00:00Z,2026-06-13T03:59:59Z,conservative end of day after original release in America/New_York; June sugar V2 exact repost time unavailable,2026-08-20T15:50:03Z,WASDE-672-V2,true,usda_wasde_672_v2_d14f9e19550c,https://www.usda.gov/sites/default/files/documents/oce-wasde-report-data-2026-06-V2.csv,d14f9e19550cced4ac800bad908bac913f3bed8ea5135305a9e519ff1d45f7c0,U.S. Sugar Supply and Use,Sugar,United States,2026/27,Proj.,Beet Sugar,4939.00,4939,"1000 Short Tons, Raw Value","1000 Short Tons, Raw Value",
WASDE-672-V2:d14f9e19550c,672,2026-06-11,June 2026,2026-06-11T16:00:00Z,2026-06-13T03:59:59Z,conservative end of day after original release in America/New_York; June sugar V2 exact repost time unavailable,2026-08-20T15:50:03Z,WASDE-672-V2,true,usda_wasde_672_v2_d14f9e19550c,https://www.usda.gov/sites/default/files/documents/oce-wasde-report-data-2026-06-V2.csv,d14f9e19550cced4ac800bad908bac913f3bed8ea5135305a9e519ff1d45f7c0,U.S. Sugar Supply and Use,Sugar,United States,2026/27,Proj.,Beginning Stocks,1851.00,1851,"1000 Short Tons, Raw Value","1000 Short Tons, Raw Value",
WASDE-672-V2:d14f9e19550c,672,2026-06-11,June 2026,2026-06-11T16:00:00Z,2026-06-13T03:59:59Z,conservative end of day after original release in America/New_York; June sugar V2 exact repost time unavailable,2026-08-20T15:50:03Z,WASDE-672-V2,true,usda_wasde_672_v2_d14f9e19550c,https://www.usda.gov/sites/default/files/documents/oce-wasde-report-data-2026-06-V2.csv,d14f9e19550cced4ac800bad908bac913f3bed8ea5135305a9e519ff1d45f7c0,U.S. Sugar Supply and Use,Sugar,United States,2026/27,Proj.,Cane Sugar,4125.00,4125,"1000 Short Tons, Raw Value","1000 Short Tons, Raw Value",
WASDE-672-V2:d14f9e19550c,672,2026-06-11,June 2026,2026-06-11T16:00:00Z,2026-06-13T03:59:59Z,conservative end of day after original release in America/New_York; June sugar V2 exact repost time unavailable,2026-08-20T15:50:03Z,WASDE-672-V2,true,usda_wasde_672_v2_d14f9e19550c,https://www.usda.gov/sites/default/files/documents/oce-wasde-report-data-2026-06-V2.csv,d14f9e19550cced4ac800bad908bac913f3bed8ea5135305a9e519ff1d45f7c0,U.S. Sugar Supply and Use,Sugar,United States,2026/27,Proj.,Deliveries,12490.00,12490,"1000 Short Tons, Raw Value","1000 Short Tons, Raw Value",
WASDE-672-V2:d14f9e19550c,672,2026-06-11,June 2026,2026-06-11T16:00:00Z,2026-06-13T03:59:59Z,conservative end of day after original release in America/New_York; June sugar V2 exact repost time unavailable,2026-08-20T15:50:03Z,WASDE-672-V2,true,usda_wasde_672_v2_d14f9e19550c,https://www.usda.gov/sites/default/files/documents/oce-wasde-report-data-2026-06-V2.csv,d14f9e19550cced4ac800bad908bac913f3bed8ea5135305a9e519ff1d45f7c0,U.S. Sugar Supply and Use,Sugar,United States,2026/27,Proj.,Ending Stocks,1660.00,1660,"1000 Short Tons, Raw Value","1000 Short Tons, Raw Value",
WASDE-672-V2:d14f9e19550c,672,2026-06-11,June 2026,2026-06-11T16:00:00Z,2026-06-13T03:59:59Z,conservative end of day after original release in America/New_York; June sugar V2 exact repost time unavailable,2026-08-20T15:50:03Z,WASDE-672-V2,true,usda_wasde_672_v2_d14f9e19550c,https://www.usda.gov/sites/default/files/documents/oce-wasde-report-data-2026-06-V2.csv,d14f9e19550cced4ac800bad908bac913f3bed8ea5135305a9e519ff1d45f7c0,U.S. Sugar Supply and Use,Sugar,United States,2026/27,Proj.,Exports,25.00,25,"1000 Short Tons, Raw Value","1000 Short Tons, Raw Value",
WASDE-672-V2:d14f9e19550c,672,2026-06-11,June 2026,2026-06-11T16:00:00Z,2026-06-13T03:59:59Z,conservative end of day after original release in America/New_York; June sugar V2 exact repost time unavailable,2026-08-20T15:50:03Z,WASDE-672-V2,true,usda_wasde_672_v2_d14f9e19550c,https://www.usda.gov/sites/default/files/documents/oce-wasde-report-data-2026-06-V2.csv,d14f9e19550cced4ac800bad908bac913f3bed8ea5135305a9e519ff1d45f7c0,U.S. Sugar Supply and Use,Sugar,United States,2026/27,Proj.,Exports - Other,105.00,105,"1000 Short Tons, Raw Value","1000 Short Tons, Raw Value",
WASDE-672-V2:d14f9e19550c,672,2026-06-11,June 2026,2026-06-11T16:00:00Z,2026-06-13T03:59:59Z,conservative end of day after original release in America/New_York; June sugar V2 exact repost time unavailable,2026-08-20T15:50:03Z,WASDE-672-V2,true,usda_wasde_672_v2_d14f9e19550c,https://www.usda.gov/sites/default/files/documents/oce-wasde-report-data-2026-06-V2.csv,d14f9e19550cced4ac800bad908bac913f3bed8ea5135305a9e519ff1d45f7c0,U.S. Sugar Supply and Use,Sugar,United States,2026/27,Proj.,Florida,1979.00,1979,"1000 Short Tons, Raw Value","1000 Short Tons, Raw Value",
WASDE-672-V2:d14f9e19550c,672,2026-06-11,June 2026,2026-06-11T16:00:00Z,2026-06-13T03:59:59Z,conservative end of day after original release in America/New_York; June sugar V2 exact repost time unavailable,2026-08-20T15:50:03Z,WASDE-672-V2,true,usda_wasde_672_v2_d14f9e19550c,https://www.usda.gov/sites/default/files/documents/oce-wasde-report-data-2026-06-V2.csv,d14f9e19550cced4ac800bad908bac913f3bed8ea5135305a9e519ff1d45f7c0,U.S. Sugar Supply and Use,Sugar,United States,2026/27,Proj.,Food,12385.00,12385,"1000 Short Tons, Raw Value","1000 Short Tons, Raw Value",
WASDE-672-V2:d14f9e19550c,672,2026-06-11,June 2026,2026-06-11T16:00:00Z,2026-06-13T03:59:59Z,conservative end of day after original release in America/New_York; June sugar V2 exact repost time unavailable,2026-08-20T15:50:03Z,WASDE-672-V2,true,usda_wasde_672_v2_d14f9e19550c,https://www.usda.gov/sites/default/files/documents/oce-wasde-report-data-2026-06-V2.csv,d14f9e19550cced4ac800bad908bac913f3bed8ea5135305a9e519ff1d45f7c0,U.S. Sugar Supply and Use,Sugar,United States,2026/27,Proj.,High-tier tariff/other,492.00,492,"1000 Short Tons, Raw Value","1000 Short Tons, Raw Value",
WASDE-672-V2:d14f9e19550c,672,2026-06-11,June 2026,2026-06-11T16:00:00Z,2026-06-13T03:59:59Z,conservative end of day after original release in America/New_York; June sugar V2 exact repost time unavailable,2026-08-20T15:50:03Z,WASDE-672-V2,true,usda_wasde_672_v2_d14f9e19550c,https://www.usda.gov/sites/default/files/documents/oce-wasde-report-data-2026-06-V2.csv,d14f9e19550cced4ac800bad908bac913f3bed8ea5135305a9e519ff1d45f7c0,U.S. Sugar Supply and Use,Sugar,United States,2026/27,Proj.,Imports,3260.00,3260,"1000 Short Tons, Raw Value","1000 Short Tons, Raw Value",
WASDE-672-V2:d14f9e19550c,672,2026-06-11,June 2026,2026-06-11T16:00:00Z,2026-06-13T03:59:59Z,conservative end of day after original release in America/New_York; June sugar V2 exact repost time unavailable,2026-08-20T15:50:03Z,WASDE-672-V2,true,usda_wasde_672_v2_d14f9e19550c,https://www.usda.gov/sites/default/files/documents/oce-wasde-report-data-2026-06-V2.csv,d14f9e19550cced4ac800bad908bac913f3bed8ea5135305a9e519ff1d45f7c0,U.S. Sugar Supply and Use,Sugar,United States,2026/27,Proj.,Louisiana,2146.00,2146,"1000 Short Tons, Raw Value","1000 Short Tons, Raw Value",
WASDE-672-V2:d14f9e19550c,672,2026-06-11,June 2026,2026-06-11T16:00:00Z,2026-06-13T03:59:59Z,conservative end of day after original release in America/New_York; June sugar V2 exact repost time unavailable,2026-08-20T15:50:03Z,WASDE-672-V2,true,usda_wasde_672_v2_d14f9e19550c,https://www.usda.gov/sites/default/files/documents/oce-wasde-report-data-2026-06-V2.csv,d14f9e19550cced4ac800bad908bac913f3bed8ea5135305a9e519ff1d45f7c0,U.S. Sugar Supply and Use,Sugar,United States,2026/27,Proj.,Mexico,1046.00,1046,"1000 Short Tons, Raw Value","1000 Short Tons, Raw Value",
WASDE-672-V2:d14f9e19550c,672,2026-06-11,June 2026,2026-06-11T16:00:00Z,2026-06-13T03:59:59Z,conservative end of day after original release in America/New_York; June sugar V2 exact repost time unavailable,2026-08-20T15:50:03Z,WASDE-672-V2,true,usda_wasde_672_v2_d14f9e19550c,https://www.usda.gov/sites/default/files/documents/oce-wasde-report-data-2026-06-V2.csv,d14f9e19550cced4ac800bad908bac913f3bed8ea5135305a9e519ff1d45f7c0,U.S. Sugar Supply and Use,Sugar,United States,2026/27,Proj.,Miscellaneous,.00,0,"1000 Short Tons, Raw Value","1000 Short Tons, Raw Value",
WASDE-672-V2:d14f9e19550c,672,2026-06-11,June 2026,2026-06-11T16:00:00Z,2026-06-13T03:59:59Z,conservative end of day after original release in America/New_York; June sugar V2 exact repost time unavailable,2026-08-20T15:50:03Z,WASDE-672-V2,true,usda_wasde_672_v2_d14f9e19550c,https://www.usda.gov/sites/default/files/documents/oce-wasde-report-data-2026-06-V2.csv,d14f9e19550cced4ac800bad908bac913f3bed8ea5135305a9e519ff1d45f7c0,U.S. Sugar Supply and Use,Sugar,United States,2026/27,Proj.,Non-program,1538.00,1538,"1000 Short Tons, Raw Value","1000 Short Tons, Raw Value",
WASDE-672-V2:d14f9e19550c,672,2026-06-11,June 2026,2026-06-11T16:00:00Z,2026-06-13T03:59:59Z,conservative end of day after original release in America/New_York; June sugar V2 exact repost time unavailable,2026-08-20T15:50:03Z,WASDE-672-V2,true,usda_wasde_672_v2_d14f9e19550c,https://www.usda.gov/sites/default/files/documents/oce-wasde-report-data-2026-06-V2.csv,d14f9e19550cced4ac800bad908bac913f3bed8ea5135305a9e519ff1d45f7c0,U.S. Sugar Supply and Use,Sugar,United States,2026/27,Proj.,Other Program,300.00,300,"1000 Short Tons, Raw Value","1000 Short Tons, Raw Value",
WASDE-672-V2:d14f9e19550c,672,2026-06-11,June 2026,2026-06-11T16:00:00Z,2026-06-13T03:59:59Z,conservative end of day after original release in America/New_York; June sugar V2 exact repost time unavailable,2026-08-20T15:50:03Z,WASDE-672-V2,true,usda_wasde_672_v2_d14f9e19550c,https://www.usda.gov/sites/default/files/documents/oce-wasde-report-data-2026-06-V2.csv,d14f9e19550cced4ac800bad908bac913f3bed8ea5135305a9e519ff1d45f7c0,U.S. Sugar Supply and Use,Sugar,United States,2026/27,Proj.,Production,9063.00,9063,"1000 Short Tons, Raw Value","1000 Short Tons, Raw Value",
WASDE-672-V2:d14f9e19550c,672,2026-06-11,June 2026,2026-06-11T16:00:00Z,2026-06-13T03:59:59Z,conservative end of day after original release in America/New_York; June sugar V2 exact repost time unavailable,2026-08-20T15:50:03Z,WASDE-672-V2,true,usda_wasde_672_v2_d14f9e19550c,https://www.usda.gov/sites/default/files/documents/oce-wasde-report-data-2026-06-V2.csv,d14f9e19550cced4ac800bad908bac913f3bed8ea5135305a9e519ff1d45f7c0,U.S. Sugar Supply and Use,Sugar,United States,2026/27,Proj.,Stocks to Use Ratio,13.30,13.3,"1000 Short Tons, Raw Value",Percent,USDA historical CSV labels Stocks to Use Ratio with the table's tonnage unit; value is normalized as percent while the raw unit is retained.
WASDE-672-V2:d14f9e19550c,672,2026-06-11,June 2026,2026-06-11T16:00:00Z,2026-06-13T03:59:59Z,conservative end of day after original release in America/New_York; June sugar V2 exact repost time unavailable,2026-08-20T15:50:03Z,WASDE-672-V2,true,usda_wasde_672_v2_d14f9e19550c,https://www.usda.gov/sites/default/files/documents/oce-wasde-report-data-2026-06-V2.csv,d14f9e19550cced4ac800bad908bac913f3bed8ea5135305a9e519ff1d45f7c0,U.S. Sugar Supply and Use,Sugar,United States,2026/27,Proj.,TRQ,1422.00,1422,"1000 Short Tons, Raw Value","1000 Short Tons, Raw Value",
WASDE-672-V2:d14f9e19550c,672,2026-06-11,June 2026,2026-06-11T16:00:00Z,2026-06-13T03:59:59Z,conservative end of day after original release in America/New_York; June sugar V2 exact repost time unavailable,2026-08-20T15:50:03Z,WASDE-672-V2,true,usda_wasde_672_v2_d14f9e19550c,https://www.usda.gov/sites/default/files/documents/oce-wasde-report-data-2026-06-V2.csv,d14f9e19550cced4ac800bad908bac913f3bed8ea5135305a9e519ff1d45f7c0,U.S. Sugar Supply and Use,Sugar,United States,2026/27,Proj.,Texas,.00,0,"1000 Short Tons, Raw Value","1000 Short Tons, Raw Value",
WASDE-672-V2:d14f9e19550c,672,2026-06-11,June 2026,2026-06-11T16:00:00Z,2026-06-13T03:59:59Z,conservative end of day after original release in America/New_York; June sugar V2 exact repost time unavailable,2026-08-20T15:50:03Z,WASDE-672-V2,true,usda_wasde_672_v2_d14f9e19550c,https://www.usda.gov/sites/default/files/documents/oce-wasde-report-data-2026-06-V2.csv,d14f9e19550cced4ac800bad908bac913f3bed8ea5135305a9e519ff1d45f7c0,U.S. Sugar Supply and Use,Sugar,United States,2026/27,Proj.,Total Supply,14174.00,14174,"1000 Short Tons, Raw Value","1000 Short Tons, Raw Value",
WASDE-672-V2:d14f9e19550c,672,2026-06-11,June 2026,2026-06-11T16:00:00Z,2026-06-13T03:59:59Z,conservative end of day after original release in America/New_York; June sugar V2 exact repost time unavailable,2026-08-20T15:50:03Z,WASDE-672-V2,true,usda_wasde_672_v2_d14f9e19550c,https://www.usda.gov/sites/default/files/documents/oce-wasde-report-data-2026-06-V2.csv,d14f9e19550cced4ac800bad908bac913f3bed8ea5135305a9e519ff1d45f7c0,U.S. Sugar Supply and Use,Sugar,United States,2026/27,Proj.,Total Use,12515.00,12515,"1000 Short Tons, Raw Value","1000 Short Tons, Raw Value",
WASDE-673-V1:67d5cd456b4f,673,2026-07-10,July 2026,2026-07-10T16:00:00Z,2026-07-12T03:59:59Z,conservative end of next calendar day in America/New_York; USDA says consolidated CSV updates the day after WASDE,2026-08-20T15:50:03Z,WASDE-673-V1,false,usda_wasde_673_v1_67d5cd456b4f,https://www.usda.gov/sites/default/files/documents/oce-wasde-report-data-2026-07.csv,67d5cd456b4f6abc3c9a45c64e885869e7a1faacf7c83dd73ed0937fff7f87cf,Mexico Sugar Supply and Use and High Fructose Corn Syrup Consumption,Sugar,Mexico,2025/26,Est.,Beginning Stocks,1123.00,1123,"1000 Metric Tons, Actual Weight","1000 Metric Tons, Actual Weight",
WASDE-673-V1:67d5cd456b4f,673,2026-07-10,July 2026,2026-07-10T16:00:00Z,2026-07-12T03:59:59Z,conservative end of next calendar day in America/New_York; USDA says consolidated CSV updates the day after WASDE,2026-08-20T15:50:03Z,WASDE-673-V1,false,usda_wasde_673_v1_67d5cd456b4f,https://www.usda.gov/sites/default/files/documents/oce-wasde-report-data-2026-07.csv,67d5cd456b4f6abc3c9a45c64e885869e7a1faacf7c83dd73ed0937fff7f87cf,Mexico Sugar Supply and Use and High Fructose Corn Syrup Consumption,Sugar,Mexico,2025/26,Est.,Domestic,4241.00,4241,"1000 Metric Tons, Actual Weight","1000 Metric Tons, Actual Weight",
WASDE-673-V1:67d5cd456b4f,673,2026-07-10,July 2026,2026-07-10T16:00:00Z,2026-07-12T03:59:59Z,conservative end of next calendar day in America/New_York; USDA says consolidated CSV updates the day after WASDE,2026-08-20T15:50:03Z,WASDE-673-V1,false,usda_wasde_673_v1_67d5cd456b4f,https://www.usda.gov/sites/default/files/documents/oce-wasde-report-data-2026-07.csv,67d5cd456b4f6abc3c9a45c64e885869e7a1faacf7c83dd73ed0937fff7f87cf,Mexico Sugar Supply and Use and High Fructose Corn Syrup Consumption,Sugar,Mexico,2025/26,Est.,Ending Stocks,1195.00,1195,"1000 Metric Tons, Actual Weight","1000 Metric Tons, Actual Weight",
WASDE-673-V1:67d5cd456b4f,673,2026-07-10,July 2026,2026-07-10T16:00:00Z,2026-07-12T03:59:59Z,conservative end of next calendar day in America/New_York; USDA says consolidated CSV updates the day after WASDE,2026-08-20T15:50:03Z,WASDE-673-V1,false,usda_wasde_673_v1_67d5cd456b4f,https://www.usda.gov/sites/default/files/documents/oce-wasde-report-data-2026-07.csv,67d5cd456b4f6abc3c9a45c64e885869e7a1faacf7c83dd73ed0937fff7f87cf,Mexico Sugar Supply and Use and High Fructose Corn Syrup Consumption,Sugar,Mexico,2025/26,Est.,Exports,1040.00,1040,"1000 Metric Tons, Actual Weight","1000 Metric Tons, Actual Weight",
WASDE-673-V1:67d5cd456b4f,673,2026-07-10,July 2026,2026-07-10T16:00:00Z,2026-07-12T03:59:59Z,conservative end of next calendar day in America/New_York; USDA says consolidated CSV updates the day after WASDE,2026-08-20T15:50:03Z,WASDE-673-V1,false,usda_wasde_673_v1_67d5cd456b4f,https://www.usda.gov/sites/default/files/documents/oce-wasde-report-data-2026-07.csv,67d5cd456b4f6abc3c9a45c64e885869e7a1faacf7c83dd73ed0937fff7f87cf,Mexico Sugar Supply and Use and High Fructose Corn Syrup Consumption,Sugar,Mexico,2025/26,Est.,Imports,42.00,42,"1000 Metric Tons, Actual Weight","1000 Metric Tons, Actual Weight",
WASDE-673-V1:67d5cd456b4f,673,2026-07-10,July 2026,2026-07-10T16:00:00Z,2026-07-12T03:59:59Z,conservative end of next calendar day in America/New_York; USDA says consolidated CSV updates the day after WASDE,2026-08-20T15:50:03Z,WASDE-673-V1,false,usda_wasde_673_v1_67d5cd456b4f,https://www.usda.gov/sites/default/files/documents/oce-wasde-report-data-2026-07.csv,67d5cd456b4f6abc3c9a45c64e885869e7a1faacf7c83dd73ed0937fff7f87cf,Mexico Sugar Supply and Use and High Fructose Corn Syrup Consumption,Sugar,Mexico,2025/26,Est.,Production,5310.00,5310,"1000 Metric Tons, Actual Weight","1000 Metric Tons, Actual Weight",
WASDE-673-V1:67d5cd456b4f,673,2026-07-10,July 2026,2026-07-10T16:00:00Z,2026-07-12T03:59:59Z,conservative end of next calendar day in America/New_York; USDA says consolidated CSV updates the day after WASDE,2026-08-20T15:50:03Z,WASDE-673-V1,false,usda_wasde_673_v1_67d5cd456b4f,https://www.usda.gov/sites/default/files/documents/oce-wasde-report-data-2026-07.csv,67d5cd456b4f6abc3c9a45c64e885869e7a1faacf7c83dd73ed0937fff7f87cf,Mexico Sugar Supply and Use and High Fructose Corn Syrup Consumption,Sugar,Mexico,2026/27,Proj.,Beginning Stocks,1195.00,1195,"1000 Metric Tons, Actual Weight","1000 Metric Tons, Actual Weight",
WASDE-673-V1:67d5cd456b4f,673,2026-07-10,July 2026,2026-07-10T16:00:00Z,2026-07-12T03:59:59Z,conservative end of next calendar day in America/New_York; USDA says consolidated CSV updates the day after WASDE,2026-08-20T15:50:03Z,WASDE-673-V1,false,usda_wasde_673_v1_67d5cd456b4f,https://www.usda.gov/sites/default/files/documents/oce-wasde-report-data-2026-07.csv,67d5cd456b4f6abc3c9a45c64e885869e7a1faacf7c83dd73ed0937fff7f87cf,Mexico Sugar Supply and Use and High Fructose Corn Syrup Consumption,Sugar,Mexico,2026/27,Proj.,Domestic,4226.00,4226,"1000 Metric Tons, Actual Weight","1000 Metric Tons, Actual Weight",
WASDE-673-V1:67d5cd456b4f,673,2026-07-10,July 2026,2026-07-10T16:00:00Z,2026-07-12T03:59:59Z,conservative end of next calendar day in America/New_York; USDA says consolidated CSV updates the day after WASDE,2026-08-20T15:50:03Z,WASDE-673-V1,false,usda_wasde_673_v1_67d5cd456b4f,https://www.usda.gov/sites/default/files/documents/oce-wasde-report-data-2026-07.csv,67d5cd456b4f6abc3c9a45c64e885869e7a1faacf7c83dd73ed0937fff7f87cf,Mexico Sugar Supply and Use and High Fructose Corn Syrup Consumption,Sugar,Mexico,2026/27,Proj.,Ending Stocks,1082.00,1082,"1000 Metric Tons, Actual Weight","1000 Metric Tons, Actual Weight",
WASDE-673-V1:67d5cd456b4f,673,2026-07-10,July 2026,2026-07-10T16:00:00Z,2026-07-12T03:59:59Z,conservative end of next calendar day in America/New_York; USDA says consolidated CSV updates the day after WASDE,2026-08-20T15:50:03Z,WASDE-673-V1,false,usda_wasde_673_v1_67d5cd456b4f,https://www.usda.gov/sites/default/files/documents/oce-wasde-report-data-2026-07.csv,67d5cd456b4f6abc3c9a45c64e885869e7a1faacf7c83dd73ed0937fff7f87cf,Mexico Sugar Supply and Use and High Fructose Corn Syrup Consumption,Sugar,Mexico,2026/27,Proj.,Exports,1292.00,1292,"1000 Metric Tons, Actual Weight","1000 Metric Tons, Actual Weight",
WASDE-673-V1:67d5cd456b4f,673,2026-07-10,July 2026,2026-07-10T16:00:00Z,2026-07-12T03:59:59Z,conservative end of next calendar day in America/New_York; USDA says consolidated CSV updates the day after WASDE,2026-08-20T15:50:03Z,WASDE-673-V1,false,usda_wasde_673_v1_67d5cd456b4f,https://www.usda.gov/sites/default/files/documents/oce-wasde-report-data-2026-07.csv,67d5cd456b4f6abc3c9a45c64e885869e7a1faacf7c83dd73ed0937fff7f87cf,Mexico Sugar Supply and Use and High Fructose Corn Syrup Consumption,Sugar,Mexico,2026/27,Proj.,Imports,28.00,28,"1000 Metric Tons, Actual Weight","1000 Metric Tons, Actual Weight",
WASDE-673-V1:67d5cd456b4f,673,2026-07-10,July 2026,2026-07-10T16:00:00Z,2026-07-12T03:59:59Z,conservative end of next calendar day in America/New_York; USDA says consolidated CSV updates the day after WASDE,2026-08-20T15:50:03Z,WASDE-673-V1,false,usda_wasde_673_v1_67d5cd456b4f,https://www.usda.gov/sites/default/files/documents/oce-wasde-report-data-2026-07.csv,67d5cd456b4f6abc3c9a45c64e885869e7a1faacf7c83dd73ed0937fff7f87cf,Mexico Sugar Supply and Use and High Fructose Corn Syrup Consumption,Sugar,Mexico,2026/27,Proj.,Production,5377.00,5377,"1000 Metric Tons, Actual Weight","1000 Metric Tons, Actual Weight",
WASDE-673-V1:67d5cd456b4f,673,2026-07-10,July 2026,2026-07-10T16:00:00Z,2026-07-12T03:59:59Z,conservative end of next calendar day in America/New_York; USDA says consolidated CSV updates the day after WASDE,2026-08-20T15:50:03Z,WASDE-673-V1,false,usda_wasde_673_v1_67d5cd456b4f,https://www.usda.gov/sites/default/files/documents/oce-wasde-report-data-2026-07.csv,67d5cd456b4f6abc3c9a45c64e885869e7a1faacf7c83dd73ed0937fff7f87cf,U.S. Sugar Supply and Use,Sugar,United States,2024/25,,Beet Sugar,5370.00,5370,"1000 Short Tons, Raw Value","1000 Short Tons, Raw Value",
WASDE-673-V1:67d5cd456b4f,673,2026-07-10,July 2026,2026-07-10T16:00:00Z,2026-07-12T03:59:59Z,conservative end of next calendar day in America/New_York; USDA says consolidated CSV updates the day after WASDE,2026-08-20T15:50:03Z,WASDE-673-V1,false,usda_wasde_673_v1_67d5cd456b4f,https://www.usda.gov/sites/default/files/documents/oce-wasde-report-data-2026-07.csv,67d5cd456b4f6abc3c9a45c64e885869e7a1faacf7c83dd73ed0937fff7f87cf,U.S. Sugar Supply and Use,Sugar,United States,2024/25,,Beginning Stocks,2141.00,2141,"1000 Short Tons, Raw Value","1000 Short Tons, Raw Value",
WASDE-673-V1:67d5cd456b4f,673,2026-07-10,July 2026,2026-07-10T16:00:00Z,2026-07-12T03:59:59Z,conservative end of next calendar day in America/New_York; USDA says consolidated CSV updates the day after WASDE,2026-08-20T15:50:03Z,WASDE-673-V1,false,usda_wasde_673_v1_67d5cd456b4f,https://www.usda.gov/sites/default/files/documents/oce-wasde-report-data-2026-07.csv,67d5cd456b4f6abc3c9a45c64e885869e7a1faacf7c83dd73ed0937fff7f87cf,U.S. Sugar Supply and Use,Sugar,United States,2024/25,,Cane Sugar,4027.00,4027,"1000 Short Tons, Raw Value","1000 Short Tons, Raw Value",
WASDE-673-V1:67d5cd456b4f,673,2026-07-10,July 2026,2026-07-10T16:00:00Z,2026-07-12T03:59:59Z,conservative end of next calendar day in America/New_York; USDA says consolidated CSV updates the day after WASDE,2026-08-20T15:50:03Z,WASDE-673-V1,false,usda_wasde_673_v1_67d5cd456b4f,https://www.usda.gov/sites/default/files/documents/oce-wasde-report-data-2026-07.csv,67d5cd456b4f6abc3c9a45c64e885869e7a1faacf7c83dd73ed0937fff7f87cf,U.S. Sugar Supply and Use,Sugar,United States,2024/25,,Deliveries,12485.00,12485,"1000 Short Tons, Raw Value","1000 Short Tons, Raw Value",
WASDE-673-V1:67d5cd456b4f,673,2026-07-10,July 2026,2026-07-10T16:00:00Z,2026-07-12T03:59:59Z,conservative end of next calendar day in America/New_York; USDA says consolidated CSV updates the day after WASDE,2026-08-20T15:50:03Z,WASDE-673-V1,false,usda_wasde_673_v1_67d5cd456b4f,https://www.usda.gov/sites/default/files/documents/oce-wasde-report-data-2026-07.csv,67d5cd456b4f6abc3c9a45c64e885869e7a1faacf7c83dd73ed0937fff7f87cf,U.S. Sugar Supply and Use,Sugar,United States,2024/25,,Ending Stocks,2376.00,2376,"1000 Short Tons, Raw Value","1000 Short Tons, Raw Value",
WASDE-673-V1:67d5cd456b4f,673,2026-07-10,July 2026,2026-07-10T16:00:00Z,2026-07-12T03:59:59Z,conservative end of next calendar day in America/New_York; USDA says consolidated CSV updates the day after WASDE,2026-08-20T15:50:03Z,WASDE-673-V1,false,usda_wasde_673_v1_67d5cd456b4f,https://www.usda.gov/sites/default/files/documents/oce-wasde-report-data-2026-07.csv,67d5cd456b4f6abc3c9a45c64e885869e7a1faacf7c83dd73ed0937fff7f87cf,U.S. Sugar Supply and Use,Sugar,United States,2024/25,,Exports,111.00,111,"1000 Short Tons, Raw Value","1000 Short Tons, Raw Value",
WASDE-673-V1:67d5cd456b4f,673,2026-07-10,July 2026,2026-07-10T16:00:00Z,2026-07-12T03:59:59Z,conservative end of next calendar day in America/New_York; USDA says consolidated CSV updates the day after WASDE,2026-08-20T15:50:03Z,WASDE-673-V1,false,usda_wasde_673_v1_67d5cd456b4f,https://www.usda.gov/sites/default/files/documents/oce-wasde-report-data-2026-07.csv,67d5cd456b4f6abc3c9a45c64e885869e7a1faacf7c83dd73ed0937fff7f87cf,U.S. Sugar Supply and Use,Sugar,United States,2024/25,,Exports - Other,111.00,111,"1000 Short Tons, Raw Value","1000 Short Tons, Raw Value",
WASDE-673-V1:67d5cd456b4f,673,2026-07-10,July 2026,2026-07-10T16:00:00Z,2026-07-12T03:59:59Z,conservative end of next calendar day in America/New_York; USDA says consolidated CSV updates the day after WASDE,2026-08-20T15:50:03Z,WASDE-673-V1,false,usda_wasde_673_v1_67d5cd456b4f,https://www.usda.gov/sites/default/files/documents/oce-wasde-report-data-2026-07.csv,67d5cd456b4f6abc3c9a45c64e885869e7a1faacf7c83dd73ed0937fff7f87cf,U.S. Sugar Supply and Use,Sugar,United States,2024/25,,Florida,1932.00,1932,"1000 Short Tons, Raw Value","1000 Short Tons, Raw Value",
WASDE-673-V1:67d5cd456b4f,673,2026-07-10,July 2026,2026-07-10T16:00:00Z,2026-07-12T03:59:59Z,conservative end of next calendar day in America/New_York; USDA says consolidated CSV updates the day after WASDE,2026-08-20T15:50:03Z,WASDE-673-V1,false,usda_wasde_673_v1_67d5cd456b4f,https://www.usda.gov/sites/default/files/documents/oce-wasde-report-data-2026-07.csv,67d5cd456b4f6abc3c9a45c64e885869e7a1faacf7c83dd73ed0937fff7f87cf,U.S. Sugar Supply and Use,Sugar,United States,2024/25,,Food,12375.00,12375,"1000 Short Tons, Raw Value","1000 Short Tons, Raw Value",
WASDE-673-V1:67d5cd456b4f,673,2026-07-10,July 2026,2026-07-10T16:00:00Z,2026-07-12T03:59:59Z,conservative end of next calendar day in America/New_York; USDA says consolidated CSV updates the day after WASDE,2026-08-20T15:50:03Z,WASDE-673-V1,false,usda_wasde_673_v1_67d5cd456b4f,https://www.usda.gov/sites/default/files/documents/oce-wasde-report-data-2026-07.csv,67d5cd456b4f6abc3c9a45c64e885869e7a1faacf7c83dd73ed0937fff7f87cf,U.S. Sugar Supply and Use,Sugar,United States,2024/25,,High-tier tariff/other,980.00,980,"1000 Short Tons, Raw Value","1000 Short Tons, Raw Value",
WASDE-673-V1:67d5cd456b4f,673,2026-07-10,July 2026,2026-07-10T16:00:00Z,2026-07-12T03:59:59Z,conservative end of next calendar day in America/New_York; USDA says consolidated CSV updates the day after WASDE,2026-08-20T15:50:03Z,WASDE-673-V1,false,usda_wasde_673_v1_67d5cd456b4f,https://www.usda.gov/sites/default/files/documents/oce-wasde-report-data-2026-07.csv,67d5cd456b4f6abc3c9a45c64e885869e7a1faacf7c83dd73ed0937fff7f87cf,U.S. Sugar Supply and Use,Sugar,United States,2024/25,,Imports,3393.00,3393,"1000 Short Tons, Raw Value","1000 Short Tons, Raw Value",
WASDE-673-V1:67d5cd456b4f,673,2026-07-10,July 2026,2026-07-10T16:00:00Z,2026-07-12T03:59:59Z,conservative end of next calendar day in America/New_York; USDA says consolidated CSV updates the day after WASDE,2026-08-20T15:50:03Z,WASDE-673-V1,false,usda_wasde_673_v1_67d5cd456b4f,https://www.usda.gov/sites/default/files/documents/oce-wasde-report-data-2026-07.csv,67d5cd456b4f6abc3c9a45c64e885869e7a1faacf7c83dd73ed0937fff7f87cf,U.S. Sugar Supply and Use,Sugar,United States,2024/25,,Louisiana,2095.00,2095,"1000 Short Tons, Raw Value","1000 Short Tons, Raw Value",
WASDE-673-V1:67d5cd456b4f,673,2026-07-10,July 2026,2026-07-10T16:00:00Z,2026-07-12T03:59:59Z,conservative end of next calendar day in America/New_York; USDA says consolidated CSV updates the day after WASDE,2026-08-20T15:50:03Z,WASDE-673-V1,false,usda_wasde_673_v1_67d5cd456b4f,https://www.usda.gov/sites/default/files/documents/oce-wasde-report-data-2026-07.csv,67d5cd456b4f6abc3c9a45c64e885869e7a1faacf7c83dd73ed0937fff7f87cf,U.S. Sugar Supply and Use,Sugar,United States,2024/25,,Mexico,504.00,504,"1000 Short Tons, Raw Value","1000 Short Tons, Raw Value",
WASDE-673-V1:67d5cd456b4f,673,2026-07-10,July 2026,2026-07-10T16:00:00Z,2026-07-12T03:59:59Z,conservative end of next calendar day in America/New_York; USDA says consolidated CSV updates the day after WASDE,2026-08-20T15:50:03Z,WASDE-673-V1,false,usda_wasde_673_v1_67d5cd456b4f,https://www.usda.gov/sites/default/files/documents/oce-wasde-report-data-2026-07.csv,67d5cd456b4f6abc3c9a45c64e885869e7a1faacf7c83dd73ed0937fff7f87cf,U.S. Sugar Supply and Use,Sugar,United States,2024/25,,Miscellaneous,-41.00,-41,"1000 Short Tons, Raw Value","1000 Short Tons, Raw Value",
WASDE-673-V1:67d5cd456b4f,673,2026-07-10,July 2026,2026-07-10T16:00:00Z,2026-07-12T03:59:59Z,conservative end of next calendar day in America/New_York; USDA says consolidated CSV updates the day after WASDE,2026-08-20T15:50:03Z,WASDE-673-V1,false,usda_wasde_673_v1_67d5cd456b4f,https://www.usda.gov/sites/default/files/documents/oce-wasde-report-data-2026-07.csv,67d5cd456b4f6abc3c9a45c64e885869e7a1faacf7c83dd73ed0937fff7f87cf,U.S. Sugar Supply and Use,Sugar,United States,2024/25,,Non-program,1485.00,1485,"1000 Short Tons, Raw Value","1000 Short Tons, Raw Value",
WASDE-673-V1:67d5cd456b4f,673,2026-07-10,July 2026,2026-07-10T16:00:00Z,2026-07-12T03:59:59Z,conservative end of next calendar day in America/New_York; USDA says consolidated CSV updates the day after WASDE,2026-08-20T15:50:03Z,WASDE-673-V1,false,usda_wasde_673_v1_67d5cd456b4f,https://www.usda.gov/sites/default/files/documents/oce-wasde-report-data-2026-07.csv,67d5cd456b4f6abc3c9a45c64e885869e7a1faacf7c83dd73ed0937fff7f87cf,U.S. Sugar Supply and Use,Sugar,United States,2024/25,,Other Program,373.00,373,"1000 Short Tons, Raw Value","1000 Short Tons, Raw Value",
WASDE-673-V1:67d5cd456b4f,673,2026-07-10,July 2026,2026-07-10T16:00:00Z,2026-07-12T03:59:59Z,conservative end of next calendar day in America/New_York; USDA says consolidated CSV updates the day after WASDE,2026-08-20T15:50:03Z,WASDE-673-V1,false,usda_wasde_673_v1_67d5cd456b4f,https://www.usda.gov/sites/default/files/documents/oce-wasde-report-data-2026-07.csv,67d5cd456b4f6abc3c9a45c64e885869e7a1faacf7c83dd73ed0937fff7f87cf,U.S. Sugar Supply and Use,Sugar,United States,2024/25,,Production,9397.00,9397,"1000 Short Tons, Raw Value","1000 Short Tons, Raw Value",
WASDE-673-V1:67d5cd456b4f,673,2026-07-10,July 2026,2026-07-10T16:00:00Z,2026-07-12T03:59:59Z,conservative end of next calendar day in America/New_York; USDA says consolidated CSV updates the day after WASDE,2026-08-20T15:50:03Z,WASDE-673-V1,false,usda_wasde_673_v1_67d5cd456b4f,https://www.usda.gov/sites/default/files/documents/oce-wasde-report-data-2026-07.csv,67d5cd456b4f6abc3c9a45c64e885869e7a1faacf7c83dd73ed0937fff7f87cf,U.S. Sugar Supply and Use,Sugar,United States,2024/25,,Stocks to Use Ratio,18.90,18.9,"1000 Short Tons, Raw Value",Percent,USDA historical CSV labels Stocks to Use Ratio with the table's tonnage unit; value is normalized as percent while the raw unit is retained.
WASDE-673-V1:67d5cd456b4f,673,2026-07-10,July 2026,2026-07-10T16:00:00Z,2026-07-12T03:59:59Z,conservative end of next calendar day in America/New_York; USDA says consolidated CSV updates the day after WASDE,2026-08-20T15:50:03Z,WASDE-673-V1,false,usda_wasde_673_v1_67d5cd456b4f,https://www.usda.gov/sites/default/files/documents/oce-wasde-report-data-2026-07.csv,67d5cd456b4f6abc3c9a45c64e885869e7a1faacf7c83dd73ed0937fff7f87cf,U.S. Sugar Supply and Use,Sugar,United States,2024/25,,TRQ,1534.00,1534,"1000 Short Tons, Raw Value","1000 Short Tons, Raw Value",
WASDE-673-V1:67d5cd456b4f,673,2026-07-10,July 2026,2026-07-10T16:00:00Z,2026-07-12T03:59:59Z,conservative end of next calendar day in America/New_York; USDA says consolidated CSV updates the day after WASDE,2026-08-20T15:50:03Z,WASDE-673-V1,false,usda_wasde_673_v1_67d5cd456b4f,https://www.usda.gov/sites/default/files/documents/oce-wasde-report-data-2026-07.csv,67d5cd456b4f6abc3c9a45c64e885869e7a1faacf7c83dd73ed0937fff7f87cf,U.S. Sugar Supply and Use,Sugar,United States,2024/25,,Texas,.00,0,"1000 Short Tons, Raw Value","1000 Short Tons, Raw Value",
WASDE-673-V1:67d5cd456b4f,673,2026-07-10,July 2026,2026-07-10T16:00:00Z,2026-07-12T03:59:59Z,conservative end of next calendar day in America/New_York; USDA says consolidated CSV updates the day after WASDE,2026-08-20T15:50:03Z,WASDE-673-V1,false,usda_wasde_673_v1_67d5cd456b4f,https://www.usda.gov/sites/default/files/documents/oce-wasde-report-data-2026-07.csv,67d5cd456b4f6abc3c9a45c64e885869e7a1faacf7c83dd73ed0937fff7f87cf,U.S. Sugar Supply and Use,Sugar,United States,2024/25,,Total Supply,14931.00,14931,"1000 Short Tons, Raw Value","1000 Short Tons, Raw Value",
WASDE-673-V1:67d5cd456b4f,673,2026-07-10,July 2026,2026-07-10T16:00:00Z,2026-07-12T03:59:59Z,conservative end of next calendar day in America/New_York; USDA says consolidated CSV updates the day after WASDE,2026-08-20T15:50:03Z,WASDE-673-V1,false,usda_wasde_673_v1_67d5cd456b4f,https://www.usda.gov/sites/default/files/documents/oce-wasde-report-data-2026-07.csv,67d5cd456b4f6abc3c9a45c64e885869e7a1faacf7c83dd73ed0937fff7f87cf,U.S. Sugar Supply and Use,Sugar,United States,2024/25,,Total Use,12555.00,12555,"1000 Short Tons, Raw Value","1000 Short Tons, Raw Value",
WASDE-673-V1:67d5cd456b4f,673,2026-07-10,July 2026,2026-07-10T16:00:00Z,2026-07-12T03:59:59Z,conservative end of next calendar day in America/New_York; USDA says consolidated CSV updates the day after WASDE,2026-08-20T15:50:03Z,WASDE-673-V1,false,usda_wasde_673_v1_67d5cd456b4f,https://www.usda.gov/sites/default/files/documents/oce-wasde-report-data-2026-07.csv,67d5cd456b4f6abc3c9a45c64e885869e7a1faacf7c83dd73ed0937fff7f87cf,U.S. Sugar Supply and Use,Sugar,United States,2025/26,Est.,Beet Sugar,4996.00,4996,"1000 Short Tons, Raw Value","1000 Short Tons, Raw Value",
WASDE-673-V1:67d5cd456b4f,673,2026-07-10,July 2026,2026-07-10T16:00:00Z,2026-07-12T03:59:59Z,conservative end of next calendar day in America/New_York; USDA says consolidated CSV updates the day after WASDE,2026-08-20T15:50:03Z,WASDE-673-V1,false,usda_wasde_673_v1_67d5cd456b4f,https://www.usda.gov/sites/default/files/documents/oce-wasde-report-data-2026-07.csv,67d5cd456b4f6abc3c9a45c64e885869e7a1faacf7c83dd73ed0937fff7f87cf,U.S. Sugar Supply and Use,Sugar,United States,2025/26,Est.,Beginning Stocks,2376.00,2376,"1000 Short Tons, Raw Value","1000 Short Tons, Raw Value",
WASDE-673-V1:67d5cd456b4f,673,2026-07-10,July 2026,2026-07-10T16:00:00Z,2026-07-12T03:59:59Z,conservative end of next calendar day in America/New_York; USDA says consolidated CSV updates the day after WASDE,2026-08-20T15:50:03Z,WASDE-673-V1,false,usda_wasde_673_v1_67d5cd456b4f,https://www.usda.gov/sites/default/files/documents/oce-wasde-report-data-2026-07.csv,67d5cd456b4f6abc3c9a45c64e885869e7a1faacf7c83dd73ed0937fff7f87cf,U.S. Sugar Supply and Use,Sugar,United States,2025/26,Est.,Cane Sugar,4189.00,4189,"1000 Short Tons, Raw Value","1000 Short Tons, Raw Value",
WASDE-673-V1:67d5cd456b4f,673,2026-07-10,July 2026,2026-07-10T16:00:00Z,2026-07-12T03:59:59Z,conservative end of next calendar day in America/New_York; USDA says consolidated CSV updates the day after WASDE,2026-08-20T15:50:03Z,WASDE-673-V1,false,usda_wasde_673_v1_67d5cd456b4f,https://www.usda.gov/sites/default/files/documents/oce-wasde-report-data-2026-07.csv,67d5cd456b4f6abc3c9a45c64e885869e7a1faacf7c83dd73ed0937fff7f87cf,U.S. Sugar Supply and Use,Sugar,United States,2025/26,Est.,Deliveries,12546.00,12546,"1000 Short Tons, Raw Value","1000 Short Tons, Raw Value",
WASDE-673-V1:67d5cd456b4f,673,2026-07-10,July 2026,2026-07-10T16:00:00Z,2026-07-12T03:59:59Z,conservative end of next calendar day in America/New_York; USDA says consolidated CSV updates the day after WASDE,2026-08-20T15:50:03Z,WASDE-673-V1,false,usda_wasde_673_v1_67d5cd456b4f,https://www.usda.gov/sites/default/files/documents/oce-wasde-report-data-2026-07.csv,67d5cd456b4f6abc3c9a45c64e885869e7a1faacf7c83dd73ed0937fff7f87cf,U.S. Sugar Supply and Use,Sugar,United States,2025/26,Est.,Ending Stocks,1686.00,1686,"1000 Short Tons, Raw Value","1000 Short Tons, Raw Value",
WASDE-673-V1:67d5cd456b4f,673,2026-07-10,July 2026,2026-07-10T16:00:00Z,2026-07-12T03:59:59Z,conservative end of next calendar day in America/New_York; USDA says consolidated CSV updates the day after WASDE,2026-08-20T15:50:03Z,WASDE-673-V1,false,usda_wasde_673_v1_67d5cd456b4f,https://www.usda.gov/sites/default/files/documents/oce-wasde-report-data-2026-07.csv,67d5cd456b4f6abc3c9a45c64e885869e7a1faacf7c83dd73ed0937fff7f87cf,U.S. Sugar Supply and Use,Sugar,United States,2025/26,Est.,Exports,25.00,25,"1000 Short Tons, Raw Value","1000 Short Tons, Raw Value",
WASDE-673-V1:67d5cd456b4f,673,2026-07-10,July 2026,2026-07-10T16:00:00Z,2026-07-12T03:59:59Z,conservative end of next calendar day in America/New_York; USDA says consolidated CSV updates the day after WASDE,2026-08-20T15:50:03Z,WASDE-673-V1,false,usda_wasde_673_v1_67d5cd456b4f,https://www.usda.gov/sites/default/files/documents/oce-wasde-report-data-2026-07.csv,67d5cd456b4f6abc3c9a45c64e885869e7a1faacf7c83dd73ed0937fff7f87cf,U.S. Sugar Supply and Use,Sugar,United States,2025/26,Est.,Exports - Other,105.00,105,"1000 Short Tons, Raw Value","1000 Short Tons, Raw Value",
WASDE-673-V1:67d5cd456b4f,673,2026-07-10,July 2026,2026-07-10T16:00:00Z,2026-07-12T03:59:59Z,conservative end of next calendar day in America/New_York; USDA says consolidated CSV updates the day after WASDE,2026-08-20T15:50:03Z,WASDE-673-V1,false,usda_wasde_673_v1_67d5cd456b4f,https://www.usda.gov/sites/default/files/documents/oce-wasde-report-data-2026-07.csv,67d5cd456b4f6abc3c9a45c64e885869e7a1faacf7c83dd73ed0937fff7f87cf,U.S. Sugar Supply and Use,Sugar,United States,2025/26,Est.,Florida,1957.00,1957,"1000 Short Tons, Raw Value","1000 Short Tons, Raw Value",
WASDE-673-V1:67d5cd456b4f,673,2026-07-10,July 2026,2026-07-10T16:00:00Z,2026-07-12T03:59:59Z,conservative end of next calendar day in America/New_York; USDA says consolidated CSV updates the day after WASDE,2026-08-20T15:50:03Z,WASDE-673-V1,false,usda_wasde_673_v1_67d5cd456b4f,https://www.usda.gov/sites/default/files/documents/oce-wasde-report-data-2026-07.csv,67d5cd456b4f6abc3c9a45c64e885869e7a1faacf7c83dd73ed0937fff7f87cf,U.S. Sugar Supply and Use,Sugar,United States,2025/26,Est.,Food,12441.00,12441,"1000 Short Tons, Raw Value","1000 Short Tons, Raw Value",
WASDE-673-V1:67d5cd456b4f,673,2026-07-10,July 2026,2026-07-10T16:00:00Z,2026-07-12T03:59:59Z,conservative end of next calendar day in America/New_York; USDA says consolidated CSV updates the day after WASDE,2026-08-20T15:50:03Z,WASDE-673-V1,false,usda_wasde_673_v1_67d5cd456b4f,https://www.usda.gov/sites/default/files/documents/oce-wasde-report-data-2026-07.csv,67d5cd456b4f6abc3c9a45c64e885869e7a1faacf7c83dd73ed0937fff7f87cf,U.S. Sugar Supply and Use,Sugar,United States,2025/26,Est.,High-tier tariff/other,835.00,835,"1000 Short Tons, Raw Value","1000 Short Tons, Raw Value",
WASDE-673-V1:67d5cd456b4f,673,2026-07-10,July 2026,2026-07-10T16:00:00Z,2026-07-12T03:59:59Z,conservative end of next calendar day in America/New_York; USDA says consolidated CSV updates the day after WASDE,2026-08-20T15:50:03Z,WASDE-673-V1,false,usda_wasde_673_v1_67d5cd456b4f,https://www.usda.gov/sites/default/files/documents/oce-wasde-report-data-2026-07.csv,67d5cd456b4f6abc3c9a45c64e885869e7a1faacf7c83dd73ed0937fff7f87cf,U.S. Sugar Supply and Use,Sugar,United States,2025/26,Est.,Imports,2696.00,2696,"1000 Short Tons, Raw Value","1000 Short Tons, Raw Value",
WASDE-673-V1:67d5cd456b4f,673,2026-07-10,July 2026,2026-07-10T16:00:00Z,2026-07-12T03:59:59Z,conservative end of next calendar day in America/New_York; USDA says consolidated CSV updates the day after WASDE,2026-08-20T15:50:03Z,WASDE-673-V1,false,usda_wasde_673_v1_67d5cd456b4f,https://www.usda.gov/sites/default/files/documents/oce-wasde-report-data-2026-07.csv,67d5cd456b4f6abc3c9a45c64e885869e7a1faacf7c83dd73ed0937fff7f87cf,U.S. Sugar Supply and Use,Sugar,United States,2025/26,Est.,Louisiana,2232.00,2232,"1000 Short Tons, Raw Value","1000 Short Tons, Raw Value",
WASDE-673-V1:67d5cd456b4f,673,2026-07-10,July 2026,2026-07-10T16:00:00Z,2026-07-12T03:59:59Z,conservative end of next calendar day in America/New_York; USDA says consolidated CSV updates the day after WASDE,2026-08-20T15:50:03Z,WASDE-673-V1,false,usda_wasde_673_v1_67d5cd456b4f,https://www.usda.gov/sites/default/files/documents/oce-wasde-report-data-2026-07.csv,67d5cd456b4f6abc3c9a45c64e885869e7a1faacf7c83dd73ed0937fff7f87cf,U.S. Sugar Supply and Use,Sugar,United States,2025/26,Est.,Mexico,220.00,220,"1000 Short Tons, Raw Value","1000 Short Tons, Raw Value",
WASDE-673-V1:67d5cd456b4f,673,2026-07-10,July 2026,2026-07-10T16:00:00Z,2026-07-12T03:59:59Z,conservative end of next calendar day in America/New_York; USDA says consolidated CSV updates the day after WASDE,2026-08-20T15:50:03Z,WASDE-673-V1,false,usda_wasde_673_v1_67d5cd456b4f,https://www.usda.gov/sites/default/files/documents/oce-wasde-report-data-2026-07.csv,67d5cd456b4f6abc3c9a45c64e885869e7a1faacf7c83dd73ed0937fff7f87cf,U.S. Sugar Supply and Use,Sugar,United States,2025/26,Est.,Miscellaneous,.00,0,"1000 Short Tons, Raw Value","1000 Short Tons, Raw Value",
WASDE-673-V1:67d5cd456b4f,673,2026-07-10,July 2026,2026-07-10T16:00:00Z,2026-07-12T03:59:59Z,conservative end of next calendar day in America/New_York; USDA says consolidated CSV updates the day after WASDE,2026-08-20T15:50:03Z,WASDE-673-V1,false,usda_wasde_673_v1_67d5cd456b4f,https://www.usda.gov/sites/default/files/documents/oce-wasde-report-data-2026-07.csv,67d5cd456b4f6abc3c9a45c64e885869e7a1faacf7c83dd73ed0937fff7f87cf,U.S. Sugar Supply and Use,Sugar,United States,2025/26,Est.,Non-program,1055.00,1055,"1000 Short Tons, Raw Value","1000 Short Tons, Raw Value",
WASDE-673-V1:67d5cd456b4f,673,2026-07-10,July 2026,2026-07-10T16:00:00Z,2026-07-12T03:59:59Z,conservative end of next calendar day in America/New_York; USDA says consolidated CSV updates the day after WASDE,2026-08-20T15:50:03Z,WASDE-673-V1,false,usda_wasde_673_v1_67d5cd456b4f,https://www.usda.gov/sites/default/files/documents/oce-wasde-report-data-2026-07.csv,67d5cd456b4f6abc3c9a45c64e885869e7a1faacf7c83dd73ed0937fff7f87cf,U.S. Sugar Supply and Use,Sugar,United States,2025/26,Est.,Other Program,325.00,325,"1000 Short Tons, Raw Value","1000 Short Tons, Raw Value",
WASDE-673-V1:67d5cd456b4f,673,2026-07-10,July 2026,2026-07-10T16:00:00Z,2026-07-12T03:59:59Z,conservative end of next calendar day in America/New_York; USDA says consolidated CSV updates the day after WASDE,2026-08-20T15:50:03Z,WASDE-673-V1,false,usda_wasde_673_v1_67d5cd456b4f,https://www.usda.gov/sites/default/files/documents/oce-wasde-report-data-2026-07.csv,67d5cd456b4f6abc3c9a45c64e885869e7a1faacf7c83dd73ed0937fff7f87cf,U.S. Sugar Supply and Use,Sugar,United States,2025/26,Est.,Production,9185.00,9185,"1000 Short Tons, Raw Value","1000 Short Tons, Raw Value",
WASDE-673-V1:67d5cd456b4f,673,2026-07-10,July 2026,2026-07-10T16:00:00Z,2026-07-12T03:59:59Z,conservative end of next calendar day in America/New_York; USDA says consolidated CSV updates the day after WASDE,2026-08-20T15:50:03Z,WASDE-673-V1,false,usda_wasde_673_v1_67d5cd456b4f,https://www.usda.gov/sites/default/files/documents/oce-wasde-report-data-2026-07.csv,67d5cd456b4f6abc3c9a45c64e885869e7a1faacf7c83dd73ed0937fff7f87cf,U.S. Sugar Supply and Use,Sugar,United States,2025/26,Est.,Stocks to Use Ratio,13.40,13.4,"1000 Short Tons, Raw Value",Percent,USDA historical CSV labels Stocks to Use Ratio with the table's tonnage unit; value is normalized as percent while the raw unit is retained.
WASDE-673-V1:67d5cd456b4f,673,2026-07-10,July 2026,2026-07-10T16:00:00Z,2026-07-12T03:59:59Z,conservative end of next calendar day in America/New_York; USDA says consolidated CSV updates the day after WASDE,2026-08-20T15:50:03Z,WASDE-673-V1,false,usda_wasde_673_v1_67d5cd456b4f,https://www.usda.gov/sites/default/files/documents/oce-wasde-report-data-2026-07.csv,67d5cd456b4f6abc3c9a45c64e885869e7a1faacf7c83dd73ed0937fff7f87cf,U.S. Sugar Supply and Use,Sugar,United States,2025/26,Est.,TRQ,1316.00,1316,"1000 Short Tons, Raw Value","1000 Short Tons, Raw Value",
WASDE-673-V1:67d5cd456b4f,673,2026-07-10,July 2026,2026-07-10T16:00:00Z,2026-07-12T03:59:59Z,conservative end of next calendar day in America/New_York; USDA says consolidated CSV updates the day after WASDE,2026-08-20T15:50:03Z,WASDE-673-V1,false,usda_wasde_673_v1_67d5cd456b4f,https://www.usda.gov/sites/default/files/documents/oce-wasde-report-data-2026-07.csv,67d5cd456b4f6abc3c9a45c64e885869e7a1faacf7c83dd73ed0937fff7f87cf,U.S. Sugar Supply and Use,Sugar,United States,2025/26,Est.,Texas,.00,0,"1000 Short Tons, Raw Value","1000 Short Tons, Raw Value",
WASDE-673-V1:67d5cd456b4f,673,2026-07-10,July 2026,2026-07-10T16:00:00Z,2026-07-12T03:59:59Z,conservative end of next calendar day in America/New_York; USDA says consolidated CSV updates the day after WASDE,2026-08-20T15:50:03Z,WASDE-673-V1,false,usda_wasde_673_v1_67d5cd456b4f,https://www.usda.gov/sites/default/files/documents/oce-wasde-report-data-2026-07.csv,67d5cd456b4f6abc3c9a45c64e885869e7a1faacf7c83dd73ed0937fff7f87cf,U.S. Sugar Supply and Use,Sugar,United States,2025/26,Est.,Total Supply,14257.00,14257,"1000 Short Tons, Raw Value","1000 Short Tons, Raw Value",
WASDE-673-V1:67d5cd456b4f,673,2026-07-10,July 2026,2026-07-10T16:00:00Z,2026-07-12T03:59:59Z,conservative end of next calendar day in America/New_York; USDA says consolidated CSV updates the day after WASDE,2026-08-20T15:50:03Z,WASDE-673-V1,false,usda_wasde_673_v1_67d5cd456b4f,https://www.usda.gov/sites/default/files/documents/oce-wasde-report-data-2026-07.csv,67d5cd456b4f6abc3c9a45c64e885869e7a1faacf7c83dd73ed0937fff7f87cf,U.S. Sugar Supply and Use,Sugar,United States,2025/26,Est.,Total Use,12571.00,12571,"1000 Short Tons, Raw Value","1000 Short Tons, Raw Value",
WASDE-673-V1:67d5cd456b4f,673,2026-07-10,July 2026,2026-07-10T16:00:00Z,2026-07-12T03:59:59Z,conservative end of next calendar day in America/New_York; USDA says consolidated CSV updates the day after WASDE,2026-08-20T15:50:03Z,WASDE-673-V1,false,usda_wasde_673_v1_67d5cd456b4f,https://www.usda.gov/sites/default/files/documents/oce-wasde-report-data-2026-07.csv,67d5cd456b4f6abc3c9a45c64e885869e7a1faacf7c83dd73ed0937fff7f87cf,U.S. Sugar Supply and Use,Sugar,United States,2026/27,Proj.,Beet Sugar,4821.00,4821,"1000 Short Tons, Raw Value","1000 Short Tons, Raw Value",
WASDE-673-V1:67d5cd456b4f,673,2026-07-10,July 2026,2026-07-10T16:00:00Z,2026-07-12T03:59:59Z,conservative end of next calendar day in America/New_York; USDA says consolidated CSV updates the day after WASDE,2026-08-20T15:50:03Z,WASDE-673-V1,false,usda_wasde_673_v1_67d5cd456b4f,https://www.usda.gov/sites/default/files/documents/oce-wasde-report-data-2026-07.csv,67d5cd456b4f6abc3c9a45c64e885869e7a1faacf7c83dd73ed0937fff7f87cf,U.S. Sugar Supply and Use,Sugar,United States,2026/27,Proj.,Beginning Stocks,1686.00,1686,"1000 Short Tons, Raw Value","1000 Short Tons, Raw Value",
WASDE-673-V1:67d5cd456b4f,673,2026-07-10,July 2026,2026-07-10T16:00:00Z,2026-07-12T03:59:59Z,conservative end of next calendar day in America/New_York; USDA says consolidated CSV updates the day after WASDE,2026-08-20T15:50:03Z,WASDE-673-V1,false,usda_wasde_673_v1_67d5cd456b4f,https://www.usda.gov/sites/default/files/documents/oce-wasde-report-data-2026-07.csv,67d5cd456b4f6abc3c9a45c64e885869e7a1faacf7c83dd73ed0937fff7f87cf,U.S. Sugar Supply and Use,Sugar,United States,2026/27,Proj.,Cane Sugar,4182.00,4182,"1000 Short Tons, Raw Value","1000 Short Tons, Raw Value",
WASDE-673-V1:67d5cd456b4f,673,2026-07-10,July 2026,2026-07-10T16:00:00Z,2026-07-12T03:59:59Z,conservative end of next calendar day in America/New_York; USDA says consolidated CSV updates the day after WASDE,2026-08-20T15:50:03Z,WASDE-673-V1,false,usda_wasde_673_v1_67d5cd456b4f,https://www.usda.gov/sites/default/files/documents/oce-wasde-report-data-2026-07.csv,67d5cd456b4f6abc3c9a45c64e885869e7a1faacf7c83dd73ed0937fff7f87cf,U.S. Sugar Supply and Use,Sugar,United States,2026/27,Proj.,Deliveries,12546.00,12546,"1000 Short Tons, Raw Value","1000 Short Tons, Raw Value",
WASDE-673-V1:67d5cd456b4f,673,2026-07-10,July 2026,2026-07-10T16:00:00Z,2026-07-12T03:59:59Z,conservative end of next calendar day in America/New_York; USDA says consolidated CSV updates the day after WASDE,2026-08-20T15:50:03Z,WASDE-673-V1,false,usda_wasde_673_v1_67d5cd456b4f,https://www.usda.gov/sites/default/files/documents/oce-wasde-report-data-2026-07.csv,67d5cd456b4f6abc3c9a45c64e885869e7a1faacf7c83dd73ed0937fff7f87cf,U.S. Sugar Supply and Use,Sugar,United States,2026/27,Proj.,Ending Stocks,1697.00,1697,"1000 Short Tons, Raw Value","1000 Short Tons, Raw Value",
WASDE-673-V1:67d5cd456b4f,673,2026-07-10,July 2026,2026-07-10T16:00:00Z,2026-07-12T03:59:59Z,conservative end of next calendar day in America/New_York; USDA says consolidated CSV updates the day after WASDE,2026-08-20T15:50:03Z,WASDE-673-V1,false,usda_wasde_673_v1_67d5cd456b4f,https://www.usda.gov/sites/default/files/documents/oce-wasde-report-data-2026-07.csv,67d5cd456b4f6abc3c9a45c64e885869e7a1faacf7c83dd73ed0937fff7f87cf,U.S. Sugar Supply and Use,Sugar,United States,2026/27,Proj.,Exports,25.00,25,"1000 Short Tons, Raw Value","1000 Short Tons, Raw Value",
WASDE-673-V1:67d5cd456b4f,673,2026-07-10,July 2026,2026-07-10T16:00:00Z,2026-07-12T03:59:59Z,conservative end of next calendar day in America/New_York; USDA says consolidated CSV updates the day after WASDE,2026-08-20T15:50:03Z,WASDE-673-V1,false,usda_wasde_673_v1_67d5cd456b4f,https://www.usda.gov/sites/default/files/documents/oce-wasde-report-data-2026-07.csv,67d5cd456b4f6abc3c9a45c64e885869e7a1faacf7c83dd73ed0937fff7f87cf,U.S. Sugar Supply and Use,Sugar,United States,2026/27,Proj.,Exports - Other,105.00,105,"1000 Short Tons, Raw Value","1000 Short Tons, Raw Value",
WASDE-673-V1:67d5cd456b4f,673,2026-07-10,July 2026,2026-07-10T16:00:00Z,2026-07-12T03:59:59Z,conservative end of next calendar day in America/New_York; USDA says consolidated CSV updates the day after WASDE,2026-08-20T15:50:03Z,WASDE-673-V1,false,usda_wasde_673_v1_67d5cd456b4f,https://www.usda.gov/sites/default/files/documents/oce-wasde-report-data-2026-07.csv,67d5cd456b4f6abc3c9a45c64e885869e7a1faacf7c83dd73ed0937fff7f87cf,U.S. Sugar Supply and Use,Sugar,United States,2026/27,Proj.,Florida,2016.00,2016,"1000 Short Tons, Raw Value","1000 Short Tons, Raw Value",
WASDE-673-V1:67d5cd456b4f,673,2026-07-10,July 2026,2026-07-10T16:00:00Z,2026-07-12T03:59:59Z,conservative end of next calendar day in America/New_York; USDA says consolidated CSV updates the day after WASDE,2026-08-20T15:50:03Z,WASDE-673-V1,false,usda_wasde_673_v1_67d5cd456b4f,https://www.usda.gov/sites/default/files/documents/oce-wasde-report-data-2026-07.csv,67d5cd456b4f6abc3c9a45c64e885869e7a1faacf7c83dd73ed0937fff7f87cf,U.S. Sugar Supply and Use,Sugar,United States,2026/27,Proj.,Food,12441.00,12441,"1000 Short Tons, Raw Value","1000 Short Tons, Raw Value",
WASDE-673-V1:67d5cd456b4f,673,2026-07-10,July 2026,2026-07-10T16:00:00Z,2026-07-12T03:59:59Z,conservative end of next calendar day in America/New_York; USDA says consolidated CSV updates the day after WASDE,2026-08-20T15:50:03Z,WASDE-673-V1,false,usda_wasde_673_v1_67d5cd456b4f,https://www.usda.gov/sites/default/files/documents/oce-wasde-report-data-2026-07.csv,67d5cd456b4f6abc3c9a45c64e885869e7a1faacf7c83dd73ed0937fff7f87cf,U.S. Sugar Supply and Use,Sugar,United States,2026/27,Proj.,High-tier tariff/other,510.00,510,"1000 Short Tons, Raw Value","1000 Short Tons, Raw Value",
WASDE-673-V1:67d5cd456b4f,673,2026-07-10,July 2026,2026-07-10T16:00:00Z,2026-07-12T03:59:59Z,conservative end of next calendar day in America/New_York; USDA says consolidated CSV updates the day after WASDE,2026-08-20T15:50:03Z,WASDE-673-V1,false,usda_wasde_673_v1_67d5cd456b4f,https://www.usda.gov/sites/default/files/documents/oce-wasde-report-data-2026-07.csv,67d5cd456b4f6abc3c9a45c64e885869e7a1faacf7c83dd73ed0937fff7f87cf,U.S. Sugar Supply and Use,Sugar,United States,2026/27,Proj.,Imports,3579.00,3579,"1000 Short Tons, Raw Value","1000 Short Tons, Raw Value",
WASDE-673-V1:67d5cd456b4f,673,2026-07-10,July 2026,2026-07-10T16:00:00Z,2026-07-12T03:59:59Z,conservative end of next calendar day in America/New_York; USDA says consolidated CSV updates the day after WASDE,2026-08-20T15:50:03Z,WASDE-673-V1,false,usda_wasde_673_v1_67d5cd456b4f,https://www.usda.gov/sites/default/files/documents/oce-wasde-report-data-2026-07.csv,67d5cd456b4f6abc3c9a45c64e885869e7a1faacf7c83dd73ed0937fff7f87cf,U.S. Sugar Supply and Use,Sugar,United States,2026/27,Proj.,Louisiana,2166.00,2166,"1000 Short Tons, Raw Value","1000 Short Tons, Raw Value",
WASDE-673-V1:67d5cd456b4f,673,2026-07-10,July 2026,2026-07-10T16:00:00Z,2026-07-12T03:59:59Z,conservative end of next calendar day in America/New_York; USDA says consolidated CSV updates the day after WASDE,2026-08-20T15:50:03Z,WASDE-673-V1,false,usda_wasde_673_v1_67d5cd456b4f,https://www.usda.gov/sites/default/files/documents/oce-wasde-report-data-2026-07.csv,67d5cd456b4f6abc3c9a45c64e885869e7a1faacf7c83dd73ed0937fff7f87cf,U.S. Sugar Supply and Use,Sugar,United States,2026/27,Proj.,Mexico,1346.00,1346,"1000 Short Tons, Raw Value","1000 Short Tons, Raw Value",
WASDE-673-V1:67d5cd456b4f,673,2026-07-10,July 2026,2026-07-10T16:00:00Z,2026-07-12T03:59:59Z,conservative end of next calendar day in America/New_York; USDA says consolidated CSV updates the day after WASDE,2026-08-20T15:50:03Z,WASDE-673-V1,false,usda_wasde_673_v1_67d5cd456b4f,https://www.usda.gov/sites/default/files/documents/oce-wasde-report-data-2026-07.csv,67d5cd456b4f6abc3c9a45c64e885869e7a1faacf7c83dd73ed0937fff7f87cf,U.S. Sugar Supply and Use,Sugar,United States,2026/27,Proj.,Miscellaneous,.00,0,"1000 Short Tons, Raw Value","1000 Short Tons, Raw Value",
WASDE-673-V1:67d5cd456b4f,673,2026-07-10,July 2026,2026-07-10T16:00:00Z,2026-07-12T03:59:59Z,conservative end of next calendar day in America/New_York; USDA says consolidated CSV updates the day after WASDE,2026-08-20T15:50:03Z,WASDE-673-V1,false,usda_wasde_673_v1_67d5cd456b4f,https://www.usda.gov/sites/default/files/documents/oce-wasde-report-data-2026-07.csv,67d5cd456b4f6abc3c9a45c64e885869e7a1faacf7c83dd73ed0937fff7f87cf,U.S. Sugar Supply and Use,Sugar,United States,2026/27,Proj.,Non-program,1856.00,1856,"1000 Short Tons, Raw Value","1000 Short Tons, Raw Value",
WASDE-673-V1:67d5cd456b4f,673,2026-07-10,July 2026,2026-07-10T16:00:00Z,2026-07-12T03:59:59Z,conservative end of next calendar day in America/New_York; USDA says consolidated CSV updates the day after WASDE,2026-08-20T15:50:03Z,WASDE-673-V1,false,usda_wasde_673_v1_67d5cd456b4f,https://www.usda.gov/sites/default/files/documents/oce-wasde-report-data-2026-07.csv,67d5cd456b4f6abc3c9a45c64e885869e7a1faacf7c83dd73ed0937fff7f87cf,U.S. Sugar Supply and Use,Sugar,United States,2026/27,Proj.,Other Program,300.00,300,"1000 Short Tons, Raw Value","1000 Short Tons, Raw Value",
WASDE-673-V1:67d5cd456b4f,673,2026-07-10,July 2026,2026-07-10T16:00:00Z,2026-07-12T03:59:59Z,conservative end of next calendar day in America/New_York; USDA says consolidated CSV updates the day after WASDE,2026-08-20T15:50:03Z,WASDE-673-V1,false,usda_wasde_673_v1_67d5cd456b4f,https://www.usda.gov/sites/default/files/documents/oce-wasde-report-data-2026-07.csv,67d5cd456b4f6abc3c9a45c64e885869e7a1faacf7c83dd73ed0937fff7f87cf,U.S. Sugar Supply and Use,Sugar,United States,2026/27,Proj.,Production,9004.00,9004,"1000 Short Tons, Raw Value","1000 Short Tons, Raw Value",
WASDE-673-V1:67d5cd456b4f,673,2026-07-10,July 2026,2026-07-10T16:00:00Z,2026-07-12T03:59:59Z,conservative end of next calendar day in America/New_York; USDA says consolidated CSV updates the day after WASDE,2026-08-20T15:50:03Z,WASDE-673-V1,false,usda_wasde_673_v1_67d5cd456b4f,https://www.usda.gov/sites/default/files/documents/oce-wasde-report-data-2026-07.csv,67d5cd456b4f6abc3c9a45c64e885869e7a1faacf7c83dd73ed0937fff7f87cf,U.S. Sugar Supply and Use,Sugar,United States,2026/27,Proj.,Stocks to Use Ratio,13.50,13.5,"1000 Short Tons, Raw Value",Percent,USDA historical CSV labels Stocks to Use Ratio with the table's tonnage unit; value is normalized as percent while the raw unit is retained.
WASDE-673-V1:67d5cd456b4f,673,2026-07-10,July 2026,2026-07-10T16:00:00Z,2026-07-12T03:59:59Z,conservative end of next calendar day in America/New_York; USDA says consolidated CSV updates the day after WASDE,2026-08-20T15:50:03Z,WASDE-673-V1,false,usda_wasde_673_v1_67d5cd456b4f,https://www.usda.gov/sites/default/files/documents/oce-wasde-report-data-2026-07.csv,67d5cd456b4f6abc3c9a45c64e885869e7a1faacf7c83dd73ed0937fff7f87cf,U.S. Sugar Supply and Use,Sugar,United States,2026/27,Proj.,TRQ,1422.00,1422,"1000 Short Tons, Raw Value","1000 Short Tons, Raw Value",
WASDE-673-V1:67d5cd456b4f,673,2026-07-10,July 2026,2026-07-10T16:00:00Z,2026-07-12T03:59:59Z,conservative end of next calendar day in America/New_York; USDA says consolidated CSV updates the day after WASDE,2026-08-20T15:50:03Z,WASDE-673-V1,false,usda_wasde_673_v1_67d5cd456b4f,https://www.usda.gov/sites/default/files/documents/oce-wasde-report-data-2026-07.csv,67d5cd456b4f6abc3c9a45c64e885869e7a1faacf7c83dd73ed0937fff7f87cf,U.S. Sugar Supply and Use,Sugar,United States,2026/27,Proj.,Texas,.00,0,"1000 Short Tons, Raw Value","1000 Short Tons, Raw Value",
WASDE-673-V1:67d5cd456b4f,673,2026-07-10,July 2026,2026-07-10T16:00:00Z,2026-07-12T03:59:59Z,conservative end of next calendar day in America/New_York; USDA says consolidated CSV updates the day after WASDE,2026-08-20T15:50:03Z,WASDE-673-V1,false,usda_wasde_673_v1_67d5cd456b4f,https://www.usda.gov/sites/default/files/documents/oce-wasde-report-data-2026-07.csv,67d5cd456b4f6abc3c9a45c64e885869e7a1faacf7c83dd73ed0937fff7f87cf,U.S. Sugar Supply and Use,Sugar,United States,2026/27,Proj.,Total Supply,14268.00,14268,"1000 Short Tons, Raw Value","1000 Short Tons, Raw Value",
WASDE-673-V1:67d5cd456b4f,673,2026-07-10,July 2026,2026-07-10T16:00:00Z,2026-07-12T03:59:59Z,conservative end of next calendar day in America/New_York; USDA says consolidated CSV updates the day after WASDE,2026-08-20T15:50:03Z,WASDE-673-V1,false,usda_wasde_673_v1_67d5cd456b4f,https://www.usda.gov/sites/default/files/documents/oce-wasde-report-data-2026-07.csv,67d5cd456b4f6abc3c9a45c64e885869e7a1faacf7c83dd73ed0937fff7f87cf,U.S. Sugar Supply and Use,Sugar,United States,2026/27,Proj.,Total Use,12571.00,12571,"1000 Short Tons, Raw Value","1000 Short Tons, Raw Value",
WASDE-674-V1:d0747313a577,674,2026-08-12,August 2026,2026-08-12T16:00:00Z,2026-08-14T03:59:59Z,conservative end of next calendar day in America/New_York; USDA says consolidated CSV updates the day after WASDE,2026-08-20T15:50:03Z,WASDE-674-V1,false,usda_wasde_674_v1_d0747313a577,https://www.usda.gov/sites/default/files/documents/oce-wasde-report-data-2026-08.csv,d0747313a577a87e14c7a0967eda842fe5e05a38dbe9a2ff87794152d495e170,Mexico Sugar Supply and Use and High Fructose Corn Syrup Consumption,Sugar,Mexico,2025/26,Est.,Beginning Stocks,1123.00,1123,"1000 Metric Tons, Actual Weight","1000 Metric Tons, Actual Weight",
WASDE-674-V1:d0747313a577,674,2026-08-12,August 2026,2026-08-12T16:00:00Z,2026-08-14T03:59:59Z,conservative end of next calendar day in America/New_York; USDA says consolidated CSV updates the day after WASDE,2026-08-20T15:50:03Z,WASDE-674-V1,false,usda_wasde_674_v1_d0747313a577,https://www.usda.gov/sites/default/files/documents/oce-wasde-report-data-2026-08.csv,d0747313a577a87e14c7a0967eda842fe5e05a38dbe9a2ff87794152d495e170,Mexico Sugar Supply and Use and High Fructose Corn Syrup Consumption,Sugar,Mexico,2025/26,Est.,Domestic,4250.00,4250,"1000 Metric Tons, Actual Weight","1000 Metric Tons, Actual Weight",
WASDE-674-V1:d0747313a577,674,2026-08-12,August 2026,2026-08-12T16:00:00Z,2026-08-14T03:59:59Z,conservative end of next calendar day in America/New_York; USDA says consolidated CSV updates the day after WASDE,2026-08-20T15:50:03Z,WASDE-674-V1,false,usda_wasde_674_v1_d0747313a577,https://www.usda.gov/sites/default/files/documents/oce-wasde-report-data-2026-08.csv,d0747313a577a87e14c7a0967eda842fe5e05a38dbe9a2ff87794152d495e170,Mexico Sugar Supply and Use and High Fructose Corn Syrup Consumption,Sugar,Mexico,2025/26,Est.,Ending Stocks,1259.00,1259,"1000 Metric Tons, Actual Weight","1000 Metric Tons, Actual Weight",
WASDE-674-V1:d0747313a577,674,2026-08-12,August 2026,2026-08-12T16:00:00Z,2026-08-14T03:59:59Z,conservative end of next calendar day in America/New_York; USDA says consolidated CSV updates the day after WASDE,2026-08-20T15:50:03Z,WASDE-674-V1,false,usda_wasde_674_v1_d0747313a577,https://www.usda.gov/sites/default/files/documents/oce-wasde-report-data-2026-08.csv,d0747313a577a87e14c7a0967eda842fe5e05a38dbe9a2ff87794152d495e170,Mexico Sugar Supply and Use and High Fructose Corn Syrup Consumption,Sugar,Mexico,2025/26,Est.,Exports,981.00,981,"1000 Metric Tons, Actual Weight","1000 Metric Tons, Actual Weight",
WASDE-674-V1:d0747313a577,674,2026-08-12,August 2026,2026-08-12T16:00:00Z,2026-08-14T03:59:59Z,conservative end of next calendar day in America/New_York; USDA says consolidated CSV updates the day after WASDE,2026-08-20T15:50:03Z,WASDE-674-V1,false,usda_wasde_674_v1_d0747313a577,https://www.usda.gov/sites/default/files/documents/oce-wasde-report-data-2026-08.csv,d0747313a577a87e14c7a0967eda842fe5e05a38dbe9a2ff87794152d495e170,Mexico Sugar Supply and Use and High Fructose Corn Syrup Consumption,Sugar,Mexico,2025/26,Est.,Imports,42.00,42,"1000 Metric Tons, Actual Weight","1000 Metric Tons, Actual Weight",
WASDE-674-V1:d0747313a577,674,2026-08-12,August 2026,2026-08-12T16:00:00Z,2026-08-14T03:59:59Z,conservative end of next calendar day in America/New_York; USDA says consolidated CSV updates the day after WASDE,2026-08-20T15:50:03Z,WASDE-674-V1,false,usda_wasde_674_v1_d0747313a577,https://www.usda.gov/sites/default/files/documents/oce-wasde-report-data-2026-08.csv,d0747313a577a87e14c7a0967eda842fe5e05a38dbe9a2ff87794152d495e170,Mexico Sugar Supply and Use and High Fructose Corn Syrup Consumption,Sugar,Mexico,2025/26,Est.,Production,5325.00,5325,"1000 Metric Tons, Actual Weight","1000 Metric Tons, Actual Weight",
WASDE-674-V1:d0747313a577,674,2026-08-12,August 2026,2026-08-12T16:00:00Z,2026-08-14T03:59:59Z,conservative end of next calendar day in America/New_York; USDA says consolidated CSV updates the day after WASDE,2026-08-20T15:50:03Z,WASDE-674-V1,false,usda_wasde_674_v1_d0747313a577,https://www.usda.gov/sites/default/files/documents/oce-wasde-report-data-2026-08.csv,d0747313a577a87e14c7a0967eda842fe5e05a38dbe9a2ff87794152d495e170,Mexico Sugar Supply and Use and High Fructose Corn Syrup Consumption,Sugar,Mexico,2026/27,Proj.,Beginning Stocks,1259.00,1259,"1000 Metric Tons, Actual Weight","1000 Metric Tons, Actual Weight",
WASDE-674-V1:d0747313a577,674,2026-08-12,August 2026,2026-08-12T16:00:00Z,2026-08-14T03:59:59Z,conservative end of next calendar day in America/New_York; USDA says consolidated CSV updates the day after WASDE,2026-08-20T15:50:03Z,WASDE-674-V1,false,usda_wasde_674_v1_d0747313a577,https://www.usda.gov/sites/default/files/documents/oce-wasde-report-data-2026-08.csv,d0747313a577a87e14c7a0967eda842fe5e05a38dbe9a2ff87794152d495e170,Mexico Sugar Supply and Use and High Fructose Corn Syrup Consumption,Sugar,Mexico,2026/27,Proj.,Domestic,4226.00,4226,"1000 Metric Tons, Actual Weight","1000 Metric Tons, Actual Weight",
WASDE-674-V1:d0747313a577,674,2026-08-12,August 2026,2026-08-12T16:00:00Z,2026-08-14T03:59:59Z,conservative end of next calendar day in America/New_York; USDA says consolidated CSV updates the day after WASDE,2026-08-20T15:50:03Z,WASDE-674-V1,false,usda_wasde_674_v1_d0747313a577,https://www.usda.gov/sites/default/files/documents/oce-wasde-report-data-2026-08.csv,d0747313a577a87e14c7a0967eda842fe5e05a38dbe9a2ff87794152d495e170,Mexico Sugar Supply and Use and High Fructose Corn Syrup Consumption,Sugar,Mexico,2026/27,Proj.,Ending Stocks,1082.00,1082,"1000 Metric Tons, Actual Weight","1000 Metric Tons, Actual Weight",
WASDE-674-V1:d0747313a577,674,2026-08-12,August 2026,2026-08-12T16:00:00Z,2026-08-14T03:59:59Z,conservative end of next calendar day in America/New_York; USDA says consolidated CSV updates the day after WASDE,2026-08-20T15:50:03Z,WASDE-674-V1,false,usda_wasde_674_v1_d0747313a577,https://www.usda.gov/sites/default/files/documents/oce-wasde-report-data-2026-08.csv,d0747313a577a87e14c7a0967eda842fe5e05a38dbe9a2ff87794152d495e170,Mexico Sugar Supply and Use and High Fructose Corn Syrup Consumption,Sugar,Mexico,2026/27,Proj.,Exports,1357.00,1357,"1000 Metric Tons, Actual Weight","1000 Metric Tons, Actual Weight",
WASDE-674-V1:d0747313a577,674,2026-08-12,August 2026,2026-08-12T16:00:00Z,2026-08-14T03:59:59Z,conservative end of next calendar day in America/New_York; USDA says consolidated CSV updates the day after WASDE,2026-08-20T15:50:03Z,WASDE-674-V1,false,usda_wasde_674_v1_d0747313a577,https://www.usda.gov/sites/default/files/documents/oce-wasde-report-data-2026-08.csv,d0747313a577a87e14c7a0967eda842fe5e05a38dbe9a2ff87794152d495e170,Mexico Sugar Supply and Use and High Fructose Corn Syrup Consumption,Sugar,Mexico,2026/27,Proj.,Imports,28.00,28,"1000 Metric Tons, Actual Weight","1000 Metric Tons, Actual Weight",
WASDE-674-V1:d0747313a577,674,2026-08-12,August 2026,2026-08-12T16:00:00Z,2026-08-14T03:59:59Z,conservative end of next calendar day in America/New_York; USDA says consolidated CSV updates the day after WASDE,2026-08-20T15:50:03Z,WASDE-674-V1,false,usda_wasde_674_v1_d0747313a577,https://www.usda.gov/sites/default/files/documents/oce-wasde-report-data-2026-08.csv,d0747313a577a87e14c7a0967eda842fe5e05a38dbe9a2ff87794152d495e170,Mexico Sugar Supply and Use and High Fructose Corn Syrup Consumption,Sugar,Mexico,2026/27,Proj.,Production,5377.00,5377,"1000 Metric Tons, Actual Weight","1000 Metric Tons, Actual Weight",
WASDE-674-V1:d0747313a577,674,2026-08-12,August 2026,2026-08-12T16:00:00Z,2026-08-14T03:59:59Z,conservative end of next calendar day in America/New_York; USDA says consolidated CSV updates the day after WASDE,2026-08-20T15:50:03Z,WASDE-674-V1,false,usda_wasde_674_v1_d0747313a577,https://www.usda.gov/sites/default/files/documents/oce-wasde-report-data-2026-08.csv,d0747313a577a87e14c7a0967eda842fe5e05a38dbe9a2ff87794152d495e170,U.S. Sugar Supply and Use,Sugar,United States,2024/25,,Beet Sugar,5370.00,5370,"1000 Short Tons, Raw Value","1000 Short Tons, Raw Value",
WASDE-674-V1:d0747313a577,674,2026-08-12,August 2026,2026-08-12T16:00:00Z,2026-08-14T03:59:59Z,conservative end of next calendar day in America/New_York; USDA says consolidated CSV updates the day after WASDE,2026-08-20T15:50:03Z,WASDE-674-V1,false,usda_wasde_674_v1_d0747313a577,https://www.usda.gov/sites/default/files/documents/oce-wasde-report-data-2026-08.csv,d0747313a577a87e14c7a0967eda842fe5e05a38dbe9a2ff87794152d495e170,U.S. Sugar Supply and Use,Sugar,United States,2024/25,,Beginning Stocks,2141.00,2141,"1000 Short Tons, Raw Value","1000 Short Tons, Raw Value",
WASDE-674-V1:d0747313a577,674,2026-08-12,August 2026,2026-08-12T16:00:00Z,2026-08-14T03:59:59Z,conservative end of next calendar day in America/New_York; USDA says consolidated CSV updates the day after WASDE,2026-08-20T15:50:03Z,WASDE-674-V1,false,usda_wasde_674_v1_d0747313a577,https://www.usda.gov/sites/default/files/documents/oce-wasde-report-data-2026-08.csv,d0747313a577a87e14c7a0967eda842fe5e05a38dbe9a2ff87794152d495e170,U.S. Sugar Supply and Use,Sugar,United States,2024/25,,Cane Sugar,4027.00,4027,"1000 Short Tons, Raw Value","1000 Short Tons, Raw Value",
WASDE-674-V1:d0747313a577,674,2026-08-12,August 2026,2026-08-12T16:00:00Z,2026-08-14T03:59:59Z,conservative end of next calendar day in America/New_York; USDA says consolidated CSV updates the day after WASDE,2026-08-20T15:50:03Z,WASDE-674-V1,false,usda_wasde_674_v1_d0747313a577,https://www.usda.gov/sites/default/files/documents/oce-wasde-report-data-2026-08.csv,d0747313a577a87e14c7a0967eda842fe5e05a38dbe9a2ff87794152d495e170,U.S. Sugar Supply and Use,Sugar,United States,2024/25,,Deliveries,12485.00,12485,"1000 Short Tons, Raw Value","1000 Short Tons, Raw Value",
WASDE-674-V1:d0747313a577,674,2026-08-12,August 2026,2026-08-12T16:00:00Z,2026-08-14T03:59:59Z,conservative end of next calendar day in America/New_York; USDA says consolidated CSV updates the day after WASDE,2026-08-20T15:50:03Z,WASDE-674-V1,false,usda_wasde_674_v1_d0747313a577,https://www.usda.gov/sites/default/files/documents/oce-wasde-report-data-2026-08.csv,d0747313a577a87e14c7a0967eda842fe5e05a38dbe9a2ff87794152d495e170,U.S. Sugar Supply and Use,Sugar,United States,2024/25,,Ending Stocks,2376.00,2376,"1000 Short Tons, Raw Value","1000 Short Tons, Raw Value",
WASDE-674-V1:d0747313a577,674,2026-08-12,August 2026,2026-08-12T16:00:00Z,2026-08-14T03:59:59Z,conservative end of next calendar day in America/New_York; USDA says consolidated CSV updates the day after WASDE,2026-08-20T15:50:03Z,WASDE-674-V1,false,usda_wasde_674_v1_d0747313a577,https://www.usda.gov/sites/default/files/documents/oce-wasde-report-data-2026-08.csv,d0747313a577a87e14c7a0967eda842fe5e05a38dbe9a2ff87794152d495e170,U.S. Sugar Supply and Use,Sugar,United States,2024/25,,Exports,111.00,111,"1000 Short Tons, Raw Value","1000 Short Tons, Raw Value",
WASDE-674-V1:d0747313a577,674,2026-08-12,August 2026,2026-08-12T16:00:00Z,2026-08-14T03:59:59Z,conservative end of next calendar day in America/New_York; USDA says consolidated CSV updates the day after WASDE,2026-08-20T15:50:03Z,WASDE-674-V1,false,usda_wasde_674_v1_d0747313a577,https://www.usda.gov/sites/default/files/documents/oce-wasde-report-data-2026-08.csv,d0747313a577a87e14c7a0967eda842fe5e05a38dbe9a2ff87794152d495e170,U.S. Sugar Supply and Use,Sugar,United States,2024/25,,Exports - Other,111.00,111,"1000 Short Tons, Raw Value","1000 Short Tons, Raw Value",
WASDE-674-V1:d0747313a577,674,2026-08-12,August 2026,2026-08-12T16:00:00Z,2026-08-14T03:59:59Z,conservative end of next calendar day in America/New_York; USDA says consolidated CSV updates the day after WASDE,2026-08-20T15:50:03Z,WASDE-674-V1,false,usda_wasde_674_v1_d0747313a577,https://www.usda.gov/sites/default/files/documents/oce-wasde-report-data-2026-08.csv,d0747313a577a87e14c7a0967eda842fe5e05a38dbe9a2ff87794152d495e170,U.S. Sugar Supply and Use,Sugar,United States,2024/25,,Florida,1932.00,1932,"1000 Short Tons, Raw Value","1000 Short Tons, Raw Value",
WASDE-674-V1:d0747313a577,674,2026-08-12,August 2026,2026-08-12T16:00:00Z,2026-08-14T03:59:59Z,conservative end of next calendar day in America/New_York; USDA says consolidated CSV updates the day after WASDE,2026-08-20T15:50:03Z,WASDE-674-V1,false,usda_wasde_674_v1_d0747313a577,https://www.usda.gov/sites/default/files/documents/oce-wasde-report-data-2026-08.csv,d0747313a577a87e14c7a0967eda842fe5e05a38dbe9a2ff87794152d495e170,U.S. Sugar Supply and Use,Sugar,United States,2024/25,,Food,12375.00,12375,"1000 Short Tons, Raw Value","1000 Short Tons, Raw Value",
WASDE-674-V1:d0747313a577,674,2026-08-12,August 2026,2026-08-12T16:00:00Z,2026-08-14T03:59:59Z,conservative end of next calendar day in America/New_York; USDA says consolidated CSV updates the day after WASDE,2026-08-20T15:50:03Z,WASDE-674-V1,false,usda_wasde_674_v1_d0747313a577,https://www.usda.gov/sites/default/files/documents/oce-wasde-report-data-2026-08.csv,d0747313a577a87e14c7a0967eda842fe5e05a38dbe9a2ff87794152d495e170,U.S. Sugar Supply and Use,Sugar,United States,2024/25,,High-tier tariff/other,980.00,980,"1000 Short Tons, Raw Value","1000 Short Tons, Raw Value",
WASDE-674-V1:d0747313a577,674,2026-08-12,August 2026,2026-08-12T16:00:00Z,2026-08-14T03:59:59Z,conservative end of next calendar day in America/New_York; USDA says consolidated CSV updates the day after WASDE,2026-08-20T15:50:03Z,WASDE-674-V1,false,usda_wasde_674_v1_d0747313a577,https://www.usda.gov/sites/default/files/documents/oce-wasde-report-data-2026-08.csv,d0747313a577a87e14c7a0967eda842fe5e05a38dbe9a2ff87794152d495e170,U.S. Sugar Supply and Use,Sugar,United States,2024/25,,Imports,3393.00,3393,"1000 Short Tons, Raw Value","1000 Short Tons, Raw Value",
WASDE-674-V1:d0747313a577,674,2026-08-12,August 2026,2026-08-12T16:00:00Z,2026-08-14T03:59:59Z,conservative end of next calendar day in America/New_York; USDA says consolidated CSV updates the day after WASDE,2026-08-20T15:50:03Z,WASDE-674-V1,false,usda_wasde_674_v1_d0747313a577,https://www.usda.gov/sites/default/files/documents/oce-wasde-report-data-2026-08.csv,d0747313a577a87e14c7a0967eda842fe5e05a38dbe9a2ff87794152d495e170,U.S. Sugar Supply and Use,Sugar,United States,2024/25,,Louisiana,2095.00,2095,"1000 Short Tons, Raw Value","1000 Short Tons, Raw Value",
WASDE-674-V1:d0747313a577,674,2026-08-12,August 2026,2026-08-12T16:00:00Z,2026-08-14T03:59:59Z,conservative end of next calendar day in America/New_York; USDA says consolidated CSV updates the day after WASDE,2026-08-20T15:50:03Z,WASDE-674-V1,false,usda_wasde_674_v1_d0747313a577,https://www.usda.gov/sites/default/files/documents/oce-wasde-report-data-2026-08.csv,d0747313a577a87e14c7a0967eda842fe5e05a38dbe9a2ff87794152d495e170,U.S. Sugar Supply and Use,Sugar,United States,2024/25,,Mexico,504.00,504,"1000 Short Tons, Raw Value","1000 Short Tons, Raw Value",
WASDE-674-V1:d0747313a577,674,2026-08-12,August 2026,2026-08-12T16:00:00Z,2026-08-14T03:59:59Z,conservative end of next calendar day in America/New_York; USDA says consolidated CSV updates the day after WASDE,2026-08-20T15:50:03Z,WASDE-674-V1,false,usda_wasde_674_v1_d0747313a577,https://www.usda.gov/sites/default/files/documents/oce-wasde-report-data-2026-08.csv,d0747313a577a87e14c7a0967eda842fe5e05a38dbe9a2ff87794152d495e170,U.S. Sugar Supply and Use,Sugar,United States,2024/25,,Miscellaneous,-41.00,-41,"1000 Short Tons, Raw Value","1000 Short Tons, Raw Value",
WASDE-674-V1:d0747313a577,674,2026-08-12,August 2026,2026-08-12T16:00:00Z,2026-08-14T03:59:59Z,conservative end of next calendar day in America/New_York; USDA says consolidated CSV updates the day after WASDE,2026-08-20T15:50:03Z,WASDE-674-V1,false,usda_wasde_674_v1_d0747313a577,https://www.usda.gov/sites/default/files/documents/oce-wasde-report-data-2026-08.csv,d0747313a577a87e14c7a0967eda842fe5e05a38dbe9a2ff87794152d495e170,U.S. Sugar Supply and Use,Sugar,United States,2024/25,,Non-program,1485.00,1485,"1000 Short Tons, Raw Value","1000 Short Tons, Raw Value",
WASDE-674-V1:d0747313a577,674,2026-08-12,August 2026,2026-08-12T16:00:00Z,2026-08-14T03:59:59Z,conservative end of next calendar day in America/New_York; USDA says consolidated CSV updates the day after WASDE,2026-08-20T15:50:03Z,WASDE-674-V1,false,usda_wasde_674_v1_d0747313a577,https://www.usda.gov/sites/default/files/documents/oce-wasde-report-data-2026-08.csv,d0747313a577a87e14c7a0967eda842fe5e05a38dbe9a2ff87794152d495e170,U.S. Sugar Supply and Use,Sugar,United States,2024/25,,Other Program,373.00,373,"1000 Short Tons, Raw Value","1000 Short Tons, Raw Value",
WASDE-674-V1:d0747313a577,674,2026-08-12,August 2026,2026-08-12T16:00:00Z,2026-08-14T03:59:59Z,conservative end of next calendar day in America/New_York; USDA says consolidated CSV updates the day after WASDE,2026-08-20T15:50:03Z,WASDE-674-V1,false,usda_wasde_674_v1_d0747313a577,https://www.usda.gov/sites/default/files/documents/oce-wasde-report-data-2026-08.csv,d0747313a577a87e14c7a0967eda842fe5e05a38dbe9a2ff87794152d495e170,U.S. Sugar Supply and Use,Sugar,United States,2024/25,,Production,9397.00,9397,"1000 Short Tons, Raw Value","1000 Short Tons, Raw Value",
WASDE-674-V1:d0747313a577,674,2026-08-12,August 2026,2026-08-12T16:00:00Z,2026-08-14T03:59:59Z,conservative end of next calendar day in America/New_York; USDA says consolidated CSV updates the day after WASDE,2026-08-20T15:50:03Z,WASDE-674-V1,false,usda_wasde_674_v1_d0747313a577,https://www.usda.gov/sites/default/files/documents/oce-wasde-report-data-2026-08.csv,d0747313a577a87e14c7a0967eda842fe5e05a38dbe9a2ff87794152d495e170,U.S. Sugar Supply and Use,Sugar,United States,2024/25,,Stocks to Use Ratio,18.90,18.9,"1000 Short Tons, Raw Value",Percent,USDA historical CSV labels Stocks to Use Ratio with the table's tonnage unit; value is normalized as percent while the raw unit is retained.
WASDE-674-V1:d0747313a577,674,2026-08-12,August 2026,2026-08-12T16:00:00Z,2026-08-14T03:59:59Z,conservative end of next calendar day in America/New_York; USDA says consolidated CSV updates the day after WASDE,2026-08-20T15:50:03Z,WASDE-674-V1,false,usda_wasde_674_v1_d0747313a577,https://www.usda.gov/sites/default/files/documents/oce-wasde-report-data-2026-08.csv,d0747313a577a87e14c7a0967eda842fe5e05a38dbe9a2ff87794152d495e170,U.S. Sugar Supply and Use,Sugar,United States,2024/25,,TRQ,1534.00,1534,"1000 Short Tons, Raw Value","1000 Short Tons, Raw Value",
WASDE-674-V1:d0747313a577,674,2026-08-12,August 2026,2026-08-12T16:00:00Z,2026-08-14T03:59:59Z,conservative end of next calendar day in America/New_York; USDA says consolidated CSV updates the day after WASDE,2026-08-20T15:50:03Z,WASDE-674-V1,false,usda_wasde_674_v1_d0747313a577,https://www.usda.gov/sites/default/files/documents/oce-wasde-report-data-2026-08.csv,d0747313a577a87e14c7a0967eda842fe5e05a38dbe9a2ff87794152d495e170,U.S. Sugar Supply and Use,Sugar,United States,2024/25,,Texas,.00,0,"1000 Short Tons, Raw Value","1000 Short Tons, Raw Value",
WASDE-674-V1:d0747313a577,674,2026-08-12,August 2026,2026-08-12T16:00:00Z,2026-08-14T03:59:59Z,conservative end of next calendar day in America/New_York; USDA says consolidated CSV updates the day after WASDE,2026-08-20T15:50:03Z,WASDE-674-V1,false,usda_wasde_674_v1_d0747313a577,https://www.usda.gov/sites/default/files/documents/oce-wasde-report-data-2026-08.csv,d0747313a577a87e14c7a0967eda842fe5e05a38dbe9a2ff87794152d495e170,U.S. Sugar Supply and Use,Sugar,United States,2024/25,,Total Supply,14931.00,14931,"1000 Short Tons, Raw Value","1000 Short Tons, Raw Value",
WASDE-674-V1:d0747313a577,674,2026-08-12,August 2026,2026-08-12T16:00:00Z,2026-08-14T03:59:59Z,conservative end of next calendar day in America/New_York; USDA says consolidated CSV updates the day after WASDE,2026-08-20T15:50:03Z,WASDE-674-V1,false,usda_wasde_674_v1_d0747313a577,https://www.usda.gov/sites/default/files/documents/oce-wasde-report-data-2026-08.csv,d0747313a577a87e14c7a0967eda842fe5e05a38dbe9a2ff87794152d495e170,U.S. Sugar Supply and Use,Sugar,United States,2024/25,,Total Use,12555.00,12555,"1000 Short Tons, Raw Value","1000 Short Tons, Raw Value",
WASDE-674-V1:d0747313a577,674,2026-08-12,August 2026,2026-08-12T16:00:00Z,2026-08-14T03:59:59Z,conservative end of next calendar day in America/New_York; USDA says consolidated CSV updates the day after WASDE,2026-08-20T15:50:03Z,WASDE-674-V1,false,usda_wasde_674_v1_d0747313a577,https://www.usda.gov/sites/default/files/documents/oce-wasde-report-data-2026-08.csv,d0747313a577a87e14c7a0967eda842fe5e05a38dbe9a2ff87794152d495e170,U.S. Sugar Supply and Use,Sugar,United States,2025/26,Est.,Beet Sugar,5068.00,5068,"1000 Short Tons, Raw Value","1000 Short Tons, Raw Value",
WASDE-674-V1:d0747313a577,674,2026-08-12,August 2026,2026-08-12T16:00:00Z,2026-08-14T03:59:59Z,conservative end of next calendar day in America/New_York; USDA says consolidated CSV updates the day after WASDE,2026-08-20T15:50:03Z,WASDE-674-V1,false,usda_wasde_674_v1_d0747313a577,https://www.usda.gov/sites/default/files/documents/oce-wasde-report-data-2026-08.csv,d0747313a577a87e14c7a0967eda842fe5e05a38dbe9a2ff87794152d495e170,U.S. Sugar Supply and Use,Sugar,United States,2025/26,Est.,Beginning Stocks,2376.00,2376,"1000 Short Tons, Raw Value","1000 Short Tons, Raw Value",
WASDE-674-V1:d0747313a577,674,2026-08-12,August 2026,2026-08-12T16:00:00Z,2026-08-14T03:59:59Z,conservative end of next calendar day in America/New_York; USDA says consolidated CSV updates the day after WASDE,2026-08-20T15:50:03Z,WASDE-674-V1,false,usda_wasde_674_v1_d0747313a577,https://www.usda.gov/sites/default/files/documents/oce-wasde-report-data-2026-08.csv,d0747313a577a87e14c7a0967eda842fe5e05a38dbe9a2ff87794152d495e170,U.S. Sugar Supply and Use,Sugar,United States,2025/26,Est.,Cane Sugar,4189.00,4189,"1000 Short Tons, Raw Value","1000 Short Tons, Raw Value",
WASDE-674-V1:d0747313a577,674,2026-08-12,August 2026,2026-08-12T16:00:00Z,2026-08-14T03:59:59Z,conservative end of next calendar day in America/New_York; USDA says consolidated CSV updates the day after WASDE,2026-08-20T15:50:03Z,WASDE-674-V1,false,usda_wasde_674_v1_d0747313a577,https://www.usda.gov/sites/default/files/documents/oce-wasde-report-data-2026-08.csv,d0747313a577a87e14c7a0967eda842fe5e05a38dbe9a2ff87794152d495e170,U.S. Sugar Supply and Use,Sugar,United States,2025/26,Est.,Deliveries,12546.00,12546,"1000 Short Tons, Raw Value","1000 Short Tons, Raw Value",
WASDE-674-V1:d0747313a577,674,2026-08-12,August 2026,2026-08-12T16:00:00Z,2026-08-14T03:59:59Z,conservative end of next calendar day in America/New_York; USDA says consolidated CSV updates the day after WASDE,2026-08-20T15:50:03Z,WASDE-674-V1,false,usda_wasde_674_v1_d0747313a577,https://www.usda.gov/sites/default/files/documents/oce-wasde-report-data-2026-08.csv,d0747313a577a87e14c7a0967eda842fe5e05a38dbe9a2ff87794152d495e170,U.S. Sugar Supply and Use,Sugar,United States,2025/26,Est.,Ending Stocks,1904.00,1904,"1000 Short Tons, Raw Value","1000 Short Tons, Raw Value",
WASDE-674-V1:d0747313a577,674,2026-08-12,August 2026,2026-08-12T16:00:00Z,2026-08-14T03:59:59Z,conservative end of next calendar day in America/New_York; USDA says consolidated CSV updates the day after WASDE,2026-08-20T15:50:03Z,WASDE-674-V1,false,usda_wasde_674_v1_d0747313a577,https://www.usda.gov/sites/default/files/documents/oce-wasde-report-data-2026-08.csv,d0747313a577a87e14c7a0967eda842fe5e05a38dbe9a2ff87794152d495e170,U.S. Sugar Supply and Use,Sugar,United States,2025/26,Est.,Exports,25.00,25,"1000 Short Tons, Raw Value","1000 Short Tons, Raw Value",
WASDE-674-V1:d0747313a577,674,2026-08-12,August 2026,2026-08-12T16:00:00Z,2026-08-14T03:59:59Z,conservative end of next calendar day in America/New_York; USDA says consolidated CSV updates the day after WASDE,2026-08-20T15:50:03Z,WASDE-674-V1,false,usda_wasde_674_v1_d0747313a577,https://www.usda.gov/sites/default/files/documents/oce-wasde-report-data-2026-08.csv,d0747313a577a87e14c7a0967eda842fe5e05a38dbe9a2ff87794152d495e170,U.S. Sugar Supply and Use,Sugar,United States,2025/26,Est.,Exports - Other,105.00,105,"1000 Short Tons, Raw Value","1000 Short Tons, Raw Value",
WASDE-674-V1:d0747313a577,674,2026-08-12,August 2026,2026-08-12T16:00:00Z,2026-08-14T03:59:59Z,conservative end of next calendar day in America/New_York; USDA says consolidated CSV updates the day after WASDE,2026-08-20T15:50:03Z,WASDE-674-V1,false,usda_wasde_674_v1_d0747313a577,https://www.usda.gov/sites/default/files/documents/oce-wasde-report-data-2026-08.csv,d0747313a577a87e14c7a0967eda842fe5e05a38dbe9a2ff87794152d495e170,U.S. Sugar Supply and Use,Sugar,United States,2025/26,Est.,Florida,1957.00,1957,"1000 Short Tons, Raw Value","1000 Short Tons, Raw Value",
WASDE-674-V1:d0747313a577,674,2026-08-12,August 2026,2026-08-12T16:00:00Z,2026-08-14T03:59:59Z,conservative end of next calendar day in America/New_York; USDA says consolidated CSV updates the day after WASDE,2026-08-20T15:50:03Z,WASDE-674-V1,false,usda_wasde_674_v1_d0747313a577,https://www.usda.gov/sites/default/files/documents/oce-wasde-report-data-2026-08.csv,d0747313a577a87e14c7a0967eda842fe5e05a38dbe9a2ff87794152d495e170,U.S. Sugar Supply and Use,Sugar,United States,2025/26,Est.,Food,12441.00,12441,"1000 Short Tons, Raw Value","1000 Short Tons, Raw Value",
WASDE-674-V1:d0747313a577,674,2026-08-12,August 2026,2026-08-12T16:00:00Z,2026-08-14T03:59:59Z,conservative end of next calendar day in America/New_York; USDA says consolidated CSV updates the day after WASDE,2026-08-20T15:50:03Z,WASDE-674-V1,false,usda_wasde_674_v1_d0747313a577,https://www.usda.gov/sites/default/files/documents/oce-wasde-report-data-2026-08.csv,d0747313a577a87e14c7a0967eda842fe5e05a38dbe9a2ff87794152d495e170,U.S. Sugar Supply and Use,Sugar,United States,2025/26,Est.,High-tier tariff/other,982.00,982,"1000 Short Tons, Raw Value","1000 Short Tons, Raw Value",
WASDE-674-V1:d0747313a577,674,2026-08-12,August 2026,2026-08-12T16:00:00Z,2026-08-14T03:59:59Z,conservative end of next calendar day in America/New_York; USDA says consolidated CSV updates the day after WASDE,2026-08-20T15:50:03Z,WASDE-674-V1,false,usda_wasde_674_v1_d0747313a577,https://www.usda.gov/sites/default/files/documents/oce-wasde-report-data-2026-08.csv,d0747313a577a87e14c7a0967eda842fe5e05a38dbe9a2ff87794152d495e170,U.S. Sugar Supply and Use,Sugar,United States,2025/26,Est.,Imports,2843.00,2843,"1000 Short Tons, Raw Value","1000 Short Tons, Raw Value",
WASDE-674-V1:d0747313a577,674,2026-08-12,August 2026,2026-08-12T16:00:00Z,2026-08-14T03:59:59Z,conservative end of next calendar day in America/New_York; USDA says consolidated CSV updates the day after WASDE,2026-08-20T15:50:03Z,WASDE-674-V1,false,usda_wasde_674_v1_d0747313a577,https://www.usda.gov/sites/default/files/documents/oce-wasde-report-data-2026-08.csv,d0747313a577a87e14c7a0967eda842fe5e05a38dbe9a2ff87794152d495e170,U.S. Sugar Supply and Use,Sugar,United States,2025/26,Est.,Louisiana,2232.00,2232,"1000 Short Tons, Raw Value","1000 Short Tons, Raw Value",
WASDE-674-V1:d0747313a577,674,2026-08-12,August 2026,2026-08-12T16:00:00Z,2026-08-14T03:59:59Z,conservative end of next calendar day in America/New_York; USDA says consolidated CSV updates the day after WASDE,2026-08-20T15:50:03Z,WASDE-674-V1,false,usda_wasde_674_v1_d0747313a577,https://www.usda.gov/sites/default/files/documents/oce-wasde-report-data-2026-08.csv,d0747313a577a87e14c7a0967eda842fe5e05a38dbe9a2ff87794152d495e170,U.S. Sugar Supply and Use,Sugar,United States,2025/26,Est.,Mexico,220.00,220,"1000 Short Tons, Raw Value","1000 Short Tons, Raw Value",
WASDE-674-V1:d0747313a577,674,2026-08-12,August 2026,2026-08-12T16:00:00Z,2026-08-14T03:59:59Z,conservative end of next calendar day in America/New_York; USDA says consolidated CSV updates the day after WASDE,2026-08-20T15:50:03Z,WASDE-674-V1,false,usda_wasde_674_v1_d0747313a577,https://www.usda.gov/sites/default/files/documents/oce-wasde-report-data-2026-08.csv,d0747313a577a87e14c7a0967eda842fe5e05a38dbe9a2ff87794152d495e170,U.S. Sugar Supply and Use,Sugar,United States,2025/26,Est.,Miscellaneous,.00,0,"1000 Short Tons, Raw Value","1000 Short Tons, Raw Value",
WASDE-674-V1:d0747313a577,674,2026-08-12,August 2026,2026-08-12T16:00:00Z,2026-08-14T03:59:59Z,conservative end of next calendar day in America/New_York; USDA says consolidated CSV updates the day after WASDE,2026-08-20T15:50:03Z,WASDE-674-V1,false,usda_wasde_674_v1_d0747313a577,https://www.usda.gov/sites/default/files/documents/oce-wasde-report-data-2026-08.csv,d0747313a577a87e14c7a0967eda842fe5e05a38dbe9a2ff87794152d495e170,U.S. Sugar Supply and Use,Sugar,United States,2025/26,Est.,Non-program,1202.00,1202,"1000 Short Tons, Raw Value","1000 Short Tons, Raw Value",
WASDE-674-V1:d0747313a577,674,2026-08-12,August 2026,2026-08-12T16:00:00Z,2026-08-14T03:59:59Z,conservative end of next calendar day in America/New_York; USDA says consolidated CSV updates the day after WASDE,2026-08-20T15:50:03Z,WASDE-674-V1,false,usda_wasde_674_v1_d0747313a577,https://www.usda.gov/sites/default/files/documents/oce-wasde-report-data-2026-08.csv,d0747313a577a87e14c7a0967eda842fe5e05a38dbe9a2ff87794152d495e170,U.S. Sugar Supply and Use,Sugar,United States,2025/26,Est.,Other Program,325.00,325,"1000 Short Tons, Raw Value","1000 Short Tons, Raw Value",
WASDE-674-V1:d0747313a577,674,2026-08-12,August 2026,2026-08-12T16:00:00Z,2026-08-14T03:59:59Z,conservative end of next calendar day in America/New_York; USDA says consolidated CSV updates the day after WASDE,2026-08-20T15:50:03Z,WASDE-674-V1,false,usda_wasde_674_v1_d0747313a577,https://www.usda.gov/sites/default/files/documents/oce-wasde-report-data-2026-08.csv,d0747313a577a87e14c7a0967eda842fe5e05a38dbe9a2ff87794152d495e170,U.S. Sugar Supply and Use,Sugar,United States,2025/26,Est.,Production,9257.00,9257,"1000 Short Tons, Raw Value","1000 Short Tons, Raw Value",
WASDE-674-V1:d0747313a577,674,2026-08-12,August 2026,2026-08-12T16:00:00Z,2026-08-14T03:59:59Z,conservative end of next calendar day in America/New_York; USDA says consolidated CSV updates the day after WASDE,2026-08-20T15:50:03Z,WASDE-674-V1,false,usda_wasde_674_v1_d0747313a577,https://www.usda.gov/sites/default/files/documents/oce-wasde-report-data-2026-08.csv,d0747313a577a87e14c7a0967eda842fe5e05a38dbe9a2ff87794152d495e170,U.S. Sugar Supply and Use,Sugar,United States,2025/26,Est.,Stocks to Use Ratio,15.10,15.1,"1000 Short Tons, Raw Value",Percent,USDA historical CSV labels Stocks to Use Ratio with the table's tonnage unit; value is normalized as percent while the raw unit is retained.
WASDE-674-V1:d0747313a577,674,2026-08-12,August 2026,2026-08-12T16:00:00Z,2026-08-14T03:59:59Z,conservative end of next calendar day in America/New_York; USDA says consolidated CSV updates the day after WASDE,2026-08-20T15:50:03Z,WASDE-674-V1,false,usda_wasde_674_v1_d0747313a577,https://www.usda.gov/sites/default/files/documents/oce-wasde-report-data-2026-08.csv,d0747313a577a87e14c7a0967eda842fe5e05a38dbe9a2ff87794152d495e170,U.S. Sugar Supply and Use,Sugar,United States,2025/26,Est.,TRQ,1316.00,1316,"1000 Short Tons, Raw Value","1000 Short Tons, Raw Value",
WASDE-674-V1:d0747313a577,674,2026-08-12,August 2026,2026-08-12T16:00:00Z,2026-08-14T03:59:59Z,conservative end of next calendar day in America/New_York; USDA says consolidated CSV updates the day after WASDE,2026-08-20T15:50:03Z,WASDE-674-V1,false,usda_wasde_674_v1_d0747313a577,https://www.usda.gov/sites/default/files/documents/oce-wasde-report-data-2026-08.csv,d0747313a577a87e14c7a0967eda842fe5e05a38dbe9a2ff87794152d495e170,U.S. Sugar Supply and Use,Sugar,United States,2025/26,Est.,Texas,.00,0,"1000 Short Tons, Raw Value","1000 Short Tons, Raw Value",
WASDE-674-V1:d0747313a577,674,2026-08-12,August 2026,2026-08-12T16:00:00Z,2026-08-14T03:59:59Z,conservative end of next calendar day in America/New_York; USDA says consolidated CSV updates the day after WASDE,2026-08-20T15:50:03Z,WASDE-674-V1,false,usda_wasde_674_v1_d0747313a577,https://www.usda.gov/sites/default/files/documents/oce-wasde-report-data-2026-08.csv,d0747313a577a87e14c7a0967eda842fe5e05a38dbe9a2ff87794152d495e170,U.S. Sugar Supply and Use,Sugar,United States,2025/26,Est.,Total Supply,14476.00,14476,"1000 Short Tons, Raw Value","1000 Short Tons, Raw Value",
WASDE-674-V1:d0747313a577,674,2026-08-12,August 2026,2026-08-12T16:00:00Z,2026-08-14T03:59:59Z,conservative end of next calendar day in America/New_York; USDA says consolidated CSV updates the day after WASDE,2026-08-20T15:50:03Z,WASDE-674-V1,false,usda_wasde_674_v1_d0747313a577,https://www.usda.gov/sites/default/files/documents/oce-wasde-report-data-2026-08.csv,d0747313a577a87e14c7a0967eda842fe5e05a38dbe9a2ff87794152d495e170,U.S. Sugar Supply and Use,Sugar,United States,2025/26,Est.,Total Use,12571.00,12571,"1000 Short Tons, Raw Value","1000 Short Tons, Raw Value",
WASDE-674-V1:d0747313a577,674,2026-08-12,August 2026,2026-08-12T16:00:00Z,2026-08-14T03:59:59Z,conservative end of next calendar day in America/New_York; USDA says consolidated CSV updates the day after WASDE,2026-08-20T15:50:03Z,WASDE-674-V1,false,usda_wasde_674_v1_d0747313a577,https://www.usda.gov/sites/default/files/documents/oce-wasde-report-data-2026-08.csv,d0747313a577a87e14c7a0967eda842fe5e05a38dbe9a2ff87794152d495e170,U.S. Sugar Supply and Use,Sugar,United States,2026/27,Proj.,Beet Sugar,4791.00,4791,"1000 Short Tons, Raw Value","1000 Short Tons, Raw Value",
WASDE-674-V1:d0747313a577,674,2026-08-12,August 2026,2026-08-12T16:00:00Z,2026-08-14T03:59:59Z,conservative end of next calendar day in America/New_York; USDA says consolidated CSV updates the day after WASDE,2026-08-20T15:50:03Z,WASDE-674-V1,false,usda_wasde_674_v1_d0747313a577,https://www.usda.gov/sites/default/files/documents/oce-wasde-report-data-2026-08.csv,d0747313a577a87e14c7a0967eda842fe5e05a38dbe9a2ff87794152d495e170,U.S. Sugar Supply and Use,Sugar,United States,2026/27,Proj.,Beginning Stocks,1904.00,1904,"1000 Short Tons, Raw Value","1000 Short Tons, Raw Value",
WASDE-674-V1:d0747313a577,674,2026-08-12,August 2026,2026-08-12T16:00:00Z,2026-08-14T03:59:59Z,conservative end of next calendar day in America/New_York; USDA says consolidated CSV updates the day after WASDE,2026-08-20T15:50:03Z,WASDE-674-V1,false,usda_wasde_674_v1_d0747313a577,https://www.usda.gov/sites/default/files/documents/oce-wasde-report-data-2026-08.csv,d0747313a577a87e14c7a0967eda842fe5e05a38dbe9a2ff87794152d495e170,U.S. Sugar Supply and Use,Sugar,United States,2026/27,Proj.,Cane Sugar,4159.00,4159,"1000 Short Tons, Raw Value","1000 Short Tons, Raw Value",
WASDE-674-V1:d0747313a577,674,2026-08-12,August 2026,2026-08-12T16:00:00Z,2026-08-14T03:59:59Z,conservative end of next calendar day in America/New_York; USDA says consolidated CSV updates the day after WASDE,2026-08-20T15:50:03Z,WASDE-674-V1,false,usda_wasde_674_v1_d0747313a577,https://www.usda.gov/sites/default/files/documents/oce-wasde-report-data-2026-08.csv,d0747313a577a87e14c7a0967eda842fe5e05a38dbe9a2ff87794152d495e170,U.S. Sugar Supply and Use,Sugar,United States,2026/27,Proj.,Deliveries,12546.00,12546,"1000 Short Tons, Raw Value","1000 Short Tons, Raw Value",
WASDE-674-V1:d0747313a577,674,2026-08-12,August 2026,2026-08-12T16:00:00Z,2026-08-14T03:59:59Z,conservative end of next calendar day in America/New_York; USDA says consolidated CSV updates the day after WASDE,2026-08-20T15:50:03Z,WASDE-674-V1,false,usda_wasde_674_v1_d0747313a577,https://www.usda.gov/sites/default/files/documents/oce-wasde-report-data-2026-08.csv,d0747313a577a87e14c7a0967eda842fe5e05a38dbe9a2ff87794152d495e170,U.S. Sugar Supply and Use,Sugar,United States,2026/27,Proj.,Ending Stocks,1865.00,1865,"1000 Short Tons, Raw Value","1000 Short Tons, Raw Value",
WASDE-674-V1:d0747313a577,674,2026-08-12,August 2026,2026-08-12T16:00:00Z,2026-08-14T03:59:59Z,conservative end of next calendar day in America/New_York; USDA says consolidated CSV updates the day after WASDE,2026-08-20T15:50:03Z,WASDE-674-V1,false,usda_wasde_674_v1_d0747313a577,https://www.usda.gov/sites/default/files/documents/oce-wasde-report-data-2026-08.csv,d0747313a577a87e14c7a0967eda842fe5e05a38dbe9a2ff87794152d495e170,U.S. Sugar Supply and Use,Sugar,United States,2026/27,Proj.,Exports,25.00,25,"1000 Short Tons, Raw Value","1000 Short Tons, Raw Value",
WASDE-674-V1:d0747313a577,674,2026-08-12,August 2026,2026-08-12T16:00:00Z,2026-08-14T03:59:59Z,conservative end of next calendar day in America/New_York; USDA says consolidated CSV updates the day after WASDE,2026-08-20T15:50:03Z,WASDE-674-V1,false,usda_wasde_674_v1_d0747313a577,https://www.usda.gov/sites/default/files/documents/oce-wasde-report-data-2026-08.csv,d0747313a577a87e14c7a0967eda842fe5e05a38dbe9a2ff87794152d495e170,U.S. Sugar Supply and Use,Sugar,United States,2026/27,Proj.,Exports - Other,105.00,105,"1000 Short Tons, Raw Value","1000 Short Tons, Raw Value",
WASDE-674-V1:d0747313a577,674,2026-08-12,August 2026,2026-08-12T16:00:00Z,2026-08-14T03:59:59Z,conservative end of next calendar day in America/New_York; USDA says consolidated CSV updates the day after WASDE,2026-08-20T15:50:03Z,WASDE-674-V1,false,usda_wasde_674_v1_d0747313a577,https://www.usda.gov/sites/default/files/documents/oce-wasde-report-data-2026-08.csv,d0747313a577a87e14c7a0967eda842fe5e05a38dbe9a2ff87794152d495e170,U.S. Sugar Supply and Use,Sugar,United States,2026/27,Proj.,Florida,1893.00,1893,"1000 Short Tons, Raw Value","1000 Short Tons, Raw Value",
WASDE-674-V1:d0747313a577,674,2026-08-12,August 2026,2026-08-12T16:00:00Z,2026-08-14T03:59:59Z,conservative end of next calendar day in America/New_York; USDA says consolidated CSV updates the day after WASDE,2026-08-20T15:50:03Z,WASDE-674-V1,false,usda_wasde_674_v1_d0747313a577,https://www.usda.gov/sites/default/files/documents/oce-wasde-report-data-2026-08.csv,d0747313a577a87e14c7a0967eda842fe5e05a38dbe9a2ff87794152d495e170,U.S. Sugar Supply and Use,Sugar,United States,2026/27,Proj.,Food,12441.00,12441,"1000 Short Tons, Raw Value","1000 Short Tons, Raw Value",
WASDE-674-V1:d0747313a577,674,2026-08-12,August 2026,2026-08-12T16:00:00Z,2026-08-14T03:59:59Z,conservative end of next calendar day in America/New_York; USDA says consolidated CSV updates the day after WASDE,2026-08-20T15:50:03Z,WASDE-674-V1,false,usda_wasde_674_v1_d0747313a577,https://www.usda.gov/sites/default/files/documents/oce-wasde-report-data-2026-08.csv,d0747313a577a87e14c7a0967eda842fe5e05a38dbe9a2ff87794152d495e170,U.S. Sugar Supply and Use,Sugar,United States,2026/27,Proj.,High-tier tariff/other,517.00,517,"1000 Short Tons, Raw Value","1000 Short Tons, Raw Value",
WASDE-674-V1:d0747313a577,674,2026-08-12,August 2026,2026-08-12T16:00:00Z,2026-08-14T03:59:59Z,conservative end of next calendar day in America/New_York; USDA says consolidated CSV updates the day after WASDE,2026-08-20T15:50:03Z,WASDE-674-V1,false,usda_wasde_674_v1_d0747313a577,https://www.usda.gov/sites/default/files/documents/oce-wasde-report-data-2026-08.csv,d0747313a577a87e14c7a0967eda842fe5e05a38dbe9a2ff87794152d495e170,U.S. Sugar Supply and Use,Sugar,United States,2026/27,Proj.,Imports,3582.00,3582,"1000 Short Tons, Raw Value","1000 Short Tons, Raw Value",
WASDE-674-V1:d0747313a577,674,2026-08-12,August 2026,2026-08-12T16:00:00Z,2026-08-14T03:59:59Z,conservative end of next calendar day in America/New_York; USDA says consolidated CSV updates the day after WASDE,2026-08-20T15:50:03Z,WASDE-674-V1,false,usda_wasde_674_v1_d0747313a577,https://www.usda.gov/sites/default/files/documents/oce-wasde-report-data-2026-08.csv,d0747313a577a87e14c7a0967eda842fe5e05a38dbe9a2ff87794152d495e170,U.S. Sugar Supply and Use,Sugar,United States,2026/27,Proj.,Louisiana,2266.00,2266,"1000 Short Tons, Raw Value","1000 Short Tons, Raw Value",
WASDE-674-V1:d0747313a577,674,2026-08-12,August 2026,2026-08-12T16:00:00Z,2026-08-14T03:59:59Z,conservative end of next calendar day in America/New_York; USDA says consolidated CSV updates the day after WASDE,2026-08-20T15:50:03Z,WASDE-674-V1,false,usda_wasde_674_v1_d0747313a577,https://www.usda.gov/sites/default/files/documents/oce-wasde-report-data-2026-08.csv,d0747313a577a87e14c7a0967eda842fe5e05a38dbe9a2ff87794152d495e170,U.S. Sugar Supply and Use,Sugar,United States,2026/27,Proj.,Mexico,1346.00,1346,"1000 Short Tons, Raw Value","1000 Short Tons, Raw Value",
WASDE-674-V1:d0747313a577,674,2026-08-12,August 2026,2026-08-12T16:00:00Z,2026-08-14T03:59:59Z,conservative end of next calendar day in America/New_York; USDA says consolidated CSV updates the day after WASDE,2026-08-20T15:50:03Z,WASDE-674-V1,false,usda_wasde_674_v1_d0747313a577,https://www.usda.gov/sites/default/files/documents/oce-wasde-report-data-2026-08.csv,d0747313a577a87e14c7a0967eda842fe5e05a38dbe9a2ff87794152d495e170,U.S. Sugar Supply and Use,Sugar,United States,2026/27,Proj.,Miscellaneous,.00,0,"1000 Short Tons, Raw Value","1000 Short Tons, Raw Value",
WASDE-674-V1:d0747313a577,674,2026-08-12,August 2026,2026-08-12T16:00:00Z,2026-08-14T03:59:59Z,conservative end of next calendar day in America/New_York; USDA says consolidated CSV updates the day after WASDE,2026-08-20T15:50:03Z,WASDE-674-V1,false,usda_wasde_674_v1_d0747313a577,https://www.usda.gov/sites/default/files/documents/oce-wasde-report-data-2026-08.csv,d0747313a577a87e14c7a0967eda842fe5e05a38dbe9a2ff87794152d495e170,U.S. Sugar Supply and Use,Sugar,United States,2026/27,Proj.,Non-program,1863.00,1863,"1000 Short Tons, Raw Value","1000 Short Tons, Raw Value",
WASDE-674-V1:d0747313a577,674,2026-08-12,August 2026,2026-08-12T16:00:00Z,2026-08-14T03:59:59Z,conservative end of next calendar day in America/New_York; USDA says consolidated CSV updates the day after WASDE,2026-08-20T15:50:03Z,WASDE-674-V1,false,usda_wasde_674_v1_d0747313a577,https://www.usda.gov/sites/default/files/documents/oce-wasde-report-data-2026-08.csv,d0747313a577a87e14c7a0967eda842fe5e05a38dbe9a2ff87794152d495e170,U.S. Sugar Supply and Use,Sugar,United States,2026/27,Proj.,Other Program,300.00,300,"1000 Short Tons, Raw Value","1000 Short Tons, Raw Value",
WASDE-674-V1:d0747313a577,674,2026-08-12,August 2026,2026-08-12T16:00:00Z,2026-08-14T03:59:59Z,conservative end of next calendar day in America/New_York; USDA says consolidated CSV updates the day after WASDE,2026-08-20T15:50:03Z,WASDE-674-V1,false,usda_wasde_674_v1_d0747313a577,https://www.usda.gov/sites/default/files/documents/oce-wasde-report-data-2026-08.csv,d0747313a577a87e14c7a0967eda842fe5e05a38dbe9a2ff87794152d495e170,U.S. Sugar Supply and Use,Sugar,United States,2026/27,Proj.,Production,8950.00,8950,"1000 Short Tons, Raw Value","1000 Short Tons, Raw Value",
WASDE-674-V1:d0747313a577,674,2026-08-12,August 2026,2026-08-12T16:00:00Z,2026-08-14T03:59:59Z,conservative end of next calendar day in America/New_York; USDA says consolidated CSV updates the day after WASDE,2026-08-20T15:50:03Z,WASDE-674-V1,false,usda_wasde_674_v1_d0747313a577,https://www.usda.gov/sites/default/files/documents/oce-wasde-report-data-2026-08.csv,d0747313a577a87e14c7a0967eda842fe5e05a38dbe9a2ff87794152d495e170,U.S. Sugar Supply and Use,Sugar,United States,2026/27,Proj.,Stocks to Use Ratio,14.80,14.8,"1000 Short Tons, Raw Value",Percent,USDA historical CSV labels Stocks to Use Ratio with the table's tonnage unit; value is normalized as percent while the raw unit is retained.
WASDE-674-V1:d0747313a577,674,2026-08-12,August 2026,2026-08-12T16:00:00Z,2026-08-14T03:59:59Z,conservative end of next calendar day in America/New_York; USDA says consolidated CSV updates the day after WASDE,2026-08-20T15:50:03Z,WASDE-674-V1,false,usda_wasde_674_v1_d0747313a577,https://www.usda.gov/sites/default/files/documents/oce-wasde-report-data-2026-08.csv,d0747313a577a87e14c7a0967eda842fe5e05a38dbe9a2ff87794152d495e170,U.S. Sugar Supply and Use,Sugar,United States,2026/27,Proj.,TRQ,1419.00,1419,"1000 Short Tons, Raw Value","1000 Short Tons, Raw Value",
WASDE-674-V1:d0747313a577,674,2026-08-12,August 2026,2026-08-12T16:00:00Z,2026-08-14T03:59:59Z,conservative end of next calendar day in America/New_York; USDA says consolidated CSV updates the day after WASDE,2026-08-20T15:50:03Z,WASDE-674-V1,false,usda_wasde_674_v1_d0747313a577,https://www.usda.gov/sites/default/files/documents/oce-wasde-report-data-2026-08.csv,d0747313a577a87e14c7a0967eda842fe5e05a38dbe9a2ff87794152d495e170,U.S. Sugar Supply and Use,Sugar,United States,2026/27,Proj.,Texas,.00,0,"1000 Short Tons, Raw Value","1000 Short Tons, Raw Value",
WASDE-674-V1:d0747313a577,674,2026-08-12,August 2026,2026-08-12T16:00:00Z,2026-08-14T03:59:59Z,conservative end of next calendar day in America/New_York; USDA says consolidated CSV updates the day after WASDE,2026-08-20T15:50:03Z,WASDE-674-V1,false,usda_wasde_674_v1_d0747313a577,https://www.usda.gov/sites/default/files/documents/oce-wasde-report-data-2026-08.csv,d0747313a577a87e14c7a0967eda842fe5e05a38dbe9a2ff87794152d495e170,U.S. Sugar Supply and Use,Sugar,United States,2026/27,Proj.,Total Supply,14436.00,14436,"1000 Short Tons, Raw Value","1000 Short Tons, Raw Value",
WASDE-674-V1:d0747313a577,674,2026-08-12,August 2026,2026-08-12T16:00:00Z,2026-08-14T03:59:59Z,conservative end of next calendar day in America/New_York; USDA says consolidated CSV updates the day after WASDE,2026-08-20T15:50:03Z,WASDE-674-V1,false,usda_wasde_674_v1_d0747313a577,https://www.usda.gov/sites/default/files/documents/oce-wasde-report-data-2026-08.csv,d0747313a577a87e14c7a0967eda842fe5e05a38dbe9a2ff87794152d495e170,U.S. Sugar Supply and Use,Sugar,United States,2026/27,Proj.,Total Use,12571.00,12571,"1000 Short Tons, Raw Value","1000 Short Tons, Raw Value",
