report_date,cftc_contract_market_code,market_and_exchange_names,open_interest_contracts,managed_money_long_contracts,managed_money_short_contracts,managed_money_spread_contracts,contract_units_original,report_type
2009-09-01,080732,SUGAR NO. 11 - ICE FUTURES U.S.,864670,148958,24138,53673,"(CONTRACTS OF 112,000 POUNDS)",FutOnly
2009-09-08,080732,SUGAR NO. 11 - ICE FUTURES U.S.,852078,143476,32562,47576,"(CONTRACTS OF 112,000 POUNDS)",FutOnly
2009-09-15,080732,SUGAR NO. 11 - ICE FUTURES U.S.,824750,140762,28969,45142,"(CONTRACTS OF 112,000 POUNDS)",FutOnly
2009-09-22,080732,SUGAR NO. 11 - ICE FUTURES U.S.,800087,144947,26519,40437,"(CONTRACTS OF 112,000 POUNDS)",FutOnly
2009-09-29,080732,SUGAR NO. 11 - ICE FUTURES U.S.,784699,151162,19614,43762,"(CONTRACTS OF 112,000 POUNDS)",FutOnly
2009-10-06,080732,SUGAR NO. 11 - ICE FUTURES U.S.,771265,155912,29257,38968,"(CONTRACTS OF 112,000 POUNDS)",FutOnly
2009-10-13,080732,SUGAR NO. 11 - ICE FUTURES U.S.,760540,139500,39276,34970,"(CONTRACTS OF 112,000 POUNDS)",FutOnly
2009-10-20,080732,SUGAR NO. 11 - ICE FUTURES U.S.,774878,141234,32852,35842,"(CONTRACTS OF 112,000 POUNDS)",FutOnly
2009-10-27,080732,SUGAR NO. 11 - ICE FUTURES U.S.,774344,136185,32591,40233,"(CONTRACTS OF 112,000 POUNDS)",FutOnly
2009-11-03,080732,SUGAR NO. 11 - ICE FUTURES U.S.,782075,134094,31957,44747,"(CONTRACTS OF 112,000 POUNDS)",FutOnly
2009-11-09,080732,SUGAR NO. 11 - ICE FUTURES U.S.,764367,126272,36118,45961,"(CONTRACTS OF 112,000 POUNDS)",FutOnly
2009-11-17,080732,SUGAR NO. 11 - ICE FUTURES U.S.,770553,123049,41550,45249,"(CONTRACTS OF 112,000 POUNDS)",FutOnly
2009-11-24,080732,SUGAR NO. 11 - ICE FUTURES U.S.,773085,124250,38840,49168,"(CONTRACTS OF 112,000 POUNDS)",FutOnly
2009-12-01,080732,SUGAR NO. 11 - ICE FUTURES U.S.,780288,127682,32825,50158,"(CONTRACTS OF 112,000 POUNDS)",FutOnly
2009-12-08,080732,SUGAR NO. 11 - ICE FUTURES U.S.,785811,131625,35660,49984,"(CONTRACTS OF 112,000 POUNDS)",FutOnly
2009-12-15,080732,SUGAR NO. 11 - ICE FUTURES U.S.,819140,155731,28092,51811,"(CONTRACTS OF 112,000 POUNDS)",FutOnly
2009-12-22,080732,SUGAR NO. 11 - ICE FUTURES U.S.,836284,166582,26319,56205,"(CONTRACTS OF 112,000 POUNDS)",FutOnly
2009-12-29,080732,SUGAR NO. 11 - ICE FUTURES U.S.,832552,160000,27234,53640,"(CONTRACTS OF 112,000 POUNDS)",FutOnly
2010-01-05,080732,SUGAR NO. 11 - ICE FUTURES U.S.,842341,159904,25197,56701,"(CONTRACTS OF 112,000 POUNDS)",FutOnly
2010-01-12,080732,SUGAR NO. 11 - ICE FUTURES U.S.,840620,162273,21919,59851,"(CONTRACTS OF 112,000 POUNDS)",FutOnly
2010-01-19,080732,SUGAR NO. 11 - ICE FUTURES U.S.,839354,169316,18889,58246,"(CONTRACTS OF 112,000 POUNDS)",FutOnly
2010-01-26,080732,SUGAR NO. 11 - ICE FUTURES U.S.,847442,169745,14370,45601,"(CONTRACTS OF 112,000 POUNDS)",FutOnly
2010-02-02,080732,SUGAR NO. 11 - ICE FUTURES U.S.,877992,170735,10820,50562,"(CONTRACTS OF 112,000 POUNDS)",FutOnly
2010-02-09,080732,SUGAR NO. 11 - ICE FUTURES U.S.,859532,147744,14462,47332,"(CONTRACTS OF 112,000 POUNDS)",FutOnly
2010-02-16,080732,SUGAR NO. 11 - ICE FUTURES U.S.,829147,149504,6790,48452,"(CONTRACTS OF 112,000 POUNDS)",FutOnly
2010-02-23,080732,SUGAR NO. 11 - ICE FUTURES U.S.,775106,148347,12917,47659,"(CONTRACTS OF 112,000 POUNDS)",FutOnly
2010-03-02,080732,SUGAR NO. 11 - ICE FUTURES U.S.,741206,132961,13015,44216,"(CONTRACTS OF 112,000 POUNDS)",FutOnly
2010-03-09,080732,SUGAR NO. 11 - ICE FUTURES U.S.,754199,137233,25832,30455,"(CONTRACTS OF 112,000 POUNDS)",FutOnly
2010-03-16,080732,SUGAR NO. 11 - ICE FUTURES U.S.,776698,147219,31290,36407,"(CONTRACTS OF 112,000 POUNDS)",FutOnly
2010-03-23,080732,SUGAR NO. 11 - ICE FUTURES U.S.,737718,147181,39606,34864,"(CONTRACTS OF 112,000 POUNDS)",FutOnly
2010-03-30,080732,SUGAR NO. 11 - ICE FUTURES U.S.,704149,143784,32237,42812,"(CONTRACTS OF 112,000 POUNDS)",FutOnly
2010-04-06,080732,SUGAR NO. 11 - ICE FUTURES U.S.,703555,137219,41386,40644,"(CONTRACTS OF 112,000 POUNDS)",FutOnly
2010-04-13,080732,SUGAR NO. 11 - ICE FUTURES U.S.,686987,138618,36956,42976,"(CONTRACTS OF 112,000 POUNDS)",FutOnly
2010-04-20,080732,SUGAR NO. 11 - ICE FUTURES U.S.,655541,139106,38662,40438,"(CONTRACTS OF 112,000 POUNDS)",FutOnly
2010-04-27,080732,SUGAR NO. 11 - ICE FUTURES U.S.,641598,134469,47614,40337,"(CONTRACTS OF 112,000 POUNDS)",FutOnly
2010-05-04,080732,SUGAR NO. 11 - ICE FUTURES U.S.,630723,136378,51431,49113,"(CONTRACTS OF 112,000 POUNDS)",FutOnly
2010-05-11,080732,SUGAR NO. 11 - ICE FUTURES U.S.,646876,130246,51007,52276,"(CONTRACTS OF 112,000 POUNDS)",FutOnly
2010-05-18,080732,SUGAR NO. 11 - ICE FUTURES U.S.,665694,129122,50099,59007,"(CONTRACTS OF 112,000 POUNDS)",FutOnly
2010-05-25,080732,SUGAR NO. 11 - ICE FUTURES U.S.,675602,128628,42126,65317,"(CONTRACTS OF 112,000 POUNDS)",FutOnly
2010-06-01,080732,SUGAR NO. 11 - ICE FUTURES U.S.,684786,127088,42105,70147,"(CONTRACTS OF 112,000 POUNDS)",FutOnly
2010-06-08,080732,SUGAR NO. 11 - ICE FUTURES U.S.,696523,118007,36415,67635,"(CONTRACTS OF 112,000 POUNDS)",FutOnly
2010-06-15,080732,SUGAR NO. 11 - ICE FUTURES U.S.,642009,119293,23744,52311,"(CONTRACTS OF 112,000 POUNDS)",FutOnly
2010-06-22,080732,SUGAR NO. 11 - ICE FUTURES U.S.,606050,114443,19438,46546,"(CONTRACTS OF 112,000 POUNDS)",FutOnly
2010-06-29,080732,SUGAR NO. 11 - ICE FUTURES U.S.,566822,113144,22619,48024,"(CONTRACTS OF 112,000 POUNDS)",FutOnly
2010-07-06,080732,SUGAR NO. 11 - ICE FUTURES U.S.,557902,102059,16775,51556,"(CONTRACTS OF 112,000 POUNDS)",FutOnly
2010-07-13,080732,SUGAR NO. 11 - ICE FUTURES U.S.,577969,103302,17548,51644,"(CONTRACTS OF 112,000 POUNDS)",FutOnly
2010-07-20,080732,SUGAR NO. 11 - ICE FUTURES U.S.,595710,107881,13777,63378,"(CONTRACTS OF 112,000 POUNDS)",FutOnly
2010-07-27,080732,SUGAR NO. 11 - ICE FUTURES U.S.,600855,109513,16771,51784,"(CONTRACTS OF 112,000 POUNDS)",FutOnly
2010-08-03,080732,SUGAR NO. 11 - ICE FUTURES U.S.,613446,118045,19468,46761,"(CONTRACTS OF 112,000 POUNDS)",FutOnly
2010-08-10,080732,SUGAR NO. 11 - ICE FUTURES U.S.,612589,111121,13235,56000,"(CONTRACTS OF 112,000 POUNDS)",FutOnly
2010-08-17,080732,SUGAR NO. 11 - ICE FUTURES U.S.,622029,116818,15251,58817,"(CONTRACTS OF 112,000 POUNDS)",FutOnly
2010-08-24,080732,SUGAR NO. 11 - ICE FUTURES U.S.,648019,110810,15505,60266,"(CONTRACTS OF 112,000 POUNDS)",FutOnly
2010-08-31,080732,SUGAR NO. 11 - ICE FUTURES U.S.,660368,113874,13603,59653,"(CONTRACTS OF 112,000 POUNDS)",FutOnly
2010-09-07,080732,SUGAR NO. 11 - ICE FUTURES U.S.,673080,123483,11673,56300,"(CONTRACTS OF 112,000 POUNDS)",FutOnly
2010-09-14,080732,SUGAR NO. 11 - ICE FUTURES U.S.,697690,136029,10895,44295,"(CONTRACTS OF 112,000 POUNDS)",FutOnly
2010-09-21,080732,SUGAR NO. 11 - ICE FUTURES U.S.,639289,142255,11687,35541,"(CONTRACTS OF 112,000 POUNDS)",FutOnly
2010-09-28,080732,SUGAR NO. 11 - ICE FUTURES U.S.,613181,141074,12309,33271,"(CONTRACTS OF 112,000 POUNDS)",FutOnly
2010-10-05,080732,SUGAR NO. 11 - ICE FUTURES U.S.,578944,132135,12197,36940,"(CONTRACTS OF 112,000 POUNDS)",FutOnly
2010-10-12,080732,SUGAR NO. 11 - ICE FUTURES U.S.,579406,130658,9103,38495,"(CONTRACTS OF 112,000 POUNDS)",FutOnly
2010-10-19,080732,SUGAR NO. 11 - ICE FUTURES U.S.,587348,132678,8750,38483,"(CONTRACTS OF 112,000 POUNDS)",FutOnly
2010-10-26,080732,SUGAR NO. 11 - ICE FUTURES U.S.,593979,130994,6980,37830,"(CONTRACTS OF 112,000 POUNDS)",FutOnly
2010-11-02,080732,SUGAR NO. 11 - ICE FUTURES U.S.,604070,133903,7991,35221,"(CONTRACTS OF 112,000 POUNDS)",FutOnly
2010-11-09,080732,SUGAR NO. 11 - ICE FUTURES U.S.,597338,132999,18240,28999,"(CONTRACTS OF 112,000 POUNDS)",FutOnly
2010-11-16,080732,SUGAR NO. 11 - ICE FUTURES U.S.,581924,127513,17961,26275,"(CONTRACTS OF 112,000 POUNDS)",FutOnly
2010-11-23,080732,SUGAR NO. 11 - ICE FUTURES U.S.,576756,124367,20830,25316,"(CONTRACTS OF 112,000 POUNDS)",FutOnly
2010-11-30,080732,SUGAR NO. 11 - ICE FUTURES U.S.,570470,120372,17547,25593,"(CONTRACTS OF 112,000 POUNDS)",FutOnly
2010-12-07,080732,SUGAR NO. 11 - ICE FUTURES U.S.,575256,118765,15563,24967,"(CONTRACTS OF 112,000 POUNDS)",FutOnly
2010-12-14,080732,SUGAR NO. 11 - ICE FUTURES U.S.,585743,120144,15622,26606,"(CONTRACTS OF 112,000 POUNDS)",FutOnly
2010-12-21,080732,SUGAR NO. 11 - ICE FUTURES U.S.,606435,132191,5266,27759,"(CONTRACTS OF 112,000 POUNDS)",FutOnly
2010-12-28,080732,SUGAR NO. 11 - ICE FUTURES U.S.,607307,136149,6457,28183,"(CONTRACTS OF 112,000 POUNDS)",FutOnly
2011-01-04,080732,SUGAR NO. 11 - ICE FUTURES U.S.,607185,130662,5866,31424,"(CONTRACTS OF 112,000 POUNDS)",FutOnly
2011-01-11,080732,SUGAR NO. 11 - ICE FUTURES U.S.,617471,125737,3889,29534,"(CONTRACTS OF 112,000 POUNDS)",FutOnly
2011-01-18,080732,SUGAR NO. 11 - ICE FUTURES U.S.,620918,119337,6382,30889,"(CONTRACTS OF 112,000 POUNDS)",FutOnly
2011-01-25,080732,SUGAR NO. 11 - ICE FUTURES U.S.,619137,121431,6209,31800,"(CONTRACTS OF 112,000 POUNDS)",FutOnly
2011-02-01,080732,SUGAR NO. 11 - ICE FUTURES U.S.,646042,135441,6764,29329,"(CONTRACTS OF 112,000 POUNDS)",FutOnly
2011-02-08,080732,SUGAR NO. 11 - ICE FUTURES U.S.,653229,125245,4239,30142,"(CONTRACTS OF 112,000 POUNDS)",FutOnly
2011-02-15,080732,SUGAR NO. 11 - ICE FUTURES U.S.,663043,123675,11284,36074,"(CONTRACTS OF 112,000 POUNDS)",FutOnly
2011-02-22,080732,SUGAR NO. 11 - ICE FUTURES U.S.,637871,128736,10816,33327,"(CONTRACTS OF 112,000 POUNDS)",FutOnly
2011-03-01,080732,SUGAR NO. 11 - ICE FUTURES U.S.,598636,130936,8132,35481,"(CONTRACTS OF 112,000 POUNDS)",FutOnly
2011-03-08,080732,SUGAR NO. 11 - ICE FUTURES U.S.,609365,150722,6227,32910,"(CONTRACTS OF 112,000 POUNDS)",FutOnly
2011-03-15,080732,SUGAR NO. 11 - ICE FUTURES U.S.,601818,134465,12256,36146,"(CONTRACTS OF 112,000 POUNDS)",FutOnly
2011-03-22,080732,SUGAR NO. 11 - ICE FUTURES U.S.,590210,121082,13461,33612,"(CONTRACTS OF 112,000 POUNDS)",FutOnly
2011-03-29,080732,SUGAR NO. 11 - ICE FUTURES U.S.,595022,126157,12968,31254,"(CONTRACTS OF 112,000 POUNDS)",FutOnly
2011-04-05,080732,SUGAR NO. 11 - ICE FUTURES U.S.,626615,132055,13446,46091,"(CONTRACTS OF 112,000 POUNDS)",FutOnly
2011-04-12,080732,SUGAR NO. 11 - ICE FUTURES U.S.,630580,132923,26158,39005,"(CONTRACTS OF 112,000 POUNDS)",FutOnly
2011-04-19,080732,SUGAR NO. 11 - ICE FUTURES U.S.,615070,130478,29368,30929,"(CONTRACTS OF 112,000 POUNDS)",FutOnly
2011-04-26,080732,SUGAR NO. 11 - ICE FUTURES U.S.,597546,129514,31474,27649,"(CONTRACTS OF 112,000 POUNDS)",FutOnly
2011-05-03,080732,SUGAR NO. 11 - ICE FUTURES U.S.,568473,142896,38683,23831,"(CONTRACTS OF 112,000 POUNDS)",FutOnly
2011-05-10,080732,SUGAR NO. 11 - ICE FUTURES U.S.,582630,145536,38700,21358,"(CONTRACTS OF 112,000 POUNDS)",FutOnly
2011-05-17,080732,SUGAR NO. 11 - ICE FUTURES U.S.,584612,137834,43997,25400,"(CONTRACTS OF 112,000 POUNDS)",FutOnly
2011-05-24,080732,SUGAR NO. 11 - ICE FUTURES U.S.,584931,129397,33822,27036,"(CONTRACTS OF 112,000 POUNDS)",FutOnly
2011-05-31,080732,SUGAR NO. 11 - ICE FUTURES U.S.,606482,129359,36190,29844,"(CONTRACTS OF 112,000 POUNDS)",FutOnly
2011-06-07,080732,SUGAR NO. 11 - ICE FUTURES U.S.,634960,132367,34277,22380,"(CONTRACTS OF 112,000 POUNDS)",FutOnly
2011-06-14,080732,SUGAR NO. 11 - ICE FUTURES U.S.,646223,153047,31193,19436,"(CONTRACTS OF 112,000 POUNDS)",FutOnly
2011-06-21,080732,SUGAR NO. 11 - ICE FUTURES U.S.,629831,167572,26743,21135,"(CONTRACTS OF 112,000 POUNDS)",FutOnly
2011-06-28,080732,SUGAR NO. 11 - ICE FUTURES U.S.,618878,169188,26313,26993,"(CONTRACTS OF 112,000 POUNDS)",FutOnly
2011-07-05,080732,SUGAR NO. 11 - ICE FUTURES U.S.,615184,180866,27554,29639,"(CONTRACTS OF 112,000 POUNDS)",FutOnly
2011-07-12,080732,SUGAR NO. 11 - ICE FUTURES U.S.,626505,182849,27547,30139,"(CONTRACTS OF 112,000 POUNDS)",FutOnly
2011-07-19,080732,SUGAR NO. 11 - ICE FUTURES U.S.,631872,182695,29174,32906,"(CONTRACTS OF 112,000 POUNDS)",FutOnly
2011-07-26,080732,SUGAR NO. 11 - ICE FUTURES U.S.,637140,185064,20102,34527,"(CONTRACTS OF 112,000 POUNDS)",FutOnly
2011-08-02,080732,SUGAR NO. 11 - ICE FUTURES U.S.,623987,180379,17168,32428,"(CONTRACTS OF 112,000 POUNDS)",FutOnly
2011-08-09,080732,SUGAR NO. 11 - ICE FUTURES U.S.,592773,154197,14153,33443,"(CONTRACTS OF 112,000 POUNDS)",FutOnly
2011-08-16,080732,SUGAR NO. 11 - ICE FUTURES U.S.,586551,138724,15030,34270,"(CONTRACTS OF 112,000 POUNDS)",FutOnly
2011-08-23,080732,SUGAR NO. 11 - ICE FUTURES U.S.,595341,144502,7502,31968,"(CONTRACTS OF 112,000 POUNDS)",FutOnly
2011-08-30,080732,SUGAR NO. 11 - ICE FUTURES U.S.,597739,143476,8271,34692,"(CONTRACTS OF 112,000 POUNDS)",FutOnly
2011-09-06,080732,SUGAR NO. 11 - ICE FUTURES U.S.,597645,138357,12046,40969,"(CONTRACTS OF 112,000 POUNDS)",FutOnly
2011-09-13,080732,SUGAR NO. 11 - ICE FUTURES U.S.,580127,139039,9127,41893,"(CONTRACTS OF 112,000 POUNDS)",FutOnly
2011-09-20,080732,SUGAR NO. 11 - ICE FUTURES U.S.,533043,123583,9440,30560,"(CONTRACTS OF 112,000 POUNDS)",FutOnly
2011-09-27,080732,SUGAR NO. 11 - ICE FUTURES U.S.,483737,109900,19238,26744,"(CONTRACTS OF 112,000 POUNDS)",FutOnly
2011-10-04,080732,SUGAR NO. 11 - ICE FUTURES U.S.,472073,104906,17899,26140,"(CONTRACTS OF 112,000 POUNDS)",FutOnly
2011-10-11,080732,SUGAR NO. 11 - ICE FUTURES U.S.,473747,108078,21022,25375,"(CONTRACTS OF 112,000 POUNDS)",FutOnly
2011-10-18,080732,SUGAR NO. 11 - ICE FUTURES U.S.,498372,124259,13218,23244,"(CONTRACTS OF 112,000 POUNDS)",FutOnly
2011-10-25,080732,SUGAR NO. 11 - ICE FUTURES U.S.,507502,129949,13611,24985,"(CONTRACTS OF 112,000 POUNDS)",FutOnly
2011-11-01,080732,SUGAR NO. 11 - ICE FUTURES U.S.,498960,124943,13694,27080,"(CONTRACTS OF 112,000 POUNDS)",FutOnly
2011-11-08,080732,SUGAR NO. 11 - ICE FUTURES U.S.,492323,115046,17069,25100,"(CONTRACTS OF 112,000 POUNDS)",FutOnly
2011-11-15,080732,SUGAR NO. 11 - ICE FUTURES U.S.,488004,103258,31116,27197,"(CONTRACTS OF 112,000 POUNDS)",FutOnly
2011-11-22,080732,SUGAR NO. 11 - ICE FUTURES U.S.,503702,98769,40362,29982,"(CONTRACTS OF 112,000 POUNDS)",FutOnly
2011-11-29,080732,SUGAR NO. 11 - ICE FUTURES U.S.,504829,96960,42135,29670,"(CONTRACTS OF 112,000 POUNDS)",FutOnly
2011-12-06,080732,SUGAR NO. 11 - ICE FUTURES U.S.,517967,101569,45505,33523,"(CONTRACTS OF 112,000 POUNDS)",FutOnly
2011-12-13,080732,SUGAR NO. 11 - ICE FUTURES U.S.,525763,100307,44322,35498,"(CONTRACTS OF 112,000 POUNDS)",FutOnly
2011-12-20,080732,SUGAR NO. 11 - ICE FUTURES U.S.,539095,91452,42426,37697,"(CONTRACTS OF 112,000 POUNDS)",FutOnly
2011-12-27,080732,SUGAR NO. 11 - ICE FUTURES U.S.,544792,93074,46297,39109,"(CONTRACTS OF 112,000 POUNDS)",FutOnly
2012-01-03,080732,SUGAR NO. 11 - ICE FUTURES U.S.,567599,106155,48840,42620,"(CONTRACTS OF 112,000 POUNDS)",FutOnly
2012-01-10,080732,SUGAR NO. 11 - ICE FUTURES U.S.,583648,102139,48871,47288,"(CONTRACTS OF 112,000 POUNDS)",FutOnly
2012-01-17,080732,SUGAR NO. 11 - ICE FUTURES U.S.,613159,107530,49720,50162,"(CONTRACTS OF 112,000 POUNDS)",FutOnly
2012-01-24,080732,SUGAR NO. 11 - ICE FUTURES U.S.,636763,116757,27836,53741,"(CONTRACTS OF 112,000 POUNDS)",FutOnly
2012-01-31,080732,SUGAR NO. 11 - ICE FUTURES U.S.,666733,121211,27403,59871,"(CONTRACTS OF 112,000 POUNDS)",FutOnly
2012-02-07,080732,SUGAR NO. 11 - ICE FUTURES U.S.,696054,112885,31619,62533,"(CONTRACTS OF 112,000 POUNDS)",FutOnly
2012-02-14,080732,SUGAR NO. 11 - ICE FUTURES U.S.,705626,118969,33223,60273,"(CONTRACTS OF 112,000 POUNDS)",FutOnly
2012-02-21,080732,SUGAR NO. 11 - ICE FUTURES U.S.,699138,131072,34997,61573,"(CONTRACTS OF 112,000 POUNDS)",FutOnly
2012-02-28,080732,SUGAR NO. 11 - ICE FUTURES U.S.,723747,170921,30067,54451,"(CONTRACTS OF 112,000 POUNDS)",FutOnly
2012-03-06,080732,SUGAR NO. 11 - ICE FUTURES U.S.,720785,164131,29384,62071,"(CONTRACTS OF 112,000 POUNDS)",FutOnly
2012-03-13,080732,SUGAR NO. 11 - ICE FUTURES U.S.,706083,137895,27522,64903,"(CONTRACTS OF 112,000 POUNDS)",FutOnly
2012-03-20,080732,SUGAR NO. 11 - ICE FUTURES U.S.,738649,161961,28183,62371,"(CONTRACTS OF 112,000 POUNDS)",FutOnly
2012-03-27,080732,SUGAR NO. 11 - ICE FUTURES U.S.,746727,172705,29986,56899,"(CONTRACTS OF 112,000 POUNDS)",FutOnly
2012-04-03,080732,SUGAR NO. 11 - ICE FUTURES U.S.,735961,159188,33329,52840,"(CONTRACTS OF 112,000 POUNDS)",FutOnly
2012-04-10,080732,SUGAR NO. 11 - ICE FUTURES U.S.,726557,152203,35777,54281,"(CONTRACTS OF 112,000 POUNDS)",FutOnly
2012-04-17,080732,SUGAR NO. 11 - ICE FUTURES U.S.,730255,145546,66042,51071,"(CONTRACTS OF 112,000 POUNDS)",FutOnly
2012-04-24,080732,SUGAR NO. 11 - ICE FUTURES U.S.,725118,140077,78662,47377,"(CONTRACTS OF 112,000 POUNDS)",FutOnly
2012-05-01,080732,SUGAR NO. 11 - ICE FUTURES U.S.,706597,138167,82679,47517,"(CONTRACTS OF 112,000 POUNDS)",FutOnly
2012-05-08,080732,SUGAR NO. 11 - ICE FUTURES U.S.,715111,133930,90577,47875,"(CONTRACTS OF 112,000 POUNDS)",FutOnly
2012-05-15,080732,SUGAR NO. 11 - ICE FUTURES U.S.,727267,135693,88924,47151,"(CONTRACTS OF 112,000 POUNDS)",FutOnly
2012-05-22,080732,SUGAR NO. 11 - ICE FUTURES U.S.,729589,142518,88733,46227,"(CONTRACTS OF 112,000 POUNDS)",FutOnly
2012-05-29,080732,SUGAR NO. 11 - ICE FUTURES U.S.,753540,147109,96996,50338,"(CONTRACTS OF 112,000 POUNDS)",FutOnly
2012-06-05,080732,SUGAR NO. 11 - ICE FUTURES U.S.,775795,149494,98264,62789,"(CONTRACTS OF 112,000 POUNDS)",FutOnly
2012-06-12,080732,SUGAR NO. 11 - ICE FUTURES U.S.,759123,140748,86982,58993,"(CONTRACTS OF 112,000 POUNDS)",FutOnly
2012-06-19,080732,SUGAR NO. 11 - ICE FUTURES U.S.,743939,132768,87664,60636,"(CONTRACTS OF 112,000 POUNDS)",FutOnly
2012-06-26,080732,SUGAR NO. 11 - ICE FUTURES U.S.,700186,136802,79159,63759,"(CONTRACTS OF 112,000 POUNDS)",FutOnly
2012-07-03,080732,SUGAR NO. 11 - ICE FUTURES U.S.,678681,135775,70968,67680,"(CONTRACTS OF 112,000 POUNDS)",FutOnly
2012-07-10,080732,SUGAR NO. 11 - ICE FUTURES U.S.,669005,143215,35649,63101,"(CONTRACTS OF 112,000 POUNDS)",FutOnly
2012-07-17,080732,SUGAR NO. 11 - ICE FUTURES U.S.,666628,139542,24179,64178,"(CONTRACTS OF 112,000 POUNDS)",FutOnly
2012-07-24,080732,SUGAR NO. 11 - ICE FUTURES U.S.,668671,151078,17921,58292,"(CONTRACTS OF 112,000 POUNDS)",FutOnly
2012-07-31,080732,SUGAR NO. 11 - ICE FUTURES U.S.,671864,151738,14645,53625,"(CONTRACTS OF 112,000 POUNDS)",FutOnly
2012-08-07,080732,SUGAR NO. 11 - ICE FUTURES U.S.,662690,144498,15801,55756,"(CONTRACTS OF 112,000 POUNDS)",FutOnly
2012-08-14,080732,SUGAR NO. 11 - ICE FUTURES U.S.,676534,130434,32137,66858,"(CONTRACTS OF 112,000 POUNDS)",FutOnly
2012-08-21,080732,SUGAR NO. 11 - ICE FUTURES U.S.,690427,125418,50358,68301,"(CONTRACTS OF 112,000 POUNDS)",FutOnly
2012-08-28,080732,SUGAR NO. 11 - ICE FUTURES U.S.,723416,139062,62096,73746,"(CONTRACTS OF 112,000 POUNDS)",FutOnly
2012-09-04,080732,SUGAR NO. 11 - ICE FUTURES U.S.,728205,142201,81603,73932,"(CONTRACTS OF 112,000 POUNDS)",FutOnly
2012-09-11,080732,SUGAR NO. 11 - ICE FUTURES U.S.,725692,147547,94148,72265,"(CONTRACTS OF 112,000 POUNDS)",FutOnly
2012-09-18,080732,SUGAR NO. 11 - ICE FUTURES U.S.,698138,128347,98632,64586,"(CONTRACTS OF 112,000 POUNDS)",FutOnly
2012-09-25,080732,SUGAR NO. 11 - ICE FUTURES U.S.,683385,129084,96370,59106,"(CONTRACTS OF 112,000 POUNDS)",FutOnly
2012-10-02,080732,SUGAR NO. 11 - ICE FUTURES U.S.,674997,132004,87347,54972,"(CONTRACTS OF 112,000 POUNDS)",FutOnly
2012-10-09,080732,SUGAR NO. 11 - ICE FUTURES U.S.,679261,130629,60406,54136,"(CONTRACTS OF 112,000 POUNDS)",FutOnly
2012-10-16,080732,SUGAR NO. 11 - ICE FUTURES U.S.,701034,130653,76513,50332,"(CONTRACTS OF 112,000 POUNDS)",FutOnly
2012-10-23,080732,SUGAR NO. 11 - ICE FUTURES U.S.,709045,125266,79249,55405,"(CONTRACTS OF 112,000 POUNDS)",FutOnly
2012-10-30,080732,SUGAR NO. 11 - ICE FUTURES U.S.,721447,125191,91738,60536,"(CONTRACTS OF 112,000 POUNDS)",FutOnly
2012-11-06,080732,SUGAR NO. 11 - ICE FUTURES U.S.,716401,123539,102262,56238,"(CONTRACTS OF 112,000 POUNDS)",FutOnly
2012-11-13,080732,SUGAR NO. 11 - ICE FUTURES U.S.,722855,127402,113780,56567,"(CONTRACTS OF 112,000 POUNDS)",FutOnly
2012-11-20,080732,SUGAR NO. 11 - ICE FUTURES U.S.,726929,130779,110125,49168,"(CONTRACTS OF 112,000 POUNDS)",FutOnly
2012-11-27,080732,SUGAR NO. 11 - ICE FUTURES U.S.,737882,131734,116131,47360,"(CONTRACTS OF 112,000 POUNDS)",FutOnly
2012-12-04,080732,SUGAR NO. 11 - ICE FUTURES U.S.,759782,133119,109762,51439,"(CONTRACTS OF 112,000 POUNDS)",FutOnly
2012-12-11,080732,SUGAR NO. 11 - ICE FUTURES U.S.,764194,137275,122864,52756,"(CONTRACTS OF 112,000 POUNDS)",FutOnly
2012-12-18,080732,SUGAR NO. 11 - ICE FUTURES U.S.,754990,142970,125116,50156,"(CONTRACTS OF 112,000 POUNDS)",FutOnly
2012-12-24,080732,SUGAR NO. 11 - ICE FUTURES U.S.,756985,148464,123042,45265,"(CONTRACTS OF 112,000 POUNDS)",FutOnly
2012-12-31,080732,SUGAR NO. 11 - ICE FUTURES U.S.,754102,148520,118296,46539,"(CONTRACTS OF 112,000 POUNDS)",FutOnly
2013-01-08,080732,SUGAR NO. 11 - ICE FUTURES U.S.,765768,144379,121627,47673,"(CONTRACTS OF 112,000 POUNDS)",FutOnly
2013-01-15,080732,SUGAR NO. 11 - ICE FUTURES U.S.,786010,148739,126534,49775,"(CONTRACTS OF 112,000 POUNDS)",FutOnly
2013-01-22,080732,SUGAR NO. 11 - ICE FUTURES U.S.,823614,152690,156808,48631,"(CONTRACTS OF 112,000 POUNDS)",FutOnly
2013-01-29,080732,SUGAR NO. 11 - ICE FUTURES U.S.,829549,156387,149888,57439,"(CONTRACTS OF 112,000 POUNDS)",FutOnly
2013-02-05,080732,SUGAR NO. 11 - ICE FUTURES U.S.,841251,155963,153083,67754,"(CONTRACTS OF 112,000 POUNDS)",FutOnly
2013-02-12,080732,SUGAR NO. 11 - ICE FUTURES U.S.,848854,158177,170734,64787,"(CONTRACTS OF 112,000 POUNDS)",FutOnly
2013-02-19,080732,SUGAR NO. 11 - ICE FUTURES U.S.,825539,142782,192556,63764,"(CONTRACTS OF 112,000 POUNDS)",FutOnly
2013-02-26,080732,SUGAR NO. 11 - ICE FUTURES U.S.,786486,140087,181856,68515,"(CONTRACTS OF 112,000 POUNDS)",FutOnly
2013-03-05,080732,SUGAR NO. 11 - ICE FUTURES U.S.,785424,140485,182207,75714,"(CONTRACTS OF 112,000 POUNDS)",FutOnly
2013-03-12,080732,SUGAR NO. 11 - ICE FUTURES U.S.,797883,144575,154751,75924,"(CONTRACTS OF 112,000 POUNDS)",FutOnly
2013-03-19,080732,SUGAR NO. 11 - ICE FUTURES U.S.,801467,142492,146304,76914,"(CONTRACTS OF 112,000 POUNDS)",FutOnly
2013-03-26,080732,SUGAR NO. 11 - ICE FUTURES U.S.,836833,135050,164325,90111,"(CONTRACTS OF 112,000 POUNDS)",FutOnly
2013-04-02,080732,SUGAR NO. 11 - ICE FUTURES U.S.,857592,136503,198593,90238,"(CONTRACTS OF 112,000 POUNDS)",FutOnly
2013-04-09,080732,SUGAR NO. 11 - ICE FUTURES U.S.,870275,144960,212419,85306,"(CONTRACTS OF 112,000 POUNDS)",FutOnly
2013-04-16,080732,SUGAR NO. 11 - ICE FUTURES U.S.,854731,145668,194818,74925,"(CONTRACTS OF 112,000 POUNDS)",FutOnly
2013-04-23,080732,SUGAR NO. 11 - ICE FUTURES U.S.,842135,149324,183342,73433,"(CONTRACTS OF 112,000 POUNDS)",FutOnly
2013-04-30,080732,SUGAR NO. 11 - ICE FUTURES U.S.,829305,149379,185292,75317,"(CONTRACTS OF 112,000 POUNDS)",FutOnly
2013-05-07,080732,SUGAR NO. 11 - ICE FUTURES U.S.,805148,151724,180891,75817,"(CONTRACTS OF 112,000 POUNDS)",FutOnly
2013-05-14,080732,SUGAR NO. 11 - ICE FUTURES U.S.,841726,152642,199789,81229,"(CONTRACTS OF 112,000 POUNDS)",FutOnly
2013-05-21,080732,SUGAR NO. 11 - ICE FUTURES U.S.,863297,151178,210864,81033,"(CONTRACTS OF 112,000 POUNDS)",FutOnly
2013-05-28,080732,SUGAR NO. 11 - ICE FUTURES U.S.,894044,162476,214894,87519,"(CONTRACTS OF 112,000 POUNDS)",FutOnly
2013-06-04,080732,SUGAR NO. 11 - ICE FUTURES U.S.,932648,169694,219699,90103,"(CONTRACTS OF 112,000 POUNDS)",FutOnly
2013-06-11,080732,SUGAR NO. 11 - ICE FUTURES U.S.,926315,167253,228882,74007,"(CONTRACTS OF 112,000 POUNDS)",FutOnly
2013-06-18,080732,SUGAR NO. 11 - ICE FUTURES U.S.,914122,158723,231394,69308,"(CONTRACTS OF 112,000 POUNDS)",FutOnly
2013-06-25,080732,SUGAR NO. 11 - ICE FUTURES U.S.,861280,153941,201800,71749,"(CONTRACTS OF 112,000 POUNDS)",FutOnly
2013-07-02,080732,SUGAR NO. 11 - ICE FUTURES U.S.,832420,156975,187634,67841,"(CONTRACTS OF 112,000 POUNDS)",FutOnly
2013-07-09,080732,SUGAR NO. 11 - ICE FUTURES U.S.,835810,160881,204416,64319,"(CONTRACTS OF 112,000 POUNDS)",FutOnly
2013-07-16,080732,SUGAR NO. 11 - ICE FUTURES U.S.,859880,165136,225063,65155,"(CONTRACTS OF 112,000 POUNDS)",FutOnly
2013-07-23,080732,SUGAR NO. 11 - ICE FUTURES U.S.,857234,166194,213115,71376,"(CONTRACTS OF 112,000 POUNDS)",FutOnly
2013-07-30,080732,SUGAR NO. 11 - ICE FUTURES U.S.,844989,161054,204255,79808,"(CONTRACTS OF 112,000 POUNDS)",FutOnly
2013-08-06,080732,SUGAR NO. 11 - ICE FUTURES U.S.,852042,157861,197261,85712,"(CONTRACTS OF 112,000 POUNDS)",FutOnly
2013-08-13,080732,SUGAR NO. 11 - ICE FUTURES U.S.,870259,163763,175288,87889,"(CONTRACTS OF 112,000 POUNDS)",FutOnly
2013-08-20,080732,SUGAR NO. 11 - ICE FUTURES U.S.,870279,160865,160389,81887,"(CONTRACTS OF 112,000 POUNDS)",FutOnly
2013-08-27,080732,SUGAR NO. 11 - ICE FUTURES U.S.,909368,169571,188669,86134,"(CONTRACTS OF 112,000 POUNDS)",FutOnly
2013-09-03,080732,SUGAR NO. 11 - ICE FUTURES U.S.,934375,168796,195547,85191,"(CONTRACTS OF 112,000 POUNDS)",FutOnly
2013-09-10,080732,SUGAR NO. 11 - ICE FUTURES U.S.,922110,177336,166616,73136,"(CONTRACTS OF 112,000 POUNDS)",FutOnly
2013-09-17,080732,SUGAR NO. 11 - ICE FUTURES U.S.,848751,168407,140862,52605,"(CONTRACTS OF 112,000 POUNDS)",FutOnly
2013-09-24,080732,SUGAR NO. 11 - ICE FUTURES U.S.,833097,174712,121447,46563,"(CONTRACTS OF 112,000 POUNDS)",FutOnly
2013-10-01,080732,SUGAR NO. 11 - ICE FUTURES U.S.,787891,188879,95792,41561,"(CONTRACTS OF 112,000 POUNDS)",FutOnly
2013-10-08,080732,SUGAR NO. 11 - ICE FUTURES U.S.,814946,211467,81242,40948,"(CONTRACTS OF 112,000 POUNDS)",FutOnly
2013-10-15,080732,SUGAR NO. 11 - ICE FUTURES U.S.,820355,228507,68190,35292,"(CONTRACTS OF 112,000 POUNDS)",FutOnly
2013-10-22,080732,SUGAR NO. 11 - ICE FUTURES U.S.,830021,235988,64806,37713,"(CONTRACTS OF 112,000 POUNDS)",FutOnly
2013-10-29,080732,SUGAR NO. 11 - ICE FUTURES U.S.,824363,242861,62118,38426,"(CONTRACTS OF 112,000 POUNDS)",FutOnly
2013-11-05,080732,SUGAR NO. 11 - ICE FUTURES U.S.,816554,238008,61906,36059,"(CONTRACTS OF 112,000 POUNDS)",FutOnly
2013-11-12,080732,SUGAR NO. 11 - ICE FUTURES U.S.,805734,210449,53503,46734,"(CONTRACTS OF 112,000 POUNDS)",FutOnly
2013-11-19,080732,SUGAR NO. 11 - ICE FUTURES U.S.,807915,188012,53143,60172,"(CONTRACTS OF 112,000 POUNDS)",FutOnly
2013-11-26,080732,SUGAR NO. 11 - ICE FUTURES U.S.,784900,177360,60933,52402,"(CONTRACTS OF 112,000 POUNDS)",FutOnly
2013-12-03,080732,SUGAR NO. 11 - ICE FUTURES U.S.,769550,158506,78277,57327,"(CONTRACTS OF 112,000 POUNDS)",FutOnly
2013-12-10,080732,SUGAR NO. 11 - ICE FUTURES U.S.,808723,161333,129773,59195,"(CONTRACTS OF 112,000 POUNDS)",FutOnly
2013-12-17,080732,SUGAR NO. 11 - ICE FUTURES U.S.,821697,164507,172945,55378,"(CONTRACTS OF 112,000 POUNDS)",FutOnly
2013-12-24,080732,SUGAR NO. 11 - ICE FUTURES U.S.,832792,165172,188354,58863,"(CONTRACTS OF 112,000 POUNDS)",FutOnly
2013-12-31,080732,SUGAR NO. 11 - ICE FUTURES U.S.,829964,162555,187944,62520,"(CONTRACTS OF 112,000 POUNDS)",FutOnly
2014-01-07,080732,SUGAR NO. 11 - ICE FUTURES U.S.,838113,159716,195726,68156,"(CONTRACTS OF 112,000 POUNDS)",FutOnly
2014-01-14,080732,SUGAR NO. 11 - ICE FUTURES U.S.,819167,166664,214509,52343,"(CONTRACTS OF 112,000 POUNDS)",FutOnly
2014-01-21,080732,SUGAR NO. 11 - ICE FUTURES U.S.,825219,163414,218937,58602,"(CONTRACTS OF 112,000 POUNDS)",FutOnly
2014-01-28,080732,SUGAR NO. 11 - ICE FUTURES U.S.,840563,171809,229126,61072,"(CONTRACTS OF 112,000 POUNDS)",FutOnly
2014-02-04,080732,SUGAR NO. 11 - ICE FUTURES U.S.,852157,176496,209291,76770,"(CONTRACTS OF 112,000 POUNDS)",FutOnly
2014-02-11,080732,SUGAR NO. 11 - ICE FUTURES U.S.,850386,171287,203912,68634,"(CONTRACTS OF 112,000 POUNDS)",FutOnly
2014-02-18,080732,SUGAR NO. 11 - ICE FUTURES U.S.,844131,172507,189184,74294,"(CONTRACTS OF 112,000 POUNDS)",FutOnly
2014-02-25,080732,SUGAR NO. 11 - ICE FUTURES U.S.,813934,183823,146738,61474,"(CONTRACTS OF 112,000 POUNDS)",FutOnly
2014-03-04,080732,SUGAR NO. 11 - ICE FUTURES U.S.,787953,179459,101243,66784,"(CONTRACTS OF 112,000 POUNDS)",FutOnly
2014-03-11,080732,SUGAR NO. 11 - ICE FUTURES U.S.,792621,191770,78695,65117,"(CONTRACTS OF 112,000 POUNDS)",FutOnly
2014-03-18,080732,SUGAR NO. 11 - ICE FUTURES U.S.,785760,194827,69334,56686,"(CONTRACTS OF 112,000 POUNDS)",FutOnly
2014-03-25,080732,SUGAR NO. 11 - ICE FUTURES U.S.,782587,194244,68903,55916,"(CONTRACTS OF 112,000 POUNDS)",FutOnly
2014-04-01,080732,SUGAR NO. 11 - ICE FUTURES U.S.,784653,188741,56070,63006,"(CONTRACTS OF 112,000 POUNDS)",FutOnly
2014-04-08,080732,SUGAR NO. 11 - ICE FUTURES U.S.,786639,190463,53815,69353,"(CONTRACTS OF 112,000 POUNDS)",FutOnly
2014-04-15,080732,SUGAR NO. 11 - ICE FUTURES U.S.,781150,188204,64018,64486,"(CONTRACTS OF 112,000 POUNDS)",FutOnly
2014-04-22,080732,SUGAR NO. 11 - ICE FUTURES U.S.,798363,186798,62914,67711,"(CONTRACTS OF 112,000 POUNDS)",FutOnly
2014-04-29,080732,SUGAR NO. 11 - ICE FUTURES U.S.,789475,191302,66669,66554,"(CONTRACTS OF 112,000 POUNDS)",FutOnly
2014-05-06,080732,SUGAR NO. 11 - ICE FUTURES U.S.,782434,196891,67433,68688,"(CONTRACTS OF 112,000 POUNDS)",FutOnly
2014-05-13,080732,SUGAR NO. 11 - ICE FUTURES U.S.,807765,202542,65705,75771,"(CONTRACTS OF 112,000 POUNDS)",FutOnly
2014-05-20,080732,SUGAR NO. 11 - ICE FUTURES U.S.,823802,203251,60179,74128,"(CONTRACTS OF 112,000 POUNDS)",FutOnly
2014-05-27,080732,SUGAR NO. 11 - ICE FUTURES U.S.,823724,187680,77335,83489,"(CONTRACTS OF 112,000 POUNDS)",FutOnly
2014-06-03,080732,SUGAR NO. 11 - ICE FUTURES U.S.,850114,187173,79892,92075,"(CONTRACTS OF 112,000 POUNDS)",FutOnly
2014-06-10,080732,SUGAR NO. 11 - ICE FUTURES U.S.,872550,184765,100244,114220,"(CONTRACTS OF 112,000 POUNDS)",FutOnly
2014-06-17,080732,SUGAR NO. 11 - ICE FUTURES U.S.,866264,178841,109156,120569,"(CONTRACTS OF 112,000 POUNDS)",FutOnly
2014-06-24,080732,SUGAR NO. 11 - ICE FUTURES U.S.,879261,208448,65371,119864,"(CONTRACTS OF 112,000 POUNDS)",FutOnly
2014-07-01,080732,SUGAR NO. 11 - ICE FUTURES U.S.,844150,217760,71895,107138,"(CONTRACTS OF 112,000 POUNDS)",FutOnly
2014-07-08,080732,SUGAR NO. 11 - ICE FUTURES U.S.,835680,193363,86750,115102,"(CONTRACTS OF 112,000 POUNDS)",FutOnly
2014-07-15,080732,SUGAR NO. 11 - ICE FUTURES U.S.,824652,184643,116010,114369,"(CONTRACTS OF 112,000 POUNDS)",FutOnly
2014-07-22,080732,SUGAR NO. 11 - ICE FUTURES U.S.,857950,183229,139301,130785,"(CONTRACTS OF 112,000 POUNDS)",FutOnly
2014-07-29,080732,SUGAR NO. 11 - ICE FUTURES U.S.,854026,182342,158992,122150,"(CONTRACTS OF 112,000 POUNDS)",FutOnly
2014-08-05,080732,SUGAR NO. 11 - ICE FUTURES U.S.,864912,190274,183717,120092,"(CONTRACTS OF 112,000 POUNDS)",FutOnly
2014-08-12,080732,SUGAR NO. 11 - ICE FUTURES U.S.,887972,193457,201231,121894,"(CONTRACTS OF 112,000 POUNDS)",FutOnly
2014-08-19,080732,SUGAR NO. 11 - ICE FUTURES U.S.,895368,199435,216352,115819,"(CONTRACTS OF 112,000 POUNDS)",FutOnly
2014-08-26,080732,SUGAR NO. 11 - ICE FUTURES U.S.,894888,205050,216056,105317,"(CONTRACTS OF 112,000 POUNDS)",FutOnly
2014-09-02,080732,SUGAR NO. 11 - ICE FUTURES U.S.,892598,206923,216417,102074,"(CONTRACTS OF 112,000 POUNDS)",FutOnly
2014-09-09,080732,SUGAR NO. 11 - ICE FUTURES U.S.,892171,205815,222954,76964,"(CONTRACTS OF 112,000 POUNDS)",FutOnly
2014-09-16,080732,SUGAR NO. 11 - ICE FUTURES U.S.,824175,180142,208468,58218,"(CONTRACTS OF 112,000 POUNDS)",FutOnly
2014-09-23,080732,SUGAR NO. 11 - ICE FUTURES U.S.,836077,184191,219464,55536,"(CONTRACTS OF 112,000 POUNDS)",FutOnly
2014-09-30,080732,SUGAR NO. 11 - ICE FUTURES U.S.,784342,179624,233911,50719,"(CONTRACTS OF 112,000 POUNDS)",FutOnly
2014-10-07,080732,SUGAR NO. 11 - ICE FUTURES U.S.,757467,169424,215349,47988,"(CONTRACTS OF 112,000 POUNDS)",FutOnly
2014-10-14,080732,SUGAR NO. 11 - ICE FUTURES U.S.,759415,168718,214325,46447,"(CONTRACTS OF 112,000 POUNDS)",FutOnly
2014-10-21,080732,SUGAR NO. 11 - ICE FUTURES U.S.,752545,168068,215042,37363,"(CONTRACTS OF 112,000 POUNDS)",FutOnly
2014-10-28,080732,SUGAR NO. 11 - ICE FUTURES U.S.,777467,165501,220771,41359,"(CONTRACTS OF 112,000 POUNDS)",FutOnly
2014-11-04,080732,SUGAR NO. 11 - ICE FUTURES U.S.,798420,166444,227430,40753,"(CONTRACTS OF 112,000 POUNDS)",FutOnly
2014-11-11,080732,SUGAR NO. 11 - ICE FUTURES U.S.,809762,170631,228958,41012,"(CONTRACTS OF 112,000 POUNDS)",FutOnly
2014-11-18,080732,SUGAR NO. 11 - ICE FUTURES U.S.,816091,173680,226768,44791,"(CONTRACTS OF 112,000 POUNDS)",FutOnly
2014-11-25,080732,SUGAR NO. 11 - ICE FUTURES U.S.,825980,174365,212836,47828,"(CONTRACTS OF 112,000 POUNDS)",FutOnly
2014-12-02,080732,SUGAR NO. 11 - ICE FUTURES U.S.,836657,176838,231530,47808,"(CONTRACTS OF 112,000 POUNDS)",FutOnly
2014-12-09,080732,SUGAR NO. 11 - ICE FUTURES U.S.,820007,177498,232110,41604,"(CONTRACTS OF 112,000 POUNDS)",FutOnly
2014-12-16,080732,SUGAR NO. 11 - ICE FUTURES U.S.,825145,161423,221218,42721,"(CONTRACTS OF 112,000 POUNDS)",FutOnly
2014-12-23,080732,SUGAR NO. 11 - ICE FUTURES U.S.,820513,162428,217431,48569,"(CONTRACTS OF 112,000 POUNDS)",FutOnly
2014-12-30,080732,SUGAR NO. 11 - ICE FUTURES U.S.,834430,162391,225573,53450,"(CONTRACTS OF 112,000 POUNDS)",FutOnly
2015-01-06,080732,SUGAR NO. 11 - ICE FUTURES U.S.,841420,160736,222812,54053,"(CONTRACTS OF 112,000 POUNDS)",FutOnly
2015-01-13,080732,SUGAR NO. 11 - ICE FUTURES U.S.,818125,157867,206916,46468,"(CONTRACTS OF 112,000 POUNDS)",FutOnly
2015-01-20,080732,SUGAR NO. 11 - ICE FUTURES U.S.,815626,157578,186768,49007,"(CONTRACTS OF 112,000 POUNDS)",FutOnly
2015-01-27,080732,SUGAR NO. 11 - ICE FUTURES U.S.,823104,156123,153117,52552,"(CONTRACTS OF 112,000 POUNDS)",FutOnly
2015-02-03,080732,SUGAR NO. 11 - ICE FUTURES U.S.,853527,149823,178790,64585,"(CONTRACTS OF 112,000 POUNDS)",FutOnly
2015-02-10,080732,SUGAR NO. 11 - ICE FUTURES U.S.,864567,147635,179208,66028,"(CONTRACTS OF 112,000 POUNDS)",FutOnly
2015-02-17,080732,SUGAR NO. 11 - ICE FUTURES U.S.,857342,152916,161152,67443,"(CONTRACTS OF 112,000 POUNDS)",FutOnly
2015-02-24,080732,SUGAR NO. 11 - ICE FUTURES U.S.,836197,150708,185130,63214,"(CONTRACTS OF 112,000 POUNDS)",FutOnly
2015-03-03,080732,SUGAR NO. 11 - ICE FUTURES U.S.,819751,135139,229167,62246,"(CONTRACTS OF 112,000 POUNDS)",FutOnly
2015-03-10,080732,SUGAR NO. 11 - ICE FUTURES U.S.,847114,138717,238176,61057,"(CONTRACTS OF 112,000 POUNDS)",FutOnly
2015-03-17,080732,SUGAR NO. 11 - ICE FUTURES U.S.,864924,131636,230724,61690,"(CONTRACTS OF 112,000 POUNDS)",FutOnly
2015-03-24,080732,SUGAR NO. 11 - ICE FUTURES U.S.,883334,127961,237514,72402,"(CONTRACTS OF 112,000 POUNDS)",FutOnly
2015-03-31,080732,SUGAR NO. 11 - ICE FUTURES U.S.,903521,134629,244766,69761,"(CONTRACTS OF 112,000 POUNDS)",FutOnly
2015-04-07,080732,SUGAR NO. 11 - ICE FUTURES U.S.,936040,136845,240381,67141,"(CONTRACTS OF 112,000 POUNDS)",FutOnly
2015-04-14,080732,SUGAR NO. 11 - ICE FUTURES U.S.,893089,132284,214078,65104,"(CONTRACTS OF 112,000 POUNDS)",FutOnly
2015-04-21,080732,SUGAR NO. 11 - ICE FUTURES U.S.,853491,135307,200934,60354,"(CONTRACTS OF 112,000 POUNDS)",FutOnly
2015-04-28,080732,SUGAR NO. 11 - ICE FUTURES U.S.,834880,135670,171596,59855,"(CONTRACTS OF 112,000 POUNDS)",FutOnly
2015-05-05,080732,SUGAR NO. 11 - ICE FUTURES U.S.,808794,133207,177754,66342,"(CONTRACTS OF 112,000 POUNDS)",FutOnly
2015-05-12,080732,SUGAR NO. 11 - ICE FUTURES U.S.,849346,135769,151584,63548,"(CONTRACTS OF 112,000 POUNDS)",FutOnly
2015-05-19,080732,SUGAR NO. 11 - ICE FUTURES U.S.,865099,137184,164272,68489,"(CONTRACTS OF 112,000 POUNDS)",FutOnly
2015-05-26,080732,SUGAR NO. 11 - ICE FUTURES U.S.,891727,139674,200223,71432,"(CONTRACTS OF 112,000 POUNDS)",FutOnly
2015-06-02,080732,SUGAR NO. 11 - ICE FUTURES U.S.,912450,143813,204801,80923,"(CONTRACTS OF 112,000 POUNDS)",FutOnly
2015-06-09,080732,SUGAR NO. 11 - ICE FUTURES U.S.,892859,147836,205086,74599,"(CONTRACTS OF 112,000 POUNDS)",FutOnly
2015-06-16,080732,SUGAR NO. 11 - ICE FUTURES U.S.,873992,149331,233357,69894,"(CONTRACTS OF 112,000 POUNDS)",FutOnly
2015-06-23,080732,SUGAR NO. 11 - ICE FUTURES U.S.,865764,144184,237177,70756,"(CONTRACTS OF 112,000 POUNDS)",FutOnly
2015-06-30,080732,SUGAR NO. 11 - ICE FUTURES U.S.,838247,133115,202545,73032,"(CONTRACTS OF 112,000 POUNDS)",FutOnly
2015-07-07,080732,SUGAR NO. 11 - ICE FUTURES U.S.,790993,136518,173037,60610,"(CONTRACTS OF 112,000 POUNDS)",FutOnly
2015-07-14,080732,SUGAR NO. 11 - ICE FUTURES U.S.,794716,144801,145305,56418,"(CONTRACTS OF 112,000 POUNDS)",FutOnly
2015-07-21,080732,SUGAR NO. 11 - ICE FUTURES U.S.,811703,145405,191546,60966,"(CONTRACTS OF 112,000 POUNDS)",FutOnly
2015-07-28,080732,SUGAR NO. 11 - ICE FUTURES U.S.,819269,146234,204241,64547,"(CONTRACTS OF 112,000 POUNDS)",FutOnly
2015-08-04,080732,SUGAR NO. 11 - ICE FUTURES U.S.,824041,146139,203303,66674,"(CONTRACTS OF 112,000 POUNDS)",FutOnly
2015-08-11,080732,SUGAR NO. 11 - ICE FUTURES U.S.,843937,145635,208620,72653,"(CONTRACTS OF 112,000 POUNDS)",FutOnly
2015-08-18,080732,SUGAR NO. 11 - ICE FUTURES U.S.,851159,141903,213749,80717,"(CONTRACTS OF 112,000 POUNDS)",FutOnly
2015-08-25,080732,SUGAR NO. 11 - ICE FUTURES U.S.,835978,139026,211730,79743,"(CONTRACTS OF 112,000 POUNDS)",FutOnly
2015-09-01,080732,SUGAR NO. 11 - ICE FUTURES U.S.,818040,136617,178784,73090,"(CONTRACTS OF 112,000 POUNDS)",FutOnly
2015-09-08,080732,SUGAR NO. 11 - ICE FUTURES U.S.,817130,131957,141692,72978,"(CONTRACTS OF 112,000 POUNDS)",FutOnly
2015-09-15,080732,SUGAR NO. 11 - ICE FUTURES U.S.,781009,134911,133981,57994,"(CONTRACTS OF 112,000 POUNDS)",FutOnly
2015-09-22,080732,SUGAR NO. 11 - ICE FUTURES U.S.,770935,134556,150075,50338,"(CONTRACTS OF 112,000 POUNDS)",FutOnly
2015-09-29,080732,SUGAR NO. 11 - ICE FUTURES U.S.,750053,140766,117314,52806,"(CONTRACTS OF 112,000 POUNDS)",FutOnly
2015-10-06,080732,SUGAR NO. 11 - ICE FUTURES U.S.,743349,140613,69625,56438,"(CONTRACTS OF 112,000 POUNDS)",FutOnly
2015-10-13,080732,SUGAR NO. 11 - ICE FUTURES U.S.,742311,161544,58261,45469,"(CONTRACTS OF 112,000 POUNDS)",FutOnly
2015-10-20,080732,SUGAR NO. 11 - ICE FUTURES U.S.,756639,168498,64712,48993,"(CONTRACTS OF 112,000 POUNDS)",FutOnly
2015-10-27,080732,SUGAR NO. 11 - ICE FUTURES U.S.,801494,179600,66784,46204,"(CONTRACTS OF 112,000 POUNDS)",FutOnly
2015-11-03,080732,SUGAR NO. 11 - ICE FUTURES U.S.,827353,188163,56328,44231,"(CONTRACTS OF 112,000 POUNDS)",FutOnly
2015-11-10,080732,SUGAR NO. 11 - ICE FUTURES U.S.,834411,182125,63166,55646,"(CONTRACTS OF 112,000 POUNDS)",FutOnly
2015-11-17,080732,SUGAR NO. 11 - ICE FUTURES U.S.,838081,176606,56563,59148,"(CONTRACTS OF 112,000 POUNDS)",FutOnly
2015-11-24,080732,SUGAR NO. 11 - ICE FUTURES U.S.,861967,196378,51760,63385,"(CONTRACTS OF 112,000 POUNDS)",FutOnly
2015-12-01,080732,SUGAR NO. 11 - ICE FUTURES U.S.,863941,191889,48333,66308,"(CONTRACTS OF 112,000 POUNDS)",FutOnly
2015-12-08,080732,SUGAR NO. 11 - ICE FUTURES U.S.,864728,199908,43457,65933,"(CONTRACTS OF 112,000 POUNDS)",FutOnly
2015-12-15,080732,SUGAR NO. 11 - ICE FUTURES U.S.,846065,181902,36118,66766,"(CONTRACTS OF 112,000 POUNDS)",FutOnly
2015-12-22,080732,SUGAR NO. 11 - ICE FUTURES U.S.,867617,184370,33520,70268,"(CONTRACTS OF 112,000 POUNDS)",FutOnly
2015-12-29,080732,SUGAR NO. 11 - ICE FUTURES U.S.,859958,177689,33463,72760,"(CONTRACTS OF 112,000 POUNDS)",FutOnly
2016-01-05,080732,SUGAR NO. 11 - ICE FUTURES U.S.,868697,179620,41839,70676,"(CONTRACTS OF 112,000 POUNDS)",FutOnly
2016-01-12,080732,SUGAR NO. 11 - ICE FUTURES U.S.,852726,159451,48538,65015,"(CONTRACTS OF 112,000 POUNDS)",FutOnly
2016-01-19,080732,SUGAR NO. 11 - ICE FUTURES U.S.,868576,159240,44615,75412,"(CONTRACTS OF 112,000 POUNDS)",FutOnly
2016-01-26,080732,SUGAR NO. 11 - ICE FUTURES U.S.,884344,138411,54643,90281,"(CONTRACTS OF 112,000 POUNDS)",FutOnly
2016-02-02,080732,SUGAR NO. 11 - ICE FUTURES U.S.,877254,102447,81715,80292,"(CONTRACTS OF 112,000 POUNDS)",FutOnly
2016-02-09,080732,SUGAR NO. 11 - ICE FUTURES U.S.,862851,97721,96941,81782,"(CONTRACTS OF 112,000 POUNDS)",FutOnly
2016-02-16,080732,SUGAR NO. 11 - ICE FUTURES U.S.,822756,100521,98438,67920,"(CONTRACTS OF 112,000 POUNDS)",FutOnly
2016-02-23,080732,SUGAR NO. 11 - ICE FUTURES U.S.,798205,103555,112872,70907,"(CONTRACTS OF 112,000 POUNDS)",FutOnly
2016-03-01,080732,SUGAR NO. 11 - ICE FUTURES U.S.,752262,97372,85301,68735,"(CONTRACTS OF 112,000 POUNDS)",FutOnly
2016-03-08,080732,SUGAR NO. 11 - ICE FUTURES U.S.,751073,99025,50734,69116,"(CONTRACTS OF 112,000 POUNDS)",FutOnly
2016-03-15,080732,SUGAR NO. 11 - ICE FUTURES U.S.,768590,122587,51832,60954,"(CONTRACTS OF 112,000 POUNDS)",FutOnly
2016-03-22,080732,SUGAR NO. 11 - ICE FUTURES U.S.,827890,160641,49547,57376,"(CONTRACTS OF 112,000 POUNDS)",FutOnly
2016-03-29,080732,SUGAR NO. 11 - ICE FUTURES U.S.,865776,186628,55172,62548,"(CONTRACTS OF 112,000 POUNDS)",FutOnly
2016-04-05,080732,SUGAR NO. 11 - ICE FUTURES U.S.,865816,185942,60151,62274,"(CONTRACTS OF 112,000 POUNDS)",FutOnly
2016-04-12,080732,SUGAR NO. 11 - ICE FUTURES U.S.,840440,160952,62615,54852,"(CONTRACTS OF 112,000 POUNDS)",FutOnly
2016-04-19,080732,SUGAR NO. 11 - ICE FUTURES U.S.,800540,154552,49213,47473,"(CONTRACTS OF 112,000 POUNDS)",FutOnly
2016-04-26,080732,SUGAR NO. 11 - ICE FUTURES U.S.,772450,173380,38764,38656,"(CONTRACTS OF 112,000 POUNDS)",FutOnly
2016-05-03,080732,SUGAR NO. 11 - ICE FUTURES U.S.,789143,189978,38768,36595,"(CONTRACTS OF 112,000 POUNDS)",FutOnly
2016-05-10,080732,SUGAR NO. 11 - ICE FUTURES U.S.,805306,219037,49288,36790,"(CONTRACTS OF 112,000 POUNDS)",FutOnly
2016-05-17,080732,SUGAR NO. 11 - ICE FUTURES U.S.,848078,232140,42207,39290,"(CONTRACTS OF 112,000 POUNDS)",FutOnly
2016-05-24,080732,SUGAR NO. 11 - ICE FUTURES U.S.,868549,229726,41420,44836,"(CONTRACTS OF 112,000 POUNDS)",FutOnly
2016-05-31,080732,SUGAR NO. 11 - ICE FUTURES U.S.,895498,232047,37074,47481,"(CONTRACTS OF 112,000 POUNDS)",FutOnly
2016-06-07,080732,SUGAR NO. 11 - ICE FUTURES U.S.,899793,240084,33274,48030,"(CONTRACTS OF 112,000 POUNDS)",FutOnly
2016-06-14,080732,SUGAR NO. 11 - ICE FUTURES U.S.,940081,250079,30755,46685,"(CONTRACTS OF 112,000 POUNDS)",FutOnly
2016-06-21,080732,SUGAR NO. 11 - ICE FUTURES U.S.,899424,262158,17181,30275,"(CONTRACTS OF 112,000 POUNDS)",FutOnly
2016-06-28,080732,SUGAR NO. 11 - ICE FUTURES U.S.,855761,262530,17201,30021,"(CONTRACTS OF 112,000 POUNDS)",FutOnly
2016-07-05,080732,SUGAR NO. 11 - ICE FUTURES U.S.,842090,259670,17849,35174,"(CONTRACTS OF 112,000 POUNDS)",FutOnly
2016-07-12,080732,SUGAR NO. 11 - ICE FUTURES U.S.,840414,255887,17432,42515,"(CONTRACTS OF 112,000 POUNDS)",FutOnly
2016-07-19,080732,SUGAR NO. 11 - ICE FUTURES U.S.,832463,244774,16049,45344,"(CONTRACTS OF 112,000 POUNDS)",FutOnly
2016-07-26,080732,SUGAR NO. 11 - ICE FUTURES U.S.,830909,249210,12216,44189,"(CONTRACTS OF 112,000 POUNDS)",FutOnly
2016-08-02,080732,SUGAR NO. 11 - ICE FUTURES U.S.,846754,255084,18239,45040,"(CONTRACTS OF 112,000 POUNDS)",FutOnly
2016-08-09,080732,SUGAR NO. 11 - ICE FUTURES U.S.,866930,270779,14901,44005,"(CONTRACTS OF 112,000 POUNDS)",FutOnly
2016-08-16,080732,SUGAR NO. 11 - ICE FUTURES U.S.,883140,268994,16727,45581,"(CONTRACTS OF 112,000 POUNDS)",FutOnly
2016-08-23,080732,SUGAR NO. 11 - ICE FUTURES U.S.,903799,284901,19932,46769,"(CONTRACTS OF 112,000 POUNDS)",FutOnly
2016-08-30,080732,SUGAR NO. 11 - ICE FUTURES U.S.,908026,286048,18113,41684,"(CONTRACTS OF 112,000 POUNDS)",FutOnly
2016-09-06,080732,SUGAR NO. 11 - ICE FUTURES U.S.,913475,272216,17590,54298,"(CONTRACTS OF 112,000 POUNDS)",FutOnly
2016-09-13,080732,SUGAR NO. 11 - ICE FUTURES U.S.,889291,263660,15862,47047,"(CONTRACTS OF 112,000 POUNDS)",FutOnly
2016-09-20,080732,SUGAR NO. 11 - ICE FUTURES U.S.,896638,277315,14056,49943,"(CONTRACTS OF 112,000 POUNDS)",FutOnly
2016-09-27,080732,SUGAR NO. 11 - ICE FUTURES U.S.,857858,282745,16121,50702,"(CONTRACTS OF 112,000 POUNDS)",FutOnly
2016-10-04,080732,SUGAR NO. 11 - ICE FUTURES U.S.,830713,281794,13493,54510,"(CONTRACTS OF 112,000 POUNDS)",FutOnly
2016-10-11,080732,SUGAR NO. 11 - ICE FUTURES U.S.,833715,266454,15628,49341,"(CONTRACTS OF 112,000 POUNDS)",FutOnly
2016-10-18,080732,SUGAR NO. 11 - ICE FUTURES U.S.,843124,256126,13453,52691,"(CONTRACTS OF 112,000 POUNDS)",FutOnly
2016-10-25,080732,SUGAR NO. 11 - ICE FUTURES U.S.,852696,253865,10841,55130,"(CONTRACTS OF 112,000 POUNDS)",FutOnly
2016-11-01,080732,SUGAR NO. 11 - ICE FUTURES U.S.,844926,233566,13829,55906,"(CONTRACTS OF 112,000 POUNDS)",FutOnly
2016-11-08,080732,SUGAR NO. 11 - ICE FUTURES U.S.,845628,230347,10249,57335,"(CONTRACTS OF 112,000 POUNDS)",FutOnly
2016-11-15,080732,SUGAR NO. 11 - ICE FUTURES U.S.,847421,218496,10137,63255,"(CONTRACTS OF 112,000 POUNDS)",FutOnly
2016-11-22,080732,SUGAR NO. 11 - ICE FUTURES U.S.,819282,193448,14428,69556,"(CONTRACTS OF 112,000 POUNDS)",FutOnly
2016-11-29,080732,SUGAR NO. 11 - ICE FUTURES U.S.,822246,182611,11337,77107,"(CONTRACTS OF 112,000 POUNDS)",FutOnly
2016-12-06,080732,SUGAR NO. 11 - ICE FUTURES U.S.,835875,185867,11408,82138,"(CONTRACTS OF 112,000 POUNDS)",FutOnly
2016-12-13,080732,SUGAR NO. 11 - ICE FUTURES U.S.,821766,181644,13994,71588,"(CONTRACTS OF 112,000 POUNDS)",FutOnly
2016-12-20,080732,SUGAR NO. 11 - ICE FUTURES U.S.,812810,159025,18180,86825,"(CONTRACTS OF 112,000 POUNDS)",FutOnly
2016-12-27,080732,SUGAR NO. 11 - ICE FUTURES U.S.,808168,153881,22859,87630,"(CONTRACTS OF 112,000 POUNDS)",FutOnly
2017-01-03,080732,SUGAR NO. 11 - ICE FUTURES U.S.,810483,154834,23121,78303,"(CONTRACTS OF 112,000 POUNDS)",FutOnly
2017-01-10,080732,SUGAR NO. 11 - ICE FUTURES U.S.,819121,158202,15129,73720,"(CONTRACTS OF 112,000 POUNDS)",FutOnly
2017-01-17,080732,SUGAR NO. 11 - ICE FUTURES U.S.,828260,157162,13553,74779,"(CONTRACTS OF 112,000 POUNDS)",FutOnly
2017-01-24,080732,SUGAR NO. 11 - ICE FUTURES U.S.,834634,160067,13563,76583,"(CONTRACTS OF 112,000 POUNDS)",FutOnly
2017-01-31,080732,SUGAR NO. 11 - ICE FUTURES U.S.,831344,161246,15155,78921,"(CONTRACTS OF 112,000 POUNDS)",FutOnly
2017-02-07,080732,SUGAR NO. 11 - ICE FUTURES U.S.,859366,168189,13083,80095,"(CONTRACTS OF 112,000 POUNDS)",FutOnly
2017-02-14,080732,SUGAR NO. 11 - ICE FUTURES U.S.,858862,163905,20560,72274,"(CONTRACTS OF 112,000 POUNDS)",FutOnly
2017-02-21,080732,SUGAR NO. 11 - ICE FUTURES U.S.,802571,163753,14845,68754,"(CONTRACTS OF 112,000 POUNDS)",FutOnly
2017-02-28,080732,SUGAR NO. 11 - ICE FUTURES U.S.,765789,158698,30149,66891,"(CONTRACTS OF 112,000 POUNDS)",FutOnly
2017-03-07,080732,SUGAR NO. 11 - ICE FUTURES U.S.,765590,152197,35413,68689,"(CONTRACTS OF 112,000 POUNDS)",FutOnly
2017-03-14,080732,SUGAR NO. 11 - ICE FUTURES U.S.,769600,147788,57654,59590,"(CONTRACTS OF 112,000 POUNDS)",FutOnly
2017-03-21,080732,SUGAR NO. 11 - ICE FUTURES U.S.,788422,143292,73503,69608,"(CONTRACTS OF 112,000 POUNDS)",FutOnly
2017-03-28,080732,SUGAR NO. 11 - ICE FUTURES U.S.,806906,149174,90443,68669,"(CONTRACTS OF 112,000 POUNDS)",FutOnly
2017-04-04,080732,SUGAR NO. 11 - ICE FUTURES U.S.,801818,155903,106569,58112,"(CONTRACTS OF 112,000 POUNDS)",FutOnly
2017-04-11,080732,SUGAR NO. 11 - ICE FUTURES U.S.,801536,159273,117500,40716,"(CONTRACTS OF 112,000 POUNDS)",FutOnly
2017-04-18,080732,SUGAR NO. 11 - ICE FUTURES U.S.,790120,151204,122846,42349,"(CONTRACTS OF 112,000 POUNDS)",FutOnly
2017-04-25,080732,SUGAR NO. 11 - ICE FUTURES U.S.,775917,138003,125201,49007,"(CONTRACTS OF 112,000 POUNDS)",FutOnly
2017-05-02,080732,SUGAR NO. 11 - ICE FUTURES U.S.,765024,131791,139292,54238,"(CONTRACTS OF 112,000 POUNDS)",FutOnly
2017-05-09,080732,SUGAR NO. 11 - ICE FUTURES U.S.,777908,135644,152145,61925,"(CONTRACTS OF 112,000 POUNDS)",FutOnly
2017-05-16,080732,SUGAR NO. 11 - ICE FUTURES U.S.,792922,135586,162465,64317,"(CONTRACTS OF 112,000 POUNDS)",FutOnly
2017-05-23,080732,SUGAR NO. 11 - ICE FUTURES U.S.,798742,135632,147755,63801,"(CONTRACTS OF 112,000 POUNDS)",FutOnly
2017-05-30,080732,SUGAR NO. 11 - ICE FUTURES U.S.,814153,131910,154824,59913,"(CONTRACTS OF 112,000 POUNDS)",FutOnly
2017-06-06,080732,SUGAR NO. 11 - ICE FUTURES U.S.,842105,131911,183682,81874,"(CONTRACTS OF 112,000 POUNDS)",FutOnly
2017-06-13,080732,SUGAR NO. 11 - ICE FUTURES U.S.,854313,128944,196401,81303,"(CONTRACTS OF 112,000 POUNDS)",FutOnly
2017-06-20,080732,SUGAR NO. 11 - ICE FUTURES U.S.,831702,122264,212836,72966,"(CONTRACTS OF 112,000 POUNDS)",FutOnly
2017-06-27,080732,SUGAR NO. 11 - ICE FUTURES U.S.,821489,120629,233036,68038,"(CONTRACTS OF 112,000 POUNDS)",FutOnly
2017-07-03,080732,SUGAR NO. 11 - ICE FUTURES U.S.,776748,115483,228124,64660,"(CONTRACTS OF 112,000 POUNDS)",FutOnly
2017-07-11,080732,SUGAR NO. 11 - ICE FUTURES U.S.,762211,100129,217680,53061,"(CONTRACTS OF 112,000 POUNDS)",FutOnly
2017-07-18,080732,SUGAR NO. 11 - ICE FUTURES U.S.,772209,101623,213244,56501,"(CONTRACTS OF 112,000 POUNDS)",FutOnly
2017-07-25,080732,SUGAR NO. 11 - ICE FUTURES U.S.,771060,101859,201937,58532,"(CONTRACTS OF 112,000 POUNDS)",FutOnly
2017-08-01,080732,SUGAR NO. 11 - ICE FUTURES U.S.,762626,99958,181683,58531,"(CONTRACTS OF 112,000 POUNDS)",FutOnly
2017-08-08,080732,SUGAR NO. 11 - ICE FUTURES U.S.,779185,95970,183645,60526,"(CONTRACTS OF 112,000 POUNDS)",FutOnly
2017-08-15,080732,SUGAR NO. 11 - ICE FUTURES U.S.,815068,95766,215387,65622,"(CONTRACTS OF 112,000 POUNDS)",FutOnly
2017-08-22,080732,SUGAR NO. 11 - ICE FUTURES U.S.,840614,100894,237217,69484,"(CONTRACTS OF 112,000 POUNDS)",FutOnly
2017-08-29,080732,SUGAR NO. 11 - ICE FUTURES U.S.,835201,104302,231367,63587,"(CONTRACTS OF 112,000 POUNDS)",FutOnly
2017-09-05,080732,SUGAR NO. 11 - ICE FUTURES U.S.,824467,102853,219071,61253,"(CONTRACTS OF 112,000 POUNDS)",FutOnly
2017-09-12,080732,SUGAR NO. 11 - ICE FUTURES U.S.,801502,104562,196205,58508,"(CONTRACTS OF 112,000 POUNDS)",FutOnly
2017-09-19,080732,SUGAR NO. 11 - ICE FUTURES U.S.,767416,109789,175551,51299,"(CONTRACTS OF 112,000 POUNDS)",FutOnly
2017-09-26,080732,SUGAR NO. 11 - ICE FUTURES U.S.,711181,119995,188894,38396,"(CONTRACTS OF 112,000 POUNDS)",FutOnly
2017-10-03,080732,SUGAR NO. 11 - ICE FUTURES U.S.,683879,117032,206637,44185,"(CONTRACTS OF 112,000 POUNDS)",FutOnly
2017-10-10,080732,SUGAR NO. 11 - ICE FUTURES U.S.,694059,114437,205103,50892,"(CONTRACTS OF 112,000 POUNDS)",FutOnly
2017-10-17,080732,SUGAR NO. 11 - ICE FUTURES U.S.,700150,109806,212661,54080,"(CONTRACTS OF 112,000 POUNDS)",FutOnly
2017-10-24,080732,SUGAR NO. 11 - ICE FUTURES U.S.,717017,108063,217655,60734,"(CONTRACTS OF 112,000 POUNDS)",FutOnly
2017-10-31,080732,SUGAR NO. 11 - ICE FUTURES U.S.,712697,116014,193586,62476,"(CONTRACTS OF 112,000 POUNDS)",FutOnly
2017-11-07,080732,SUGAR NO. 11 - ICE FUTURES U.S.,711780,111872,186017,61656,"(CONTRACTS OF 112,000 POUNDS)",FutOnly
2017-11-14,080732,SUGAR NO. 11 - ICE FUTURES U.S.,708272,124885,149382,51272,"(CONTRACTS OF 112,000 POUNDS)",FutOnly
2017-11-21,080732,SUGAR NO. 11 - ICE FUTURES U.S.,695563,125211,126853,37215,"(CONTRACTS OF 112,000 POUNDS)",FutOnly
2017-11-28,080732,SUGAR NO. 11 - ICE FUTURES U.S.,704408,129519,118978,38808,"(CONTRACTS OF 112,000 POUNDS)",FutOnly
2017-12-05,080732,SUGAR NO. 11 - ICE FUTURES U.S.,707756,124523,116502,45623,"(CONTRACTS OF 112,000 POUNDS)",FutOnly
2017-12-12,080732,SUGAR NO. 11 - ICE FUTURES U.S.,759712,102382,178823,66074,"(CONTRACTS OF 112,000 POUNDS)",FutOnly
2017-12-19,080732,SUGAR NO. 11 - ICE FUTURES U.S.,787027,100304,203601,79385,"(CONTRACTS OF 112,000 POUNDS)",FutOnly
2017-12-26,080732,SUGAR NO. 11 - ICE FUTURES U.S.,756189,103432,179064,75325,"(CONTRACTS OF 112,000 POUNDS)",FutOnly
2018-01-02,080732,SUGAR NO. 11 - ICE FUTURES U.S.,757204,114734,153305,74029,"(CONTRACTS OF 112,000 POUNDS)",FutOnly
2018-01-09,080732,SUGAR NO. 11 - ICE FUTURES U.S.,769647,129427,135439,66115,"(CONTRACTS OF 112,000 POUNDS)",FutOnly
2018-01-16,080732,SUGAR NO. 11 - ICE FUTURES U.S.,823655,134089,195309,67759,"(CONTRACTS OF 112,000 POUNDS)",FutOnly
2018-01-23,080732,SUGAR NO. 11 - ICE FUTURES U.S.,912141,124651,256476,86563,"(CONTRACTS OF 112,000 POUNDS)",FutOnly
2018-01-30,080732,SUGAR NO. 11 - ICE FUTURES U.S.,925960,125435,278467,82343,"(CONTRACTS OF 112,000 POUNDS)",FutOnly
2018-02-06,080732,SUGAR NO. 11 - ICE FUTURES U.S.,928370,132095,268351,80965,"(CONTRACTS OF 112,000 POUNDS)",FutOnly
2018-02-13,080732,SUGAR NO. 11 - ICE FUTURES U.S.,893480,125748,248321,89566,"(CONTRACTS OF 112,000 POUNDS)",FutOnly
2018-02-20,080732,SUGAR NO. 11 - ICE FUTURES U.S.,870968,126204,255773,90005,"(CONTRACTS OF 112,000 POUNDS)",FutOnly
2018-02-27,080732,SUGAR NO. 11 - ICE FUTURES U.S.,864508,125615,264999,90577,"(CONTRACTS OF 112,000 POUNDS)",FutOnly
2018-03-06,080732,SUGAR NO. 11 - ICE FUTURES U.S.,841282,124400,233736,87879,"(CONTRACTS OF 112,000 POUNDS)",FutOnly
2018-03-13,080732,SUGAR NO. 11 - ICE FUTURES U.S.,908031,121066,267651,93599,"(CONTRACTS OF 112,000 POUNDS)",FutOnly
2018-03-20,080732,SUGAR NO. 11 - ICE FUTURES U.S.,945319,126110,277211,105134,"(CONTRACTS OF 112,000 POUNDS)",FutOnly
2018-03-27,080732,SUGAR NO. 11 - ICE FUTURES U.S.,974778,122500,282800,110983,"(CONTRACTS OF 112,000 POUNDS)",FutOnly
2018-04-03,080732,SUGAR NO. 11 - ICE FUTURES U.S.,990051,124358,286458,104177,"(CONTRACTS OF 112,000 POUNDS)",FutOnly
2018-04-10,080732,SUGAR NO. 11 - ICE FUTURES U.S.,999540,122638,292608,103917,"(CONTRACTS OF 112,000 POUNDS)",FutOnly
2018-04-17,080732,SUGAR NO. 11 - ICE FUTURES U.S.,1021576,126973,288550,120280,"(CONTRACTS OF 112,000 POUNDS)",FutOnly
2018-04-24,080732,SUGAR NO. 11 - ICE FUTURES U.S.,1010242,133695,300392,119678,"(CONTRACTS OF 112,000 POUNDS)",FutOnly
2018-05-01,080732,SUGAR NO. 11 - ICE FUTURES U.S.,977547,140684,300706,132000,"(CONTRACTS OF 112,000 POUNDS)",FutOnly
2018-05-08,080732,SUGAR NO. 11 - ICE FUTURES U.S.,1000067,141525,291537,140271,"(CONTRACTS OF 112,000 POUNDS)",FutOnly
2018-05-15,080732,SUGAR NO. 11 - ICE FUTURES U.S.,1028716,144705,288181,150939,"(CONTRACTS OF 112,000 POUNDS)",FutOnly
2018-05-22,080732,SUGAR NO. 11 - ICE FUTURES U.S.,1032703,154671,265268,134713,"(CONTRACTS OF 112,000 POUNDS)",FutOnly
2018-05-29,080732,SUGAR NO. 11 - ICE FUTURES U.S.,1006973,160440,224567,119646,"(CONTRACTS OF 112,000 POUNDS)",FutOnly
2018-06-05,080732,SUGAR NO. 11 - ICE FUTURES U.S.,997686,162717,184221,126138,"(CONTRACTS OF 112,000 POUNDS)",FutOnly
2018-06-12,080732,SUGAR NO. 11 - ICE FUTURES U.S.,986065,165328,188808,132658,"(CONTRACTS OF 112,000 POUNDS)",FutOnly
2018-06-19,080732,SUGAR NO. 11 - ICE FUTURES U.S.,963032,165862,191118,131088,"(CONTRACTS OF 112,000 POUNDS)",FutOnly
2018-06-26,080732,SUGAR NO. 11 - ICE FUTURES U.S.,965073,176393,189492,144077,"(CONTRACTS OF 112,000 POUNDS)",FutOnly
2018-07-03,080732,SUGAR NO. 11 - ICE FUTURES U.S.,946405,162309,219507,140308,"(CONTRACTS OF 112,000 POUNDS)",FutOnly
2018-07-10,080732,SUGAR NO. 11 - ICE FUTURES U.S.,962201,161616,230800,141337,"(CONTRACTS OF 112,000 POUNDS)",FutOnly
2018-07-17,080732,SUGAR NO. 11 - ICE FUTURES U.S.,972560,160677,247485,142979,"(CONTRACTS OF 112,000 POUNDS)",FutOnly
2018-07-24,080732,SUGAR NO. 11 - ICE FUTURES U.S.,976927,177400,260071,143068,"(CONTRACTS OF 112,000 POUNDS)",FutOnly
2018-07-31,080732,SUGAR NO. 11 - ICE FUTURES U.S.,1030191,162458,286267,154459,"(CONTRACTS OF 112,000 POUNDS)",FutOnly
2018-08-07,080732,SUGAR NO. 11 - ICE FUTURES U.S.,1035639,163697,287626,158487,"(CONTRACTS OF 112,000 POUNDS)",FutOnly
2018-08-14,080732,SUGAR NO. 11 - ICE FUTURES U.S.,1034096,158014,298036,163074,"(CONTRACTS OF 112,000 POUNDS)",FutOnly
2018-08-21,080732,SUGAR NO. 11 - ICE FUTURES U.S.,1056652,155218,310184,173934,"(CONTRACTS OF 112,000 POUNDS)",FutOnly
2018-08-28,080732,SUGAR NO. 11 - ICE FUTURES U.S.,1049962,152109,310507,165690,"(CONTRACTS OF 112,000 POUNDS)",FutOnly
2018-09-04,080732,SUGAR NO. 11 - ICE FUTURES U.S.,1010628,150164,312097,148224,"(CONTRACTS OF 112,000 POUNDS)",FutOnly
2018-09-11,080732,SUGAR NO. 11 - ICE FUTURES U.S.,907199,145646,274669,110298,"(CONTRACTS OF 112,000 POUNDS)",FutOnly
2018-09-18,080732,SUGAR NO. 11 - ICE FUTURES U.S.,811721,151649,210772,93597,"(CONTRACTS OF 112,000 POUNDS)",FutOnly
2018-09-25,080732,SUGAR NO. 11 - ICE FUTURES U.S.,817701,147115,236830,113058,"(CONTRACTS OF 112,000 POUNDS)",FutOnly
2018-10-02,080732,SUGAR NO. 11 - ICE FUTURES U.S.,812368,145096,247535,115421,"(CONTRACTS OF 112,000 POUNDS)",FutOnly
2018-10-09,080732,SUGAR NO. 11 - ICE FUTURES U.S.,748480,140840,178235,80879,"(CONTRACTS OF 112,000 POUNDS)",FutOnly
2018-10-16,080732,SUGAR NO. 11 - ICE FUTURES U.S.,744792,140611,124241,85916,"(CONTRACTS OF 112,000 POUNDS)",FutOnly
2018-10-23,080732,SUGAR NO. 11 - ICE FUTURES U.S.,778533,163144,93497,84466,"(CONTRACTS OF 112,000 POUNDS)",FutOnly
2018-10-30,080732,SUGAR NO. 11 - ICE FUTURES U.S.,801819,173417,86556,92604,"(CONTRACTS OF 112,000 POUNDS)",FutOnly
2018-11-06,080732,SUGAR NO. 11 - ICE FUTURES U.S.,773056,158390,85963,78986,"(CONTRACTS OF 112,000 POUNDS)",FutOnly
2018-11-13,080732,SUGAR NO. 11 - ICE FUTURES U.S.,789728,141237,101631,78577,"(CONTRACTS OF 112,000 POUNDS)",FutOnly
2018-11-20,080732,SUGAR NO. 11 - ICE FUTURES U.S.,796564,129370,113385,91248,"(CONTRACTS OF 112,000 POUNDS)",FutOnly
2018-11-27,080732,SUGAR NO. 11 - ICE FUTURES U.S.,812476,125465,120091,99719,"(CONTRACTS OF 112,000 POUNDS)",FutOnly
2018-12-04,080732,SUGAR NO. 11 - ICE FUTURES U.S.,818050,116641,118136,98520,"(CONTRACTS OF 112,000 POUNDS)",FutOnly
2018-12-11,080732,SUGAR NO. 11 - ICE FUTURES U.S.,816921,116580,115726,96915,"(CONTRACTS OF 112,000 POUNDS)",FutOnly
2018-12-18,080732,SUGAR NO. 11 - ICE FUTURES U.S.,853309,114706,143888,101912,"(CONTRACTS OF 112,000 POUNDS)",FutOnly
2018-12-24,080732,SUGAR NO. 11 - ICE FUTURES U.S.,868536,113088,148376,106901,"(CONTRACTS OF 112,000 POUNDS)",FutOnly
2018-12-31,080732,SUGAR NO. 11 - ICE FUTURES U.S.,879349,110402,164800,109290,"(CONTRACTS OF 112,000 POUNDS)",FutOnly
2019-01-08,080732,SUGAR NO. 11 - ICE FUTURES U.S.,901214,107774,176336,115025,"(CONTRACTS OF 112,000 POUNDS)",FutOnly
2019-01-15,080732,SUGAR NO. 11 - ICE FUTURES U.S.,890199,109238,151950,97670,"(CONTRACTS OF 112,000 POUNDS)",FutOnly
2019-01-22,080732,SUGAR NO. 11 - ICE FUTURES U.S.,905783,103909,133462,98485,"(CONTRACTS OF 112,000 POUNDS)",FutOnly
2019-01-29,080732,SUGAR NO. 11 - ICE FUTURES U.S.,913025,103561,142811,85717,"(CONTRACTS OF 112,000 POUNDS)",FutOnly
2019-02-05,080732,SUGAR NO. 11 - ICE FUTURES U.S.,937769,111615,151020,98177,"(CONTRACTS OF 112,000 POUNDS)",FutOnly
2019-02-12,080732,SUGAR NO. 11 - ICE FUTURES U.S.,904601,118133,157419,93374,"(CONTRACTS OF 112,000 POUNDS)",FutOnly
2019-02-19,080732,SUGAR NO. 11 - ICE FUTURES U.S.,871056,116875,157939,88007,"(CONTRACTS OF 112,000 POUNDS)",FutOnly
2019-02-26,080732,SUGAR NO. 11 - ICE FUTURES U.S.,839602,119377,150630,87770,"(CONTRACTS OF 112,000 POUNDS)",FutOnly
2019-03-05,080732,SUGAR NO. 11 - ICE FUTURES U.S.,825365,112251,182590,93285,"(CONTRACTS OF 112,000 POUNDS)",FutOnly
2019-03-12,080732,SUGAR NO. 11 - ICE FUTURES U.S.,881080,112290,229481,99648,"(CONTRACTS OF 112,000 POUNDS)",FutOnly
2019-03-19,080732,SUGAR NO. 11 - ICE FUTURES U.S.,920560,116812,217274,101857,"(CONTRACTS OF 112,000 POUNDS)",FutOnly
2019-03-26,080732,SUGAR NO. 11 - ICE FUTURES U.S.,926204,118259,210548,104001,"(CONTRACTS OF 112,000 POUNDS)",FutOnly
2019-04-02,080732,SUGAR NO. 11 - ICE FUTURES U.S.,911127,128119,202015,97758,"(CONTRACTS OF 112,000 POUNDS)",FutOnly
2019-04-09,080732,SUGAR NO. 11 - ICE FUTURES U.S.,915486,142146,188373,111938,"(CONTRACTS OF 112,000 POUNDS)",FutOnly
2019-04-16,080732,SUGAR NO. 11 - ICE FUTURES U.S.,887198,148538,191884,86919,"(CONTRACTS OF 112,000 POUNDS)",FutOnly
2019-04-23,080732,SUGAR NO. 11 - ICE FUTURES U.S.,880933,154675,183646,84028,"(CONTRACTS OF 112,000 POUNDS)",FutOnly
2019-04-30,080732,SUGAR NO. 11 - ICE FUTURES U.S.,865062,149347,201097,96296,"(CONTRACTS OF 112,000 POUNDS)",FutOnly
2019-05-07,080732,SUGAR NO. 11 - ICE FUTURES U.S.,960539,148159,250272,123280,"(CONTRACTS OF 112,000 POUNDS)",FutOnly
2019-05-14,080732,SUGAR NO. 11 - ICE FUTURES U.S.,1006144,142267,277799,141714,"(CONTRACTS OF 112,000 POUNDS)",FutOnly
2019-05-21,080732,SUGAR NO. 11 - ICE FUTURES U.S.,1030604,144096,308075,143402,"(CONTRACTS OF 112,000 POUNDS)",FutOnly
2019-05-28,080732,SUGAR NO. 11 - ICE FUTURES U.S.,1039476,144870,318696,135471,"(CONTRACTS OF 112,000 POUNDS)",FutOnly
2019-06-04,080732,SUGAR NO. 11 - ICE FUTURES U.S.,1025985,153375,302815,113558,"(CONTRACTS OF 112,000 POUNDS)",FutOnly
2019-06-11,080732,SUGAR NO. 11 - ICE FUTURES U.S.,993278,153389,267174,98255,"(CONTRACTS OF 112,000 POUNDS)",FutOnly
2019-06-18,080732,SUGAR NO. 11 - ICE FUTURES U.S.,936818,157197,212599,71616,"(CONTRACTS OF 112,000 POUNDS)",FutOnly
2019-06-25,080732,SUGAR NO. 11 - ICE FUTURES U.S.,888259,159219,196904,71576,"(CONTRACTS OF 112,000 POUNDS)",FutOnly
2019-07-02,080732,SUGAR NO. 11 - ICE FUTURES U.S.,851542,166931,199055,96336,"(CONTRACTS OF 112,000 POUNDS)",FutOnly
2019-07-09,080732,SUGAR NO. 11 - ICE FUTURES U.S.,868182,166924,197252,110307,"(CONTRACTS OF 112,000 POUNDS)",FutOnly
2019-07-16,080732,SUGAR NO. 11 - ICE FUTURES U.S.,891873,155681,220907,112052,"(CONTRACTS OF 112,000 POUNDS)",FutOnly
2019-07-23,080732,SUGAR NO. 11 - ICE FUTURES U.S.,947290,150521,292576,127162,"(CONTRACTS OF 112,000 POUNDS)",FutOnly
2019-07-30,080732,SUGAR NO. 11 - ICE FUTURES U.S.,949627,155765,283724,131594,"(CONTRACTS OF 112,000 POUNDS)",FutOnly
2019-08-06,080732,SUGAR NO. 11 - ICE FUTURES U.S.,985687,152342,289282,155712,"(CONTRACTS OF 112,000 POUNDS)",FutOnly
2019-08-13,080732,SUGAR NO. 11 - ICE FUTURES U.S.,1047548,151071,299942,161481,"(CONTRACTS OF 112,000 POUNDS)",FutOnly
2019-08-20,080732,SUGAR NO. 11 - ICE FUTURES U.S.,1045587,150893,301262,164908,"(CONTRACTS OF 112,000 POUNDS)",FutOnly
2019-08-27,080732,SUGAR NO. 11 - ICE FUTURES U.S.,1075205,148521,315475,162154,"(CONTRACTS OF 112,000 POUNDS)",FutOnly
2019-09-03,080732,SUGAR NO. 11 - ICE FUTURES U.S.,1088400,147228,331740,161648,"(CONTRACTS OF 112,000 POUNDS)",FutOnly
2019-09-10,080732,SUGAR NO. 11 - ICE FUTURES U.S.,1064916,138190,347365,147652,"(CONTRACTS OF 112,000 POUNDS)",FutOnly
2019-09-17,080732,SUGAR NO. 11 - ICE FUTURES U.S.,985311,129791,361678,118854,"(CONTRACTS OF 112,000 POUNDS)",FutOnly
2019-09-24,080732,SUGAR NO. 11 - ICE FUTURES U.S.,979004,138322,348816,130186,"(CONTRACTS OF 112,000 POUNDS)",FutOnly
2019-10-01,080732,SUGAR NO. 11 - ICE FUTURES U.S.,880474,133808,307383,104877,"(CONTRACTS OF 112,000 POUNDS)",FutOnly
2019-10-08,080732,SUGAR NO. 11 - ICE FUTURES U.S.,878343,120819,303918,89100,"(CONTRACTS OF 112,000 POUNDS)",FutOnly
2019-10-15,080732,SUGAR NO. 11 - ICE FUTURES U.S.,902099,122720,309271,95657,"(CONTRACTS OF 112,000 POUNDS)",FutOnly
2019-10-22,080732,SUGAR NO. 11 - ICE FUTURES U.S.,931054,118328,336422,110153,"(CONTRACTS OF 112,000 POUNDS)",FutOnly
2019-10-29,080732,SUGAR NO. 11 - ICE FUTURES U.S.,967769,122016,340336,128933,"(CONTRACTS OF 112,000 POUNDS)",FutOnly
2019-11-05,080732,SUGAR NO. 11 - ICE FUTURES U.S.,978065,123636,334777,132795,"(CONTRACTS OF 112,000 POUNDS)",FutOnly
2019-11-12,080732,SUGAR NO. 11 - ICE FUTURES U.S.,969252,128892,320406,124445,"(CONTRACTS OF 112,000 POUNDS)",FutOnly
2019-11-19,080732,SUGAR NO. 11 - ICE FUTURES U.S.,952863,138397,272756,107469,"(CONTRACTS OF 112,000 POUNDS)",FutOnly
2019-11-26,080732,SUGAR NO. 11 - ICE FUTURES U.S.,978753,142246,264061,117704,"(CONTRACTS OF 112,000 POUNDS)",FutOnly
2019-12-03,080732,SUGAR NO. 11 - ICE FUTURES U.S.,1004980,154030,245671,130275,"(CONTRACTS OF 112,000 POUNDS)",FutOnly
2019-12-10,080732,SUGAR NO. 11 - ICE FUTURES U.S.,1010184,181375,194509,141079,"(CONTRACTS OF 112,000 POUNDS)",FutOnly
2019-12-17,080732,SUGAR NO. 11 - ICE FUTURES U.S.,1003578,193321,174561,142501,"(CONTRACTS OF 112,000 POUNDS)",FutOnly
2019-12-24,080732,SUGAR NO. 11 - ICE FUTURES U.S.,995824,188138,159193,140607,"(CONTRACTS OF 112,000 POUNDS)",FutOnly
2019-12-31,080732,SUGAR NO. 11 - ICE FUTURES U.S.,989858,183360,160136,139165,"(CONTRACTS OF 112,000 POUNDS)",FutOnly
2020-01-07,080732,SUGAR NO. 11 - ICE FUTURES U.S.,990792,175717,160473,142379,"(CONTRACTS OF 112,000 POUNDS)",FutOnly
2020-01-14,080732,SUGAR NO. 11 - ICE FUTURES U.S.,1073646,210836,130509,156989,"(CONTRACTS OF 112,000 POUNDS)",FutOnly
2020-01-21,080732,SUGAR NO. 11 - ICE FUTURES U.S.,1121428,235431,113491,167516,"(CONTRACTS OF 112,000 POUNDS)",FutOnly
2020-01-28,080732,SUGAR NO. 11 - ICE FUTURES U.S.,1172016,255100,107944,166312,"(CONTRACTS OF 112,000 POUNDS)",FutOnly
2020-02-04,080732,SUGAR NO. 11 - ICE FUTURES U.S.,1199329,243116,105414,168170,"(CONTRACTS OF 112,000 POUNDS)",FutOnly
2020-02-11,080732,SUGAR NO. 11 - ICE FUTURES U.S.,1251740,252725,101745,173047,"(CONTRACTS OF 112,000 POUNDS)",FutOnly
2020-02-18,080732,SUGAR NO. 11 - ICE FUTURES U.S.,1241072,264856,98033,171437,"(CONTRACTS OF 112,000 POUNDS)",FutOnly
2020-02-25,080732,SUGAR NO. 11 - ICE FUTURES U.S.,1206094,285910,95778,164557,"(CONTRACTS OF 112,000 POUNDS)",FutOnly
2020-03-03,080732,SUGAR NO. 11 - ICE FUTURES U.S.,1142524,252258,106261,139704,"(CONTRACTS OF 112,000 POUNDS)",FutOnly
2020-03-10,080732,SUGAR NO. 11 - ICE FUTURES U.S.,1127748,182563,106933,130841,"(CONTRACTS OF 112,000 POUNDS)",FutOnly
2020-03-17,080732,SUGAR NO. 11 - ICE FUTURES U.S.,1048963,108372,98781,108532,"(CONTRACTS OF 112,000 POUNDS)",FutOnly
2020-03-24,080732,SUGAR NO. 11 - ICE FUTURES U.S.,1014018,94273,96623,82701,"(CONTRACTS OF 112,000 POUNDS)",FutOnly
2020-03-31,080732,SUGAR NO. 11 - ICE FUTURES U.S.,1015678,92139,102819,80982,"(CONTRACTS OF 112,000 POUNDS)",FutOnly
2020-04-07,080732,SUGAR NO. 11 - ICE FUTURES U.S.,1019129,88899,118964,73672,"(CONTRACTS OF 112,000 POUNDS)",FutOnly
2020-04-14,080732,SUGAR NO. 11 - ICE FUTURES U.S.,1040411,87840,136786,82481,"(CONTRACTS OF 112,000 POUNDS)",FutOnly
2020-04-21,080732,SUGAR NO. 11 - ICE FUTURES U.S.,965724,85983,144867,67372,"(CONTRACTS OF 112,000 POUNDS)",FutOnly
2020-04-28,080732,SUGAR NO. 11 - ICE FUTURES U.S.,950948,93715,157783,70576,"(CONTRACTS OF 112,000 POUNDS)",FutOnly
2020-05-05,080732,SUGAR NO. 11 - ICE FUTURES U.S.,923784,89089,137539,70101,"(CONTRACTS OF 112,000 POUNDS)",FutOnly
2020-05-12,080732,SUGAR NO. 11 - ICE FUTURES U.S.,953051,90592,135362,80316,"(CONTRACTS OF 112,000 POUNDS)",FutOnly
2020-05-19,080732,SUGAR NO. 11 - ICE FUTURES U.S.,970769,102186,131101,72579,"(CONTRACTS OF 112,000 POUNDS)",FutOnly
2020-05-26,080732,SUGAR NO. 11 - ICE FUTURES U.S.,979826,110982,123077,70511,"(CONTRACTS OF 112,000 POUNDS)",FutOnly
2020-06-02,080732,SUGAR NO. 11 - ICE FUTURES U.S.,996216,113204,119611,82920,"(CONTRACTS OF 112,000 POUNDS)",FutOnly
2020-06-09,080732,SUGAR NO. 11 - ICE FUTURES U.S.,983915,117915,98090,73808,"(CONTRACTS OF 112,000 POUNDS)",FutOnly
2020-06-16,080732,SUGAR NO. 11 - ICE FUTURES U.S.,960972,120189,86427,67118,"(CONTRACTS OF 112,000 POUNDS)",FutOnly
2020-06-23,080732,SUGAR NO. 11 - ICE FUTURES U.S.,958619,136283,78796,63012,"(CONTRACTS OF 112,000 POUNDS)",FutOnly
2020-06-30,080732,SUGAR NO. 11 - ICE FUTURES U.S.,918143,129441,66841,66104,"(CONTRACTS OF 112,000 POUNDS)",FutOnly
2020-07-07,080732,SUGAR NO. 11 - ICE FUTURES U.S.,924622,142573,58123,62806,"(CONTRACTS OF 112,000 POUNDS)",FutOnly
2020-07-14,080732,SUGAR NO. 11 - ICE FUTURES U.S.,938702,145297,63235,72486,"(CONTRACTS OF 112,000 POUNDS)",FutOnly
2020-07-21,080732,SUGAR NO. 11 - ICE FUTURES U.S.,944754,147030,64178,76740,"(CONTRACTS OF 112,000 POUNDS)",FutOnly
2020-07-28,080732,SUGAR NO. 11 - ICE FUTURES U.S.,963358,146783,54359,88794,"(CONTRACTS OF 112,000 POUNDS)",FutOnly
2020-08-04,080732,SUGAR NO. 11 - ICE FUTURES U.S.,989827,166726,44393,72268,"(CONTRACTS OF 112,000 POUNDS)",FutOnly
2020-08-11,080732,SUGAR NO. 11 - ICE FUTURES U.S.,1002453,186256,36528,75323,"(CONTRACTS OF 112,000 POUNDS)",FutOnly
2020-08-18,080732,SUGAR NO. 11 - ICE FUTURES U.S.,1018436,206832,32900,78885,"(CONTRACTS OF 112,000 POUNDS)",FutOnly
2020-08-25,080732,SUGAR NO. 11 - ICE FUTURES U.S.,1062658,223621,32875,92753,"(CONTRACTS OF 112,000 POUNDS)",FutOnly
2020-09-01,080732,SUGAR NO. 11 - ICE FUTURES U.S.,1075405,225638,33225,93216,"(CONTRACTS OF 112,000 POUNDS)",FutOnly
2020-09-08,080732,SUGAR NO. 11 - ICE FUTURES U.S.,1047751,206166,38833,85610,"(CONTRACTS OF 112,000 POUNDS)",FutOnly
2020-09-15,080732,SUGAR NO. 11 - ICE FUTURES U.S.,992063,188279,37579,56049,"(CONTRACTS OF 112,000 POUNDS)",FutOnly
2020-09-22,080732,SUGAR NO. 11 - ICE FUTURES U.S.,981798,211394,28619,55849,"(CONTRACTS OF 112,000 POUNDS)",FutOnly
2020-09-29,080732,SUGAR NO. 11 - ICE FUTURES U.S.,971839,227317,24942,64370,"(CONTRACTS OF 112,000 POUNDS)",FutOnly
2020-10-06,080732,SUGAR NO. 11 - ICE FUTURES U.S.,946439,238371,26809,66537,"(CONTRACTS OF 112,000 POUNDS)",FutOnly
2020-10-13,080732,SUGAR NO. 11 - ICE FUTURES U.S.,978938,266336,25281,66050,"(CONTRACTS OF 112,000 POUNDS)",FutOnly
2020-10-20,080732,SUGAR NO. 11 - ICE FUTURES U.S.,1008665,282213,28734,66551,"(CONTRACTS OF 112,000 POUNDS)",FutOnly
2020-10-27,080732,SUGAR NO. 11 - ICE FUTURES U.S.,1036579,289772,27875,66544,"(CONTRACTS OF 112,000 POUNDS)",FutOnly
2020-11-03,080732,SUGAR NO. 11 - ICE FUTURES U.S.,1035002,272078,25828,65209,"(CONTRACTS OF 112,000 POUNDS)",FutOnly
2020-11-10,080732,SUGAR NO. 11 - ICE FUTURES U.S.,1056385,273844,29116,74213,"(CONTRACTS OF 112,000 POUNDS)",FutOnly
2020-11-17,080732,SUGAR NO. 11 - ICE FUTURES U.S.,1079515,279879,28790,79760,"(CONTRACTS OF 112,000 POUNDS)",FutOnly
2020-11-24,080732,SUGAR NO. 11 - ICE FUTURES U.S.,1085716,278246,31816,78921,"(CONTRACTS OF 112,000 POUNDS)",FutOnly
2020-12-01,080732,SUGAR NO. 11 - ICE FUTURES U.S.,1081320,262603,34642,85697,"(CONTRACTS OF 112,000 POUNDS)",FutOnly
2020-12-08,080732,SUGAR NO. 11 - ICE FUTURES U.S.,1067538,248834,35005,85798,"(CONTRACTS OF 112,000 POUNDS)",FutOnly
2020-12-15,080732,SUGAR NO. 11 - ICE FUTURES U.S.,1053378,234490,35050,86588,"(CONTRACTS OF 112,000 POUNDS)",FutOnly
2020-12-21,080732,SUGAR NO. 11 - ICE FUTURES U.S.,1047207,228125,36522,87603,"(CONTRACTS OF 112,000 POUNDS)",FutOnly
2020-12-29,080732,SUGAR NO. 11 - ICE FUTURES U.S.,1052268,235658,34304,86236,"(CONTRACTS OF 112,000 POUNDS)",FutOnly
2021-01-05,080732,SUGAR NO. 11 - ICE FUTURES U.S.,1089003,260673,31855,87550,"(CONTRACTS OF 112,000 POUNDS)",FutOnly
2021-01-12,080732,SUGAR NO. 11 - ICE FUTURES U.S.,1095452,252903,33345,90740,"(CONTRACTS OF 112,000 POUNDS)",FutOnly
2021-01-19,080732,SUGAR NO. 11 - ICE FUTURES U.S.,1101665,251914,33827,91419,"(CONTRACTS OF 112,000 POUNDS)",FutOnly
2021-01-26,080732,SUGAR NO. 11 - ICE FUTURES U.S.,1104626,241795,37799,97172,"(CONTRACTS OF 112,000 POUNDS)",FutOnly
2021-02-02,080732,SUGAR NO. 11 - ICE FUTURES U.S.,1107089,230959,36425,99626,"(CONTRACTS OF 112,000 POUNDS)",FutOnly
2021-02-09,080732,SUGAR NO. 11 - ICE FUTURES U.S.,1130449,228890,37621,99449,"(CONTRACTS OF 112,000 POUNDS)",FutOnly
2021-02-16,080732,SUGAR NO. 11 - ICE FUTURES U.S.,1124674,233004,38175,105432,"(CONTRACTS OF 112,000 POUNDS)",FutOnly
2021-02-23,080732,SUGAR NO. 11 - ICE FUTURES U.S.,1065425,242108,25554,102394,"(CONTRACTS OF 112,000 POUNDS)",FutOnly
2021-03-02,080732,SUGAR NO. 11 - ICE FUTURES U.S.,1009386,233305,27188,101374,"(CONTRACTS OF 112,000 POUNDS)",FutOnly
2021-03-09,080732,SUGAR NO. 11 - ICE FUTURES U.S.,1031790,225761,34039,106222,"(CONTRACTS OF 112,000 POUNDS)",FutOnly
2021-03-16,080732,SUGAR NO. 11 - ICE FUTURES U.S.,1047853,228525,39104,114142,"(CONTRACTS OF 112,000 POUNDS)",FutOnly
2021-03-23,080732,SUGAR NO. 11 - ICE FUTURES U.S.,1048979,221120,45936,115912,"(CONTRACTS OF 112,000 POUNDS)",FutOnly
2021-03-30,080732,SUGAR NO. 11 - ICE FUTURES U.S.,1049454,206475,43246,115160,"(CONTRACTS OF 112,000 POUNDS)",FutOnly
2021-04-06,080732,SUGAR NO. 11 - ICE FUTURES U.S.,1044032,203490,42617,103632,"(CONTRACTS OF 112,000 POUNDS)",FutOnly
2021-04-13,080732,SUGAR NO. 11 - ICE FUTURES U.S.,1052839,211529,34413,93355,"(CONTRACTS OF 112,000 POUNDS)",FutOnly
2021-04-20,080732,SUGAR NO. 11 - ICE FUTURES U.S.,1014761,245048,25368,99731,"(CONTRACTS OF 112,000 POUNDS)",FutOnly
2021-04-27,080732,SUGAR NO. 11 - ICE FUTURES U.S.,1021800,273317,20788,95186,"(CONTRACTS OF 112,000 POUNDS)",FutOnly
2021-05-04,080732,SUGAR NO. 11 - ICE FUTURES U.S.,992776,266399,19753,99195,"(CONTRACTS OF 112,000 POUNDS)",FutOnly
2021-05-11,080732,SUGAR NO. 11 - ICE FUTURES U.S.,1030575,275307,19482,107088,"(CONTRACTS OF 112,000 POUNDS)",FutOnly
2021-05-18,080732,SUGAR NO. 11 - ICE FUTURES U.S.,1034144,260491,23491,114617,"(CONTRACTS OF 112,000 POUNDS)",FutOnly
2021-05-25,080732,SUGAR NO. 11 - ICE FUTURES U.S.,1021300,248293,22658,119089,"(CONTRACTS OF 112,000 POUNDS)",FutOnly
2021-06-01,080732,SUGAR NO. 11 - ICE FUTURES U.S.,1024776,257447,19552,118037,"(CONTRACTS OF 112,000 POUNDS)",FutOnly
2021-06-08,080732,SUGAR NO. 11 - ICE FUTURES U.S.,1017887,255382,22059,112436,"(CONTRACTS OF 112,000 POUNDS)",FutOnly
2021-06-15,080732,SUGAR NO. 11 - ICE FUTURES U.S.,1002786,251151,26125,108404,"(CONTRACTS OF 112,000 POUNDS)",FutOnly
2021-06-22,080732,SUGAR NO. 11 - ICE FUTURES U.S.,925321,228226,29470,108037,"(CONTRACTS OF 112,000 POUNDS)",FutOnly
2021-06-29,080732,SUGAR NO. 11 - ICE FUTURES U.S.,892168,228510,28424,105628,"(CONTRACTS OF 112,000 POUNDS)",FutOnly
2021-07-06,080732,SUGAR NO. 11 - ICE FUTURES U.S.,931814,254094,25971,114794,"(CONTRACTS OF 112,000 POUNDS)",FutOnly
2021-07-13,080732,SUGAR NO. 11 - ICE FUTURES U.S.,928170,234285,32193,120789,"(CONTRACTS OF 112,000 POUNDS)",FutOnly
2021-07-20,080732,SUGAR NO. 11 - ICE FUTURES U.S.,920665,228919,28573,118784,"(CONTRACTS OF 112,000 POUNDS)",FutOnly
2021-07-27,080732,SUGAR NO. 11 - ICE FUTURES U.S.,954073,256064,24465,118465,"(CONTRACTS OF 112,000 POUNDS)",FutOnly
2021-08-03,080732,SUGAR NO. 11 - ICE FUTURES U.S.,987110,272031,24863,121028,"(CONTRACTS OF 112,000 POUNDS)",FutOnly
2021-08-10,080732,SUGAR NO. 11 - ICE FUTURES U.S.,998508,285844,21955,115646,"(CONTRACTS OF 112,000 POUNDS)",FutOnly
2021-08-17,080732,SUGAR NO. 11 - ICE FUTURES U.S.,1033177,291567,23231,114447,"(CONTRACTS OF 112,000 POUNDS)",FutOnly
2021-08-24,080732,SUGAR NO. 11 - ICE FUTURES U.S.,1063378,293795,25701,121620,"(CONTRACTS OF 112,000 POUNDS)",FutOnly
2021-08-31,080732,SUGAR NO. 11 - ICE FUTURES U.S.,1058996,289225,26756,118279,"(CONTRACTS OF 112,000 POUNDS)",FutOnly
2021-09-07,080732,SUGAR NO. 11 - ICE FUTURES U.S.,1052962,278752,28042,117541,"(CONTRACTS OF 112,000 POUNDS)",FutOnly
2021-09-14,080732,SUGAR NO. 11 - ICE FUTURES U.S.,1024815,257563,30581,113093,"(CONTRACTS OF 112,000 POUNDS)",FutOnly
2021-09-21,080732,SUGAR NO. 11 - ICE FUTURES U.S.,952975,251333,27789,101917,"(CONTRACTS OF 112,000 POUNDS)",FutOnly
2021-09-28,080732,SUGAR NO. 11 - ICE FUTURES U.S.,889873,253926,29261,96985,"(CONTRACTS OF 112,000 POUNDS)",FutOnly
2021-10-05,080732,SUGAR NO. 11 - ICE FUTURES U.S.,888354,250781,30994,102420,"(CONTRACTS OF 112,000 POUNDS)",FutOnly
2021-10-12,080732,SUGAR NO. 11 - ICE FUTURES U.S.,891672,247806,29484,102120,"(CONTRACTS OF 112,000 POUNDS)",FutOnly
2021-10-19,080732,SUGAR NO. 11 - ICE FUTURES U.S.,871316,221845,46578,100957,"(CONTRACTS OF 112,000 POUNDS)",FutOnly
2021-10-26,080732,SUGAR NO. 11 - ICE FUTURES U.S.,874742,203209,43471,99182,"(CONTRACTS OF 112,000 POUNDS)",FutOnly
2021-11-02,080732,SUGAR NO. 11 - ICE FUTURES U.S.,884507,208594,42040,99970,"(CONTRACTS OF 112,000 POUNDS)",FutOnly
2021-11-09,080732,SUGAR NO. 11 - ICE FUTURES U.S.,897739,217818,39405,102925,"(CONTRACTS OF 112,000 POUNDS)",FutOnly
2021-11-16,080732,SUGAR NO. 11 - ICE FUTURES U.S.,906385,233454,34413,108013,"(CONTRACTS OF 112,000 POUNDS)",FutOnly
2021-11-23,080732,SUGAR NO. 11 - ICE FUTURES U.S.,920493,254690,29885,108236,"(CONTRACTS OF 112,000 POUNDS)",FutOnly
2021-11-30,080732,SUGAR NO. 11 - ICE FUTURES U.S.,882199,216780,41697,101112,"(CONTRACTS OF 112,000 POUNDS)",FutOnly
2021-12-07,080732,SUGAR NO. 11 - ICE FUTURES U.S.,857621,190438,39349,91442,"(CONTRACTS OF 112,000 POUNDS)",FutOnly
2021-12-14,080732,SUGAR NO. 11 - ICE FUTURES U.S.,874996,206587,28361,95326,"(CONTRACTS OF 112,000 POUNDS)",FutOnly
2021-12-21,080732,SUGAR NO. 11 - ICE FUTURES U.S.,864082,185380,37148,95219,"(CONTRACTS OF 112,000 POUNDS)",FutOnly
2021-12-28,080732,SUGAR NO. 11 - ICE FUTURES U.S.,864262,179428,34965,98362,"(CONTRACTS OF 112,000 POUNDS)",FutOnly
2022-01-04,080732,SUGAR NO. 11 - ICE FUTURES U.S.,873918,172635,40593,102210,"(CONTRACTS OF 112,000 POUNDS)",FutOnly
2022-01-11,080732,SUGAR NO. 11 - ICE FUTURES U.S.,883009,144763,74723,102035,"(CONTRACTS OF 112,000 POUNDS)",FutOnly
2022-01-18,080732,SUGAR NO. 11 - ICE FUTURES U.S.,882598,137062,67499,103234,"(CONTRACTS OF 112,000 POUNDS)",FutOnly
2022-01-25,080732,SUGAR NO. 11 - ICE FUTURES U.S.,875995,141327,52201,100174,"(CONTRACTS OF 112,000 POUNDS)",FutOnly
2022-02-01,080732,SUGAR NO. 11 - ICE FUTURES U.S.,897035,140776,75145,100246,"(CONTRACTS OF 112,000 POUNDS)",FutOnly
2022-02-08,080732,SUGAR NO. 11 - ICE FUTURES U.S.,931602,145690,90799,94168,"(CONTRACTS OF 112,000 POUNDS)",FutOnly
2022-02-15,080732,SUGAR NO. 11 - ICE FUTURES U.S.,871213,148402,95376,90971,"(CONTRACTS OF 112,000 POUNDS)",FutOnly
2022-02-22,080732,SUGAR NO. 11 - ICE FUTURES U.S.,857376,145018,96343,90227,"(CONTRACTS OF 112,000 POUNDS)",FutOnly
2022-03-01,080732,SUGAR NO. 11 - ICE FUTURES U.S.,816211,141897,87410,86970,"(CONTRACTS OF 112,000 POUNDS)",FutOnly
2022-03-08,080732,SUGAR NO. 11 - ICE FUTURES U.S.,837413,177645,45256,78546,"(CONTRACTS OF 112,000 POUNDS)",FutOnly
2022-03-15,080732,SUGAR NO. 11 - ICE FUTURES U.S.,818877,170120,41826,69866,"(CONTRACTS OF 112,000 POUNDS)",FutOnly
2022-03-22,080732,SUGAR NO. 11 - ICE FUTURES U.S.,817462,172449,39602,68041,"(CONTRACTS OF 112,000 POUNDS)",FutOnly
2022-03-29,080732,SUGAR NO. 11 - ICE FUTURES U.S.,819459,181907,38658,64521,"(CONTRACTS OF 112,000 POUNDS)",FutOnly
2022-04-05,080732,SUGAR NO. 11 - ICE FUTURES U.S.,859871,207230,33119,71186,"(CONTRACTS OF 112,000 POUNDS)",FutOnly
2022-04-12,080732,SUGAR NO. 11 - ICE FUTURES U.S.,916130,256995,29301,62113,"(CONTRACTS OF 112,000 POUNDS)",FutOnly
2022-04-19,080732,SUGAR NO. 11 - ICE FUTURES U.S.,909622,264455,35505,64286,"(CONTRACTS OF 112,000 POUNDS)",FutOnly
2022-04-26,080732,SUGAR NO. 11 - ICE FUTURES U.S.,846421,239618,40109,67695,"(CONTRACTS OF 112,000 POUNDS)",FutOnly
2022-05-03,080732,SUGAR NO. 11 - ICE FUTURES U.S.,818627,224820,47650,67857,"(CONTRACTS OF 112,000 POUNDS)",FutOnly
2022-05-10,080732,SUGAR NO. 11 - ICE FUTURES U.S.,797453,208091,52351,61534,"(CONTRACTS OF 112,000 POUNDS)",FutOnly
2022-05-17,080732,SUGAR NO. 11 - ICE FUTURES U.S.,825281,214178,36192,69993,"(CONTRACTS OF 112,000 POUNDS)",FutOnly
2022-05-24,080732,SUGAR NO. 11 - ICE FUTURES U.S.,847420,221732,29963,81471,"(CONTRACTS OF 112,000 POUNDS)",FutOnly
2022-05-31,080732,SUGAR NO. 11 - ICE FUTURES U.S.,848463,216129,32411,82145,"(CONTRACTS OF 112,000 POUNDS)",FutOnly
2022-06-07,080732,SUGAR NO. 11 - ICE FUTURES U.S.,849814,206738,39954,84496,"(CONTRACTS OF 112,000 POUNDS)",FutOnly
2022-06-14,080732,SUGAR NO. 11 - ICE FUTURES U.S.,800806,185408,50617,71420,"(CONTRACTS OF 112,000 POUNDS)",FutOnly
2022-06-21,080732,SUGAR NO. 11 - ICE FUTURES U.S.,779773,172092,53134,67283,"(CONTRACTS OF 112,000 POUNDS)",FutOnly
2022-06-28,080732,SUGAR NO. 11 - ICE FUTURES U.S.,734324,149166,76099,65160,"(CONTRACTS OF 112,000 POUNDS)",FutOnly
2022-07-05,080732,SUGAR NO. 11 - ICE FUTURES U.S.,713245,133221,87669,67270,"(CONTRACTS OF 112,000 POUNDS)",FutOnly
2022-07-12,080732,SUGAR NO. 11 - ICE FUTURES U.S.,701144,136447,65079,68041,"(CONTRACTS OF 112,000 POUNDS)",FutOnly
2022-07-19,080732,SUGAR NO. 11 - ICE FUTURES U.S.,703614,142253,46919,66546,"(CONTRACTS OF 112,000 POUNDS)",FutOnly
2022-07-26,080732,SUGAR NO. 11 - ICE FUTURES U.S.,722469,117365,100113,70056,"(CONTRACTS OF 112,000 POUNDS)",FutOnly
2022-08-02,080732,SUGAR NO. 11 - ICE FUTURES U.S.,760093,112473,132018,75993,"(CONTRACTS OF 112,000 POUNDS)",FutOnly
2022-08-09,080732,SUGAR NO. 11 - ICE FUTURES U.S.,765669,110365,130614,73259,"(CONTRACTS OF 112,000 POUNDS)",FutOnly
2022-08-16,080732,SUGAR NO. 11 - ICE FUTURES U.S.,737535,119078,101767,66952,"(CONTRACTS OF 112,000 POUNDS)",FutOnly
2022-08-23,080732,SUGAR NO. 11 - ICE FUTURES U.S.,750335,119722,98741,63150,"(CONTRACTS OF 112,000 POUNDS)",FutOnly
2022-08-30,080732,SUGAR NO. 11 - ICE FUTURES U.S.,752642,121366,89157,68488,"(CONTRACTS OF 112,000 POUNDS)",FutOnly
2022-09-06,080732,SUGAR NO. 11 - ICE FUTURES U.S.,760601,115874,94041,69614,"(CONTRACTS OF 112,000 POUNDS)",FutOnly
2022-09-13,080732,SUGAR NO. 11 - ICE FUTURES U.S.,751873,122400,88133,60806,"(CONTRACTS OF 112,000 POUNDS)",FutOnly
2022-09-20,080732,SUGAR NO. 11 - ICE FUTURES U.S.,744972,114077,101064,57735,"(CONTRACTS OF 112,000 POUNDS)",FutOnly
2022-09-27,080732,SUGAR NO. 11 - ICE FUTURES U.S.,710887,119517,96261,50408,"(CONTRACTS OF 112,000 POUNDS)",FutOnly
2022-10-04,080732,SUGAR NO. 11 - ICE FUTURES U.S.,687018,115989,96508,56025,"(CONTRACTS OF 112,000 POUNDS)",FutOnly
2022-10-11,080732,SUGAR NO. 11 - ICE FUTURES U.S.,687209,135906,54118,52310,"(CONTRACTS OF 112,000 POUNDS)",FutOnly
2022-10-18,080732,SUGAR NO. 11 - ICE FUTURES U.S.,711664,162900,52768,47665,"(CONTRACTS OF 112,000 POUNDS)",FutOnly
2022-10-25,080732,SUGAR NO. 11 - ICE FUTURES U.S.,723503,153217,64050,49728,"(CONTRACTS OF 112,000 POUNDS)",FutOnly
2022-11-01,080732,SUGAR NO. 11 - ICE FUTURES U.S.,737846,140343,93443,49446,"(CONTRACTS OF 112,000 POUNDS)",FutOnly
2022-11-08,080732,SUGAR NO. 11 - ICE FUTURES U.S.,766340,153339,75211,51792,"(CONTRACTS OF 112,000 POUNDS)",FutOnly
2022-11-15,080732,SUGAR NO. 11 - ICE FUTURES U.S.,832522,220023,54253,50196,"(CONTRACTS OF 112,000 POUNDS)",FutOnly
2022-11-22,080732,SUGAR NO. 11 - ICE FUTURES U.S.,872727,251560,47112,57453,"(CONTRACTS OF 112,000 POUNDS)",FutOnly
2022-11-29,080732,SUGAR NO. 11 - ICE FUTURES U.S.,876309,247893,48408,66096,"(CONTRACTS OF 112,000 POUNDS)",FutOnly
2022-12-06,080732,SUGAR NO. 11 - ICE FUTURES U.S.,881388,249185,47069,69674,"(CONTRACTS OF 112,000 POUNDS)",FutOnly
2022-12-13,080732,SUGAR NO. 11 - ICE FUTURES U.S.,899777,250452,46682,79477,"(CONTRACTS OF 112,000 POUNDS)",FutOnly
2022-12-20,080732,SUGAR NO. 11 - ICE FUTURES U.S.,922300,283387,40549,85837,"(CONTRACTS OF 112,000 POUNDS)",FutOnly
2022-12-27,080732,SUGAR NO. 11 - ICE FUTURES U.S.,943801,299923,38971,92527,"(CONTRACTS OF 112,000 POUNDS)",FutOnly
2023-01-03,080732,SUGAR NO. 11 - ICE FUTURES U.S.,940021,284789,40452,102041,"(CONTRACTS OF 112,000 POUNDS)",FutOnly
2023-01-10,080732,SUGAR NO. 11 - ICE FUTURES U.S.,905839,229947,50647,102680,"(CONTRACTS OF 112,000 POUNDS)",FutOnly
2023-01-17,080732,SUGAR NO. 11 - ICE FUTURES U.S.,898526,231641,51977,105952,"(CONTRACTS OF 112,000 POUNDS)",FutOnly
2023-01-24,080732,SUGAR NO. 11 - ICE FUTURES U.S.,924848,228739,54041,114203,"(CONTRACTS OF 112,000 POUNDS)",FutOnly
2023-01-31,080732,SUGAR NO. 11 - ICE FUTURES U.S.,995391,284823,46459,126057,"(CONTRACTS OF 112,000 POUNDS)",FutOnly
2023-02-07,080732,SUGAR NO. 11 - ICE FUTURES U.S.,1001483,277779,53052,122579,"(CONTRACTS OF 112,000 POUNDS)",FutOnly
2023-02-14,080732,SUGAR NO. 11 - ICE FUTURES U.S.,969635,282450,54526,103514,"(CONTRACTS OF 112,000 POUNDS)",FutOnly
2023-02-21,080732,SUGAR NO. 11 - ICE FUTURES U.S.,926553,270856,58537,109520,"(CONTRACTS OF 112,000 POUNDS)",FutOnly
2023-02-28,080732,SUGAR NO. 11 - ICE FUTURES U.S.,912670,272076,63781,119315,"(CONTRACTS OF 112,000 POUNDS)",FutOnly
2023-03-07,080732,SUGAR NO. 11 - ICE FUTURES U.S.,929179,284920,64160,127885,"(CONTRACTS OF 112,000 POUNDS)",FutOnly
2023-03-14,080732,SUGAR NO. 11 - ICE FUTURES U.S.,932452,273194,68377,126107,"(CONTRACTS OF 112,000 POUNDS)",FutOnly
2023-03-21,080732,SUGAR NO. 11 - ICE FUTURES U.S.,929418,259029,65480,131533,"(CONTRACTS OF 112,000 POUNDS)",FutOnly
2023-03-28,080732,SUGAR NO. 11 - ICE FUTURES U.S.,953477,268636,64303,132905,"(CONTRACTS OF 112,000 POUNDS)",FutOnly
2023-04-04,080732,SUGAR NO. 11 - ICE FUTURES U.S.,1005892,275030,58543,141634,"(CONTRACTS OF 112,000 POUNDS)",FutOnly
2023-04-11,080732,SUGAR NO. 11 - ICE FUTURES U.S.,992086,278534,56435,119568,"(CONTRACTS OF 112,000 POUNDS)",FutOnly
2023-04-18,080732,SUGAR NO. 11 - ICE FUTURES U.S.,961060,280174,52150,101203,"(CONTRACTS OF 112,000 POUNDS)",FutOnly
2023-04-25,080732,SUGAR NO. 11 - ICE FUTURES U.S.,959708,282455,52357,99411,"(CONTRACTS OF 112,000 POUNDS)",FutOnly
2023-05-02,080732,SUGAR NO. 11 - ICE FUTURES U.S.,940050,263936,53829,108510,"(CONTRACTS OF 112,000 POUNDS)",FutOnly
2023-05-09,080732,SUGAR NO. 11 - ICE FUTURES U.S.,955975,263827,49208,113527,"(CONTRACTS OF 112,000 POUNDS)",FutOnly
2023-05-16,080732,SUGAR NO. 11 - ICE FUTURES U.S.,963347,264788,47182,114513,"(CONTRACTS OF 112,000 POUNDS)",FutOnly
2023-05-23,080732,SUGAR NO. 11 - ICE FUTURES U.S.,983887,274437,47009,110988,"(CONTRACTS OF 112,000 POUNDS)",FutOnly
2023-05-30,080732,SUGAR NO. 11 - ICE FUTURES U.S.,962437,258402,50033,110496,"(CONTRACTS OF 112,000 POUNDS)",FutOnly
2023-06-06,080732,SUGAR NO. 11 - ICE FUTURES U.S.,1021535,245704,48095,128610,"(CONTRACTS OF 112,000 POUNDS)",FutOnly
2023-06-13,080732,SUGAR NO. 11 - ICE FUTURES U.S.,1001738,249938,43797,117091,"(CONTRACTS OF 112,000 POUNDS)",FutOnly
2023-06-20,080732,SUGAR NO. 11 - ICE FUTURES U.S.,967113,268094,41412,103980,"(CONTRACTS OF 112,000 POUNDS)",FutOnly
2023-06-27,080732,SUGAR NO. 11 - ICE FUTURES U.S.,891033,225720,45080,101419,"(CONTRACTS OF 112,000 POUNDS)",FutOnly
2023-07-03,080732,SUGAR NO. 11 - ICE FUTURES U.S.,863843,194058,51058,107298,"(CONTRACTS OF 112,000 POUNDS)",FutOnly
2023-07-11,080732,SUGAR NO. 11 - ICE FUTURES U.S.,877695,194224,51117,112390,"(CONTRACTS OF 112,000 POUNDS)",FutOnly
2023-07-18,080732,SUGAR NO. 11 - ICE FUTURES U.S.,881020,201402,52924,112188,"(CONTRACTS OF 112,000 POUNDS)",FutOnly
2023-07-25,080732,SUGAR NO. 11 - ICE FUTURES U.S.,911185,229477,50175,111465,"(CONTRACTS OF 112,000 POUNDS)",FutOnly
2023-08-01,080732,SUGAR NO. 11 - ICE FUTURES U.S.,919658,219547,50657,109849,"(CONTRACTS OF 112,000 POUNDS)",FutOnly
2023-08-08,080732,SUGAR NO. 11 - ICE FUTURES U.S.,912260,201282,51358,113432,"(CONTRACTS OF 112,000 POUNDS)",FutOnly
2023-08-15,080732,SUGAR NO. 11 - ICE FUTURES U.S.,929306,194299,50540,114584,"(CONTRACTS OF 112,000 POUNDS)",FutOnly
2023-08-22,080732,SUGAR NO. 11 - ICE FUTURES U.S.,944221,185915,48696,116700,"(CONTRACTS OF 112,000 POUNDS)",FutOnly
2023-08-29,080732,SUGAR NO. 11 - ICE FUTURES U.S.,944052,215732,47431,113196,"(CONTRACTS OF 112,000 POUNDS)",FutOnly
2023-09-05,080732,SUGAR NO. 11 - ICE FUTURES U.S.,966992,243906,47117,110990,"(CONTRACTS OF 112,000 POUNDS)",FutOnly
2023-09-12,080732,SUGAR NO. 11 - ICE FUTURES U.S.,996532,251207,48649,98776,"(CONTRACTS OF 112,000 POUNDS)",FutOnly
2023-09-19,080732,SUGAR NO. 11 - ICE FUTURES U.S.,956532,257314,49753,91533,"(CONTRACTS OF 112,000 POUNDS)",FutOnly
2023-09-26,080732,SUGAR NO. 11 - ICE FUTURES U.S.,903444,254492,52086,88443,"(CONTRACTS OF 112,000 POUNDS)",FutOnly
2023-10-03,080732,SUGAR NO. 11 - ICE FUTURES U.S.,820468,236858,54347,93572,"(CONTRACTS OF 112,000 POUNDS)",FutOnly
2023-10-10,080732,SUGAR NO. 11 - ICE FUTURES U.S.,821749,235765,54017,90264,"(CONTRACTS OF 112,000 POUNDS)",FutOnly
2023-10-17,080732,SUGAR NO. 11 - ICE FUTURES U.S.,842662,241550,53822,94946,"(CONTRACTS OF 112,000 POUNDS)",FutOnly
2023-10-24,080732,SUGAR NO. 11 - ICE FUTURES U.S.,857661,240345,52791,102031,"(CONTRACTS OF 112,000 POUNDS)",FutOnly
2023-10-31,080732,SUGAR NO. 11 - ICE FUTURES U.S.,865859,225133,51494,112633,"(CONTRACTS OF 112,000 POUNDS)",FutOnly
2023-11-07,080732,SUGAR NO. 11 - ICE FUTURES U.S.,879489,240741,49320,111981,"(CONTRACTS OF 112,000 POUNDS)",FutOnly
2023-11-14,080732,SUGAR NO. 11 - ICE FUTURES U.S.,860384,222934,46532,104803,"(CONTRACTS OF 112,000 POUNDS)",FutOnly
2023-11-21,080732,SUGAR NO. 11 - ICE FUTURES U.S.,871894,221841,42021,110705,"(CONTRACTS OF 112,000 POUNDS)",FutOnly
2023-11-28,080732,SUGAR NO. 11 - ICE FUTURES U.S.,875946,205669,43893,111749,"(CONTRACTS OF 112,000 POUNDS)",FutOnly
2023-12-05,080732,SUGAR NO. 11 - ICE FUTURES U.S.,853428,159566,47569,98157,"(CONTRACTS OF 112,000 POUNDS)",FutOnly
2023-12-12,080732,SUGAR NO. 11 - ICE FUTURES U.S.,781527,112876,55832,77248,"(CONTRACTS OF 112,000 POUNDS)",FutOnly
2023-12-19,080732,SUGAR NO. 11 - ICE FUTURES U.S.,774617,103707,63833,72878,"(CONTRACTS OF 112,000 POUNDS)",FutOnly
2023-12-26,080732,SUGAR NO. 11 - ICE FUTURES U.S.,792894,102829,75483,73239,"(CONTRACTS OF 112,000 POUNDS)",FutOnly
2024-01-02,080732,SUGAR NO. 11 - ICE FUTURES U.S.,826270,98534,74711,76613,"(CONTRACTS OF 112,000 POUNDS)",FutOnly
2024-01-09,080732,SUGAR NO. 11 - ICE FUTURES U.S.,811145,95071,72920,72868,"(CONTRACTS OF 112,000 POUNDS)",FutOnly
2024-01-16,080732,SUGAR NO. 11 - ICE FUTURES U.S.,801086,92818,72312,67016,"(CONTRACTS OF 112,000 POUNDS)",FutOnly
2024-01-23,080732,SUGAR NO. 11 - ICE FUTURES U.S.,819120,99499,64681,80177,"(CONTRACTS OF 112,000 POUNDS)",FutOnly
2024-01-30,080732,SUGAR NO. 11 - ICE FUTURES U.S.,851084,106908,56328,88848,"(CONTRACTS OF 112,000 POUNDS)",FutOnly
2024-02-06,080732,SUGAR NO. 11 - ICE FUTURES U.S.,881004,114058,53604,94569,"(CONTRACTS OF 112,000 POUNDS)",FutOnly
2024-02-13,080732,SUGAR NO. 11 - ICE FUTURES U.S.,884135,112038,48026,95774,"(CONTRACTS OF 112,000 POUNDS)",FutOnly
2024-02-20,080732,SUGAR NO. 11 - ICE FUTURES U.S.,848563,112361,56065,99378,"(CONTRACTS OF 112,000 POUNDS)",FutOnly
2024-02-27,080732,SUGAR NO. 11 - ICE FUTURES U.S.,822162,117956,47132,110317,"(CONTRACTS OF 112,000 POUNDS)",FutOnly
2024-03-05,080732,SUGAR NO. 11 - ICE FUTURES U.S.,842380,115779,66478,126694,"(CONTRACTS OF 112,000 POUNDS)",FutOnly
2024-03-12,080732,SUGAR NO. 11 - ICE FUTURES U.S.,819781,113521,60449,114069,"(CONTRACTS OF 112,000 POUNDS)",FutOnly
2024-03-19,080732,SUGAR NO. 11 - ICE FUTURES U.S.,834490,114505,56392,113377,"(CONTRACTS OF 112,000 POUNDS)",FutOnly
2024-03-26,080732,SUGAR NO. 11 - ICE FUTURES U.S.,839231,123462,52912,110121,"(CONTRACTS OF 112,000 POUNDS)",FutOnly
2024-04-02,080732,SUGAR NO. 11 - ICE FUTURES U.S.,845531,136820,45872,103048,"(CONTRACTS OF 112,000 POUNDS)",FutOnly
2024-04-09,080732,SUGAR NO. 11 - ICE FUTURES U.S.,834056,139153,58087,88763,"(CONTRACTS OF 112,000 POUNDS)",FutOnly
2024-04-16,080732,SUGAR NO. 11 - ICE FUTURES U.S.,811191,139123,90906,76785,"(CONTRACTS OF 112,000 POUNDS)",FutOnly
2024-04-23,080732,SUGAR NO. 11 - ICE FUTURES U.S.,827078,140125,121029,81998,"(CONTRACTS OF 112,000 POUNDS)",FutOnly
2024-04-30,080732,SUGAR NO. 11 - ICE FUTURES U.S.,833374,135641,129435,82421,"(CONTRACTS OF 112,000 POUNDS)",FutOnly
2024-05-07,080732,SUGAR NO. 11 - ICE FUTURES U.S.,825438,134181,139289,88581,"(CONTRACTS OF 112,000 POUNDS)",FutOnly
2024-05-14,080732,SUGAR NO. 11 - ICE FUTURES U.S.,829891,135567,151079,85972,"(CONTRACTS OF 112,000 POUNDS)",FutOnly
2024-05-21,080732,SUGAR NO. 11 - ICE FUTURES U.S.,858459,132226,162946,89326,"(CONTRACTS OF 112,000 POUNDS)",FutOnly
2024-05-28,080732,SUGAR NO. 11 - ICE FUTURES U.S.,875017,134108,169121,100705,"(CONTRACTS OF 112,000 POUNDS)",FutOnly
2024-06-04,080732,SUGAR NO. 11 - ICE FUTURES U.S.,881990,123100,166060,108129,"(CONTRACTS OF 112,000 POUNDS)",FutOnly
2024-06-11,080732,SUGAR NO. 11 - ICE FUTURES U.S.,858042,121807,153210,99557,"(CONTRACTS OF 112,000 POUNDS)",FutOnly
2024-06-18,080732,SUGAR NO. 11 - ICE FUTURES U.S.,829375,115581,130688,86510,"(CONTRACTS OF 112,000 POUNDS)",FutOnly
2024-06-25,080732,SUGAR NO. 11 - ICE FUTURES U.S.,808974,114227,116133,81118,"(CONTRACTS OF 112,000 POUNDS)",FutOnly
2024-07-02,080732,SUGAR NO. 11 - ICE FUTURES U.S.,775139,117154,82269,88017,"(CONTRACTS OF 112,000 POUNDS)",FutOnly
2024-07-09,080732,SUGAR NO. 11 - ICE FUTURES U.S.,778762,112647,72334,87582,"(CONTRACTS OF 112,000 POUNDS)",FutOnly
2024-07-16,080732,SUGAR NO. 11 - ICE FUTURES U.S.,769545,114448,77148,81055,"(CONTRACTS OF 112,000 POUNDS)",FutOnly
2024-07-23,080732,SUGAR NO. 11 - ICE FUTURES U.S.,787803,107238,109038,89469,"(CONTRACTS OF 112,000 POUNDS)",FutOnly
2024-07-30,080732,SUGAR NO. 11 - ICE FUTURES U.S.,794156,118970,115147,89075,"(CONTRACTS OF 112,000 POUNDS)",FutOnly
2024-08-06,080732,SUGAR NO. 11 - ICE FUTURES U.S.,803315,114942,127803,91574,"(CONTRACTS OF 112,000 POUNDS)",FutOnly
2024-08-13,080732,SUGAR NO. 11 - ICE FUTURES U.S.,808191,116934,123018,96854,"(CONTRACTS OF 112,000 POUNDS)",FutOnly
2024-08-20,080732,SUGAR NO. 11 - ICE FUTURES U.S.,822948,113608,135726,96743,"(CONTRACTS OF 112,000 POUNDS)",FutOnly
2024-08-27,080732,SUGAR NO. 11 - ICE FUTURES U.S.,831103,123119,107750,98983,"(CONTRACTS OF 112,000 POUNDS)",FutOnly
2024-09-03,080732,SUGAR NO. 11 - ICE FUTURES U.S.,831823,123351,79117,96376,"(CONTRACTS OF 112,000 POUNDS)",FutOnly
2024-09-10,080732,SUGAR NO. 11 - ICE FUTURES U.S.,819876,113342,82174,88042,"(CONTRACTS OF 112,000 POUNDS)",FutOnly
2024-09-17,080732,SUGAR NO. 11 - ICE FUTURES U.S.,756272,118778,64958,76707,"(CONTRACTS OF 112,000 POUNDS)",FutOnly
2024-09-24,080732,SUGAR NO. 11 - ICE FUTURES U.S.,810059,148460,34169,77522,"(CONTRACTS OF 112,000 POUNDS)",FutOnly
2024-10-01,080732,SUGAR NO. 11 - ICE FUTURES U.S.,791833,180068,46319,76843,"(CONTRACTS OF 112,000 POUNDS)",FutOnly
2024-10-08,080732,SUGAR NO. 11 - ICE FUTURES U.S.,799899,179209,54504,74223,"(CONTRACTS OF 112,000 POUNDS)",FutOnly
2024-10-15,080732,SUGAR NO. 11 - ICE FUTURES U.S.,813905,180835,57254,80324,"(CONTRACTS OF 112,000 POUNDS)",FutOnly
2024-10-22,080732,SUGAR NO. 11 - ICE FUTURES U.S.,824496,173398,62252,80869,"(CONTRACTS OF 112,000 POUNDS)",FutOnly
2024-10-29,080732,SUGAR NO. 11 - ICE FUTURES U.S.,850281,171559,69196,86821,"(CONTRACTS OF 112,000 POUNDS)",FutOnly
2024-11-05,080732,SUGAR NO. 11 - ICE FUTURES U.S.,863169,165863,67521,93714,"(CONTRACTS OF 112,000 POUNDS)",FutOnly
2024-11-12,080732,SUGAR NO. 11 - ICE FUTURES U.S.,854106,157751,73730,94047,"(CONTRACTS OF 112,000 POUNDS)",FutOnly
2024-11-19,080732,SUGAR NO. 11 - ICE FUTURES U.S.,879396,163380,72676,93966,"(CONTRACTS OF 112,000 POUNDS)",FutOnly
2024-11-26,080732,SUGAR NO. 11 - ICE FUTURES U.S.,877135,165851,75593,95138,"(CONTRACTS OF 112,000 POUNDS)",FutOnly
2024-12-03,080732,SUGAR NO. 11 - ICE FUTURES U.S.,890137,167647,64397,98760,"(CONTRACTS OF 112,000 POUNDS)",FutOnly
2024-12-10,080732,SUGAR NO. 11 - ICE FUTURES U.S.,930326,174304,63226,101635,"(CONTRACTS OF 112,000 POUNDS)",FutOnly
2024-12-17,080732,SUGAR NO. 11 - ICE FUTURES U.S.,945162,161588,74125,100185,"(CONTRACTS OF 112,000 POUNDS)",FutOnly
2024-12-24,080732,SUGAR NO. 11 - ICE FUTURES U.S.,958813,155878,88729,104982,"(CONTRACTS OF 112,000 POUNDS)",FutOnly
2024-12-31,080732,SUGAR NO. 11 - ICE FUTURES U.S.,966547,156781,106871,112490,"(CONTRACTS OF 112,000 POUNDS)",FutOnly
2025-01-07,080732,SUGAR NO. 11 - ICE FUTURES U.S.,959156,155145,106484,120045,"(CONTRACTS OF 112,000 POUNDS)",FutOnly
2025-01-14,080732,SUGAR NO. 11 - ICE FUTURES U.S.,987977,140372,138180,112120,"(CONTRACTS OF 112,000 POUNDS)",FutOnly
2025-01-21,080732,SUGAR NO. 11 - ICE FUTURES U.S.,992164,129116,177347,106416,"(CONTRACTS OF 112,000 POUNDS)",FutOnly
2025-01-28,080732,SUGAR NO. 11 - ICE FUTURES U.S.,1002229,128262,174022,115457,"(CONTRACTS OF 112,000 POUNDS)",FutOnly
2025-02-04,080732,SUGAR NO. 11 - ICE FUTURES U.S.,1013425,125546,174650,123573,"(CONTRACTS OF 112,000 POUNDS)",FutOnly
2025-02-11,080732,SUGAR NO. 11 - ICE FUTURES U.S.,1011895,131753,173469,118492,"(CONTRACTS OF 112,000 POUNDS)",FutOnly
2025-02-18,080732,SUGAR NO. 11 - ICE FUTURES U.S.,988298,126211,139716,116722,"(CONTRACTS OF 112,000 POUNDS)",FutOnly
2025-02-25,080732,SUGAR NO. 11 - ICE FUTURES U.S.,965822,134691,85460,130335,"(CONTRACTS OF 112,000 POUNDS)",FutOnly
2025-03-04,080732,SUGAR NO. 11 - ICE FUTURES U.S.,904274,124438,87072,132455,"(CONTRACTS OF 112,000 POUNDS)",FutOnly
2025-03-11,080732,SUGAR NO. 11 - ICE FUTURES U.S.,881296,116829,95621,118803,"(CONTRACTS OF 112,000 POUNDS)",FutOnly
2025-03-18,080732,SUGAR NO. 11 - ICE FUTURES U.S.,899339,135512,67522,120889,"(CONTRACTS OF 112,000 POUNDS)",FutOnly
2025-03-25,080732,SUGAR NO. 11 - ICE FUTURES U.S.,898876,159366,66640,102329,"(CONTRACTS OF 112,000 POUNDS)",FutOnly
2025-04-01,080732,SUGAR NO. 11 - ICE FUTURES U.S.,894479,166510,69015,103737,"(CONTRACTS OF 112,000 POUNDS)",FutOnly
2025-04-08,080732,SUGAR NO. 11 - ICE FUTURES U.S.,873824,155883,60752,94668,"(CONTRACTS OF 112,000 POUNDS)",FutOnly
2025-04-15,080732,SUGAR NO. 11 - ICE FUTURES U.S.,854643,142117,85457,78070,"(CONTRACTS OF 112,000 POUNDS)",FutOnly
2025-04-22,080732,SUGAR NO. 11 - ICE FUTURES U.S.,830293,138613,86738,76918,"(CONTRACTS OF 112,000 POUNDS)",FutOnly
2025-04-29,080732,SUGAR NO. 11 - ICE FUTURES U.S.,814178,136401,92698,77728,"(CONTRACTS OF 112,000 POUNDS)",FutOnly
2025-05-06,080732,SUGAR NO. 11 - ICE FUTURES U.S.,797126,130222,112589,75354,"(CONTRACTS OF 112,000 POUNDS)",FutOnly
2025-05-13,080732,SUGAR NO. 11 - ICE FUTURES U.S.,788002,134179,110374,67895,"(CONTRACTS OF 112,000 POUNDS)",FutOnly
2025-05-20,080732,SUGAR NO. 11 - ICE FUTURES U.S.,805373,133664,110433,70880,"(CONTRACTS OF 112,000 POUNDS)",FutOnly
2025-05-27,080732,SUGAR NO. 11 - ICE FUTURES U.S.,824628,136188,125780,79693,"(CONTRACTS OF 112,000 POUNDS)",FutOnly
2025-06-03,080732,SUGAR NO. 11 - ICE FUTURES U.S.,878105,136578,148214,100996,"(CONTRACTS OF 112,000 POUNDS)",FutOnly
2025-06-10,080732,SUGAR NO. 11 - ICE FUTURES U.S.,903273,135538,166563,98899,"(CONTRACTS OF 112,000 POUNDS)",FutOnly
2025-06-17,080732,SUGAR NO. 11 - ICE FUTURES U.S.,877614,127059,193165,89025,"(CONTRACTS OF 112,000 POUNDS)",FutOnly
2025-06-24,080732,SUGAR NO. 11 - ICE FUTURES U.S.,860131,122112,200601,81484,"(CONTRACTS OF 112,000 POUNDS)",FutOnly
2025-07-01,080732,SUGAR NO. 11 - ICE FUTURES U.S.,840169,113810,219407,86947,"(CONTRACTS OF 112,000 POUNDS)",FutOnly
2025-07-08,080732,SUGAR NO. 11 - ICE FUTURES U.S.,850532,124543,217623,88876,"(CONTRACTS OF 112,000 POUNDS)",FutOnly
2025-07-15,080732,SUGAR NO. 11 - ICE FUTURES U.S.,866727,125471,216131,89867,"(CONTRACTS OF 112,000 POUNDS)",FutOnly
2025-07-22,080732,SUGAR NO. 11 - ICE FUTURES U.S.,866505,121795,214216,85971,"(CONTRACTS OF 112,000 POUNDS)",FutOnly
2025-07-29,080732,SUGAR NO. 11 - ICE FUTURES U.S.,872591,123222,215721,92117,"(CONTRACTS OF 112,000 POUNDS)",FutOnly
2025-08-05,080732,SUGAR NO. 11 - ICE FUTURES U.S.,888761,117577,223337,95141,"(CONTRACTS OF 112,000 POUNDS)",FutOnly
2025-08-12,080732,SUGAR NO. 11 - ICE FUTURES U.S.,898919,126582,213622,100855,"(CONTRACTS OF 112,000 POUNDS)",FutOnly
2025-08-19,080732,SUGAR NO. 11 - ICE FUTURES U.S.,901121,125324,215258,98636,"(CONTRACTS OF 112,000 POUNDS)",FutOnly
2025-08-26,080732,SUGAR NO. 11 - ICE FUTURES U.S.,915782,123584,215830,100222,"(CONTRACTS OF 112,000 POUNDS)",FutOnly
2025-09-02,080732,SUGAR NO. 11 - ICE FUTURES U.S.,940447,120928,221490,112863,"(CONTRACTS OF 112,000 POUNDS)",FutOnly
2025-09-09,080732,SUGAR NO. 11 - ICE FUTURES U.S.,954758,111048,255934,109206,"(CONTRACTS OF 112,000 POUNDS)",FutOnly
2025-09-16,080732,SUGAR NO. 11 - ICE FUTURES U.S.,918579,119068,245338,87623,"(CONTRACTS OF 112,000 POUNDS)",FutOnly
2025-09-23,080732,SUGAR NO. 11 - ICE FUTURES U.S.,898935,116327,267234,74859,"(CONTRACTS OF 112,000 POUNDS)",FutOnly
2025-09-30,080732,SUGAR NO. 11 - ICE FUTURES U.S.,859715,120535,256633,75692,"(CONTRACTS OF 112,000 POUNDS)",FutOnly
2025-10-07,080732,SUGAR NO. 11 - ICE FUTURES U.S.,834349,119088,260425,76571,"(CONTRACTS OF 112,000 POUNDS)",FutOnly
2025-10-14,080732,SUGAR NO. 11 - ICE FUTURES U.S.,867493,113246,278996,80834,"(CONTRACTS OF 112,000 POUNDS)",FutOnly
2025-10-21,080732,SUGAR NO. 11 - ICE FUTURES U.S.,880454,113656,267957,83317,"(CONTRACTS OF 112,000 POUNDS)",FutOnly
2025-10-28,080732,SUGAR NO. 11 - ICE FUTURES U.S.,898257,115379,285120,89296,"(CONTRACTS OF 112,000 POUNDS)",FutOnly
2025-11-04,080732,SUGAR NO. 11 - ICE FUTURES U.S.,929991,112145,311327,112229,"(CONTRACTS OF 112,000 POUNDS)",FutOnly
2025-11-10,080732,SUGAR NO. 11 - ICE FUTURES U.S.,938758,103446,310244,129232,"(CONTRACTS OF 112,000 POUNDS)",FutOnly
2025-11-18,080732,SUGAR NO. 11 - ICE FUTURES U.S.,941444,102155,293852,137897,"(CONTRACTS OF 112,000 POUNDS)",FutOnly
2025-11-25,080732,SUGAR NO. 11 - ICE FUTURES U.S.,946665,102368,299263,136273,"(CONTRACTS OF 112,000 POUNDS)",FutOnly
2025-12-02,080732,SUGAR NO. 11 - ICE FUTURES U.S.,951437,103636,287495,132731,"(CONTRACTS OF 112,000 POUNDS)",FutOnly
2025-12-09,080732,SUGAR NO. 11 - ICE FUTURES U.S.,941986,109702,285661,127688,"(CONTRACTS OF 112,000 POUNDS)",FutOnly
2025-12-16,080732,SUGAR NO. 11 - ICE FUTURES U.S.,942193,109877,274243,128088,"(CONTRACTS OF 112,000 POUNDS)",FutOnly
2025-12-23,080732,SUGAR NO. 11 - ICE FUTURES U.S.,938797,116183,264925,133340,"(CONTRACTS OF 112,000 POUNDS)",FutOnly
2025-12-30,080732,SUGAR NO. 11 - ICE FUTURES U.S.,923101,110591,241519,131572,"(CONTRACTS OF 112,000 POUNDS)",FutOnly
2026-01-06,080732,SUGAR NO. 11 - ICE FUTURES U.S.,943170,109835,247371,137252,"(CONTRACTS OF 112,000 POUNDS)",FutOnly
2026-01-13,080732,SUGAR NO. 11 - ICE FUTURES U.S.,970010,109658,247134,142588,"(CONTRACTS OF 112,000 POUNDS)",FutOnly
2026-01-20,080732,SUGAR NO. 11 - ICE FUTURES U.S.,985716,108901,255155,140671,"(CONTRACTS OF 112,000 POUNDS)",FutOnly
2026-01-27,080732,SUGAR NO. 11 - ICE FUTURES U.S.,1006304,118093,250534,151575,"(CONTRACTS OF 112,000 POUNDS)",FutOnly
2026-02-03,080732,SUGAR NO. 11 - ICE FUTURES U.S.,1059582,119876,296576,161421,"(CONTRACTS OF 112,000 POUNDS)",FutOnly
2026-02-10,080732,SUGAR NO. 11 - ICE FUTURES U.S.,1095771,128034,328068,149545,"(CONTRACTS OF 112,000 POUNDS)",FutOnly
2026-02-17,080732,SUGAR NO. 11 - ICE FUTURES U.S.,1099675,131516,363278,143569,"(CONTRACTS OF 112,000 POUNDS)",FutOnly
2026-02-24,080732,SUGAR NO. 11 - ICE FUTURES U.S.,1054389,137697,370013,147085,"(CONTRACTS OF 112,000 POUNDS)",FutOnly
2026-03-03,080732,SUGAR NO. 11 - ICE FUTURES U.S.,1048631,143446,381663,150917,"(CONTRACTS OF 112,000 POUNDS)",FutOnly
2026-03-10,080732,SUGAR NO. 11 - ICE FUTURES U.S.,1035892,146157,348520,155142,"(CONTRACTS OF 112,000 POUNDS)",FutOnly
2026-03-17,080732,SUGAR NO. 11 - ICE FUTURES U.S.,1005609,136614,334753,132306,"(CONTRACTS OF 112,000 POUNDS)",FutOnly
2026-03-24,080732,SUGAR NO. 11 - ICE FUTURES U.S.,940662,149710,222880,108639,"(CONTRACTS OF 112,000 POUNDS)",FutOnly
2026-03-31,080732,SUGAR NO. 11 - ICE FUTURES U.S.,927493,143977,184771,97114,"(CONTRACTS OF 112,000 POUNDS)",FutOnly
2026-04-07,080732,SUGAR NO. 11 - ICE FUTURES U.S.,924257,136109,191967,90647,"(CONTRACTS OF 112,000 POUNDS)",FutOnly
2026-04-14,080732,SUGAR NO. 11 - ICE FUTURES U.S.,946729,121339,255085,70783,"(CONTRACTS OF 112,000 POUNDS)",FutOnly
2026-04-21,080732,SUGAR NO. 11 - ICE FUTURES U.S.,978152,125316,300036,93621,"(CONTRACTS OF 112,000 POUNDS)",FutOnly
2026-04-28,080732,SUGAR NO. 11 - ICE FUTURES U.S.,972678,138707,313307,99173,"(CONTRACTS OF 112,000 POUNDS)",FutOnly
2026-05-05,080732,SUGAR NO. 11 - ICE FUTURES U.S.,969640,170040,281597,94670,"(CONTRACTS OF 112,000 POUNDS)",FutOnly
2026-05-12,080732,SUGAR NO. 11 - ICE FUTURES U.S.,961423,164165,259736,88326,"(CONTRACTS OF 112,000 POUNDS)",FutOnly
2026-05-19,080732,SUGAR NO. 11 - ICE FUTURES U.S.,970925,171282,255151,90722,"(CONTRACTS OF 112,000 POUNDS)",FutOnly
2026-05-26,080732,SUGAR NO. 11 - ICE FUTURES U.S.,967447,164009,253111,93609,"(CONTRACTS OF 112,000 POUNDS)",FutOnly
2026-06-02,080732,SUGAR NO. 11 - ICE FUTURES U.S.,979429,146175,264907,109632,"(CONTRACTS OF 112,000 POUNDS)",FutOnly
2026-06-09,080732,SUGAR NO. 11 - ICE FUTURES U.S.,1009892,151962,275675,114072,"(CONTRACTS OF 112,000 POUNDS)",FutOnly
2026-06-16,080732,SUGAR NO. 11 - ICE FUTURES U.S.,1010191,145030,299965,122083,"(CONTRACTS OF 112,000 POUNDS)",FutOnly
2026-06-23,080732,SUGAR NO. 11 - ICE FUTURES U.S.,1007082,128209,314499,126943,"(CONTRACTS OF 112,000 POUNDS)",FutOnly
2026-06-30,080732,SUGAR NO. 11 - ICE FUTURES U.S.,992340,145506,303708,128504,"(CONTRACTS OF 112,000 POUNDS)",FutOnly
2026-07-07,080732,SUGAR NO. 11 - ICE FUTURES U.S.,997547,168149,276799,127555,"(CONTRACTS OF 112,000 POUNDS)",FutOnly
2026-07-14,080732,SUGAR NO. 11 - ICE FUTURES U.S.,1000488,179424,282241,112017,"(CONTRACTS OF 112,000 POUNDS)",FutOnly
2026-07-21,080732,SUGAR NO. 11 - ICE FUTURES U.S.,1015444,176904,279586,119959,"(CONTRACTS OF 112,000 POUNDS)",FutOnly
2026-07-28,080732,SUGAR NO. 11 - ICE FUTURES U.S.,1032923,175285,291709,124002,"(CONTRACTS OF 112,000 POUNDS)",FutOnly
2026-08-04,080732,SUGAR NO. 11 - ICE FUTURES U.S.,1055808,187365,274553,131594,"(CONTRACTS OF 112,000 POUNDS)",FutOnly
2026-08-11,080732,SUGAR NO. 11 - ICE FUTURES U.S.,1115157,214826,171242,126246,"(CONTRACTS OF 112,000 POUNDS)",FutOnly
